{"cursor":"34237","size":15,"audio":["//upload.wikimedia.org/wikipedia/commons/6/60/De-Aargau.ogg","//upload.wikimedia.org/wikipedia/commons/f/f3/De-Appenzell-Innerrhoden.ogg","//upload.wikimedia.org/wikipedia/commons/6/61/De-Appenzell-Ausserrhoden.ogg","//upload.wikimedia.org/wikipedia/commons/1/13/De-Basel-Stadt.ogg","//upload.wikimedia.org/wikipedia/commons/5/59/De-Basel-Landschaft.ogg","//upload.wikimedia.org/wikipedia/commons/1/1d/De-Bern.ogg","//upload.wikimedia.org/wikipedia/commons/2/2b/De-Freiburg.ogg","//upload.wikimedia.org/wikipedia/commons/e/ec/De-Genf.ogg","//upload.wikimedia.org/wikipedia/commons/0/05/De-Glarus.ogg","//upload.wikimedia.org/wikipedia/commons/0/0e/De-Graubuenden.ogg","//upload.wikimedia.org/wikipedia/commons/f/fe/De-Jura.ogg","//upload.wikimedia.org/wikipedia/commons/1/11/De-Luzern.ogg","//upload.wikimedia.org/wikipedia/commons/b/b2/De-Neuenburg.ogg","//upload.wikimedia.org/wikipedia/commons/b/b1/De-Nidwalden.ogg","//upload.wikimedia.org/wikipedia/commons/0/0f/De-Obwalden.ogg","//upload.wikimedia.org/wikipedia/commons/9/9e/De-Schaffhausen.ogg","//upload.wikimedia.org/wikipedia/commons/d/d5/De-Schwyz.ogg","//upload.wikimedia.org/wikipedia/commons/2/2f/De-Solothurn.ogg","//upload.wikimedia.org/wikipedia/commons/7/7a/De-StGallen.ogg","//upload.wikimedia.org/wikipedia/commons/1/1e/De-Thurgau.ogg","//upload.wikimedia.org/wikipedia/commons/9/90/De-Tessin.ogg","//upload.wikimedia.org/wikipedia/commons/6/6e/De-Uri.ogg","//upload.wikimedia.org/wikipedia/commons/d/df/De-Wallis.ogg","//upload.wikimedia.org/wikipedia/commons/9/90/De-Waadt.ogg","//upload.wikimedia.org/wikipedia/commons/c/c7/De-Zug.ogg","//upload.wikimedia.org/wikipedia/commons/c/c6/De-Z%C3%BCrich.ogg"],"currentlang":"en","article":"\n (1513-1798).]] The 26 'cantons of Switzerland' are the member states of the\n federal state of Switzerland. Each canton was a fully sovereign\n state with its own border controls, army and currency from the\n Treaty of Westphalia (1648) until the establishment of the Swiss federal state\n in 1848. The most recently created canton is the Canton of Jura, which\n separated from the Canton of Bern in 1979.\n\nThe name is derived from the French language word [[:fr:canton|canton]] meaning\ncorner or district (from which the term Cantonment is also derived).\n","linknr":1035,"url":"Cantons_of_Switzerland","recorded":1364037944,"links":["/w/index.php?title=Cantons_of_Switzerland&action=edit","/w/index.php?title=Cantons_of_Switzerland&action=edit","//en.wikipedia.org/apple-touch-icon.png","//bits.wikimedia.org/favicon/wikipedia.ico","/w/opensearch_desc.php","//en.wikipedia.org/w/api.php?action=rsd","//creativecommons.org/licenses/by-sa/3.0/","/w/index.php?title=Special:RecentChanges&feed=atom","//bits.wikimedia.org/en.wikipedia.org/load.php?debug=false&lang=en&modules=ext.gadget.DRN-wizard%2CReferenceTooltips%2Ccharinsert%2Cteahouse%7Cext.wikihiero%7Cmediawiki.legacy.commonPrint%2Cshared%7Cmw.PopUpMediaTransform%7Cskins.vector&only=styles&skin=vector&*","//bits.wikimedia.org/en.wikipedia.org/load.php?debug=false&lang=en&modules=site&only=styles&skin=vector&*","//bits.wikimedia.org/en.wikipedia.org/load.php?debug=false&lang=en&modules=startup&only=scripts&skin=vector&*","//bits.wikimedia.org/geoiplookup","//meta.wikimedia.org","#mw-head","#p-search","/wiki/File:Suisse_cantons.svg","//upload.wikimedia.org/wikipedia/commons/thumb/f/f8/Suisse_cantons.svg/400px-Suisse_cantons.svg.png","/wiki/Valais","/wiki/Ticino","/wiki/Graub%C3%BCnden","/wiki/Canton_of_Geneva","/wiki/Vaud","/wiki/Canton_of_Neuch%C3%A2tel","/wiki/Canton_of_Jura","/wiki/Canton_of_Bern","/wiki/Thurgau","/wiki/Canton_of_Zurich","/wiki/Aargau","/wiki/Canton_of_Lucerne","/wiki/Canton_of_Solothurn","/wiki/Basel-Landschaft","/wiki/Canton_of_Schaffhausen","/wiki/Canton_of_Uri","/wiki/Canton_of_Schwyz","/wiki/Canton_of_Glarus","/wiki/Canton_of_St._Gallen","/wiki/Appenzell_Innerrhoden","/wiki/Appenzell_Ausserrhoden","/wiki/Obwalden","/wiki/Nidwalden","/wiki/Canton_of_Zug","/wiki/Canton_of_Fribourg","/wiki/Basel-Stadt","/wiki/France","/wiki/Italy","/wiki/Liechtenstein","/wiki/Austria","/wiki/Germany","/wiki/File:Karte_13_Alte_Orte.png","//upload.wikimedia.org/wikipedia/commons/thumb/d/dd/Karte_13_Alte_Orte.png/360px-Karte_13_Alte_Orte.png","/wiki/File:Karte_13_Alte_Orte.png","//bits.wikimedia.org/static-1.21wmf11/skins/common/images/magnify-clip.png","/wiki/Old_Swiss_Confederacy","/wiki/State_(administrative_division)","/wiki/Federation","/wiki/Switzerland","/wiki/Canton_(administrative_division)","/wiki/Sovereignty","#cite_note-1","/wiki/Treaty_of_Westphalia","/wiki/Canton_of_Jura","/wiki/Canton_of_Bern","#cite_note-2","/wiki/French_language","//fr.wikipedia.org/wiki/canton","/wiki/Cantonment","#History","#Constitution","#Direct_democracy","#List","#Half-cantons","#Names_in_national_languages","#Admission_of_new_cantons","#See_also","#Notes","#References","#External_links","/w/index.php?title=Cantons_of_Switzerland&action=edit&section=1","/wiki/Thirteen_Cantons","/wiki/Old_Swiss_Confederacy","/wiki/Holy_Roman_Empire","/wiki/Battle_of_Dornach","/wiki/Maximilian_I,_Holy_Roman_Emperor","#cite_note-EB-3","/wiki/Democracy","/wiki/Republic","/wiki/Oligarchy","/wiki/Wikipedia:Citation_needed","/w/index.php?title=Cantons_of_Switzerland&action=edit&section=2","/wiki/Constitution","/wiki/Legislature","/wiki/Government","/wiki/Court","#cite_note-HDS_Modern-4","/wiki/Unicameralism","/wiki/Parliament","/wiki/Landsgemeinde","#cite_note-5","/wiki/List_of_legislative_and_executive_councils_of_the_Cantons_of_Switzerland","/wiki/Swiss_Federal_Constitution","#cite_note-HDS_Modern-4","/wiki/Health_care","/wiki/Welfare_(financial_aid)","/wiki/Public_education","/wiki/Tax","/wiki/Municipality","/w/index.php?title=Cantons_of_Switzerland&action=edit&section=3","/wiki/Direct_democracy","/wiki/Landsgemeinde","/wiki/Appenzell_Innerrhoden","/wiki/Canton_of_Glarus","/w/index.php?title=Cantons_of_Switzerland&action=edit&section=4","//en.wikipedia.org/wiki/Cantons_of_Switzerland#endnote_a","/wiki/Data_codes_for_Switzerland#Cantons","/wiki/History_of_Switzerland","//en.wikipedia.org/wiki/Cantons_of_Switzerland#endnote_1","//en.wikipedia.org/wiki/Cantons_of_Switzerland#endnote_2","/wiki/Population_density","//en.wikipedia.org/wiki/Cantons_of_Switzerland#endnote_3","/wiki/Municipalities_of_Switzerland","//en.wikipedia.org/wiki/Cantons_of_Switzerland#endnote_4","/wiki/Official_language","/wiki/File:Wappen_Z%C3%BCrich_matt.svg","//upload.wikimedia.org/wikipedia/commons/thumb/5/5a/Wappen_Z%C3%BCrich_matt.svg/25px-Wappen_Z%C3%BCrich_matt.svg.png","/wiki/Canton_of_Zurich","/wiki/Zurich","/wiki/German_language","/wiki/File:Wappen_Bern_matt.svg","//upload.wikimedia.org/wikipedia/commons/thumb/4/47/Wappen_Bern_matt.svg/25px-Wappen_Bern_matt.svg.png","/wiki/Canton_of_Bern","/wiki/Bern","/wiki/German_language","/wiki/French_language","/wiki/File:Wappen_Luzern_matt.svg","//upload.wikimedia.org/wikipedia/commons/thumb/6/66/Wappen_Luzern_matt.svg/25px-Wappen_Luzern_matt.svg.png","/wiki/Canton_of_Lucerne","/wiki/Lucerne","/wiki/German_language","/wiki/File:Wappen_Uri_matt.svg","//upload.wikimedia.org/wikipedia/commons/thumb/1/10/Wappen_Uri_matt.svg/25px-Wappen_Uri_matt.svg.png","/wiki/Canton_of_Uri","#cite_note-founding-6","/wiki/Altdorf,_Uri","/wiki/German_language","/wiki/File:Wappen_des_Kantons_Schwyz.svg","//upload.wikimedia.org/wikipedia/commons/thumb/5/55/Wappen_des_Kantons_Schwyz.svg/25px-Wappen_des_Kantons_Schwyz.svg.png","/wiki/Canton_of_Schwyz","#cite_note-founding-6","/wiki/Schwyz","/wiki/German_language","/wiki/File:Wappen_Obwalden_matt.svg","//upload.wikimedia.org/wikipedia/commons/thumb/1/1a/Wappen_Obwalden_matt.svg/25px-Wappen_Obwalden_matt.svg.png","/wiki/Obwalden","#cite_note-founding-6","/wiki/Unterwalden","/wiki/Sarnen","/wiki/German_language","/wiki/File:Wappen_Nidwalden_matt.svg","//upload.wikimedia.org/wikipedia/commons/thumb/b/bd/Wappen_Nidwalden_matt.svg/25px-Wappen_Nidwalden_matt.svg.png","/wiki/Nidwalden","#cite_note-founding-6","/wiki/Unterwalden","/wiki/Stans","/wiki/German_language","/wiki/File:Wappen_Glarus_matt.svg","//upload.wikimedia.org/wikipedia/commons/thumb/0/0e/Wappen_Glarus_matt.svg/25px-Wappen_Glarus_matt.svg.png","/wiki/Canton_of_Glarus","/wiki/Glarus","/wiki/German_language","/wiki/File:Wappen_Zug_matt.svg","//upload.wikimedia.org/wikipedia/commons/thumb/3/31/Wappen_Zug_matt.svg/25px-Wappen_Zug_matt.svg.png","/wiki/Canton_of_Zug","/wiki/Zug","/wiki/German_language","/wiki/File:Wappen_Freiburg_matt.svg","//upload.wikimedia.org/wikipedia/commons/thumb/0/01/Wappen_Freiburg_matt.svg/25px-Wappen_Freiburg_matt.svg.png","/wiki/Canton_of_Fribourg","/wiki/Fribourg","/wiki/French_language","/wiki/German_language","/wiki/File:Wappen_Solothurn_matt.svg","//upload.wikimedia.org/wikipedia/commons/thumb/b/b7/Wappen_Solothurn_matt.svg/25px-Wappen_Solothurn_matt.svg.png","/wiki/Canton_of_Solothurn","/wiki/Solothurn","/wiki/German_language","/wiki/File:Wappen_Basel-Stadt_matt.svg","//upload.wikimedia.org/wikipedia/commons/thumb/7/7d/Wappen_Basel-Stadt_matt.svg/25px-Wappen_Basel-Stadt_matt.svg.png","/wiki/Basel-Stadt","/wiki/Canton_of_Basel","/wiki/Basel","/wiki/German_language","/wiki/File:Coat_of_arms_of_Kanton_Basel-Landschaft.svg","//upload.wikimedia.org/wikipedia/commons/thumb/8/8e/Coat_of_arms_of_Kanton_Basel-Landschaft.svg/25px-Coat_of_arms_of_Kanton_Basel-Landschaft.svg.png","/wiki/Basel-Landschaft","#cite_note-7","/wiki/Liestal","/wiki/German_language","/wiki/File:Wappen_Schaffhausen_matt.svg","//upload.wikimedia.org/wikipedia/commons/thumb/b/b6/Wappen_Schaffhausen_matt.svg/25px-Wappen_Schaffhausen_matt.svg.png","/wiki/Canton_of_Schaffhausen","/wiki/Schaffhausen","/wiki/German_language","/wiki/File:Wappen_Appenzell_Ausserrhoden_matt.svg","//upload.wikimedia.org/wikipedia/commons/thumb/2/2c/Wappen_Appenzell_Ausserrhoden_matt.svg/25px-Wappen_Appenzell_Ausserrhoden_matt.svg.png","/wiki/Appenzell_Ausserrhoden","#cite_note-Appenzell-8","/wiki/Herisau","//en.wikipedia.org/wiki/Cantons_of_Switzerland#endnote_5","/wiki/German_language","/wiki/File:Wappen_Appenzell_Innerrhoden_matt.svg","//upload.wikimedia.org/wikipedia/commons/thumb/b/b7/Wappen_Appenzell_Innerrhoden_matt.svg/25px-Wappen_Appenzell_Innerrhoden_matt.svg.png","/wiki/Appenzell_Innerrhoden","#cite_note-Appenzell-8","/wiki/Appenzell_(town)","/wiki/German_language","/wiki/File:Coat_of_arms_of_canton_of_St._Gallen.svg","//upload.wikimedia.org/wikipedia/commons/thumb/c/c5/Coat_of_arms_of_canton_of_St._Gallen.svg/25px-Coat_of_arms_of_canton_of_St._Gallen.svg.png","/wiki/Canton_of_St._Gallen","#cite_note-9","/wiki/St._Gallen","/wiki/German_language","/wiki/File:Wappen_Graub%C3%BCnden_matt.svg","//upload.wikimedia.org/wikipedia/commons/thumb/1/19/Wappen_Graub%C3%BCnden_matt.svg/25px-Wappen_Graub%C3%BCnden_matt.svg.png","/wiki/Graub%C3%BCnden","#cite_note-10","/wiki/Chur","/wiki/German_language","/wiki/Romansh_language","/wiki/Italian_language","/wiki/File:Wappen_Aargau_matt.svg","//upload.wikimedia.org/wikipedia/commons/thumb/b/b5/Wappen_Aargau_matt.svg/25px-Wappen_Aargau_matt.svg.png","/wiki/Aargau","/wiki/Aarau","/wiki/German_language","/wiki/File:Wappen_Thurgau_matt.svg","//upload.wikimedia.org/wikipedia/commons/thumb/7/71/Wappen_Thurgau_matt.svg/25px-Wappen_Thurgau_matt.svg.png","/wiki/Thurgau","#cite_note-11","/wiki/Frauenfeld","//en.wikipedia.org/wiki/Cantons_of_Switzerland#endnote_6","/wiki/German_language","/wiki/File:Wappen_Tessin_matt.svg","//upload.wikimedia.org/wikipedia/commons/thumb/8/87/Wappen_Tessin_matt.svg/25px-Wappen_Tessin_matt.svg.png","/wiki/Ticino","#cite_note-12","/wiki/Bellinzona","/wiki/Italian_language","/wiki/File:Wappen_Waadt_matt.svg","//upload.wikimedia.org/wikipedia/commons/thumb/1/1d/Wappen_Waadt_matt.svg/25px-Wappen_Waadt_matt.svg.png","/wiki/Vaud","#cite_note-13","/wiki/Lausanne","/wiki/French_language","/wiki/File:Wappen_Wallis_matt.svg","//upload.wikimedia.org/wikipedia/commons/thumb/a/a3/Wappen_Wallis_matt.svg/25px-Wappen_Wallis_matt.svg.png","/wiki/Valais","#cite_note-14","/wiki/Sion,_Switzerland","/wiki/French_language","/wiki/German_language","/wiki/File:Wappen_Neuenburg_matt.svg","//upload.wikimedia.org/wikipedia/commons/thumb/d/d1/Wappen_Neuenburg_matt.svg/25px-Wappen_Neuenburg_matt.svg.png","/wiki/Canton_of_Neuch%C3%A2tel","#cite_note-15","/wiki/Neuch%C3%A2tel","/wiki/French_language","/wiki/File:Wappen_Genf_matt.svg","//upload.wikimedia.org/wikipedia/commons/thumb/9/9d/Wappen_Genf_matt.svg/25px-Wappen_Genf_matt.svg.png","/wiki/Canton_of_Geneva","/wiki/Geneva","/wiki/French_language","/wiki/File:Wappen_Jura_matt.svg","//upload.wikimedia.org/wikipedia/commons/thumb/f/f0/Wappen_Jura_matt.svg/25px-Wappen_Jura_matt.svg.png","/wiki/Canton_of_Jura","#cite_note-16","/wiki/Del%C3%A9mont","/wiki/French_language","/wiki/File:Coat_of_Arms_of_Switzerland.svg","//upload.wikimedia.org/wikipedia/commons/thumb/8/83/Coat_of_Arms_of_Switzerland.svg/25px-Coat_of_Arms_of_Switzerland.svg.png","/wiki/Bern","/wiki/German_language","/wiki/French_language","/wiki/Italian_language","/wiki/Romansh_language","/wiki/Vehicle_registration_plates_of_Switzerland","/wiki/ISO_3166-2:CH","/wiki/Conf%C5%93deratio_Helvetica","/w/index.php?title=Cantons_of_Switzerland&action=edit&section=5","/wiki/German_language","/wiki/French_language","/wiki/Italian_language","/wiki/Swiss_Federal_Constitution","/wiki/Obwalden","/wiki/Nidwalden","/wiki/Basel-Stadt","/wiki/Basel-Landschaft","/wiki/Appenzell_Ausserrhoden","/wiki/Appenzell_Innerrhoden","#cite_note-17","#cite_note-18","#cite_note-19","#cite_note-20","#cite_note-21","#cite_note-22","/wiki/Swiss_Council_of_States","/wiki/Referendum#Switzerland","#cite_note-23","/wiki/File:Karikatur_Teilung_Basels.jpg","//upload.wikimedia.org/wikipedia/commons/thumb/2/27/Karikatur_Teilung_Basels.jpg/220px-Karikatur_Teilung_Basels.jpg","/wiki/File:Karikatur_Teilung_Basels.jpg","//bits.wikimedia.org/static-1.21wmf11/skins/common/images/magnify-clip.png","/wiki/Abbey_of_Engelberg","/wiki/Canton_of_Uri","/wiki/Canton_of_Schwyz","/wiki/Federal_Charter_of_1291","#cite_note-24","#cite_note-25","/wiki/Appenzell","/wiki/Reformation_in_Switzerland","#cite_note-26","/wiki/Appenzell_Innerrhoden","/wiki/Catholicism","/wiki/Appenzell_Ausserrhoden","/wiki/Protestantism","/wiki/Basel","#cite_note-27","/wiki/Basel-Landschaft","/wiki/Basel-Stadt","/w/index.php?title=Cantons_of_Switzerland&action=edit&section=6","/wiki/Abbreviation","/wiki/English_language","/wiki/German_language","/wiki/French_language","/wiki/Italian_language","/wiki/Romansh_language","/wiki/Aargau","/wiki/File:De-Aargau.ogg","//upload.wikimedia.org/wikipedia/commons/thumb/8/8a/Loudspeaker.svg/11px-Loudspeaker.svg.png","//upload.wikimedia.org/wikipedia/commons/6/60/De-Aargau.ogg","/wiki/Wikipedia:Media_help","/wiki/File:De-Aargau.ogg","/wiki/Appenzell_Innerrhoden","/wiki/File:De-Appenzell-Innerrhoden.ogg","//upload.wikimedia.org/wikipedia/commons/thumb/8/8a/Loudspeaker.svg/11px-Loudspeaker.svg.png","//upload.wikimedia.org/wikipedia/commons/f/f3/De-Appenzell-Innerrhoden.ogg","/wiki/Wikipedia:Media_help","/wiki/File:De-Appenzell-Innerrhoden.ogg","/wiki/Appenzell_Ausserrhoden","/wiki/File:De-Appenzell-Ausserrhoden.ogg","//upload.wikimedia.org/wikipedia/commons/thumb/8/8a/Loudspeaker.svg/11px-Loudspeaker.svg.png","//upload.wikimedia.org/wikipedia/commons/6/61/De-Appenzell-Ausserrhoden.ogg","/wiki/Wikipedia:Media_help","/wiki/File:De-Appenzell-Ausserrhoden.ogg","/wiki/Basel-Stadt","/wiki/File:De-Basel-Stadt.ogg","//upload.wikimedia.org/wikipedia/commons/thumb/8/8a/Loudspeaker.svg/11px-Loudspeaker.svg.png","//upload.wikimedia.org/wikipedia/commons/1/13/De-Basel-Stadt.ogg","/wiki/Wikipedia:Media_help","/wiki/File:De-Basel-Stadt.ogg","/wiki/Basel-Landschaft","/wiki/File:De-Basel-Landschaft.ogg","//upload.wikimedia.org/wikipedia/commons/thumb/8/8a/Loudspeaker.svg/11px-Loudspeaker.svg.png","//upload.wikimedia.org/wikipedia/commons/5/59/De-Basel-Landschaft.ogg","/wiki/Wikipedia:Media_help","/wiki/File:De-Basel-Landschaft.ogg","/wiki/Canton_of_Bern","/wiki/File:De-Bern.ogg","//upload.wikimedia.org/wikipedia/commons/thumb/8/8a/Loudspeaker.svg/11px-Loudspeaker.svg.png","//upload.wikimedia.org/wikipedia/commons/1/1d/De-Bern.ogg","/wiki/Wikipedia:Media_help","/wiki/File:De-Bern.ogg","/wiki/Canton_of_Fribourg","/wiki/File:De-Freiburg.ogg","//upload.wikimedia.org/wikipedia/commons/thumb/8/8a/Loudspeaker.svg/11px-Loudspeaker.svg.png","//upload.wikimedia.org/wikipedia/commons/2/2b/De-Freiburg.ogg","/wiki/Wikipedia:Media_help","/wiki/File:De-Freiburg.ogg","/wiki/Canton_of_Geneva","/wiki/File:De-Genf.ogg","//upload.wikimedia.org/wikipedia/commons/thumb/8/8a/Loudspeaker.svg/11px-Loudspeaker.svg.png","//upload.wikimedia.org/wikipedia/commons/e/ec/De-Genf.ogg","/wiki/Wikipedia:Media_help","/wiki/File:De-Genf.ogg","/wiki/Canton_of_Glarus","/wiki/File:De-Glarus.ogg","//upload.wikimedia.org/wikipedia/commons/thumb/8/8a/Loudspeaker.svg/11px-Loudspeaker.svg.png","//upload.wikimedia.org/wikipedia/commons/0/05/De-Glarus.ogg","/wiki/Wikipedia:Media_help","/wiki/File:De-Glarus.ogg","/wiki/Graub%C3%BCnden","/wiki/File:De-Graubuenden.ogg","//upload.wikimedia.org/wikipedia/commons/thumb/8/8a/Loudspeaker.svg/11px-Loudspeaker.svg.png","//upload.wikimedia.org/wikipedia/commons/0/0e/De-Graubuenden.ogg","/wiki/Wikipedia:Media_help","/wiki/File:De-Graubuenden.ogg","/wiki/Canton_of_Jura","/wiki/File:De-Jura.ogg","//upload.wikimedia.org/wikipedia/commons/thumb/8/8a/Loudspeaker.svg/11px-Loudspeaker.svg.png","//upload.wikimedia.org/wikipedia/commons/f/fe/De-Jura.ogg","/wiki/Wikipedia:Media_help","/wiki/File:De-Jura.ogg","/wiki/Canton_of_Lucerne","/wiki/File:De-Luzern.ogg","//upload.wikimedia.org/wikipedia/commons/thumb/8/8a/Loudspeaker.svg/11px-Loudspeaker.svg.png","//upload.wikimedia.org/wikipedia/commons/1/11/De-Luzern.ogg","/wiki/Wikipedia:Media_help","/wiki/File:De-Luzern.ogg","/wiki/Canton_of_Neuch%C3%A2tel","/wiki/File:De-Neuenburg.ogg","//upload.wikimedia.org/wikipedia/commons/thumb/8/8a/Loudspeaker.svg/11px-Loudspeaker.svg.png","//upload.wikimedia.org/wikipedia/commons/b/b2/De-Neuenburg.ogg","/wiki/Wikipedia:Media_help","/wiki/File:De-Neuenburg.ogg","/wiki/Nidwalden","/wiki/File:De-Nidwalden.ogg","//upload.wikimedia.org/wikipedia/commons/thumb/8/8a/Loudspeaker.svg/11px-Loudspeaker.svg.png","//upload.wikimedia.org/wikipedia/commons/b/b1/De-Nidwalden.ogg","/wiki/Wikipedia:Media_help","/wiki/File:De-Nidwalden.ogg","/wiki/Obwalden","/wiki/File:De-Obwalden.ogg","//upload.wikimedia.org/wikipedia/commons/thumb/8/8a/Loudspeaker.svg/11px-Loudspeaker.svg.png","//upload.wikimedia.org/wikipedia/commons/0/0f/De-Obwalden.ogg","/wiki/Wikipedia:Media_help","/wiki/File:De-Obwalden.ogg","/wiki/Canton_of_Schaffhausen","/wiki/File:De-Schaffhausen.ogg","//upload.wikimedia.org/wikipedia/commons/thumb/8/8a/Loudspeaker.svg/11px-Loudspeaker.svg.png","//upload.wikimedia.org/wikipedia/commons/9/9e/De-Schaffhausen.ogg","/wiki/Wikipedia:Media_help","/wiki/File:De-Schaffhausen.ogg","/wiki/Canton_of_Schwyz","/wiki/File:De-Schwyz.ogg","//upload.wikimedia.org/wikipedia/commons/thumb/8/8a/Loudspeaker.svg/11px-Loudspeaker.svg.png","//upload.wikimedia.org/wikipedia/commons/d/d5/De-Schwyz.ogg","/wiki/Wikipedia:Media_help","/wiki/File:De-Schwyz.ogg","/wiki/Canton_of_Solothurn","/wiki/File:De-Solothurn.ogg","//upload.wikimedia.org/wikipedia/commons/thumb/8/8a/Loudspeaker.svg/11px-Loudspeaker.svg.png","//upload.wikimedia.org/wikipedia/commons/2/2f/De-Solothurn.ogg","/wiki/Wikipedia:Media_help","/wiki/File:De-Solothurn.ogg","/wiki/Canton_of_St._Gallen","/wiki/File:De-StGallen.ogg","//upload.wikimedia.org/wikipedia/commons/thumb/8/8a/Loudspeaker.svg/11px-Loudspeaker.svg.png","//upload.wikimedia.org/wikipedia/commons/7/7a/De-StGallen.ogg","/wiki/Wikipedia:Media_help","/wiki/File:De-StGallen.ogg","/wiki/Thurgau","/wiki/File:De-Thurgau.ogg","//upload.wikimedia.org/wikipedia/commons/thumb/8/8a/Loudspeaker.svg/11px-Loudspeaker.svg.png","//upload.wikimedia.org/wikipedia/commons/1/1e/De-Thurgau.ogg","/wiki/Wikipedia:Media_help","/wiki/File:De-Thurgau.ogg","/wiki/Ticino","/wiki/File:De-Tessin.ogg","//upload.wikimedia.org/wikipedia/commons/thumb/8/8a/Loudspeaker.svg/11px-Loudspeaker.svg.png","//upload.wikimedia.org/wikipedia/commons/9/90/De-Tessin.ogg","/wiki/Wikipedia:Media_help","/wiki/File:De-Tessin.ogg","/wiki/Canton_of_Uri","/wiki/File:De-Uri.ogg","//upload.wikimedia.org/wikipedia/commons/thumb/8/8a/Loudspeaker.svg/11px-Loudspeaker.svg.png","//upload.wikimedia.org/wikipedia/commons/6/6e/De-Uri.ogg","/wiki/Wikipedia:Media_help","/wiki/File:De-Uri.ogg","/wiki/Valais","/wiki/File:De-Wallis.ogg","//upload.wikimedia.org/wikipedia/commons/thumb/8/8a/Loudspeaker.svg/11px-Loudspeaker.svg.png","//upload.wikimedia.org/wikipedia/commons/d/df/De-Wallis.ogg","/wiki/Wikipedia:Media_help","/wiki/File:De-Wallis.ogg","/wiki/Vaud","/wiki/File:De-Waadt.ogg","//upload.wikimedia.org/wikipedia/commons/thumb/8/8a/Loudspeaker.svg/11px-Loudspeaker.svg.png","//upload.wikimedia.org/wikipedia/commons/9/90/De-Waadt.ogg","/wiki/Wikipedia:Media_help","/wiki/File:De-Waadt.ogg","/wiki/Canton_of_Zug","/wiki/File:De-Zug.ogg","//upload.wikimedia.org/wikipedia/commons/thumb/8/8a/Loudspeaker.svg/11px-Loudspeaker.svg.png","//upload.wikimedia.org/wikipedia/commons/c/c7/De-Zug.ogg","/wiki/Wikipedia:Media_help","/wiki/File:De-Zug.ogg","/wiki/Canton_of_Zurich","/wiki/File:De-Z%C3%BCrich.ogg","//upload.wikimedia.org/wikipedia/commons/thumb/8/8a/Loudspeaker.svg/11px-Loudspeaker.svg.png","//upload.wikimedia.org/wikipedia/commons/c/c6/De-Z%C3%BCrich.ogg","/wiki/Wikipedia:Media_help","/wiki/File:De-Z%C3%BCrich.ogg","/w/index.php?title=Cantons_of_Switzerland&action=edit&section=7","/wiki/Enlargement_of_Switzerland","/wiki/Vorarlberg","/w/index.php?title=Cantons_of_Switzerland&action=edit&section=8","/wiki/List_of_legislative_and_executive_councils_of_the_Cantons_of_Switzerland","/wiki/Data_codes_for_Switzerland#Cantons","/wiki/List_of_cantons_of_Switzerland_by_elevation","/wiki/Flags_of_Swiss_cantons","/wiki/Cantonal_bank","/wiki/Commercial_bank","/w/index.php?title=Cantons_of_Switzerland&action=edit&section=9","#ref_a","/wiki/Old_Swiss_Confederacy","/wiki/Swiss_order_of_precedence","#ref_1","//en.wikipedia.org/w/index.php?title=Cantons_of_Switzerland&action=edit","#ref_2","#ref_3","#ref_4","http://web.archive.org/web/20080611153041/http://www.bfs.admin.ch/bfs/portal/de/index/regionen/thematische_karten/maps/uebersichtskarte.html","http://www.bfs.admin.ch/bfs/portal/de/index/regionen/thematische_karten/maps/uebersichtskarte.html","http://web.archive.org/web/20080611153041/http://www.bfs.admin.ch/bfs/portal/de/index/regionen/thematische_karten/maps/uebersichtskarte.html","#ref_5","/wiki/Herisau","/wiki/Trogen","#ref_6","/wiki/Frauenfeld","/wiki/Weinfelden","/w/index.php?title=Cantons_of_Switzerland&action=edit&section=10","/wiki/International_Standard_Book_Number","/wiki/Special:BookSources/3-905455-70-6","/wiki/International_Standard_Book_Number","/wiki/Special:BookSources/978-3-7255-5472-0","#cite_ref-1","http://www.hls-dhs-dss.ch/textes/d/D26414-1-1.php","http://www.hls-dhs-dss.ch/textes/f/F26414-1-1.php","http://www.hls-dhs-dss.ch/textes/i/I26414-1-1.php","/wiki/Historical_Dictionary_of_Switzerland","#cite_ref-2","http://www.hls-dhs-dss.ch/textes/d/D7399.php","http://www.hls-dhs-dss.ch/textes/f/F7399.php","http://www.hls-dhs-dss.ch/textes/i/I7399.php","/wiki/Historical_Dictionary_of_Switzerland","#cite_ref-EB_3-0","http://en.wikisource.org/wiki/1911_Encyclop%C3%A6dia_Britannica/Switzerland/History/Shaking_off_the_Empire#Shaking_off_Dependence_on_the_Empire_.E2.80.94_up_to_1499_.281648.29","#cite_ref-HDS_Modern_4-0","#cite_ref-HDS_Modern_4-1","http://www.hls-dhs-dss.ch/textes/d/D26414-1-4.php","http://www.hls-dhs-dss.ch/textes/f/F26414-1-4.php","http://www.hls-dhs-dss.ch/textes/i/I26414-1-4.php","/wiki/Historical_Dictionary_of_Switzerland","#cite_ref-5","http://www.ch.ch/karte/index.html?lang=en","#cite_ref-founding_6-0","#cite_ref-founding_6-1","#cite_ref-founding_6-2","#cite_ref-founding_6-3","/wiki/Waldst%C3%A4tte","/wiki/Foundation_of_the_Old_Swiss_Confederacy","#cite_ref-7","/wiki/Canton_of_Basel","#cite_ref-Appenzell_8-0","#cite_ref-Appenzell_8-1","/wiki/Canton_of_Appenzell","#cite_ref-9","/wiki/Act_of_Mediation","/wiki/Canton_of_S%C3%A4ntis","/wiki/Canton_of_Linth","#cite_ref-10","/wiki/Act_of_Mediation","/wiki/Canton_of_Raetia","/wiki/Three_Leagues","#cite_ref-11","/wiki/Helvetic_Republic","/wiki/Gemeine_Herrschaften","#cite_ref-12","/wiki/Canton_of_Bellinzona","/wiki/Canton_of_Lugano","/wiki/Ennetbirgische_Vogteien","#cite_ref-13","/wiki/Act_of_Mediation","/wiki/Canton_of_L%C3%A9man","#cite_ref-14","/wiki/Restoration_(Switzerland)","/wiki/Simplon_(department)","#cite_ref-15","/wiki/Frederick_William_III_of_Prussia","/wiki/Neuch%C3%A2tel_Crisis","#cite_ref-16","/wiki/Jurassic_separatism","#cite_ref-17","http://www.admin.ch/ch/e/rs/c101.html","http://www.admin.ch/ch/d/sr/c101.html","http://www.admin.ch/ch/f/rs/c101.html","http://www.admin.ch/ch/i/rs/c101.html","http://www.admin.ch/ch/e/rs/101/a1.html","http://www.admin.ch/ch/d/sr/101/a1.html","http://www.admin.ch/ch/f/rs/101/a1.html","http://www.admin.ch/ch/i/rs/101/a1.html","#cite_ref-18","#cite_ref-19","/wiki/Canton_of_Jura","#cite_ref-20","http://www.verfassungen.de/ch/verf74-i.htm","http://www.verfassungen.de/ch/verf48.htm","#cite_ref-21","#cite_ref-22","#cite_ref-23","#cite_ref-24","http://www.admin.ch/org/polit/00056/index.html?lang=fr","#cite_ref-25","http://hypo.ge.ch/www/cliotexte//html/suisse.histoire.1291.html","#cite_ref-26","http://hls-dhs-dss.ch/textes/f/F7389-1-10.php","#cite_ref-27","http://hls-dhs-dss.ch/textes/f/F7387-2-2.php","/w/index.php?title=Cantons_of_Switzerland&action=edit&section=11","//upload.wikimedia.org/wikipedia/en/thumb/4/4a/Commons-logo.svg/30px-Commons-logo.svg.png","//commons.wikimedia.org/wiki/Category:Cantons_of_Switzerland","http://www.swissworld.org/en/politics/general_information/the_cantons/","http://www.geomit.ch/GeoPuzzles/SchweizPuzzle/schweiz.html","http://www.badac.ch","//upload.wikimedia.org/wikipedia/commons/thumb/4/4c/Wikisource-logo.svg/38px-Wikisource-logo.svg.png","/wiki/Wikisource","/wiki/Encyclop%C3%A6dia_Britannica_Eleventh_Edition","//en.wikisource.org/wiki/1911_Encyclop%C3%A6dia_Britannica/Switzerland/History","/wiki/Template:Cantons_of_Switzerland","/wiki/Template_talk:Cantons_of_Switzerland","//en.wikipedia.org/w/index.php?title=Template:Cantons_of_Switzerland&action=edit","/wiki/Switzerland","/wiki/Forest_cantons","/wiki/Eight_Cantons","/wiki/Thirteen_Cantons","/wiki/Cantonal_flags_and_coats_of_arms_(Switzerland)","/wiki/File:Wappen_Z%C3%BCrich_matt.svg","//upload.wikimedia.org/wikipedia/commons/thumb/5/5a/Wappen_Z%C3%BCrich_matt.svg/20px-Wappen_Z%C3%BCrich_matt.svg.png","/wiki/Canton_of_Zurich","/wiki/File:Wappen_Bern_matt.svg","//upload.wikimedia.org/wikipedia/commons/thumb/4/47/Wappen_Bern_matt.svg/20px-Wappen_Bern_matt.svg.png","/wiki/Canton_of_Bern","/wiki/File:Wappen_Luzern_matt.svg","//upload.wikimedia.org/wikipedia/commons/thumb/6/66/Wappen_Luzern_matt.svg/20px-Wappen_Luzern_matt.svg.png","/wiki/Canton_of_Lucerne","/wiki/File:Wappen_Uri_matt.svg","//upload.wikimedia.org/wikipedia/commons/thumb/1/10/Wappen_Uri_matt.svg/20px-Wappen_Uri_matt.svg.png","/wiki/Canton_of_Uri","/wiki/File:Wappen_des_Kantons_Schwyz.svg","//upload.wikimedia.org/wikipedia/commons/thumb/5/55/Wappen_des_Kantons_Schwyz.svg/20px-Wappen_des_Kantons_Schwyz.svg.png","/wiki/Canton_of_Schwyz","/wiki/File:Wappen_Obwalden_matt.svg","//upload.wikimedia.org/wikipedia/commons/thumb/1/1a/Wappen_Obwalden_matt.svg/20px-Wappen_Obwalden_matt.svg.png","/wiki/Canton_of_Obwalden","/wiki/File:Wappen_Nidwalden_matt.svg","//upload.wikimedia.org/wikipedia/commons/thumb/b/bd/Wappen_Nidwalden_matt.svg/20px-Wappen_Nidwalden_matt.svg.png","/wiki/Canton_of_Nidwalden","/wiki/File:Wappen_Glarus_matt.svg","//upload.wikimedia.org/wikipedia/commons/thumb/0/0e/Wappen_Glarus_matt.svg/20px-Wappen_Glarus_matt.svg.png","/wiki/Canton_of_Glarus","/wiki/File:Wappen_Zug_matt.svg","//upload.wikimedia.org/wikipedia/commons/thumb/3/31/Wappen_Zug_matt.svg/20px-Wappen_Zug_matt.svg.png","/wiki/Canton_of_Zug","/wiki/File:Wappen_Freiburg_matt.svg","//upload.wikimedia.org/wikipedia/commons/thumb/0/01/Wappen_Freiburg_matt.svg/20px-Wappen_Freiburg_matt.svg.png","/wiki/Canton_of_Fribourg","/wiki/File:Wappen_Solothurn_matt.svg","//upload.wikimedia.org/wikipedia/commons/thumb/b/b7/Wappen_Solothurn_matt.svg/20px-Wappen_Solothurn_matt.svg.png","/wiki/Canton_of_Solothurn","/wiki/File:Wappen_Basel-Stadt_matt.svg","//upload.wikimedia.org/wikipedia/commons/thumb/7/7d/Wappen_Basel-Stadt_matt.svg/20px-Wappen_Basel-Stadt_matt.svg.png","/wiki/Canton_of_Basel-Stadt","/wiki/File:Wappen_Basel-Landschaft_matt.svg","//upload.wikimedia.org/wikipedia/commons/thumb/3/33/Wappen_Basel-Landschaft_matt.svg/20px-Wappen_Basel-Landschaft_matt.svg.png","/wiki/Canton_of_Basel-Landschaft","/wiki/File:Wappen_Schaffhausen_matt.svg","//upload.wikimedia.org/wikipedia/commons/thumb/b/b6/Wappen_Schaffhausen_matt.svg/20px-Wappen_Schaffhausen_matt.svg.png","/wiki/Canton_of_Schaffhausen","/wiki/File:Wappen_Appenzell_Ausserrhoden_matt.svg","//upload.wikimedia.org/wikipedia/commons/thumb/2/2c/Wappen_Appenzell_Ausserrhoden_matt.svg/20px-Wappen_Appenzell_Ausserrhoden_matt.svg.png","/wiki/Canton_of_Appenzell_Ausserrhoden","/wiki/File:Wappen_Appenzell_Innerrhoden_matt.svg","//upload.wikimedia.org/wikipedia/commons/thumb/b/b7/Wappen_Appenzell_Innerrhoden_matt.svg/20px-Wappen_Appenzell_Innerrhoden_matt.svg.png","/wiki/Canton_of_Appenzell_Innerrhoden","/wiki/File:Wappen_St._Gallen_matt.svg","//upload.wikimedia.org/wikipedia/commons/thumb/2/20/Wappen_St._Gallen_matt.svg/20px-Wappen_St._Gallen_matt.svg.png","/wiki/Canton_of_St._Gallen","/wiki/File:Wappen_Graub%C3%BCnden_matt.svg","//upload.wikimedia.org/wikipedia/commons/thumb/1/19/Wappen_Graub%C3%BCnden_matt.svg/20px-Wappen_Graub%C3%BCnden_matt.svg.png","/wiki/Canton_of_Grisons","/wiki/File:Wappen_Aargau_matt.svg","//upload.wikimedia.org/wikipedia/commons/thumb/b/b5/Wappen_Aargau_matt.svg/20px-Wappen_Aargau_matt.svg.png","/wiki/Canton_of_Aargau","/wiki/File:Wappen_Thurgau_matt.svg","//upload.wikimedia.org/wikipedia/commons/thumb/7/71/Wappen_Thurgau_matt.svg/20px-Wappen_Thurgau_matt.svg.png","/wiki/Canton_of_Thurgau","/wiki/File:Wappen_Tessin_matt.svg","//upload.wikimedia.org/wikipedia/commons/thumb/8/87/Wappen_Tessin_matt.svg/20px-Wappen_Tessin_matt.svg.png","/wiki/Canton_of_Ticino","/wiki/File:Wappen_Waadt_matt.svg","//upload.wikimedia.org/wikipedia/commons/thumb/1/1d/Wappen_Waadt_matt.svg/20px-Wappen_Waadt_matt.svg.png","/wiki/Canton_of_Vaud","/wiki/File:Wappen_Wallis_matt.svg","//upload.wikimedia.org/wikipedia/commons/thumb/a/a3/Wappen_Wallis_matt.svg/20px-Wappen_Wallis_matt.svg.png","/wiki/Canton_of_Valais","/wiki/File:Wappen_Neuenburg_matt.svg","//upload.wikimedia.org/wikipedia/commons/thumb/d/d1/Wappen_Neuenburg_matt.svg/20px-Wappen_Neuenburg_matt.svg.png","/wiki/Canton_of_Neuch%C3%A2tel","/wiki/File:Wappen_Genf_matt.svg","//upload.wikimedia.org/wikipedia/commons/thumb/9/9d/Wappen_Genf_matt.svg/20px-Wappen_Genf_matt.svg.png","/wiki/Canton_of_Geneva","/wiki/File:Wappen_Jura_matt.svg","//upload.wikimedia.org/wikipedia/commons/thumb/f/f0/Wappen_Jura_matt.svg/20px-Wappen_Jura_matt.svg.png","/wiki/Canton_of_Jura","/wiki/File:Wappen_Unterwalden_alt.svg","//upload.wikimedia.org/wikipedia/commons/thumb/8/8c/Wappen_Unterwalden_alt.svg/20px-Wappen_Unterwalden_alt.svg.png","/wiki/Unterwalden","/wiki/File:Wappen_Basel-Stadt_matt.svg","//upload.wikimedia.org/wikipedia/commons/thumb/7/7d/Wappen_Basel-Stadt_matt.svg/20px-Wappen_Basel-Stadt_matt.svg.png","/wiki/Canton_of_Basel","/wiki/File:Wappen_Appenzell_Innerrhoden_matt.svg","//upload.wikimedia.org/wikipedia/commons/thumb/b/b7/Wappen_Appenzell_Innerrhoden_matt.svg/20px-Wappen_Appenzell_Innerrhoden_matt.svg.png","/wiki/Appenzell","/wiki/Canton_of_Baden","/wiki/File:Snake-coat_of_arms.svg","//upload.wikimedia.org/wikipedia/commons/thumb/f/ff/Snake-coat_of_arms.svg/20px-Snake-coat_of_arms.svg.png","/wiki/Canton_of_Bellinzona","/wiki/Canton_of_Fricktal","/wiki/Canton_of_L%C3%A9man","/wiki/Canton_of_Linth","/wiki/File:Lugano-coat_of_arms.svg","//upload.wikimedia.org/wikipedia/commons/thumb/d/d0/Lugano-coat_of_arms.svg/20px-Lugano-coat_of_arms.svg.png","/wiki/Canton_of_Lugano","/wiki/Canton_of_Oberland","/wiki/Canton_of_Raetia","/wiki/Canton_of_S%C3%A4ntis","/wiki/Canton_of_Waldst%C3%A4tten","/wiki/Template:Subdivisions_of_Switzerland","/wiki/Template_talk:Subdivisions_of_Switzerland","//en.wikipedia.org/w/index.php?title=Template:Subdivisions_of_Switzerland&action=edit","/wiki/Switzerland","//upload.wikimedia.org/wikipedia/commons/thumb/f/f3/Flag_of_Switzerland.svg/20px-Flag_of_Switzerland.svg.png","/wiki/Subdivisions_of_Switzerland","/w/index.php?title=Subdivisions_of_the_canton_of_Aargau&action=edit&redlink=1","/w/index.php?title=Subdivisions_of_the_canton_of_Appenzell_Ausserrhoden&action=edit&redlink=1","/w/index.php?title=Subdivisions_of_the_canton_of_Appenzell_Innerrhoden&action=edit&redlink=1","/w/index.php?title=Subdivisions_of_the_canton_of_Basel-Stadt&action=edit&redlink=1","/w/index.php?title=Subdivisions_of_the_canton_of_Basel-Landschaft&action=edit&redlink=1","/wiki/Subdivisions_of_the_canton_of_Bern","/w/index.php?title=Subdivisions_of_the_canton_of_Fribourg&action=edit&redlink=1","/w/index.php?title=Subdivisions_of_the_canton_of_Geneva&action=edit&redlink=1","/w/index.php?title=Subdivisions_of_the_canton_of_Glarus&action=edit&redlink=1","/w/index.php?title=Subdivisions_of_the_canton_of_Graub%C3%BCnden&action=edit&redlink=1","/w/index.php?title=Subdivisions_of_the_canton_of_Jura&action=edit&redlink=1","/w/index.php?title=Subdivisions_of_the_canton_of_Lucerne&action=edit&redlink=1","/w/index.php?title=Subdivisions_of_the_canton_of_Neuch%C3%A2tel&action=edit&redlink=1","/w/index.php?title=Subdivisions_of_the_canton_of_Nidwalden&action=edit&redlink=1","/w/index.php?title=Subdivisions_of_the_canton_of_Obwalden&action=edit&redlink=1","/w/index.php?title=Subdivisions_of_the_canton_of_Schaffhausen&action=edit&redlink=1","/w/index.php?title=Subdivisions_of_the_canton_of_Schwyz&action=edit&redlink=1","/wiki/Subdivisions_of_the_canton_of_Solothurn","/wiki/Subdivisions_of_the_canton_of_St._Gallen","/w/index.php?title=Subdivisions_of_the_canton_of_Thurgau&action=edit&redlink=1","/wiki/Subdivisions_of_the_canton_of_Ticino","/w/index.php?title=Subdivisions_of_the_canton_of_Uri&action=edit&redlink=1","/wiki/Subdivisions_of_the_canton_of_Valais","/wiki/Subdivisions_of_the_canton_of_Vaud","/w/index.php?title=Subdivisions_of_the_canton_of_Zug&action=edit&redlink=1","/w/index.php?title=Subdivisions_of_the_canton_of_Z%C3%BCrich&action=edit&redlink=1","/wiki/NUTS_of_Switzerland","/wiki/Districts_of_Switzerland","/wiki/Communes_of_Switzerland","/wiki/List_of_municipalities_of_Switzerland","/wiki/List_of_former_municipalities_of_Switzerland","/wiki/Template:Switzerland_topics","/wiki/Template_talk:Switzerland_topics","//en.wikipedia.org/w/index.php?title=Template:Switzerland_topics&action=edit","/wiki/Switzerland","/wiki/History_of_Switzerland","/wiki/Early_history_of_Switzerland","/wiki/Switzerland_in_the_Roman_era","/wiki/Old_Swiss_Confederacy","/wiki/Reformation_in_Switzerland","/wiki/Early_Modern_Switzerland","/wiki/Switzerland_in_the_Napoleonic_era","/wiki/Restoration_and_Regeneration_(Switzerland)","/wiki/Switzerland_during_the_World_Wars","/wiki/Modern_history_of_Switzerland","/wiki/Geography_of_Switzerland","/wiki/List_of_cities_in_Switzerland","/wiki/List_of_islands_of_Switzerland","/wiki/List_of_lakes_in_Switzerland","/wiki/List_of_mountains_of_Switzerland","/wiki/List_of_rivers_of_Switzerland","/wiki/Jura_Mountains","/wiki/Swiss_Alps","/wiki/Swiss_plateau","/wiki/Swiss_Federal_Constitution","/wiki/Elections_in_Switzerland","/wiki/Federal_budget_of_Switzerland","/wiki/Foreign_relations_of_Switzerland","/wiki/Federal_administration_of_Switzerland","/wiki/Human_rights_in_Switzerland","/wiki/LGBT_rights_in_Switzerland","/wiki/Swiss_law","/wiki/Law_enforcement_in_Switzerland","/wiki/Military_of_Switzerland","/wiki/Federal_Assembly_(Switzerland)","/wiki/Politics_of_Switzerland","/wiki/List_of_political_parties_in_Switzerland","/wiki/Economy_of_Switzerland","/wiki/Banking_in_Switzerland","/wiki/Swiss_National_Bank","/wiki/Energy_in_Switzerland","/wiki/Swiss_franc","/wiki/Science_and_technology_in_Switzerland","/wiki/SIX_Swiss_Exchange","/wiki/Taxation_in_Switzerland","/wiki/Telecommunications_in_Switzerland","/wiki/Tourism_in_Switzerland","/wiki/Trade_unions_in_Switzerland","/wiki/Transport_in_Switzerland","/wiki/Category:Swiss_society","/wiki/Crime_in_Switzerland","/wiki/Demographics_of_Switzerland","/wiki/Education_in_Switzerland","/wiki/Healthcare_in_Switzerland","/wiki/Immigration_to_Switzerland","/wiki/Languages_of_Switzerland","/wiki/Poverty_in_Switzerland","/wiki/Swiss_people","/wiki/Culture_of_Switzerland","/wiki/Swiss_Psalm","/wiki/Cinema_of_Switzerland","/wiki/Coat_of_arms_of_Switzerland","/wiki/Swiss_cuisine","/wiki/Flag_of_Switzerland","/wiki/Swiss_folklore","/wiki/William_Tell","/wiki/Helvetia","/wiki/Swiss_literature","/wiki/Media_of_Switzerland","/wiki/Television_in_Switzerland","/wiki/Music_of_Switzerland","/wiki/Public_holidays_in_Switzerland","/wiki/Religion_in_Switzerland","/wiki/Sport_in_Switzerland","/wiki/Outline_of_Switzerland","/wiki/Index_of_Switzerland-related_articles","/wiki/Book:Switzerland","/wiki/Category:Switzerland","/wiki/Portal:Switzerland","/wiki/Wikipedia:WikiProject_Switzerland","/wiki/Template:Articles_on_first-level_administrative_divisions_of_European_countries","/wiki/Template_talk:Articles_on_first-level_administrative_divisions_of_European_countries","//en.wikipedia.org/w/index.php?title=Template:Articles_on_first-level_administrative_divisions_of_European_countries&action=edit","/wiki/Administrative_division","/wiki/Sovereign_state","/wiki/Counties_of_Albania","/wiki/Parishes_of_Andorra","/wiki/Administrative_divisions_of_Armenia","/wiki/States_of_Austria","/wiki/Administrative_divisions_of_Azerbaijan","/wiki/Regions_of_Belarus","/wiki/Communities,_regions_and_language_areas_of_Belgium","/wiki/Political_divisions_of_Bosnia_and_Herzegovina","/wiki/Provinces_of_Bulgaria","/wiki/Counties_of_Croatia","/wiki/Districts_of_Cyprus","/wiki/Regions_of_the_Czech_Republic","/wiki/Regions_of_Denmark","/wiki/Counties_of_Estonia","/wiki/Regions_of_Finland","/wiki/Regions_of_France","/wiki/Administrative_divisions_of_Georgia_(country)","/wiki/States_of_Germany","/wiki/Modern_regions_of_Greece","/wiki/Counties_of_Hungary","/wiki/Municipalities_of_Iceland","/wiki/Counties_of_Ireland","/wiki/Regions_of_Italy","/wiki/Provinces_of_Kazakhstan","/wiki/Administrative_divisions_of_Latvia","/wiki/Municipalities_of_Liechtenstein","/wiki/Counties_of_Lithuania","/wiki/Districts_of_Luxembourg","/wiki/Municipalities_of_the_Republic_of_Macedonia","/wiki/Local_councils_of_Malta","/wiki/Administrative_divisions_of_Moldova","/wiki/Monaco#Administrative_divisions","/wiki/Municipalities_of_Montenegro","/wiki/Provinces_of_the_Netherlands","/wiki/Counties_of_Norway","/wiki/Voivodeships_of_Poland","/wiki/Administrative_divisions_of_Portugal","/wiki/Counties_of_Romania","/wiki/Federal_subjects_of_Russia","/wiki/Municipalities_of_San_Marino","/wiki/List_of_districts_of_Serbia","/wiki/Regions_of_Slovakia","/wiki/Municipalities_of_Slovenia","/wiki/Autonomous_communities_of_Spain","/wiki/Counties_of_Sweden","/wiki/Provinces_of_Turkey","/wiki/Administrative_divisions_of_Ukraine","/wiki/Administrative_geography_of_the_United_Kingdom","/wiki/Properties_of_the_Holy_See","/wiki/List_of_states_with_limited_recognition","/wiki/Subdivisions_of_Abkhazia","/wiki/Districts_of_Kosovo","/wiki/Administrative_divisions_of_the_Nagorno-Karabakh_Republic","/wiki/Districts_of_Northern_Cyprus","/wiki/South_Ossetia","/wiki/Administrative_divisions_of_Transnistria","/wiki/List_of_transcontinental_countries","/wiki/Western_Asia","/wiki/Boundaries_between_continents#Europe_and_Asia","/wiki/Table_of_administrative_divisions_by_country","http://en.wikipedia.org/w/index.php?title=Cantons_of_Switzerland&oldid=543788939","/wiki/Help:Categories","/wiki/Category:Cantons_of_Switzerland","/wiki/Category:Subdivisions_of_Switzerland","/wiki/Category:Lists_of_country_subdivisions","/wiki/Category:Country_subdivisions_of_Europe","/wiki/Category:First-level_administrative_country_subdivisions","/wiki/Category:Switzerland_geography-related_lists","/wiki/Category:Articles_with_German_language_external_links","/wiki/Category:All_articles_with_unsourced_statements","/wiki/Category:Articles_with_unsourced_statements_from_December_2011","/wiki/Category:Articles_containing_German_language_text","/wiki/Category:Articles_containing_French_language_text","/wiki/Category:Articles_containing_Italian_language_text","/wiki/Category:Articles_containing_potentially_dated_statements_from_April_2009","/wiki/Category:All_articles_containing_potentially_dated_statements","/wiki/Category:Commons_category_template_with_no_category_set","/w/index.php?title=Special:UserLogin&returnto=Cantons+of+Switzerland&type=signup","/w/index.php?title=Special:UserLogin&returnto=Cantons+of+Switzerland","/wiki/Cantons_of_Switzerland","/wiki/Talk:Cantons_of_Switzerland","#","/wiki/Cantons_of_Switzerland","/w/index.php?title=Cantons_of_Switzerland&action=edit","/w/index.php?title=Cantons_of_Switzerland&action=history","#","/w/index.php","//bits.wikimedia.org/static-1.21wmf11/skins/vector/images/search-ltr.png?303-4","/wiki/Main_Page","/wiki/Main_Page","/wiki/Portal:Contents","/wiki/Portal:Featured_content","/wiki/Portal:Current_events","/wiki/Special:Random","//donate.wikimedia.org/wiki/Special:FundraiserRedirector?utm_source=donate&utm_medium=sidebar&utm_campaign=C13_en.wikipedia.org&uselang=en","/wiki/Help:Contents","/wiki/Wikipedia:About","/wiki/Wikipedia:Community_portal","/wiki/Special:RecentChanges","/wiki/Wikipedia:Contact_us","/wiki/Special:WhatLinksHere/Cantons_of_Switzerland","/wiki/Special:RecentChangesLinked/Cantons_of_Switzerland","/wiki/Wikipedia:File_Upload_Wizard","/wiki/Special:SpecialPages","/w/index.php?title=Cantons_of_Switzerland&oldid=543788939","/w/index.php?title=Cantons_of_Switzerland&action=info","/w/index.php?title=Special:Cite&page=Cantons_of_Switzerland&id=543788939","/w/index.php?title=Special:Book&bookcmd=book_creator&referer=Cantons+of+Switzerland","/w/index.php?title=Special:Book&bookcmd=render_article&arttitle=Cantons+of+Switzerland&oldid=543788939&writer=rl","/w/index.php?title=Cantons_of_Switzerland&printable=yes","//als.wikipedia.org/wiki/Kanton","//ar.wikipedia.org/wiki/%D9%83%D8%A7%D9%86%D8%AA%D9%88%D9%86%D8%A7%D8%AA_%D8%B3%D9%88%D9%8A%D8%B3%D8%B1%D8%A7","//an.wikipedia.org/wiki/Cantons_de_Suiza","//zh-min-nan.wikipedia.org/wiki/S%C5%ABi-se_%C3%AA_h%C3%AAng-ch%C3%A8ng-khu","//bg.wikipedia.org/wiki/%D0%90%D0%B4%D0%BC%D0%B8%D0%BD%D0%B8%D1%81%D1%82%D1%80%D0%B0%D1%82%D0%B8%D0%B2%D0%BD%D0%BE_%D0%B4%D0%B5%D0%BB%D0%B5%D0%BD%D0%B8%D0%B5_%D0%BD%D0%B0_%D0%A8%D0%B2%D0%B5%D0%B9%D1%86%D0%B0%D1%80%D0%B8%D1%8F","//bar.wikipedia.org/wiki/Kanton","//bs.wikipedia.org/wiki/Kantoni_u_%C5%A0vicarskoj","//br.wikipedia.org/wiki/Kantonio%C3%B9_Suis","//ca.wikipedia.org/wiki/Cantons_de_Su%C3%AFssa","//cs.wikipedia.org/wiki/%C5%A0v%C3%BDcarsk%C3%BD_kanton","//cy.wikipedia.org/wiki/Cantons_y_Swistir","//da.wikipedia.org/wiki/Kanton_(Schweiz)","//de.wikipedia.org/wiki/Kanton_(Schweiz)","//el.wikipedia.org/wiki/%CE%9A%CE%B1%CE%BD%CF%84%CF%8C%CE%BD%CE%B9%CE%B1_%CF%84%CE%B7%CF%82_%CE%95%CE%BB%CE%B2%CE%B5%CF%84%CE%AF%CE%B1%CF%82","//es.wikipedia.org/wiki/Cantones_de_Suiza","//eo.wikipedia.org/wiki/Kantonoj_de_Svislando","//eu.wikipedia.org/wiki/Suitzako_kantonamenduak","//fa.wikipedia.org/wiki/%D8%A7%DB%8C%D8%A7%D9%84%D8%AA%E2%80%8C%D9%87%D8%A7%DB%8C_%D8%B3%D9%88%D8%A6%DB%8C%D8%B3","//fr.wikipedia.org/wiki/Canton_suisse","//gd.wikipedia.org/wiki/Roinn_Eilbheiseach","//gl.wikipedia.org/wiki/Cant%C3%B3ns_de_Su%C3%ADza","//ko.wikipedia.org/wiki/%EC%8A%A4%EC%9C%84%EC%8A%A4%EC%9D%98_%EC%A3%BC","//hy.wikipedia.org/wiki/%D5%87%D5%BE%D5%A5%D5%B5%D6%81%D5%A1%D6%80%D5%AB%D5%A1%D5%B5%D5%AB_%D5%BE%D5%A1%D6%80%D5%B9%D5%A1%D5%AF%D5%A1%D5%B6_%D5%A2%D5%A1%D5%AA%D5%A1%D5%B6%D5%B8%D6%82%D5%B4","//hi.wikipedia.org/wiki/%E0%A4%B8%E0%A5%8D%E0%A4%B5%E0%A4%BF%E0%A4%9F%E0%A5%8D%E0%A4%9C%E0%A4%BC%E0%A4%B0%E0%A4%B2%E0%A5%88%E0%A4%82%E0%A4%A1_%E0%A4%95%E0%A5%87_%E0%A4%95%E0%A5%88%E0%A4%A8%E0%A5%8D%E0%A4%9F%E0%A4%A8","//hr.wikipedia.org/wiki/%C5%A0vicarski_kantoni","//ilo.wikipedia.org/wiki/Dagiti_kanton_iti_Suisa","//id.wikipedia.org/wiki/Daftar_kanton_di_Swiss","//is.wikipedia.org/wiki/Kant%C3%B3nur_%C3%AD_Sviss","//it.wikipedia.org/wiki/Cantoni_della_Svizzera","//he.wikipedia.org/wiki/%D7%94%D7%A7%D7%A0%D7%98%D7%95%D7%A0%D7%99%D7%9D_%D7%A9%D7%9C_%D7%A9%D7%95%D7%95%D7%99%D7%99%D7%A5","//ka.wikipedia.org/wiki/%E1%83%A8%E1%83%95%E1%83%94%E1%83%98%E1%83%AA%E1%83%90%E1%83%A0%E1%83%98%E1%83%98%E1%83%A1_%E1%83%99%E1%83%90%E1%83%9C%E1%83%A2%E1%83%9D%E1%83%9C%E1%83%94%E1%83%91%E1%83%98","//kk.wikipedia.org/wiki/%D0%A8%D0%B2%D0%B5%D0%B9%D1%86%D0%B0%D1%80%D0%B8%D1%8F_%D3%99%D0%BA%D1%96%D0%BC%D1%88%D1%96%D0%BB%D1%96%D0%BA_%D0%B1%D3%A9%D0%BB%D1%96%D0%BD%D1%96%D1%81%D1%96","//sw.wikipedia.org/wiki/Majimbo_ya_Uswisi","//lv.wikipedia.org/wiki/%C5%A0veices_administrat%C4%ABvais_iedal%C4%ABjums","//lb.wikipedia.org/wiki/L%C3%ABscht_vun_de_Schw%C3%A4izer_Kantonen","//lt.wikipedia.org/wiki/%C5%A0veicarijos_kantonai","//ln.wikipedia.org/wiki/Bakanton_ya_Swisi","//hu.wikipedia.org/wiki/Sv%C3%A1jc_kantonjainak_list%C3%A1ja","//mr.wikipedia.org/wiki/%E0%A4%B8%E0%A5%8D%E0%A4%B5%E0%A4%BF%E0%A4%A4%E0%A5%8D%E0%A4%9D%E0%A4%B0%E0%A5%8D%E0%A4%B2%E0%A4%82%E0%A4%A1%E0%A4%9A%E0%A5%80_%E0%A4%B0%E0%A4%BE%E0%A4%9C%E0%A5%8D%E0%A4%AF%E0%A5%87","//nl.wikipedia.org/wiki/Kantons_van_Zwitserland","//ja.wikipedia.org/wiki/%E3%82%B9%E3%82%A4%E3%82%B9%E3%81%AE%E5%9C%B0%E6%96%B9%E8%A1%8C%E6%94%BF%E5%8C%BA%E7%94%BB","//no.wikipedia.org/wiki/Sveits%E2%80%99_kantoner","//nn.wikipedia.org/wiki/Kantonar_i_Sveits","//oc.wikipedia.org/wiki/Cantons_so%C3%AFsses","//pl.wikipedia.org/wiki/Kanton_(Szwajcaria)","//pt.wikipedia.org/wiki/Cant%C3%B5es_da_Su%C3%AD%C3%A7a","//ro.wikipedia.org/wiki/Cantoanele_Elve%C8%9Biei","//rm.wikipedia.org/wiki/Chantuns_da_la_Svizra","//ru.wikipedia.org/wiki/%D0%90%D0%B4%D0%BC%D0%B8%D0%BD%D0%B8%D1%81%D1%82%D1%80%D0%B0%D1%82%D0%B8%D0%B2%D0%BD%D0%BE%D0%B5_%D0%B4%D0%B5%D0%BB%D0%B5%D0%BD%D0%B8%D0%B5_%D0%A8%D0%B2%D0%B5%D0%B9%D1%86%D0%B0%D1%80%D0%B8%D0%B8","//sq.wikipedia.org/wiki/Nj%C3%ABsit%C3%AB_administrative_t%C3%AB_Zvicr%C3%ABs","//simple.wikipedia.org/wiki/Cantons_of_Switzerland","//sk.wikipedia.org/wiki/Kant%C3%B3n_(%C5%A0vaj%C4%8Diarsko)","//sl.wikipedia.org/wiki/Kantoni_%C5%A0vice","//sr.wikipedia.org/wiki/%D0%90%D0%B4%D0%BC%D0%B8%D0%BD%D0%B8%D1%81%D1%82%D1%80%D0%B0%D1%82%D0%B8%D0%B2%D0%BD%D0%B0_%D0%BF%D0%BE%D0%B4%D0%B5%D0%BB%D0%B0_%D0%A8%D0%B2%D0%B0%D1%98%D1%86%D0%B0%D1%80%D1%81%D0%BA%D0%B5","//sh.wikipedia.org/wiki/Kantoni_%C5%A0vicarske","//fi.wikipedia.org/wiki/Kantoni","//sv.wikipedia.org/wiki/Schweiz_kantoner","//tr.wikipedia.org/wiki/%C4%B0svi%C3%A7re%27nin_kantonlar%C4%B1","//uk.wikipedia.org/wiki/%D0%90%D0%B4%D0%BC%D1%96%D0%BD%D1%96%D1%81%D1%82%D1%80%D0%B0%D1%82%D0%B8%D0%B2%D0%BD%D0%B8%D0%B9_%D0%BF%D0%BE%D0%B4%D1%96%D0%BB_%D0%A8%D0%B2%D0%B5%D0%B9%D1%86%D0%B0%D1%80%D1%96%D1%97","//vec.wikipedia.org/wiki/Cantoni_de_%C5%82a_Svisera","//vi.wikipedia.org/wiki/Bang_c%E1%BB%A7a_Th%E1%BB%A5y_S%C4%A9","//zh.wikipedia.org/wiki/%E7%91%9E%E5%A3%AB%E8%A1%8C%E6%94%BF%E5%8D%80%E5%8A%83","//www.wikidata.org/wiki/Special:ItemByTitle/enwiki/Cantons of Switzerland","//en.wikipedia.org/wiki/Wikipedia:Text_of_Creative_Commons_Attribution-ShareAlike_3.0_Unported_License","//creativecommons.org/licenses/by-sa/3.0/","//wikimediafoundation.org/wiki/Terms_of_Use","//www.wikimediafoundation.org/","//en.wikipedia.org/wiki/Wikipedia:Contact_us","//wikimediafoundation.org/wiki/Privacy_policy","/wiki/Wikipedia:About","/wiki/Wikipedia:General_disclaimer","http://en.m.wikipedia.org/wiki/Cantons_of_Switzerland","//wikimediafoundation.org/","//bits.wikimedia.org/images/wikimedia-button.png","//www.mediawiki.org/","//bits.wikimedia.org/static-1.21wmf11/skins/common/images/poweredby_mediawiki_88x31.png","//bits.wikimedia.org/en.wikipedia.org/load.php?debug=false&lang=en&modules=skins.vector&only=scripts&skin=vector&*","/w/index.php?title=MediaWiki:Gadget-ReferenceTooltips.js&action=raw&ctype=text/javascript&508635914","//bits.wikimedia.org/en.wikipedia.org/load.php?debug=false&lang=en&modules=site&only=scripts&skin=vector&*"],"instances":["switzerland","financial_aid","department","administrative_division","town","administrative_division"],"pdf":[],"categories":["Cantons of Switzerland|","Subdivisions of Switzerland","Lists of country subdivisions|Switzerland, Cantons of","Country subdivisions of Europe|Switzerland 1","First-level administrative country subdivisions|Cantons, Switzerland","Switzerland geography-related lists|Cantons"],"headings":["History","Constitution","Direct democracy","List","Half-cantons","Names in national languages","Admission of new cantons","See also","Notes","References","External links"],"image":["//upload.wikimedia.org/wikipedia/commons/thumb/f/f8/Suisse_cantons.svg/400px-Suisse_cantons.svg.png","//upload.wikimedia.org/wikipedia/commons/thumb/d/dd/Karte_13_Alte_Orte.png/360px-Karte_13_Alte_Orte.png","//bits.wikimedia.org/static-1.21wmf11/skins/common/images/magnify-clip.png","//upload.wikimedia.org/wikipedia/commons/thumb/5/5a/Wappen_Z%C3%BCrich_matt.svg/25px-Wappen_Z%C3%BCrich_matt.svg.png","//upload.wikimedia.org/wikipedia/commons/thumb/4/47/Wappen_Bern_matt.svg/25px-Wappen_Bern_matt.svg.png","//upload.wikimedia.org/wikipedia/commons/thumb/6/66/Wappen_Luzern_matt.svg/25px-Wappen_Luzern_matt.svg.png","//upload.wikimedia.org/wikipedia/commons/thumb/1/10/Wappen_Uri_matt.svg/25px-Wappen_Uri_matt.svg.png","//upload.wikimedia.org/wikipedia/commons/thumb/5/55/Wappen_des_Kantons_Schwyz.svg/25px-Wappen_des_Kantons_Schwyz.svg.png","//upload.wikimedia.org/wikipedia/commons/thumb/1/1a/Wappen_Obwalden_matt.svg/25px-Wappen_Obwalden_matt.svg.png","//upload.wikimedia.org/wikipedia/commons/thumb/b/bd/Wappen_Nidwalden_matt.svg/25px-Wappen_Nidwalden_matt.svg.png","//upload.wikimedia.org/wikipedia/commons/thumb/0/0e/Wappen_Glarus_matt.svg/25px-Wappen_Glarus_matt.svg.png","//upload.wikimedia.org/wikipedia/commons/thumb/3/31/Wappen_Zug_matt.svg/25px-Wappen_Zug_matt.svg.png","//upload.wikimedia.org/wikipedia/commons/thumb/0/01/Wappen_Freiburg_matt.svg/25px-Wappen_Freiburg_matt.svg.png","//upload.wikimedia.org/wikipedia/commons/thumb/b/b7/Wappen_Solothurn_matt.svg/25px-Wappen_Solothurn_matt.svg.png","//upload.wikimedia.org/wikipedia/commons/thumb/7/7d/Wappen_Basel-Stadt_matt.svg/25px-Wappen_Basel-Stadt_matt.svg.png","//upload.wikimedia.org/wikipedia/commons/thumb/8/8e/Coat_of_arms_of_Kanton_Basel-Landschaft.svg/25px-Coat_of_arms_of_Kanton_Basel-Landschaft.svg.png","//upload.wikimedia.org/wikipedia/commons/thumb/b/b6/Wappen_Schaffhausen_matt.svg/25px-Wappen_Schaffhausen_matt.svg.png","//upload.wikimedia.org/wikipedia/commons/thumb/2/2c/Wappen_Appenzell_Ausserrhoden_matt.svg/25px-Wappen_Appenzell_Ausserrhoden_matt.svg.png","//upload.wikimedia.org/wikipedia/commons/thumb/b/b7/Wappen_Appenzell_Innerrhoden_matt.svg/25px-Wappen_Appenzell_Innerrhoden_matt.svg.png","//upload.wikimedia.org/wikipedia/commons/thumb/c/c5/Coat_of_arms_of_canton_of_St._Gallen.svg/25px-Coat_of_arms_of_canton_of_St._Gallen.svg.png","//upload.wikimedia.org/wikipedia/commons/thumb/1/19/Wappen_Graub%C3%BCnden_matt.svg/25px-Wappen_Graub%C3%BCnden_matt.svg.png","//upload.wikimedia.org/wikipedia/commons/thumb/b/b5/Wappen_Aargau_matt.svg/25px-Wappen_Aargau_matt.svg.png","//upload.wikimedia.org/wikipedia/commons/thumb/7/71/Wappen_Thurgau_matt.svg/25px-Wappen_Thurgau_matt.svg.png","//upload.wikimedia.org/wikipedia/commons/thumb/8/87/Wappen_Tessin_matt.svg/25px-Wappen_Tessin_matt.svg.png","//upload.wikimedia.org/wikipedia/commons/thumb/1/1d/Wappen_Waadt_matt.svg/25px-Wappen_Waadt_matt.svg.png","//upload.wikimedia.org/wikipedia/commons/thumb/a/a3/Wappen_Wallis_matt.svg/25px-Wappen_Wallis_matt.svg.png","//upload.wikimedia.org/wikipedia/commons/thumb/d/d1/Wappen_Neuenburg_matt.svg/25px-Wappen_Neuenburg_matt.svg.png","//upload.wikimedia.org/wikipedia/commons/thumb/9/9d/Wappen_Genf_matt.svg/25px-Wappen_Genf_matt.svg.png","//upload.wikimedia.org/wikipedia/commons/thumb/f/f0/Wappen_Jura_matt.svg/25px-Wappen_Jura_matt.svg.png","//upload.wikimedia.org/wikipedia/commons/thumb/8/83/Coat_of_Arms_of_Switzerland.svg/25px-Coat_of_Arms_of_Switzerland.svg.png","//upload.wikimedia.org/wikipedia/commons/thumb/2/27/Karikatur_Teilung_Basels.jpg/220px-Karikatur_Teilung_Basels.jpg","//bits.wikimedia.org/static-1.21wmf11/skins/common/images/magnify-clip.png","//upload.wikimedia.org/wikipedia/commons/thumb/8/8a/Loudspeaker.svg/11px-Loudspeaker.svg.png","//upload.wikimedia.org/wikipedia/commons/thumb/8/8a/Loudspeaker.svg/11px-Loudspeaker.svg.png","//upload.wikimedia.org/wikipedia/commons/thumb/8/8a/Loudspeaker.svg/11px-Loudspeaker.svg.png","//upload.wikimedia.org/wikipedia/commons/thumb/8/8a/Loudspeaker.svg/11px-Loudspeaker.svg.png","//upload.wikimedia.org/wikipedia/commons/thumb/8/8a/Loudspeaker.svg/11px-Loudspeaker.svg.png","//upload.wikimedia.org/wikipedia/commons/thumb/8/8a/Loudspeaker.svg/11px-Loudspeaker.svg.png","//upload.wikimedia.org/wikipedia/commons/thumb/8/8a/Loudspeaker.svg/11px-Loudspeaker.svg.png","//upload.wikimedia.org/wikipedia/commons/thumb/8/8a/Loudspeaker.svg/11px-Loudspeaker.svg.png","//upload.wikimedia.org/wikipedia/commons/thumb/8/8a/Loudspeaker.svg/11px-Loudspeaker.svg.png","//upload.wikimedia.org/wikipedia/commons/thumb/8/8a/Loudspeaker.svg/11px-Loudspeaker.svg.png","//upload.wikimedia.org/wikipedia/commons/thumb/8/8a/Loudspeaker.svg/11px-Loudspeaker.svg.png","//upload.wikimedia.org/wikipedia/commons/thumb/8/8a/Loudspeaker.svg/11px-Loudspeaker.svg.png","//upload.wikimedia.org/wikipedia/commons/thumb/8/8a/Loudspeaker.svg/11px-Loudspeaker.svg.png","//upload.wikimedia.org/wikipedia/commons/thumb/8/8a/Loudspeaker.svg/11px-Loudspeaker.svg.png","//upload.wikimedia.org/wikipedia/commons/thumb/8/8a/Loudspeaker.svg/11px-Loudspeaker.svg.png","//upload.wikimedia.org/wikipedia/commons/thumb/8/8a/Loudspeaker.svg/11px-Loudspeaker.svg.png","//upload.wikimedia.org/wikipedia/commons/thumb/8/8a/Loudspeaker.svg/11px-Loudspeaker.svg.png","//upload.wikimedia.org/wikipedia/commons/thumb/8/8a/Loudspeaker.svg/11px-Loudspeaker.svg.png","//upload.wikimedia.org/wikipedia/commons/thumb/8/8a/Loudspeaker.svg/11px-Loudspeaker.svg.png","//upload.wikimedia.org/wikipedia/commons/thumb/8/8a/Loudspeaker.svg/11px-Loudspeaker.svg.png","//upload.wikimedia.org/wikipedia/commons/thumb/8/8a/Loudspeaker.svg/11px-Loudspeaker.svg.png","//upload.wikimedia.org/wikipedia/commons/thumb/8/8a/Loudspeaker.svg/11px-Loudspeaker.svg.png","//upload.wikimedia.org/wikipedia/commons/thumb/8/8a/Loudspeaker.svg/11px-Loudspeaker.svg.png","//upload.wikimedia.org/wikipedia/commons/thumb/8/8a/Loudspeaker.svg/11px-Loudspeaker.svg.png","//upload.wikimedia.org/wikipedia/commons/thumb/8/8a/Loudspeaker.svg/11px-Loudspeaker.svg.png","//upload.wikimedia.org/wikipedia/commons/thumb/8/8a/Loudspeaker.svg/11px-Loudspeaker.svg.png","//upload.wikimedia.org/wikipedia/en/thumb/4/4a/Commons-logo.svg/30px-Commons-logo.svg.png","//upload.wikimedia.org/wikipedia/commons/thumb/4/4c/Wikisource-logo.svg/38px-Wikisource-logo.svg.png","//upload.wikimedia.org/wikipedia/commons/thumb/5/5a/Wappen_Z%C3%BCrich_matt.svg/20px-Wappen_Z%C3%BCrich_matt.svg.png","//upload.wikimedia.org/wikipedia/commons/thumb/4/47/Wappen_Bern_matt.svg/20px-Wappen_Bern_matt.svg.png","//upload.wikimedia.org/wikipedia/commons/thumb/6/66/Wappen_Luzern_matt.svg/20px-Wappen_Luzern_matt.svg.png","//upload.wikimedia.org/wikipedia/commons/thumb/1/10/Wappen_Uri_matt.svg/20px-Wappen_Uri_matt.svg.png","//upload.wikimedia.org/wikipedia/commons/thumb/5/55/Wappen_des_Kantons_Schwyz.svg/20px-Wappen_des_Kantons_Schwyz.svg.png","//upload.wikimedia.org/wikipedia/commons/thumb/1/1a/Wappen_Obwalden_matt.svg/20px-Wappen_Obwalden_matt.svg.png","//upload.wikimedia.org/wikipedia/commons/thumb/b/bd/Wappen_Nidwalden_matt.svg/20px-Wappen_Nidwalden_matt.svg.png","//upload.wikimedia.org/wikipedia/commons/thumb/0/0e/Wappen_Glarus_matt.svg/20px-Wappen_Glarus_matt.svg.png","//upload.wikimedia.org/wikipedia/commons/thumb/3/31/Wappen_Zug_matt.svg/20px-Wappen_Zug_matt.svg.png","//upload.wikimedia.org/wikipedia/commons/thumb/0/01/Wappen_Freiburg_matt.svg/20px-Wappen_Freiburg_matt.svg.png","//upload.wikimedia.org/wikipedia/commons/thumb/b/b7/Wappen_Solothurn_matt.svg/20px-Wappen_Solothurn_matt.svg.png","//upload.wikimedia.org/wikipedia/commons/thumb/7/7d/Wappen_Basel-Stadt_matt.svg/20px-Wappen_Basel-Stadt_matt.svg.png","//upload.wikimedia.org/wikipedia/commons/thumb/3/33/Wappen_Basel-Landschaft_matt.svg/20px-Wappen_Basel-Landschaft_matt.svg.png","//upload.wikimedia.org/wikipedia/commons/thumb/b/b6/Wappen_Schaffhausen_matt.svg/20px-Wappen_Schaffhausen_matt.svg.png","//upload.wikimedia.org/wikipedia/commons/thumb/2/2c/Wappen_Appenzell_Ausserrhoden_matt.svg/20px-Wappen_Appenzell_Ausserrhoden_matt.svg.png","//upload.wikimedia.org/wikipedia/commons/thumb/b/b7/Wappen_Appenzell_Innerrhoden_matt.svg/20px-Wappen_Appenzell_Innerrhoden_matt.svg.png","//upload.wikimedia.org/wikipedia/commons/thumb/2/20/Wappen_St._Gallen_matt.svg/20px-Wappen_St._Gallen_matt.svg.png","//upload.wikimedia.org/wikipedia/commons/thumb/1/19/Wappen_Graub%C3%BCnden_matt.svg/20px-Wappen_Graub%C3%BCnden_matt.svg.png","//upload.wikimedia.org/wikipedia/commons/thumb/b/b5/Wappen_Aargau_matt.svg/20px-Wappen_Aargau_matt.svg.png","//upload.wikimedia.org/wikipedia/commons/thumb/7/71/Wappen_Thurgau_matt.svg/20px-Wappen_Thurgau_matt.svg.png","//upload.wikimedia.org/wikipedia/commons/thumb/8/87/Wappen_Tessin_matt.svg/20px-Wappen_Tessin_matt.svg.png","//upload.wikimedia.org/wikipedia/commons/thumb/1/1d/Wappen_Waadt_matt.svg/20px-Wappen_Waadt_matt.svg.png","//upload.wikimedia.org/wikipedia/commons/thumb/a/a3/Wappen_Wallis_matt.svg/20px-Wappen_Wallis_matt.svg.png","//upload.wikimedia.org/wikipedia/commons/thumb/d/d1/Wappen_Neuenburg_matt.svg/20px-Wappen_Neuenburg_matt.svg.png","//upload.wikimedia.org/wikipedia/commons/thumb/9/9d/Wappen_Genf_matt.svg/20px-Wappen_Genf_matt.svg.png","//upload.wikimedia.org/wikipedia/commons/thumb/f/f0/Wappen_Jura_matt.svg/20px-Wappen_Jura_matt.svg.png","//upload.wikimedia.org/wikipedia/commons/thumb/8/8c/Wappen_Unterwalden_alt.svg/20px-Wappen_Unterwalden_alt.svg.png","//upload.wikimedia.org/wikipedia/commons/thumb/7/7d/Wappen_Basel-Stadt_matt.svg/20px-Wappen_Basel-Stadt_matt.svg.png","//upload.wikimedia.org/wikipedia/commons/thumb/b/b7/Wappen_Appenzell_Innerrhoden_matt.svg/20px-Wappen_Appenzell_Innerrhoden_matt.svg.png","//upload.wikimedia.org/wikipedia/commons/thumb/f/ff/Snake-coat_of_arms.svg/20px-Snake-coat_of_arms.svg.png","//upload.wikimedia.org/wikipedia/commons/thumb/d/d0/Lugano-coat_of_arms.svg/20px-Lugano-coat_of_arms.svg.png","//upload.wikimedia.org/wikipedia/commons/thumb/f/f3/Flag_of_Switzerland.svg/20px-Flag_of_Switzerland.svg.png","//bits.wikimedia.org/static-1.21wmf11/skins/vector/images/search-ltr.png?303-4","//bits.wikimedia.org/images/wikimedia-button.png","//bits.wikimedia.org/static-1.21wmf11/skins/common/images/poweredby_mediawiki_88x31.png"],"tags":[["state","administrative_division"],["canton","administrative_division"],["welfare","financial_aid"],["appenzell","town"],["restoration","switzerland"],["simplon","department"]],"members":["restoration","welfare","simplon","canton","appenzell","state"],"related":["State_(administrative_division)","Federation","Switzerland","Canton_(administrative_division)","Sovereignty","Treaty_of_Westphalia","Canton_of_Jura","Canton_of_Bern","French_language","Cantonment","Old_Swiss_Confederacy","Holy_Roman_Empire","Battle_of_Dornach","Maximilian_I,_Holy_Roman_Emperor","Democracy","Republic","Oligarchy","Constitution","Legislature","Government","Court","Unicameralism","Parliament","List_of_legislative_and_executive_councils_of_the_Cantons_of_Switzerland","Swiss_Federal_Constitution","Health_care","Welfare_(financial_aid)","Public_education","Tax","Municipality","Direct_democracy","Appenzell_Innerrhoden","Canton_of_Glarus","History_of_Switzerland","Population_density_","Municipalities_of_Switzerland","Official_language","Canton_of_Zurich","Zurich","German_language","Canton_of_Bern","Bern","German_language","French_language","Canton_of_Lucerne","Lucerne","German_language","Canton_of_Uri","Waldsttte","Foundation_of_the_Old_Swiss_Confederacy","Altdorf,_Uri","German_language","Canton_of_Schwyz","Schwyz","German_language","Obwalden","Unterwalden","Sarnen","German_language","Nidwalden","Unterwalden","Stans","German_language","Canton_of_Glarus","Glarus","German_language","Canton_of_Zug","Zug","German_language","Canton_of_Fribourg","Fribourg","French_language","German_language","Canton_of_Solothurn","Solothurn","German_language","Basel-Stadt","Canton_of_Basel","Basel","German_language","Basel-Landschaft","Canton_of_Basel","Liestal","German_language","Canton_of_Schaffhausen","Schaffhausen","German_language","Appenzell_Ausserrhoden","Canton_of_Appenzell","Herisau","German_language","Appenzell_Innerrhoden","Appenzell_(town)","German_language","Canton_of_St._Gallen","Act_of_Mediation","Canton_of_Sntis","Canton_of_Linth","St._Gallen","German_language","Graubnden","Act_of_Mediation","Canton_of_Raetia","Three_Leagues","Chur","German_language","Romansh_language","Italian_language","Aargau","Aarau","German_language","Thurgau","Helvetic_Republic","Gemeine_Herrschaften","Frauenfeld","German_language","Ticino","Canton_of_Bellinzona","Canton_of_Lugano","Bellinzona","Italian_language","Vaud","Act_of_Mediation","Canton_of_Lman","Lausanne","French_language","Valais","Restoration_(Switzerland)","Simplon_(department)","Sion,_Switzerland","French_language","German_language","Canton_of_Neuchtel","Frederick_William_III_of_Prussia","Neuchtel_Crisis","Neuchtel","French_language","Canton_of_Geneva","Geneva","French_language","Canton_of_Jura","Jurassic_separatism","Delmont","French_language","Bern","German_language","French_language","Italian_language","Romansh_language","Vehicle_registration_plates_of_Switzerland","Switzerland","Swiss_Federal_Constitution","Canton_of_Jura","Swiss_Council_of_States","Abbey_of_Engelberg","Canton_of_Uri","Canton_of_Schwyz","Federal_Charter_of_1291","Appenzell","Reformation_in_Switzerland","Appenzell_Innerrhoden","Catholicism","Appenzell_Ausserrhoden","Protestantism","Basel","Basel-Landschaft","Basel-Stadt","Abbreviation","English_language","German_language","French_language","Italian_language","Romansh_language","Aargau","Appenzell_Innerrhoden","Appenzell_Ausserrhoden","Basel-Stadt","Basel-Landschaft","Canton_of_Bern","Canton_of_Fribourg","Canton_of_Geneva","Canton_of_Glarus","Graubnden","Canton_of_Jura","Canton_of_Lucerne","Canton_of_Neuchtel","Nidwalden","Obwalden","Canton_of_Schaffhausen","Canton_of_Schwyz","Canton_of_Solothurn","Canton_of_St._Gallen","Thurgau","Ticino","Canton_of_Uri","Valais","Vaud","Canton_of_Zug","Canton_of_Zurich","Vorarlberg","List_of_legislative_and_executive_councils_of_the_Cantons_of_Switzerland","List_of_cantons_of_Switzerland_by_elevation","Flags_of_Swiss_cantons","Cantonal_bank","Commercial_bank","Old_Swiss_Confederacy","Swiss_order_of_precedence","Herisau","Trogen","Frauenfeld","Weinfelden"]}