{"cursor":"13453","size":15,"audio":[],"currentlang":"en","article":"{{Infobox subdivision type\n| name= Ceremonial counties (England) alt_name= Geographical counties alt_name1=\n| alt_name2= alt_name3= alt_name4=\n\n| map= category= Lieutenancy areas territory= England upper_unit= Regions\n\n| start_date= start_date1= start_date2= start_date3= start_date4=\n| legislation_begin= legislation_begin1= legislation_begin2= legislation_begin3=\n| legislation_begin4= legislation_end= legislation_end1= legislation_end2=\n| legislation_end3= legislation_end4= end_date= end_date1= end_date2= end_date3=\n| end_date4= current_number= 48 number_date= 2009 type= type1= type2= type3=\n| type4= status= status1= status2= status3= status4= exofficio= exofficio1=\n| exofficio2= exofficio3= exofficio4= population_range=\n| 8,000–8,167,000 [Table 2 2011 Census: Usual resident population and\n| population density, local authorities in the United Kingdom UK Census 2011 UK\n| usual resident population Greater London excluding City of London], Accessed\n| 22 December 2012\n\n| area_range= 3–8,611 km² density_range= 62–4,806/km² government= government1=\n| government2= government3= government4= subdivision= subdivision1=\n| subdivision2= subdivision3= subdivision4=\n}} The 'ceremonial counties' of England is a collective name for areas to which\na Lord Lieutenant is appointed. Legally they are defined by the Lieutenancies\nAct 1997 as 'Counties and areas for the purposes of the lieutenancies in Great\nBritain' with reference to the areas used for local government.\n","linknr":573,"url":"Ceremonial_counties_of_England","recorded":1374862025,"links":["/w/index.php?title=Ceremonial_counties_of_England&action=edit","/w/index.php?title=Ceremonial_counties_of_England&action=edit","//bits.wikimedia.org/favicon/wikipedia.ico","/w/opensearch_desc.php","//en.wikipedia.org/w/api.php?action=rsd","//creativecommons.org/licenses/by-sa/3.0/","/w/index.php?title=Special:RecentChanges&feed=atom","//bits.wikimedia.org/en.wikipedia.org/load.php?debug=false&lang=en&modules=ext.gadget.DRN-wizard%2CReferenceTooltips%2Ccharinsert%2Cteahouse%7Cext.rtlcite%2Cwikihiero%7Cext.uls.nojs%7Cmediawiki.legacy.commonPrint%2Cshared%7Cmw.PopUpMediaTransform%7Cskins.vector&only=styles&skin=vector&*","//bits.wikimedia.org/en.wikipedia.org/load.php?debug=false&lang=en&modules=site&only=styles&skin=vector&*","//bits.wikimedia.org/en.wikipedia.org/load.php?debug=false&lang=en&modules=startup&only=scripts&skin=vector&*","//bits.wikimedia.org/geoiplookup","//meta.wikimedia.org","#mw-navigation","#p-search","/wiki/File:English_ceremonial_counties_1998.svg","//upload.wikimedia.org/wikipedia/commons/thumb/1/14/English_ceremonial_counties_1998.svg/200px-English_ceremonial_counties_1998.svg.png","/wiki/Lieutenancy_area","/wiki/England","/wiki/Regions_of_England","#cite_note-1","/wiki/England","/wiki/Lord_Lieutenant","/wiki/Lieutenancies_Act_1997","/wiki/Metropolitan_and_non-metropolitan_counties_of_England","#History","#Definition","#Lieutenancy_areas_in_1890","#See_also","#References","#External_links","/w/index.php?title=Ceremonial_counties_of_England&action=edit&section=1","/wiki/File:English_geographical_counties_1889_with_ridings.svg","//upload.wikimedia.org/wikipedia/commons/thumb/3/3c/English_geographical_counties_1889_with_ridings.svg/220px-English_geographical_counties_1889_with_ridings.svg.png","/wiki/File:English_geographical_counties_1889_with_ridings.svg","//bits.wikimedia.org/static-1.22wmf8/skins/common/images/magnify-clip.png","/wiki/Greater_London","/wiki/County_corporate","/wiki/County_corporate","/wiki/Yorkshire","/wiki/Local_Government_Act_1888","/wiki/County_council","/wiki/Quarter_Sessions","/wiki/Administrative_counties","#cite_note-2","/wiki/County_borough","/wiki/Soke_of_Peterborough","/wiki/Northamptonshire","/wiki/Isle_of_Ely","/wiki/Cambridgeshire","/wiki/County_of_London","/wiki/Middlesex","/wiki/Kent","/wiki/Surrey","/wiki/Urban_sanitary_district","/wiki/Urban_district_(Great_Britain_and_Ireland)","/wiki/Municipal_borough","/wiki/East_Suffolk","/wiki/West_Suffolk","/wiki/County_borough_of_Ipswich","/wiki/Suffolk","/wiki/Isle_of_Wight","/wiki/Hampshire","/wiki/Ordnance_Survey","/wiki/Caversham,_Berkshire","/wiki/Oxfordshire","/wiki/Reading,_Berkshire","/wiki/Berkshire","/wiki/Greater_London","/wiki/Huntingdon_and_Peterborough","/wiki/Lord_Lieutenant_of_Middlesex","/wiki/Lord_Lieutenant_of_the_County_of_London","/wiki/Lord_Lieutenant_of_Huntingdonshire","/wiki/Lord_Lieutenant_of_Greater_London","/wiki/Lord_Lieutenant_of_Huntingdon_and_Peterborough","/wiki/File:English_counties_1974.svg","//upload.wikimedia.org/wikipedia/commons/thumb/d/dc/English_counties_1974.svg/220px-English_counties_1974.svg.png","/wiki/File:English_counties_1974.svg","//bits.wikimedia.org/static-1.22wmf8/skins/common/images/magnify-clip.png","/wiki/Metropolitan_and_non-metropolitan_counties_of_England","/wiki/County_of_Avon","/wiki/Cleveland,_England","/wiki/Hereford_and_Worcester","/wiki/Humberside","/wiki/British_House_of_Commons","#cite_note-3","/wiki/Gloucestershire","/wiki/Somerset","/wiki/Bristol","/wiki/Cleveland,_England","/wiki/North_Yorkshire","/wiki/County_Durham","/wiki/Hereford_and_Worcester","/wiki/Herefordshire","/wiki/Worcestershire","/wiki/Humberside","/wiki/Lincolnshire","/wiki/East_Riding_of_Yorkshire","/wiki/Rutland","/wiki/Association_of_British_Counties","/w/index.php?title=Ceremonial_counties_of_England&action=edit&section=2","/wiki/Lieutenancies_Act_1997","/wiki/Lord_Lieutenant","/wiki/Local_Government_Act_1972","#cite_note-sched_1-4","#cite_note-amend_1-5","#cite_note-amend_2-6","//upload.wikimedia.org/wikipedia/commons/thumb/1/14/English_ceremonial_counties_1998.svg/460px-English_ceremonial_counties_1998.svg.png","/wiki/File:English_ceremonial_counties_1998.svg","//upload.wikimedia.org/wikipedia/commons/thumb/1/18/Circle-information.svg/20px-Circle-information.svg.png","/wiki/Northumberland","/wiki/County_Durham","/wiki/Lancashire","/wiki/Cheshire","/wiki/Derbyshire","/wiki/Nottinghamshire","/wiki/Lincolnshire","/wiki/Leicestershire","/wiki/Staffordshire","/wiki/Shropshire","/wiki/Warwickshire","/wiki/Northamptonshire","/wiki/Norfolk","/wiki/Suffolk","/wiki/Essex","/wiki/Hertfordshire","/wiki/Bedfordshire","/wiki/Buckinghamshire","/wiki/Oxfordshire","/wiki/Gloucestershire","/wiki/Somerset","/wiki/Wiltshire","/wiki/Berkshire","/wiki/Kent","/wiki/Surrey","/wiki/Hampshire","/wiki/Dorset","/wiki/Devon","/wiki/Cornwall","/wiki/Herefordshire","/wiki/Worcestershire","/wiki/Bristol","/wiki/East_Riding_of_Yorkshire","/wiki/Rutland","/wiki/Cambridgeshire","/wiki/Greater_London","/wiki/City_of_London","/wiki/Tyne_and_Wear","/wiki/Cumbria","/wiki/North_Yorkshire","/wiki/South_Yorkshire","/wiki/West_Yorkshire","/wiki/Greater_Manchester","/wiki/Merseyside","/wiki/East_Sussex","/wiki/West_Sussex","/wiki/Isle_of_Wight","/wiki/West_Midlands_(county)","//upload.wikimedia.org/wikipedia/commons/thumb/0/06/Flag_of_Bedfordshire.svg/22px-Flag_of_Bedfordshire.svg.png","/wiki/Bedfordshire","//upload.wikimedia.org/wikipedia/en/thumb/1/10/Berkshire_flag.svg/22px-Berkshire_flag.svg.png","/wiki/Berkshire","//upload.wikimedia.org/wikipedia/commons/thumb/d/dc/Flag_placeholder.svg/22px-Flag_placeholder.svg.png","/wiki/Bristol","#cite_note-7","//upload.wikimedia.org/wikipedia/commons/thumb/d/dc/County_Flag_of_Buckinghamshire.svg/22px-County_Flag_of_Buckinghamshire.svg.png","/wiki/Buckinghamshire","/wiki/Milton_Keynes","//upload.wikimedia.org/wikipedia/commons/thumb/1/1c/Flag_of_Cambridgeshire.svg/22px-Flag_of_Cambridgeshire.svg.png","/wiki/Cambridgeshire","/wiki/Peterborough","//upload.wikimedia.org/wikipedia/commons/thumb/9/93/Cheshire_Flag.svg/22px-Cheshire_Flag.svg.png","/wiki/Cheshire","/wiki/Cheshire_East","/wiki/Cheshire_West_and_Chester","/wiki/Halton_(borough)","/wiki/Warrington,_England","//upload.wikimedia.org/wikipedia/commons/thumb/c/c7/Flag_of_the_City_of_London.svg/22px-Flag_of_the_City_of_London.svg.png","/wiki/City_of_London","#cite_note-8","//upload.wikimedia.org/wikipedia/commons/thumb/b/b8/Flag_of_Cornwall.svg/22px-Flag_of_Cornwall.svg.png","/wiki/Cornwall","/wiki/Isles_of_Scilly","//upload.wikimedia.org/wikipedia/commons/thumb/8/86/County_Flag_of_Cumbria.png/22px-County_Flag_of_Cumbria.png","/wiki/Cumbria","//upload.wikimedia.org/wikipedia/commons/thumb/2/2b/Derbyshire_flag.svg/22px-Derbyshire_flag.svg.png","/wiki/Derbyshire","/wiki/Derby","//upload.wikimedia.org/wikipedia/commons/thumb/a/a8/Flag_of_Devon.svg/22px-Flag_of_Devon.svg.png","/wiki/Devon","/wiki/Plymouth","/wiki/Torbay","//upload.wikimedia.org/wikipedia/commons/thumb/d/df/Flag_of_Dorset.svg/22px-Flag_of_Dorset.svg.png","/wiki/Dorset","/wiki/Bournemouth","/wiki/Poole","//upload.wikimedia.org/wikipedia/commons/thumb/b/b9/Flag_of_County_Durham.svg/22px-Flag_of_County_Durham.svg.png","/wiki/County_Durham","/wiki/Darlington_(borough)","/wiki/Hartlepool_(borough)","/wiki/Stockton-on-Tees_(borough)","/wiki/River_Tees","//upload.wikimedia.org/wikipedia/commons/thumb/0/0d/Yorkshire_-_East_Riding_flag.jpg/22px-Yorkshire_-_East_Riding_flag.jpg","/wiki/East_Riding_of_Yorkshire","/wiki/Kingston-upon-Hull","//upload.wikimedia.org/wikipedia/commons/thumb/9/92/County_Flag_of_East_Sussex.png/22px-County_Flag_of_East_Sussex.png","/wiki/East_Sussex","/wiki/Brighton_and_Hove","//upload.wikimedia.org/wikipedia/commons/thumb/d/d2/Flag_of_Essex.svg/22px-Flag_of_Essex.svg.png","/wiki/Essex","/wiki/Southend-on-Sea","/wiki/Thurrock","//upload.wikimedia.org/wikipedia/commons/thumb/3/3d/Severn_Cross.svg/22px-Severn_Cross.svg.png","/wiki/Gloucestershire","/wiki/South_Gloucestershire","//upload.wikimedia.org/wikipedia/commons/thumb/7/72/Arms_of_the_Greater_London_Council.svg/16px-Arms_of_the_Greater_London_Council.svg.png","/wiki/Greater_London","/wiki/City_of_London","//upload.wikimedia.org/wikipedia/commons/thumb/e/e9/County_Flag_of_Greater_Manchester.svg/22px-County_Flag_of_Greater_Manchester.svg.png","/wiki/Greater_Manchester","//upload.wikimedia.org/wikipedia/commons/thumb/e/e9/Flag_of_Hampshire.svg/22px-Flag_of_Hampshire.svg.png","/wiki/Hampshire","/wiki/Portsmouth","/wiki/Southampton","//upload.wikimedia.org/wikipedia/commons/thumb/9/9b/County_Flag_of_Herefordshire.png/22px-County_Flag_of_Herefordshire.png","/wiki/Herefordshire","//upload.wikimedia.org/wikipedia/commons/thumb/2/2a/FlagOfHertfordshire.PNG/22px-FlagOfHertfordshire.PNG","/wiki/Hertfordshire","//upload.wikimedia.org/wikipedia/commons/thumb/7/75/Flag_of_the_Isle_of_Wight.svg/22px-Flag_of_the_Isle_of_Wight.svg.png","/wiki/Isle_of_Wight","//upload.wikimedia.org/wikipedia/commons/thumb/4/4b/Flag_of_Kent.svg/22px-Flag_of_Kent.svg.png","/wiki/Kent","/wiki/Medway","//upload.wikimedia.org/wikipedia/commons/thumb/2/27/FlagOfLancashire.PNG/22px-FlagOfLancashire.PNG","/wiki/Lancashire","/wiki/Blackburn_with_Darwen","/wiki/Blackpool","//upload.wikimedia.org/wikipedia/commons/thumb/2/22/County_flag_of_Leicestershire.svg/22px-County_flag_of_Leicestershire.svg.png","/wiki/Leicestershire","/wiki/Leicester","//upload.wikimedia.org/wikipedia/commons/thumb/c/c8/Flag_of_Lincolnshire.svg/22px-Flag_of_Lincolnshire.svg.png","/wiki/Lincolnshire","/wiki/North_Lincolnshire","/wiki/North_East_Lincolnshire","//upload.wikimedia.org/wikipedia/commons/thumb/4/41/County_Flag_of_Merseyside.svg/22px-County_Flag_of_Merseyside.svg.png","/wiki/Merseyside","//upload.wikimedia.org/wikipedia/commons/thumb/0/09/County_Flag_of_Norfolk.svg/22px-County_Flag_of_Norfolk.svg.png","/wiki/Norfolk","//upload.wikimedia.org/wikipedia/commons/thumb/3/3e/Unofficial_county_flag_of_North_Yorkshire.svg/22px-Unofficial_county_flag_of_North_Yorkshire.svg.png","/wiki/North_Yorkshire","/wiki/Middlesbrough_(borough)","/wiki/Redcar_and_Cleveland","/wiki/York","/wiki/Stockton-on-Tees_(borough)","/wiki/River_Tees","//upload.wikimedia.org/wikipedia/commons/thumb/c/ce/County_Flag_of_Northamptonshire.png/22px-County_Flag_of_Northamptonshire.png","/wiki/Northamptonshire","//upload.wikimedia.org/wikipedia/commons/thumb/6/61/Flag_of_Northumberland.svg/22px-Flag_of_Northumberland.svg.png","/wiki/Northumberland","//upload.wikimedia.org/wikipedia/commons/thumb/0/0c/County_Flag_of_Nottinghamshire.svg/22px-County_Flag_of_Nottinghamshire.svg.png","/wiki/Nottinghamshire","/wiki/Nottingham","//upload.wikimedia.org/wikipedia/commons/thumb/6/63/County_Flag_of_Oxfordshire.svg/22px-County_Flag_of_Oxfordshire.svg.png","/wiki/Oxfordshire","//upload.wikimedia.org/wikipedia/commons/thumb/6/62/Flag_of_Rutland.svg/22px-Flag_of_Rutland.svg.png","/wiki/Rutland","//upload.wikimedia.org/wikipedia/commons/thumb/b/bb/Flag_of_Shropshire.svg/22px-Flag_of_Shropshire.svg.png","/wiki/Shropshire","/wiki/Telford_and_Wrekin","//upload.wikimedia.org/wikipedia/commons/thumb/6/6d/Somnew.png/22px-Somnew.png","/wiki/Somerset","/wiki/Bath_and_North_East_Somerset","/wiki/North_Somerset","//upload.wikimedia.org/wikipedia/commons/thumb/1/19/County_Flag_of_South_Yorkshire.png/22px-County_Flag_of_South_Yorkshire.png","/wiki/South_Yorkshire","//upload.wikimedia.org/wikipedia/commons/thumb/3/3d/County_Flag_of_Staffordshire.png/22px-County_Flag_of_Staffordshire.png","/wiki/Staffordshire","/wiki/Stoke-on-Trent","//upload.wikimedia.org/wikipedia/en/thumb/f/f0/SuffolkSaintEdmunds.jpg/22px-SuffolkSaintEdmunds.jpg","/wiki/Suffolk","//upload.wikimedia.org/wikipedia/commons/thumb/a/a7/Surreyflag.gif/22px-Surreyflag.gif","/wiki/Surrey","//upload.wikimedia.org/wikipedia/commons/thumb/a/a6/County_Flag_of_Tyne_%26_Wear.png/22px-County_Flag_of_Tyne_%26_Wear.png","/wiki/Tyne_and_Wear","//upload.wikimedia.org/wikipedia/commons/thumb/3/36/County_Flag_of_Warwickshire.svg/22px-County_Flag_of_Warwickshire.svg.png","/wiki/Warwickshire","//upload.wikimedia.org/wikipedia/commons/thumb/1/17/Flag_of_the_West_Midlands_County.svg/22px-Flag_of_the_West_Midlands_County.svg.png","/wiki/West_Midlands_(County)","//upload.wikimedia.org/wikipedia/commons/thumb/8/85/County_Flag_of_West_Sussex.png/22px-County_Flag_of_West_Sussex.png","/wiki/West_Sussex","//upload.wikimedia.org/wikipedia/commons/thumb/c/ca/Flag_of_West_Yorkshire.svg/22px-Flag_of_West_Yorkshire.svg.png","/wiki/West_Yorkshire","//upload.wikimedia.org/wikipedia/commons/thumb/8/81/County_Flag_of_Wiltshire.svg/22px-County_Flag_of_Wiltshire.svg.png","/wiki/Wiltshire","/wiki/Swindon_(borough)","//upload.wikimedia.org/wikipedia/commons/thumb/5/54/Flag_of_Worcestershire.svg/22px-Flag_of_Worcestershire.svg.png","/wiki/Worcestershire","/w/index.php?title=Ceremonial_counties_of_England&action=edit&section=3","//upload.wikimedia.org/wikipedia/commons/thumb/3/3c/English_geographical_counties_1889_with_ridings.svg/460px-English_geographical_counties_1889_with_ridings.svg.png","/wiki/File:English_geographical_counties_1889_with_ridings.svg","//upload.wikimedia.org/wikipedia/commons/thumb/1/18/Circle-information.svg/20px-Circle-information.svg.png","/wiki/Northumberland","/wiki/County_Durham","/wiki/Lancashire","/wiki/Cheshire","/wiki/Derbyshire","/wiki/Nottinghamshire","/wiki/Lincolnshire","/wiki/Leicestershire","/wiki/Staffordshire","/wiki/Shropshire","/wiki/Warwickshire","/wiki/Northamptonshire","/wiki/Norfolk","/wiki/Suffolk","/wiki/Essex","/wiki/Hertfordshire","/wiki/Bedfordshire","/wiki/Buckinghamshire","/wiki/Oxfordshire","/wiki/Gloucestershire","/wiki/Somerset","/wiki/Wiltshire","/wiki/Berkshire","/wiki/Kent","/wiki/Surrey","/wiki/Hampshire","/wiki/Dorset","/wiki/Devon","/wiki/Cornwall","/wiki/Herefordshire","/wiki/Worcestershire","/wiki/Rutland","/wiki/Cambridgeshire","/wiki/Huntingdonshire","/wiki/County_of_London","/wiki/Middlesex","/wiki/City_of_London","/wiki/Cumberland","/wiki/Westmorland","/wiki/Sussex","/wiki/Yorkshire","/wiki/East_Riding_of_Yorkshire","/wiki/North_Riding_of_Yorkshire","/wiki/West_Riding_of_Yorkshire","/wiki/Bedfordshire","/wiki/Berkshire","/wiki/Buckinghamshire","/wiki/Cambridgeshire","/wiki/Isle_of_Ely","/wiki/Cheshire","/wiki/Chester","/wiki/Cornwall","/wiki/Cumberland","/wiki/Derbyshire","/wiki/Devon","/wiki/Exeter","/wiki/Dorset","/wiki/Poole","/wiki/County_Durham","/wiki/Essex","/wiki/Gloucestershire","/wiki/Gloucester","/wiki/Bristol","/wiki/Hampshire","/wiki/Southampton","/wiki/Herefordshire","/wiki/Hertfordshire","/wiki/Huntingdonshire","/wiki/Kent","/wiki/Canterbury","/wiki/Lancashire","/wiki/Leicestershire","/wiki/Lincolnshire","/wiki/Lincoln,_Lincolnshire","/wiki/City_of_London","/wiki/County_of_London","/wiki/Middlesex","/wiki/Norfolk","/wiki/Norwich","/wiki/Northamptonshire","/wiki/Soke_of_Peterborough","/wiki/Northumberland","/wiki/Berwick-upon-Tweed","/wiki/Newcastle_upon_Tyne","/wiki/Nottinghamshire","/wiki/Nottingham","/wiki/Oxfordshire","/wiki/Rutland","/wiki/Shropshire","/wiki/Somerset","/wiki/Staffordshire","/wiki/Lichfield","/wiki/Suffolk","/wiki/Sussex","/wiki/Warwickshire","/wiki/Westmorland","/wiki/Wiltshire","/wiki/Worcestershire","/wiki/Worcester","/wiki/Yorkshire","/wiki/East_Riding_of_Yorkshire","/wiki/Kingston_upon_Hull","/wiki/North_Riding_of_Yorkshire","/wiki/West_Riding_of_Yorkshire","/wiki/York","/w/index.php?title=Ceremonial_counties_of_England&action=edit&section=4","/wiki/Historic_counties_of_England","/wiki/Lieutenancy_areas_of_Scotland","/wiki/List_of_articles_about_local_government_in_the_United_Kingdom","/wiki/Nomenclature_of_Territorial_Units_for_Statistics","/wiki/Preserved_counties_of_Wales","/w/index.php?title=Ceremonial_counties_of_England&action=edit&section=5","#cite_ref-1","#cite_ref-2","http://www.legislation.gov.uk/ukpga/1888/41/pdfs/ukpga_18880041_en.pdf","#cite_ref-3","http://www.parliament.the-stationery-office.co.uk/pa/cm199596/cmhansrd/vo960229/text/60229w08.htm","#cite_ref-sched_1_4-0","http://www.legislation.gov.uk/ukpga/1997/23/schedule/1","/wiki/UK_Statute_Law_Database","#cite_ref-amend_1_5-0","http://www.legislation.gov.uk/uksi/1997/1992/contents/made","/wiki/UK_Statute_Law_Database","#cite_ref-amend_2_6-0","http://www.legislation.gov.uk/uksi/2009/837/contents/made","/wiki/UK_Statute_Law_Database","#cite_ref-7","http://www.legislation.gov.uk/uksi/1995/493/contents/made","/wiki/UK_Statute_Law_Database","#cite_ref-8","http://www.opsi.gov.uk/acts/acts1997/ukpga_19970023_en_2","/w/index.php?title=Ceremonial_counties_of_England&action=edit&section=6","http://www.legislation.gov.uk/ukpga/1997/23","/wiki/UK_Statute_Law_Database","/wiki/Template:Administrative_geography_of_the_United_Kingdom","/wiki/Template_talk:Administrative_geography_of_the_United_Kingdom","//en.wikipedia.org/w/index.php?title=Template:Administrative_geography_of_the_United_Kingdom&action=edit","/wiki/Administrative_geography_of_the_United_Kingdom","/wiki/Local_government_in_the_United_Kingdom","/wiki/History_of_local_government_in_the_United_Kingdom","/wiki/List_of_shrievalties","/wiki/Lieutenancy_area","/wiki/Counties_of_the_United_Kingdom","/wiki/List_of_counties_of_the_United_Kingdom","/wiki/Local_government_in_England","/wiki/History_of_local_government_in_England","/wiki/Subdivisions_of_England","/wiki/Regions_of_England","/wiki/Combined_authority","/wiki/Metropolitan_and_non-metropolitan_counties_of_England","/wiki/Unitary_authorities_of_England","/wiki/Districts_of_England","/wiki/List_of_English_districts","/wiki/Civil_parishes_in_England","/wiki/List_of_civil_parishes_in_England","/wiki/Local_government_in_Northern_Ireland","/wiki/Local_government_in_Northern_Ireland#History","/wiki/Counties_of_Northern_Ireland","/wiki/Districts_of_Northern_Ireland","/wiki/Local_government_in_Scotland","/wiki/History_of_local_government_in_Scotland","/wiki/Subdivisions_of_Scotland","/wiki/Sheriffdom","/wiki/Lieutenancy_areas_of_Scotland","/wiki/Council_areas_of_Scotland","/wiki/List_of_community_council_areas_in_Scotland","/wiki/Local_government_in_Wales","/wiki/History_of_local_government_in_Wales","/wiki/Preserved_counties_of_Wales","/wiki/Local_government_in_Wales","/wiki/Community_(Wales)","/wiki/List_of_communities_in_Wales","/wiki/Template:Subdivisions_of_England","/wiki/Template_talk:Subdivisions_of_England","//en.wikipedia.org/w/index.php?title=Template:Subdivisions_of_England&action=edit","/wiki/England","//upload.wikimedia.org/wikipedia/en/thumb/b/be/Flag_of_England.svg/23px-Flag_of_England.svg.png","/wiki/Subdivisions_of_England","/wiki/Regions_of_England","/wiki/Greater_London","/wiki/NUTS_1_statistical_regions_of_England","/wiki/Counties_of_England","/wiki/Metropolitan_county","/wiki/Non-metropolitan_county","/wiki/Districts_of_England","/wiki/Metropolitan_borough","/wiki/Non-metropolitan_district","/wiki/London_borough","/wiki/City_of_London","/wiki/Unitary_authorities_of_England","/wiki/Isles_of_Scilly","/wiki/Civil_parishes_in_England","http://en.wikipedia.org/w/index.php?title=Ceremonial_counties_of_England&oldid=561955002","/wiki/Help:Categories","/wiki/Category:England-related_lists","/wiki/Category:Ceremonial_counties","/wiki/Category:Counties_of_England","/w/index.php?title=Special:UserLogin&returnto=Ceremonial+counties+of+England&type=signup","/w/index.php?title=Special:UserLogin&returnto=Ceremonial+counties+of+England","/wiki/Ceremonial_counties_of_England","/wiki/Talk:Ceremonial_counties_of_England","#","/wiki/Ceremonial_counties_of_England","/w/index.php?title=Ceremonial_counties_of_England&action=edit","/w/index.php?title=Ceremonial_counties_of_England&action=history","#","/w/index.php","//bits.wikimedia.org/static-1.22wmf9/skins/vector/images/search-ltr.png?303-4","/wiki/Main_Page","/wiki/Main_Page","/wiki/Portal:Contents","/wiki/Portal:Featured_content","/wiki/Portal:Current_events","/wiki/Special:Random","//donate.wikimedia.org/wiki/Special:FundraiserRedirector?utm_source=donate&utm_medium=sidebar&utm_campaign=C13_en.wikipedia.org&uselang=en","/wiki/Help:Contents","/wiki/Wikipedia:About","/wiki/Wikipedia:Community_portal","/wiki/Special:RecentChanges","//en.wikipedia.org/wiki/Wikipedia:Contact_us","/wiki/Special:WhatLinksHere/Ceremonial_counties_of_England","/wiki/Special:RecentChangesLinked/Ceremonial_counties_of_England","/wiki/Wikipedia:File_Upload_Wizard","/wiki/Special:SpecialPages","/w/index.php?title=Ceremonial_counties_of_England&oldid=561955002","/w/index.php?title=Ceremonial_counties_of_England&action=info","//www.wikidata.org/wiki/Q180673","/w/index.php?title=Special:Cite&page=Ceremonial_counties_of_England&id=561955002","/w/index.php?title=Special:Book&bookcmd=book_creator&referer=Ceremonial+counties+of+England","/w/index.php?title=Special:Book&bookcmd=render_article&arttitle=Ceremonial+counties+of+England&oldid=561955002&writer=rl","/w/index.php?title=Ceremonial_counties_of_England&printable=yes","//an.wikipedia.org/wiki/Condatos_d%27Anglaterra","//zh-min-nan.wikipedia.org/wiki/Ti%C3%A1n-l%C3%A9_k%C5%ABn","//bg.wikipedia.org/wiki/%D0%A6%D0%B5%D1%80%D0%B5%D0%BC%D0%BE%D0%BD%D0%B8%D0%B0%D0%BB%D0%BD%D0%BE_%D0%B3%D1%80%D0%B0%D1%84%D1%81%D1%82%D0%B2%D0%BE","//ca.wikipedia.org/wiki/Llista_de_comtats_cerimonials_d%27Anglaterra","//cs.wikipedia.org/wiki/Anglick%C3%A1_ceremoni%C3%A1ln%C3%AD_hrabstv%C3%AD","//cy.wikipedia.org/wiki/Swyddi_seremon%C3%AFol_Lloegr","//da.wikipedia.org/wiki/Ceremonielle_grevskaber_i_England","//de.wikipedia.org/wiki/Zeremonielle_Grafschaften_Englands","//et.wikipedia.org/wiki/Tseremoniaalkrahvkond","//es.wikipedia.org/wiki/Anexo:Condados_ceremoniales_de_Inglaterra","//fr.wikipedia.org/wiki/Comt%C3%A9s_c%C3%A9r%C3%A9moniaux_d%27Angleterre","//id.wikipedia.org/wiki/Provinsi_di_Inggris","//lt.wikipedia.org/wiki/Anglijos_grafyst%C4%97s","//mk.wikipedia.org/wiki/%D0%A6%D0%B5%D1%80%D0%B5%D0%BC%D0%BE%D0%BD%D0%B8%D1%98%D0%B0%D0%BB%D0%BD%D0%B8_%D0%B3%D1%80%D0%BE%D1%84%D0%BE%D0%B2%D0%B8%D0%B8_%D0%B2%D0%BE_%D0%90%D0%BD%D0%B3%D0%BB%D0%B8%D1%98%D0%B0","//nl.wikipedia.org/wiki/Ceremoni%C3%ABle_graafschappen_van_Engeland","//ja.wikipedia.org/wiki/%E3%82%A4%E3%83%B3%E3%82%B0%E3%83%A9%E3%83%B3%E3%83%89%E3%81%AE%E5%85%B8%E7%A4%BC%E3%82%AB%E3%82%A6%E3%83%B3%E3%83%86%E3%82%A3","//no.wikipedia.org/wiki/Seremonielt_grevskap_(England)","//nn.wikipedia.org/wiki/Seremonielle_grevskap_i_England","//pl.wikipedia.org/wiki/Hrabstwo_ceremonialne","//pt.wikipedia.org/wiki/Condados_cerimoniais_da_Inglaterra","//ro.wikipedia.org/wiki/Comitatele_ceremoniale_ale_Angliei","//simple.wikipedia.org/wiki/Ceremonial_counties_of_England","//sk.wikipedia.org/wiki/Ceremoni%C3%A1lne_gr%C3%B3fstvo","//sv.wikipedia.org/wiki/Englands_ceremoniella_grevskap","//th.wikipedia.org/wiki/%E0%B9%80%E0%B8%97%E0%B8%A8%E0%B8%A1%E0%B8%93%E0%B8%91%E0%B8%A5%E0%B8%9E%E0%B8%B4%E0%B8%98%E0%B8%B5%E0%B8%82%E0%B8%AD%E0%B8%87%E0%B8%AD%E0%B8%B1%E0%B8%87%E0%B8%81%E0%B8%A4%E0%B8%A9","//zh.wikipedia.org/wiki/%E8%8B%B1%E6%A0%BC%E8%98%AD%E7%9A%84%E5%90%8D%E8%AD%BD%E9%83%A1","#","//www.wikidata.org/wiki/Q180673#sitelinks-wikipedia","//en.wikipedia.org/wiki/Wikipedia:Text_of_Creative_Commons_Attribution-ShareAlike_3.0_Unported_License","//creativecommons.org/licenses/by-sa/3.0/","//wikimediafoundation.org/wiki/Terms_of_Use","//wikimediafoundation.org/wiki/Privacy_policy","//www.wikimediafoundation.org/","//wikimediafoundation.org/wiki/Privacy_policy","/wiki/Wikipedia:About","/wiki/Wikipedia:General_disclaimer","//en.wikipedia.org/wiki/Wikipedia:Contact_us","//en.m.wikipedia.org/wiki/Ceremonial_counties_of_England","//wikimediafoundation.org/","//bits.wikimedia.org/images/wikimedia-button.png","//www.mediawiki.org/","//bits.wikimedia.org/static-1.22wmf9/skins/common/images/poweredby_mediawiki_88x31.png","//bits.wikimedia.org/en.wikipedia.org/load.php?debug=false&lang=en&modules=site&only=scripts&skin=vector&*"],"instances":["borough","borough","borough","great_britain_and_ireland","borough","borough","borough"],"pdf":["http://www.legislation.gov.uk/ukpga/1888/41/pdfs/ukpga_18880041_en.pdf"],"categories":["England-related lists","Ceremonial counties","Counties of England"],"headings":["History","Definition","Lieutenancy areas in 1890","See also","References","External links"],"image":["//upload.wikimedia.org/wikipedia/commons/thumb/1/14/English_ceremonial_counties_1998.svg/200px-English_ceremonial_counties_1998.svg.png","//upload.wikimedia.org/wikipedia/commons/thumb/3/3c/English_geographical_counties_1889_with_ridings.svg/220px-English_geographical_counties_1889_with_ridings.svg.png","//bits.wikimedia.org/static-1.22wmf8/skins/common/images/magnify-clip.png","//upload.wikimedia.org/wikipedia/commons/thumb/d/dc/English_counties_1974.svg/220px-English_counties_1974.svg.png","//bits.wikimedia.org/static-1.22wmf8/skins/common/images/magnify-clip.png","//upload.wikimedia.org/wikipedia/commons/thumb/1/14/English_ceremonial_counties_1998.svg/460px-English_ceremonial_counties_1998.svg.png","//upload.wikimedia.org/wikipedia/commons/thumb/1/18/Circle-information.svg/20px-Circle-information.svg.png","//upload.wikimedia.org/wikipedia/commons/thumb/0/06/Flag_of_Bedfordshire.svg/22px-Flag_of_Bedfordshire.svg.png","//upload.wikimedia.org/wikipedia/en/thumb/1/10/Berkshire_flag.svg/22px-Berkshire_flag.svg.png","//upload.wikimedia.org/wikipedia/commons/thumb/d/dc/Flag_placeholder.svg/22px-Flag_placeholder.svg.png","//upload.wikimedia.org/wikipedia/commons/thumb/d/dc/County_Flag_of_Buckinghamshire.svg/22px-County_Flag_of_Buckinghamshire.svg.png","//upload.wikimedia.org/wikipedia/commons/thumb/1/1c/Flag_of_Cambridgeshire.svg/22px-Flag_of_Cambridgeshire.svg.png","//upload.wikimedia.org/wikipedia/commons/thumb/9/93/Cheshire_Flag.svg/22px-Cheshire_Flag.svg.png","//upload.wikimedia.org/wikipedia/commons/thumb/c/c7/Flag_of_the_City_of_London.svg/22px-Flag_of_the_City_of_London.svg.png","//upload.wikimedia.org/wikipedia/commons/thumb/b/b8/Flag_of_Cornwall.svg/22px-Flag_of_Cornwall.svg.png","//upload.wikimedia.org/wikipedia/commons/thumb/8/86/County_Flag_of_Cumbria.png/22px-County_Flag_of_Cumbria.png","//upload.wikimedia.org/wikipedia/commons/thumb/2/2b/Derbyshire_flag.svg/22px-Derbyshire_flag.svg.png","//upload.wikimedia.org/wikipedia/commons/thumb/a/a8/Flag_of_Devon.svg/22px-Flag_of_Devon.svg.png","//upload.wikimedia.org/wikipedia/commons/thumb/d/df/Flag_of_Dorset.svg/22px-Flag_of_Dorset.svg.png","//upload.wikimedia.org/wikipedia/commons/thumb/b/b9/Flag_of_County_Durham.svg/22px-Flag_of_County_Durham.svg.png","//upload.wikimedia.org/wikipedia/commons/thumb/0/0d/Yorkshire_-_East_Riding_flag.jpg/22px-Yorkshire_-_East_Riding_flag.jpg","//upload.wikimedia.org/wikipedia/commons/thumb/9/92/County_Flag_of_East_Sussex.png/22px-County_Flag_of_East_Sussex.png","//upload.wikimedia.org/wikipedia/commons/thumb/d/d2/Flag_of_Essex.svg/22px-Flag_of_Essex.svg.png","//upload.wikimedia.org/wikipedia/commons/thumb/3/3d/Severn_Cross.svg/22px-Severn_Cross.svg.png","//upload.wikimedia.org/wikipedia/commons/thumb/7/72/Arms_of_the_Greater_London_Council.svg/16px-Arms_of_the_Greater_London_Council.svg.png","//upload.wikimedia.org/wikipedia/commons/thumb/e/e9/County_Flag_of_Greater_Manchester.svg/22px-County_Flag_of_Greater_Manchester.svg.png","//upload.wikimedia.org/wikipedia/commons/thumb/e/e9/Flag_of_Hampshire.svg/22px-Flag_of_Hampshire.svg.png","//upload.wikimedia.org/wikipedia/commons/thumb/9/9b/County_Flag_of_Herefordshire.png/22px-County_Flag_of_Herefordshire.png","//upload.wikimedia.org/wikipedia/commons/thumb/2/2a/FlagOfHertfordshire.PNG/22px-FlagOfHertfordshire.PNG","//upload.wikimedia.org/wikipedia/commons/thumb/7/75/Flag_of_the_Isle_of_Wight.svg/22px-Flag_of_the_Isle_of_Wight.svg.png","//upload.wikimedia.org/wikipedia/commons/thumb/4/4b/Flag_of_Kent.svg/22px-Flag_of_Kent.svg.png","//upload.wikimedia.org/wikipedia/commons/thumb/2/27/FlagOfLancashire.PNG/22px-FlagOfLancashire.PNG","//upload.wikimedia.org/wikipedia/commons/thumb/2/22/County_flag_of_Leicestershire.svg/22px-County_flag_of_Leicestershire.svg.png","//upload.wikimedia.org/wikipedia/commons/thumb/c/c8/Flag_of_Lincolnshire.svg/22px-Flag_of_Lincolnshire.svg.png","//upload.wikimedia.org/wikipedia/commons/thumb/4/41/County_Flag_of_Merseyside.svg/22px-County_Flag_of_Merseyside.svg.png","//upload.wikimedia.org/wikipedia/commons/thumb/0/09/County_Flag_of_Norfolk.svg/22px-County_Flag_of_Norfolk.svg.png","//upload.wikimedia.org/wikipedia/commons/thumb/3/3e/Unofficial_county_flag_of_North_Yorkshire.svg/22px-Unofficial_county_flag_of_North_Yorkshire.svg.png","//upload.wikimedia.org/wikipedia/commons/thumb/c/ce/County_Flag_of_Northamptonshire.png/22px-County_Flag_of_Northamptonshire.png","//upload.wikimedia.org/wikipedia/commons/thumb/6/61/Flag_of_Northumberland.svg/22px-Flag_of_Northumberland.svg.png","//upload.wikimedia.org/wikipedia/commons/thumb/0/0c/County_Flag_of_Nottinghamshire.svg/22px-County_Flag_of_Nottinghamshire.svg.png","//upload.wikimedia.org/wikipedia/commons/thumb/6/63/County_Flag_of_Oxfordshire.svg/22px-County_Flag_of_Oxfordshire.svg.png","//upload.wikimedia.org/wikipedia/commons/thumb/6/62/Flag_of_Rutland.svg/22px-Flag_of_Rutland.svg.png","//upload.wikimedia.org/wikipedia/commons/thumb/b/bb/Flag_of_Shropshire.svg/22px-Flag_of_Shropshire.svg.png","//upload.wikimedia.org/wikipedia/commons/thumb/6/6d/Somnew.png/22px-Somnew.png","//upload.wikimedia.org/wikipedia/commons/thumb/1/19/County_Flag_of_South_Yorkshire.png/22px-County_Flag_of_South_Yorkshire.png","//upload.wikimedia.org/wikipedia/commons/thumb/3/3d/County_Flag_of_Staffordshire.png/22px-County_Flag_of_Staffordshire.png","//upload.wikimedia.org/wikipedia/en/thumb/f/f0/SuffolkSaintEdmunds.jpg/22px-SuffolkSaintEdmunds.jpg","//upload.wikimedia.org/wikipedia/commons/thumb/a/a7/Surreyflag.gif/22px-Surreyflag.gif","//upload.wikimedia.org/wikipedia/commons/thumb/a/a6/County_Flag_of_Tyne_%26_Wear.png/22px-County_Flag_of_Tyne_%26_Wear.png","//upload.wikimedia.org/wikipedia/commons/thumb/3/36/County_Flag_of_Warwickshire.svg/22px-County_Flag_of_Warwickshire.svg.png","//upload.wikimedia.org/wikipedia/commons/thumb/1/17/Flag_of_the_West_Midlands_County.svg/22px-Flag_of_the_West_Midlands_County.svg.png","//upload.wikimedia.org/wikipedia/commons/thumb/8/85/County_Flag_of_West_Sussex.png/22px-County_Flag_of_West_Sussex.png","//upload.wikimedia.org/wikipedia/commons/thumb/c/ca/Flag_of_West_Yorkshire.svg/22px-Flag_of_West_Yorkshire.svg.png","//upload.wikimedia.org/wikipedia/commons/thumb/8/81/County_Flag_of_Wiltshire.svg/22px-County_Flag_of_Wiltshire.svg.png","//upload.wikimedia.org/wikipedia/commons/thumb/5/54/Flag_of_Worcestershire.svg/22px-Flag_of_Worcestershire.svg.png","//upload.wikimedia.org/wikipedia/commons/thumb/3/3c/English_geographical_counties_1889_with_ridings.svg/460px-English_geographical_counties_1889_with_ridings.svg.png","//upload.wikimedia.org/wikipedia/commons/thumb/1/18/Circle-information.svg/20px-Circle-information.svg.png","//upload.wikimedia.org/wikipedia/en/thumb/b/be/Flag_of_England.svg/23px-Flag_of_England.svg.png","//bits.wikimedia.org/static-1.22wmf9/skins/vector/images/search-ltr.png?303-4","//bits.wikimedia.org/images/wikimedia-button.png","//bits.wikimedia.org/static-1.22wmf9/skins/common/images/poweredby_mediawiki_88x31.png"],"tags":[["urban_district","great_britain_and_ireland"],["halton","borough"],["darlington","borough"],["hartlepool","borough"],["stockton-on-tees","borough_"],["middlesbrough","borough"],["stockton-on-tees","borough"],["swindon","borough"]],"members":["middlesbrough","hartlepool","urban_district","swindon","halton","darlington"],"related":["Lieutenancy_area","England","Regions_of_England","England","Lord_Lieutenant","Lieutenancies_Act_1997","Metropolitan_and_non-metropolitan_counties_of_England","County_corporate","County_corporate","Yorkshire","Local_Government_Act_1888","County_council","Quarter_Sessions","Administrative_counties","County_borough","Soke_of_Peterborough","Northamptonshire","Isle_of_Ely","Cambridgeshire","County_of_London","Middlesex","Kent","Surrey","Urban_sanitary_district","Urban_district_(Great_Britain_and_Ireland)","Municipal_borough","East_Suffolk","West_Suffolk","County_borough_of_Ipswich","Suffolk","Isle_of_Wight","Hampshire","Ordnance_Survey","Caversham,_Berkshire","Oxfordshire","Reading,_Berkshire","Berkshire","Greater_London","Huntingdon_and_Peterborough","Lord_Lieutenant_of_Middlesex","Lord_Lieutenant_of_the_County_of_London","Lord_Lieutenant_of_Huntingdonshire","Lord_Lieutenant_of_Greater_London","Lord_Lieutenant_of_Huntingdon_and_Peterborough","Metropolitan_and_non-metropolitan_counties_of_England","County_of_Avon","Cleveland,_England","Hereford_and_Worcester","Humberside","British_House_of_Commons","Gloucestershire","Somerset","Bristol","Cleveland,_England","North_Yorkshire","County_Durham","Hereford_and_Worcester","Herefordshire","Worcestershire","Humberside","Lincolnshire","East_Riding_of_Yorkshire","Rutland","Association_of_British_Counties","Lieutenancies_Act_1997","Lord_Lieutenant","Local_Government_Act_1972","Milton_Keynes","Peterborough","Cheshire_East","Cheshire_West_and_Chester","Halton_(borough)","Warrington,_England","Isles_of_Scilly","Derby","Plymouth","Torbay","Bournemouth","Poole","Darlington_(borough)","Hartlepool_(borough)","Stockton-on-Tees_(borough)_","River_Tees","Kingston-upon-Hull","Brighton_and_Hove","Southend-on-Sea","Thurrock","South_Gloucestershire","City_of_London","Portsmouth","Southampton","Medway","Blackburn_with_Darwen","Blackpool","Leicester","North_Lincolnshire","North_East_Lincolnshire","Middlesbrough_(borough)","Redcar_and_Cleveland","York","Stockton-on-Tees_(borough)","River_Tees","Nottingham","Telford_and_Wrekin","Bath_and_North_East_Somerset","North_Somerset","Stoke-on-Trent","Swindon_(borough)","Bedfordshire","Berkshire","Buckinghamshire","Cambridgeshire","Isle_of_Ely","Cheshire","Chester","Cornwall","Cumberland","Derbyshire","Devon","Exeter","Dorset","Poole","County_Durham","Essex","Gloucestershire","Gloucester","Bristol","Hampshire","Southampton","Herefordshire","Hertfordshire","Huntingdonshire","Kent","Canterbury","Lancashire","Leicestershire","Lincolnshire","Lincoln,_Lincolnshire","City_of_London","County_of_London","Middlesex","Norfolk","Norwich","Northamptonshire","Soke_of_Peterborough","Northumberland","Berwick-upon-Tweed","Newcastle_upon_Tyne","Nottinghamshire","Nottingham","Oxfordshire","Rutland","Shropshire","Somerset","Staffordshire","Lichfield","Suffolk","Sussex","Warwickshire","Westmorland","Wiltshire","Worcestershire","Worcester","Yorkshire","East_Riding_of_Yorkshire","Kingston_upon_Hull","North_Riding_of_Yorkshire","West_Riding_of_Yorkshire","York","Historic_counties_of_England","Lieutenancy_areas_of_Scotland","List_of_articles_about_local_government_in_the_United_Kingdom","Nomenclature_of_Territorial_Units_for_Statistics","Preserved_counties_of_Wales"]}