{"cursor":"33851","size":15,"audio":[],"currentlang":"en","article":"\nIn United States local government, a 'consolidated city-county' is a city and\ncounty that have been merged into one unified jurisdiction. As such it is\nsimultaneously a city, which is a municipal corporation, and a county, which is\nan administrative division of a state. It has the powers and responsibilities of\nboth types of entities.\n\nA consolidated city-county is different from an independent city, although the\nlatter may result from consolidation of a city and a county and may also have\nthe same powers as a consolidated city-county. An independent city is a city not\ndeemed by its state to be located within the boundary of any county, and\nrecognized by its state as a legal territorial entity separate from surrounding\nor adjoining counties. Not considering Hawaii, which has no independent cities,\nthe Midwest and Upper South have the highest concentration of large consolidated\ncity-county governments in the United States, including Indianapolis, Indiana;\nNashville, Tennessee; Jacksonville, Florida; Louisville, Kentucky; Kansas City,\nKansas; and Lexington, Kentucky. Currently, the largest consolidated city-county\nin the United States is Philadelphia, Pennsylvania.\n","linknr":685,"url":"Consolidated_city-county","recorded":1374545657,"links":["/w/index.php?title=Consolidated_city-county&action=edit","/w/index.php?title=Consolidated_city-county&action=edit","//bits.wikimedia.org/favicon/wikipedia.ico","/w/opensearch_desc.php","//en.wikipedia.org/w/api.php?action=rsd","//creativecommons.org/licenses/by-sa/3.0/","/w/index.php?title=Special:RecentChanges&feed=atom","//bits.wikimedia.org/en.wikipedia.org/load.php?debug=false&lang=en&modules=ext.gadget.DRN-wizard%2CReferenceTooltips%2Ccharinsert%2Cteahouse%7Cext.rtlcite%2Cwikihiero%7Cext.uls.nojs%7Cmediawiki.legacy.commonPrint%2Cshared%7Cmw.PopUpMediaTransform%7Cskins.vector&only=styles&skin=vector&*","//bits.wikimedia.org/en.wikipedia.org/load.php?debug=false&lang=en&modules=site&only=styles&skin=vector&*","//bits.wikimedia.org/en.wikipedia.org/load.php?debug=false&lang=en&modules=startup&only=scripts&skin=vector&*","//bits.wikimedia.org/geoiplookup","//meta.wikimedia.org","#mw-navigation","#p-search","/wiki/Political_divisions_of_the_United_States","/wiki/U.S._state","/wiki/Commonwealth_(U.S._insular_area)","/wiki/Indian_reservation","/wiki/Territories_of_the_United_States","/wiki/County_(United_States)","/wiki/County-equivalent","/wiki/Independent_city_(United_States)","/wiki/List_of_lists_of_settlements_in_the_United_States","/wiki/Civil_township","/wiki/Consolidated_city-township","/wiki/Template:Administrative_divisions_of_the_United_States","/wiki/Template_talk:Administrative_divisions_of_the_United_States","//en.wikipedia.org/w/index.php?title=Template:Administrative_divisions_of_the_United_States&action=edit","/wiki/Local_government_in_the_United_States","/wiki/City","/wiki/County_(United_States)","/wiki/Merger_(politics)","/wiki/Municipal_corporation","/wiki/Independent_city","/wiki/Midwestern_United_States","/wiki/Upland_South","/wiki/Indianapolis","/wiki/Nashville,_Tennessee","/wiki/Jacksonville,_Florida","/wiki/Louisville,_Kentucky","/wiki/Kansas_City,_Kansas","/wiki/Lexington,_Kentucky","/wiki/Philadelphia","#Overview","#Balances","#List_of_consolidated_city-counties","#Consolidated_since_their_creation","#Merged","#Other","#Merged_with_some_independent_municipalities","#Potentially_consolidated","#Considered_consolidation","#Formerly_consolidated","#See_also","#References","#External_links","/w/index.php?title=Consolidated_city-county&action=edit&section=1","/wiki/Albuquerque","/w/index.php?title=David_Rusk&action=edit&redlink=1","/wiki/Referendum","#cite_note-1","/wiki/Wyandotte_County,_Kansas","/wiki/Kansas_City,_Kansas","/wiki/Council_of_governments","/wiki/Atlanta_metropolitan_area","/wiki/Atlanta_Regional_Commission","/wiki/Georgia_Regional_Transportation_Authority","/wiki/Georgia_(U.S._state)","/wiki/Power_of_the_purse","/wiki/New_York_City","/wiki/Borough_(New_York_City)","/wiki/Manhattan","/wiki/The_Bronx","/wiki/Brooklyn","/wiki/Queens","/wiki/Staten_Island","/wiki/England","/wiki/Metropolitan_county","/wiki/Greater_Manchester","/wiki/Merseyside","/wiki/South_Yorkshire","/wiki/Tyne_and_Wear","/wiki/West_Midlands_(county)","/wiki/West_Yorkshire","/wiki/Unitary_authority","/wiki/County_borough","/wiki/Wales","/wiki/Aberdeen","/wiki/Dundee","/wiki/Edinburgh","/wiki/Glasgow","/wiki/Canada","/wiki/Ontario","/wiki/Unitary_authority","/wiki/Toronto","/wiki/Metropolitan_Toronto","/wiki/Regional_municipality","/wiki/Germany","/wiki/Berlin","/wiki/Bremen","/wiki/Hamburg","/wiki/Austria","/wiki/Vienna","/wiki/France","/wiki/Paris","/wiki/Departments_of_France","/wiki/Seine_(department)","/wiki/South_Korea","/wiki/Seoul","/wiki/Special_cities_of_South_Korea","/wiki/Busan","/wiki/Daegu","/wiki/Daejeon","/wiki/Gwangju","/wiki/Incheon","/wiki/Ulsan","/wiki/Australian_Capital_Territory","/wiki/Australia","/wiki/Canberra","/wiki/Tokyo_City","/wiki/Tokyo","/w/index.php?title=Consolidated_city-county&action=edit&section=2","/wiki/United_States_Census_Bureau","#cite_note-PopEstimates-2","#cite_note-PopEstimates-2","/wiki/Athens-Clarke_County_(balance),_Georgia","/wiki/Augusta,_Georgia","/wiki/Butte,_Montana","/wiki/Indianapolis_(balance)","/wiki/Jacksonville,_Florida","/wiki/Louisville/Jefferson_County_metro_government_(balance),_Kentucky","/wiki/Nashville-Davidson_(balance),_Tennessee","/w/index.php?title=Consolidated_city-county&action=edit&section=3","/w/index.php?title=Consolidated_city-county&action=edit&section=4","/wiki/Anchorage,_Alaska","#cite_note-3","/wiki/Broomfield,_Colorado","#cite_note-COmuniIncorp-4","#cite_note-5","/wiki/Broomfield,_Colorado#History","/wiki/Broomfield,_Colorado#History","/wiki/Broomfield,_Colorado#History","/wiki/Boulder_County,_Colorado","/wiki/Adams_County,_Colorado","/wiki/Jefferson_County,_Colorado","/wiki/Weld_County,_Colorado","/wiki/Denver","#cite_note-COmuniIncorp-4","/wiki/History_of_Denver#19th_Century","/wiki/Colorado_Territory","/wiki/History_of_Denver#Progressive_era:_1900-1945","/wiki/Arapahoe_County,_Colorado_Territory","/wiki/County_seat","/wiki/Arapahoe_County,_Colorado_Territory","/wiki/History_of_Denver","/wiki/Adams_County,_Colorado#History","/wiki/Arapahoe_County,_Colorado_Territory","/wiki/Honolulu_County,_Hawaii","#cite_note-6","/wiki/Juneau,_Alaska","/wiki/Los_Alamos_County,_New_Mexico","#cite_note-7","/wiki/Los_Alamos,_New_Mexico","/wiki/New_Orleans","/wiki/New_Orleans","/wiki/San_Francisco","/wiki/San_Mateo_County","/wiki/Sitka,_Alaska","/wiki/Yakutat,_Alaska","/wiki/Nantucket","/wiki/Massachusetts","/wiki/Dukes_County,_New_York","/wiki/New_England","/wiki/New_England_town","/wiki/List_of_counties_in_Massachusetts","/w/index.php?title=Consolidated_city-county&action=edit&section=5","/wiki/Anaconda,_Montana","/wiki/Deer_Lodge_County,_Montana","#cite_note-8","/wiki/Butte,_Montana","/wiki/Silver_Bow_County,_Montana","/wiki/Columbus,_Georgia","/wiki/Muscogee_County,_Georgia","/wiki/Cusseta,_Georgia","/wiki/Chattahoochee_County,_Georgia","/wiki/Georgetown,_Quitman_County,_Georgia","/wiki/Quitman_County,_Georgia","/wiki/Hartsville,_Trousdale_County,_Tennessee","/wiki/Trousdale_County,_Tennessee","#cite_note-9","/wiki/Houma,_Louisiana","/wiki/Terrebonne_Parish,_Louisiana","#cite_note-10","#cite_note-11","/wiki/Lexington,_Kentucky","/wiki/Fayette_County,_Kentucky","#cite_note-12","/wiki/Lynchburg,_Moore_County,_Tennessee","/wiki/Moore_County,_Tennessee","/wiki/Macon,_Georgia","/wiki/Bibb_County,_Georgia","#cite_note-13","#cite_note-City-County_Consolidation_Proposals.2C_1921_-_Present-14","#cite_note-15","#cite_note-autogenerated3-16","/wiki/Philadelphia","/wiki/Philadelphia_County,_Pennsylvania","/wiki/Act_of_Consolidation,_1854","/wiki/Pennsylvania","/wiki/Preston,_Georgia","/wiki/Webster_County,_Georgia","#cite_note-City-County_Consolidation_Proposals.2C_1921_-_Present-14","/wiki/Statenville,_Georgia","/wiki/Echols_County,_Georgia","#cite_note-City-County_Consolidation_Proposals.2C_1921_-_Present-14","/w/index.php?title=Consolidated_city-county&action=edit&section=6","/wiki/New_York_City","#cite_note-17","/wiki/Amalgamation_(politics)","/wiki/The_Five_Boroughs","/wiki/Manhattan","/wiki/Manhattan","/wiki/The_Bronx","/wiki/The_Bronx","/wiki/Brooklyn","/wiki/Brooklyn","/wiki/Staten_Island","/wiki/Staten_Island","/wiki/Queens","/wiki/Queens","/wiki/Washington,_D.C.","/wiki/Federal_district","/wiki/District_of_Columbia_Organic_Act_of_1871","/w/index.php?title=Consolidated_city-county&action=edit&section=7","/wiki/Athens,_Georgia","/wiki/Clarke_County,_Georgia","/wiki/Augusta,_Georgia","/wiki/Richmond_County,_Georgia","/wiki/Baton_Rouge,_Louisiana","/wiki/East_Baton_Rouge_Parish,_Louisiana","/wiki/Camden_County,_North_Carolina","/wiki/Elizabeth_City,_North_Carolina","#cite_note-18","/wiki/Indianapolis","/wiki/Marion_County,_Indiana","#cite_note-19","/wiki/Unigov","/wiki/Jacksonville,_Florida","/wiki/Duval_County,_Florida","/wiki/Jacksonville_Beach,_Florida","/wiki/Neptune_Beach,_Florida","/wiki/Atlantic_Beach,_Florida","/wiki/Baldwin,_Florida","/wiki/Rural","/wiki/Kansas_City,_Kansas","/wiki/Wyandotte_County,_Kansas","/wiki/Edwardsville,_Kansas","/wiki/Bonner_Springs,_Kansas","/wiki/Lake_Quivira,_Kansas","/wiki/Miami","/wiki/Miami-Dade_County,_Florida","/wiki/Miami-Dade_county_law_and_government","/wiki/Municipalities","/wiki/Lafayette_Parish,_Louisiana","/wiki/Lafayette,_Louisiana","/wiki/Louisville,_Kentucky","/wiki/Jefferson_County,_Kentucky","#cite_note-20","/wiki/Louisville_Metro_Council","/wiki/Nashville,_Tennessee","/wiki/Davidson_County,_Tennessee","/wiki/Tribune,_Kansas","/wiki/Greeley_County,_Kansas","/wiki/Horace,_Kansas","#cite_note-21","/wiki/Hampton_Roads","/wiki/Virginia","/wiki/Chesapeake,_Virginia","/wiki/Hampton,_Virginia","/wiki/Newport_News,_Virginia","/wiki/Suffolk,_Virginia","/wiki/Virginia_Beach","/wiki/Independent_city","/wiki/Code_of_Virginia","#cite_note-22","/wiki/Carson_City,_Nevada","/wiki/Ormsby_County,_Nevada","/w/index.php?title=Consolidated_city-county&action=edit&section=8","/wiki/Aurora,_Colorado","/wiki/Broomfield,_Colorado","#cite_note-23","/wiki/Johnson_County,_Kansas","/wiki/Wyandotte_County,_Kansas","#cite_note-24","/wiki/The_Plain_Dealer","/wiki/Cleveland","/wiki/Ohio","/wiki/Cuyahoga_County,_Ohio","#cite_note-25","/wiki/Miami-Dade_County,_Florida","/wiki/Pittsburgh","/wiki/Allegheny_County,_Pennsylvania","/wiki/St._Louis,_Missouri","/wiki/Missouri","/wiki/St._Louis_County,_Missouri","#cite_note-26","/w/index.php?title=Consolidated_city-county&action=edit&section=9","/wiki/Albuquerque,_New_Mexico","/wiki/Bernalillo_County,_New_Mexico","#cite_note-City-County_Consolidation_Proposals.2C_1921_-_Present-14","#cite_note-autogenerated1-27","/wiki/Aurora,_Colorado","/wiki/Arapahoe_County,_Colorado","/wiki/Wikipedia:Citation_needed","/wiki/Birmingham,_Alabama","/wiki/Jefferson_County,_Alabama","#cite_note-City-County_Consolidation_Proposals.2C_1921_-_Present-14","/wiki/Brunswick,_Georgia","/wiki/Glynn_County,_Georgia","#cite_note-City-County_Consolidation_Proposals.2C_1921_-_Present-14","/wiki/Buffalo,_New_York","/wiki/Erie_County,_New_York","#cite_note-28","/wiki/Charleston,_South_Carolina","/wiki/North_Charleston,_South_Carolina","/wiki/Mount_Pleasant,_South_Carolina","/wiki/Charleston_County,_South_Carolina","#cite_note-City-County_Consolidation_Proposals.2C_1921_-_Present-14","/wiki/Charlotte,_North_Carolina","/wiki/Mecklenburg_County,_North_Carolina","#cite_note-City-County_Consolidation_Proposals.2C_1921_-_Present-14","/wiki/Des_Moines,_Iowa","/wiki/Polk_County,_Iowa","#cite_note-City-County_Consolidation_Proposals.2C_1921_-_Present-14","/wiki/Durham,_North_Carolina","/wiki/Durham_County,_North_Carolina","#cite_note-City-County_Consolidation_Proposals.2C_1921_-_Present-14","#cite_note-autogenerated2-29","/wiki/Evansville,_Indiana","/wiki/Vanderburgh_County,_Indiana","#cite_note-City-County_Consolidation_Proposals.2C_1921_-_Present-14","#cite_note-30","/wiki/El_Paso,_Texas","/wiki/El_Paso_County,_Texas","#cite_note-31","/wiki/Evansville,_Indiana","/wiki/Vanderburgh_County,_Indiana","#cite_note-32","#cite_note-33","/wiki/Fairbanks,_Alaska","/wiki/Fairbanks_North_Star_Borough,_Alaska","#cite_note-City-County_Consolidation_Proposals.2C_1921_-_Present-14","#cite_note-34","/wiki/Fayetteville,_Tennessee","/wiki/Lincoln_County,_Tennessee","#cite_note-WATE_2008-02-08-35","/wiki/Fort_Wayne,_Indiana","/wiki/Allen_County,_Indiana","#cite_note-36","/wiki/Frankfort,_Kentucky","/wiki/Franklin_County,_Kentucky","#cite_note-37","/wiki/Gainesville,_Florida","/wiki/Alachua_County,_Florida","#cite_note-City-County_Consolidation_Proposals.2C_1921_-_Present-14","#cite_note-38","/wiki/Knoxville,_Tennessee","/wiki/Knox_County,_Tennessee","#cite_note-City-County_Consolidation_Proposals.2C_1921_-_Present-14","/wiki/Little_Rock,_Arkansas","/wiki/Pulaski_County,_Arkansas","/wiki/Wikipedia:Citation_needed","/wiki/Memphis,_Tennessee","/wiki/Shelby_County,_Tennessee","#cite_note-City-County_Consolidation_Proposals.2C_1921_-_Present-14","#cite_note-39","#cite_note-40","/wiki/Miami","/wiki/Miami-Dade_County,_Florida","#cite_note-City-County_Consolidation_Proposals.2C_1921_-_Present-14","/wiki/Montgomery,_Alabama","/wiki/Montgomery_County,_Alabama","/wiki/Wikipedia:Citation_needed","/wiki/Muncie,_Indiana","/wiki/Delaware_County,_Indiana","#cite_note-41","/wiki/Oakland,_California","/wiki/Alameda_County,_California","#cite_note-City-County_Consolidation_Proposals.2C_1921_-_Present-14","/wiki/Orlando,_Florida","/wiki/Orange_County,_Florida","#cite_note-42","/wiki/Paducah,_Kentucky","/wiki/McCracken_County,_Kentucky","#cite_note-43","/wiki/Pensacola,_Florida","/wiki/Escambia_County,_Florida","#cite_note-City-County_Consolidation_Proposals.2C_1921_-_Present-14","#cite_note-autogenerated3-16","#cite_note-autogenerated1-27","/wiki/Pittsburgh","/wiki/Allegheny_County,_Pennsylvania","#cite_note-44","#cite_note-45","/wiki/Portland,_Oregon","/wiki/Multnomah_County,_Oregon","#cite_note-City-County_Consolidation_Proposals.2C_1921_-_Present-14","#cite_note-autogenerated1-27","/wiki/Richmond,_Virginia","/wiki/Henrico_County,_Virginia","#cite_note-City-County_Consolidation_Proposals.2C_1921_-_Present-14","/wiki/Roanoke_County,_Virginia","/wiki/Roanoke,_Virginia","#cite_note-autogenerated1-27","/wiki/Salem,_Virginia","/wiki/Vinton,_Virginia","/wiki/Incorporated_town","/wiki/Wikipedia:Citation_needed","/wiki/Sacramento,_California","/wiki/Sacramento_County,_California","#cite_note-City-County_Consolidation_Proposals.2C_1921_-_Present-14","/wiki/St._Louis","/wiki/St._Louis_County,_Missouri","#cite_note-City-County_Consolidation_Proposals.2C_1921_-_Present-14","#cite_note-autogenerated3-16","/wiki/Sioux_Falls,_South_Dakota","/wiki/Minnehaha_County,_South_Dakota","/wiki/Lincoln_County,_South_Dakota","/wiki/South_Dakota","/wiki/Wikipedia:Citation_needed","/wiki/Spokane,_Washington","/wiki/Spokane_County,_Washington","#cite_note-City-County_Consolidation_Proposals.2C_1921_-_Present-14","#cite_note-autogenerated3-16","/wiki/Tallahassee,_Florida","/wiki/Leon_County,_Florida","#cite_note-City-County_Consolidation_Proposals.2C_1921_-_Present-14","#cite_note-autogenerated1-27","/wiki/Tampa,_Florida","/wiki/Hillsborough_County,_Florida","#cite_note-City-County_Consolidation_Proposals.2C_1921_-_Present-14","#cite_note-autogenerated3-16","#cite_note-autogenerated1-27","/wiki/Toledo,_Ohio","/wiki/Lucas_County,_Ohio","#cite_note-46","/wiki/Topeka,_Kansas","/wiki/Shawnee_County,_Kansas","#cite_note-City-County_Consolidation_Proposals.2C_1921_-_Present-14","#cite_note-47","/wiki/Wilmington,_North_Carolina","/wiki/New_Hanover_County,_North_Carolina","#cite_note-City-County_Consolidation_Proposals.2C_1921_-_Present-14","#cite_note-autogenerated2-29","/w/index.php?title=Consolidated_city-county&action=edit&section=10","/wiki/Boston","/wiki/Suffolk_County,_Massachusetts","/wiki/Chelsea,_Massachusetts","/wiki/Revere,_Massachusetts","/wiki/Winthrop,_Massachusetts","/w/index.php?title=Consolidated_city-county&action=edit&section=11","/wiki/Combined_Statistical_Area","/wiki/City_with_powiat_rights","/wiki/City%E2%80%93state","/wiki/Ekistics","/wiki/Independent_city","/wiki/Megalopolis_(term)","/wiki/Megacity","/wiki/Merger_(politics)","/wiki/Metropolitan_area","/wiki/Metroplex","/wiki/Metropolis","/w/index.php?title=Consolidated_city-county&action=edit&section=12","#cite_ref-1","http://online.wsj.com/article/SB10001424052702304066504576341332888910372.html","/wiki/The_Wall_Street_Journal","#cite_ref-PopEstimates_2-0","#cite_ref-PopEstimates_2-1","http://www.census.gov/popest/geographic/","/wiki/United_States_Census_Bureau","#cite_ref-3","http://www.muni.org/","#cite_ref-COmuniIncorp_4-0","#cite_ref-COmuniIncorp_4-1","http://www.colorado.gov/dpa/doit/archives/muninc.html","#cite_ref-5","http://www.ci.broomfield.co.us/","#cite_ref-6","http://www.co.honolulu.hi.us/","#cite_ref-7","http://www.losalamosnm.us/gov/Pages/default.aspx","#cite_ref-8","http://www.anacondamt.org/","#cite_ref-9","http://www.hartsvilletrousdale.com/maps.html","/wiki/Help:CS1_errors#citation_missing_title","#cite_ref-10","http://www.tpcg.org/","#cite_ref-11","http://www.hartsvilletrousdale.com/maps.html","/wiki/Help:CS1_errors#citation_missing_title","#cite_ref-12","http://www.lfucg.com/","#cite_ref-13","http://www1.legis.ga.gov/legis/2011_12/sum/hb1171.htm","#cite_ref-City-County_Consolidation_Proposals.2C_1921_-_Present_14-0","#cite_ref-City-County_Consolidation_Proposals.2C_1921_-_Present_14-1","#cite_ref-City-County_Consolidation_Proposals.2C_1921_-_Present_14-2","#cite_ref-City-County_Consolidation_Proposals.2C_1921_-_Present_14-3","#cite_ref-City-County_Consolidation_Proposals.2C_1921_-_Present_14-4","#cite_ref-City-County_Consolidation_Proposals.2C_1921_-_Present_14-5","#cite_ref-City-County_Consolidation_Proposals.2C_1921_-_Present_14-6","#cite_ref-City-County_Consolidation_Proposals.2C_1921_-_Present_14-7","#cite_ref-City-County_Consolidation_Proposals.2C_1921_-_Present_14-8","#cite_ref-City-County_Consolidation_Proposals.2C_1921_-_Present_14-9","#cite_ref-City-County_Consolidation_Proposals.2C_1921_-_Present_14-10","#cite_ref-City-County_Consolidation_Proposals.2C_1921_-_Present_14-11","#cite_ref-City-County_Consolidation_Proposals.2C_1921_-_Present_14-12","#cite_ref-City-County_Consolidation_Proposals.2C_1921_-_Present_14-13","#cite_ref-City-County_Consolidation_Proposals.2C_1921_-_Present_14-14","#cite_ref-City-County_Consolidation_Proposals.2C_1921_-_Present_14-15","#cite_ref-City-County_Consolidation_Proposals.2C_1921_-_Present_14-16","#cite_ref-City-County_Consolidation_Proposals.2C_1921_-_Present_14-17","#cite_ref-City-County_Consolidation_Proposals.2C_1921_-_Present_14-18","#cite_ref-City-County_Consolidation_Proposals.2C_1921_-_Present_14-19","#cite_ref-City-County_Consolidation_Proposals.2C_1921_-_Present_14-20","#cite_ref-City-County_Consolidation_Proposals.2C_1921_-_Present_14-21","#cite_ref-City-County_Consolidation_Proposals.2C_1921_-_Present_14-22","#cite_ref-City-County_Consolidation_Proposals.2C_1921_-_Present_14-23","#cite_ref-City-County_Consolidation_Proposals.2C_1921_-_Present_14-24","#cite_ref-City-County_Consolidation_Proposals.2C_1921_-_Present_14-25","#cite_ref-City-County_Consolidation_Proposals.2C_1921_-_Present_14-26","http://www.naco.org/Counties/Documents/City%20County%20Consolidations.01.01.2011.pdf","#cite_ref-15","http://www.ai.org/legislative/interim/committee/2005/committees/prelim/MCCC02.pdf","#cite_ref-autogenerated3_16-0","#cite_ref-autogenerated3_16-1","#cite_ref-autogenerated3_16-2","#cite_ref-autogenerated3_16-3","#cite_ref-autogenerated3_16-4","http://etd.lib.fsu.edu/theses/available/etd-04152005-170723/unrestricted/05_lsj_CHAPTER_4_b.pdf","#cite_ref-17","http://www.nyc.gov/","#cite_ref-18","http://www.camdencountync.gov/government/ordinances-06-06-02.htm","#cite_ref-19","http://www.indygov.org/","#cite_ref-20","http://www.louisvilleky.gov/","#cite_ref-21","http://www.greeleycounty.org/?page_id=947","#cite_ref-22","http://leg1.state.va.us/cgi-bin/legp504.exe?000+cod+15.2-3521","#cite_ref-23","http://www.aurorasentinel.com/articles/2006/01/30/import/20060130-archive3.txt","#cite_ref-24","http://www.bonnersprings.com/news/2006/feb/02/johnsonwyandotte_merger/","#cite_ref-25","http://www.cleveland.com/region/","#cite_ref-26","#cite_ref-autogenerated1_27-0","#cite_ref-autogenerated1_27-1","#cite_ref-autogenerated1_27-2","#cite_ref-autogenerated1_27-3","#cite_ref-autogenerated1_27-4","#cite_ref-autogenerated1_27-5","http://www.briem.com/frag/CityCountyReferenda.htm","#cite_ref-28","http://www.onebuffalo.com/time.asp","/wiki/Wikipedia:Link_rot","#cite_ref-autogenerated2_29-0","#cite_ref-autogenerated2_29-1","http://web.archive.org/web/20060919223521/http://www.ncsu.edu/iei/io/2006/08/government_consolidation_gains_attention.html","#cite_ref-30","http://www.indianaeconomicdigest.com/main.asp?SectionID=31&subsectionID=89&articleID=24822","#cite_ref-31","http://www.capitol.state.tx.us/tlodocs/79R/billtext/doc/SJ00009I.doc","#cite_ref-32","http://www.evansvilleliving.com/articles/the-consolidate-debate","#cite_ref-33","http://www.courierpress.com/news/2012/nov/06/voters-resoundingly-reject-proposal-merge-evansvil/","/wiki/Evansville_Courier_%26_Press","#cite_ref-34","http://www.dced.state.ak.us/dca/lbc/fairbanks.htm","#cite_ref-WATE_2008-02-08_35-0","http://www.wate.com/Global/story.asp?s=7844932&clienttype=printable","#cite_ref-36","http://www.fortwayne.com/mld/journalgazette/news/local/14022085.htm","#cite_ref-37","http://www.accessmylibrary.com/coms2/summary_0286-7156071_ITM","/wiki/AccessMyLibrary","/wiki/Lexington_Herald-Leader","#cite_ref-38","http://web.archive.org/web/20080409161846/http://www.naco.org/Content/NavigationMenu/About_Counties/Data_and_Demographics/City_CountyConsolidationProposals.pdf","#cite_ref-39","http://www.bizjournals.com/memphis/stories/2002/03/18/story2.html","#cite_ref-40","http://www.commercialappeal.com/news/2010/nov/02/consolidation-memphis-shelby-voters-weighing-merge/","#cite_ref-41","http://mundelreorg.org/","#cite_ref-42","http://web.archive.org/web/20061210062231/http://www.orangecountyfl.net/cms/CSSC/default.htm","#cite_ref-43","http://www.courierpress.com/news/2012/nov/07/paducah-mccracken-county-residents-reject-metro/","/wiki/Henderson_Gleaner","/wiki/Henderson,_Kentucky","#cite_ref-44","http://old.post-gazette.com/newslinks/timeline1919.asp","#cite_ref-45","http://www.post-gazette.com/pg/04275/388541.stm","#cite_ref-46","http://www.toledoblade.com/apps/pbcs.dll/article?AID=/20040304/NEWS16/103040166/-1/NEWS","#cite_ref-47","http://www.co.shawnee.ks.us/counselor/pdf/ConsolidationReport.pdf","/w/index.php?title=Consolidated_city-county&action=edit&section=13","http://www.alleghenyconference.org/PEL/PDFs/CityCountyConsolidationsComparativeAnalysis.pdf","//en.wikipedia.org/w/index.php?title=Special:CentralAutoLogin/start&type=1x1&from=enwiki","http://en.wikipedia.org/w/index.php?title=Consolidated_city-county&oldid=564204912","/wiki/Help:Categories","/wiki/Category:Types_of_country_subdivisions","/wiki/Category:Local_government_in_the_United_States","/wiki/Category:County_government_in_the_United_States","/wiki/Category:Consolidated_city-counties_in_the_United_States","/wiki/Category:Pages_with_citations_lacking_titles","/wiki/Category:Pages_with_citations_having_bare_URLs","/wiki/Category:All_articles_with_dead_external_links","/wiki/Category:Articles_with_dead_external_links_from_September_2010","/wiki/Category:All_articles_with_unsourced_statements","/wiki/Category:Articles_with_unsourced_statements_from_May_2009","/wiki/Category:Articles_with_unsourced_statements_from_February_2008","/wiki/Category:Articles_with_unsourced_statements_from_February_2007","/w/index.php?title=Special:UserLogin&returnto=Consolidated+city-county&type=signup","/w/index.php?title=Special:UserLogin&returnto=Consolidated+city-county","/wiki/Consolidated_city-county","/wiki/Talk:Consolidated_city-county","#","/wiki/Consolidated_city-county","/w/index.php?title=Consolidated_city-county&action=edit","/w/index.php?title=Consolidated_city-county&action=history","#","/w/index.php","//bits.wikimedia.org/static-1.22wmf9/skins/vector/images/search-ltr.png?303-4","/wiki/Main_Page","/wiki/Main_Page","/wiki/Portal:Contents","/wiki/Portal:Featured_content","/wiki/Portal:Current_events","/wiki/Special:Random","//donate.wikimedia.org/wiki/Special:FundraiserRedirector?utm_source=donate&utm_medium=sidebar&utm_campaign=C13_en.wikipedia.org&uselang=en","/wiki/Help:Contents","/wiki/Wikipedia:About","/wiki/Wikipedia:Community_portal","/wiki/Special:RecentChanges","//en.wikipedia.org/wiki/Wikipedia:Contact_us","/wiki/Special:WhatLinksHere/Consolidated_city-county","/wiki/Special:RecentChangesLinked/Consolidated_city-county","/wiki/Wikipedia:File_Upload_Wizard","/wiki/Special:SpecialPages","/w/index.php?title=Consolidated_city-county&oldid=564204912","/w/index.php?title=Consolidated_city-county&action=info","//www.wikidata.org/wiki/Q3301053","/w/index.php?title=Special:Cite&page=Consolidated_city-county&id=564204912","/w/index.php?title=Special:Book&bookcmd=book_creator&referer=Consolidated+city-county","/w/index.php?title=Special:Book&bookcmd=render_article&arttitle=Consolidated+city-county&oldid=564204912&writer=rl","/w/index.php?title=Consolidated_city-county&printable=yes","//es.wikipedia.org/wiki/Ciudad-condado_consolidada","//hu.wikipedia.org/wiki/%C3%96sszevont_v%C3%A1ros-megye","//pt.wikipedia.org/wiki/Cidade-condado_consolidada","//vi.wikipedia.org/wiki/Qu%E1%BA%ADn-th%C3%A0nh_ph%E1%BB%91_th%E1%BB%91ng_nh%E1%BA%A5t","#","//www.wikidata.org/wiki/Q3301053#sitelinks-wikipedia","//en.wikipedia.org/wiki/Wikipedia:Text_of_Creative_Commons_Attribution-ShareAlike_3.0_Unported_License","//creativecommons.org/licenses/by-sa/3.0/","//wikimediafoundation.org/wiki/Terms_of_Use","//wikimediafoundation.org/wiki/Privacy_policy","//www.wikimediafoundation.org/","//wikimediafoundation.org/wiki/Privacy_policy","/wiki/Wikipedia:About","/wiki/Wikipedia:General_disclaimer","//en.wikipedia.org/wiki/Wikipedia:Contact_us","//en.m.wikipedia.org/wiki/Consolidated_city-county","//wikimediafoundation.org/","//bits.wikimedia.org/images/wikimedia-button.png","//www.mediawiki.org/","//bits.wikimedia.org/static-1.22wmf9/skins/common/images/poweredby_mediawiki_88x31.png","//bits.wikimedia.org/en.wikipedia.org/load.php?debug=false&lang=en&modules=site&only=scripts&skin=vector&*"],"instances":["county","term","balance","politics","department","new_york_city","politics","united_states"],"pdf":["http://www.naco.org/Counties/Documents/City%20County%20Consolidations.01.01.2011.pdf","http://www.ai.org/legislative/interim/committee/2005/committees/prelim/MCCC02.pdf","http://etd.lib.fsu.edu/theses/available/etd-04152005-170723/unrestricted/05_lsj_CHAPTER_4_b.pdf","http://web.archive.org/web/20080409161846/http://www.naco.org/Content/NavigationMenu/About_Counties/Data_and_Demographics/City_CountyConsolidationProposals.pdf","http://www.co.shawnee.ks.us/counselor/pdf/ConsolidationReport.pdf","http://www.alleghenyconference.org/PEL/PDFs/CityCountyConsolidationsComparativeAnalysis.pdf"],"categories":["Types of country subdivisions","Local government in the United States","County government in the United States","Consolidated city-counties in the United States|*"],"headings":["Overview","Balances","List of consolidated city-counties","Potentially consolidated","Formerly consolidated","See also","References","External links"],"image":["//en.wikipedia.org/w/index.php?title=Special:CentralAutoLogin/start&type=1x1&from=enwiki","//bits.wikimedia.org/static-1.22wmf9/skins/vector/images/search-ltr.png?303-4","//bits.wikimedia.org/images/wikimedia-button.png","//bits.wikimedia.org/static-1.22wmf9/skins/common/images/poweredby_mediawiki_88x31.png"],"tags":[["county","united_states"],["merger","politics"],["georgia","u.s._state"],["borough","new_york_city"],["west_midlands","county"],["seine","department"],["athens-clarke_county","balance,_georgia"],["indianapolis","balance"],["louisville/jefferson_county_metro_government","balance,_kentucky"],["nashville-davidson","balance,_tennessee"],["amalgamation","politics"],["megalopolis","term"],["merger","politics"]],"members":["west_midlands","megalopolis","indianapolis","amalgamation","seine","borough","merger","georgia","county"],"related":["Local_government_in_the_United_States","City","County_(United_States)","Merger_(politics)","Municipal_corporation","Independent_city","Midwestern_United_States","Upland_South","Indianapolis","Nashville,_Tennessee","Jacksonville,_Florida","Louisville,_Kentucky","Kansas_City,_Kansas","Lexington,_Kentucky","Philadelphia","Albuquerque","David_Rusk","Referendum","Wyandotte_County,_Kansas","Kansas_City,_Kansas","Council_of_governments","Atlanta_metropolitan_area","Atlanta_Regional_Commission","Georgia_Regional_Transportation_Authority","Georgia_(U.S._state)","Power_of_the_purse","New_York_City","Borough_(New_York_City)","Manhattan","The_Bronx","Brooklyn","Queens","Staten_Island","England","Metropolitan_county","Greater_Manchester","Merseyside","South_Yorkshire","Tyne_and_Wear","West_Midlands_(county)","West_Yorkshire","Unitary_authority","Wales","Aberdeen","Dundee","Edinburgh","Glasgow","Canada","Ontario","Unitary_authority","Toronto","Metropolitan_Toronto","Regional_municipality","Germany","Berlin","Bremen","Hamburg","Austria","Vienna","France","Paris","Seine_(department)","South_Korea","Seoul","Busan","Daegu","Daejeon","Gwangju","Incheon","Ulsan","Australian_Capital_Territory","Australia","Canberra","Tokyo_City","Tokyo","United_States_Census_Bureau","United_States_Census_Bureau","Athens-Clarke_County_(balance),_Georgia","Augusta,_Georgia","Butte,_Montana","Indianapolis_(balance)","Jacksonville,_Florida","Louisville/Jefferson_County_metro_government_(balance),_Kentucky","Nashville-Davidson_(balance),_Tennessee","Anchorage,_Alaska","Broomfield,_Colorado","Boulder_County,_Colorado","Adams_County,_Colorado","Jefferson_County,_Colorado","Weld_County,_Colorado","Denver","Colorado_Territory","Arapahoe_County,_Colorado_Territory","County_seat","Arapahoe_County,_Colorado_Territory","History_of_Denver","Arapahoe_County,_Colorado_Territory","Honolulu_County,_Hawaii","Juneau,_Alaska","Los_Alamos_County,_New_Mexico","Los_Alamos,_New_Mexico","New_Orleans","New_Orleans","San_Francisco","San_Mateo_County","Sitka,_Alaska","Yakutat,_Alaska","Nantucket","Massachusetts","Dukes_County,_New_York","New_England","New_England_town","List_of_counties_in_Massachusetts","Anaconda,_Montana","Deer_Lodge_County,_Montana","Butte,_Montana","Silver_Bow_County,_Montana","Columbus,_Georgia","Muscogee_County,_Georgia","Cusseta,_Georgia","Chattahoochee_County,_Georgia","Georgetown,_Quitman_County,_Georgia","Quitman_County,_Georgia","Hartsville,_Trousdale_County,_Tennessee","Trousdale_County,_Tennessee","Houma,_Louisiana","Terrebonne_Parish,_Louisiana","Lexington,_Kentucky","Fayette_County,_Kentucky","Lynchburg,_Moore_County,_Tennessee","Moore_County,_Tennessee","Macon,_Georgia","Bibb_County,_Georgia","Philadelphia","Philadelphia_County,_Pennsylvania","Act_of_Consolidation,_1854","Pennsylvania","Preston,_Georgia","Webster_County,_Georgia","Statenville,_Georgia","Echols_County,_Georgia","New_York_City","Amalgamation_(politics)","The_Five_Boroughs","Manhattan","Manhattan","The_Bronx","The_Bronx","Brooklyn","Brooklyn","Staten_Island","Staten_Island","Queens","Queens","Washington,_D.C.","Federal_district","District_of_Columbia_Organic_Act_of_1871","Athens,_Georgia","Clarke_County,_Georgia","Augusta,_Georgia","Richmond_County,_Georgia","Baton_Rouge,_Louisiana","East_Baton_Rouge_Parish,_Louisiana","Camden_County,_North_Carolina","Elizabeth_City,_North_Carolina","Indianapolis","Marion_County,_Indiana","Unigov","Jacksonville,_Florida","Duval_County,_Florida","Jacksonville_Beach,_Florida","Neptune_Beach,_Florida","Atlantic_Beach,_Florida","Baldwin,_Florida","Rural","Kansas_City,_Kansas","Wyandotte_County,_Kansas","Edwardsville,_Kansas","Bonner_Springs,_Kansas","Lake_Quivira,_Kansas","Miami","Miami-Dade_County,_Florida","Miami-Dade_county_law_and_government","Municipalities","Lafayette_Parish,_Louisiana","Lafayette,_Louisiana","Louisville,_Kentucky","Jefferson_County,_Kentucky","Louisville_Metro_Council","Nashville,_Tennessee","Davidson_County,_Tennessee","Tribune,_Kansas","Greeley_County,_Kansas","Horace,_Kansas","Hampton_Roads","Virginia","Chesapeake,_Virginia","Hampton,_Virginia","Newport_News,_Virginia","Suffolk,_Virginia","Virginia_Beach","Independent_city","Code_of_Virginia","Carson_City,_Nevada","Ormsby_County,_Nevada","Aurora,_Colorado","Broomfield,_Colorado","Johnson_County,_Kansas","Wyandotte_County,_Kansas","Cleveland","Ohio","Cuyahoga_County,_Ohio","Miami-Dade_County,_Florida","Pittsburgh","Allegheny_County,_Pennsylvania","St._Louis,_Missouri","Missouri","St._Louis_County,_Missouri","Albuquerque,_New_Mexico","Bernalillo_County,_New_Mexico","Aurora,_Colorado","Arapahoe_County,_Colorado","Birmingham,_Alabama","Jefferson_County,_Alabama","Brunswick,_Georgia","Glynn_County,_Georgia","Buffalo,_New_York","Erie_County,_New_York","Charleston,_South_Carolina","North_Charleston,_South_Carolina","Mount_Pleasant,_South_Carolina","Charleston_County,_South_Carolina","Charlotte,_North_Carolina","Mecklenburg_County,_North_Carolina","Des_Moines,_Iowa","Polk_County,_Iowa","Durham,_North_Carolina","Durham_County,_North_Carolina","Evansville,_Indiana","Vanderburgh_County,_Indiana","El_Paso,_Texas","El_Paso_County,_Texas","Evansville,_Indiana","Vanderburgh_County,_Indiana","Fairbanks,_Alaska","Fairbanks_North_Star_Borough,_Alaska","Fayetteville,_Tennessee","Lincoln_County,_Tennessee","Fort_Wayne,_Indiana","Allen_County,_Indiana","Frankfort,_Kentucky","Franklin_County,_Kentucky","Gainesville,_Florida","Alachua_County,_Florida","Knoxville,_Tennessee","Knox_County,_Tennessee","Little_Rock,_Arkansas","Pulaski_County,_Arkansas","Memphis,_Tennessee","Shelby_County,_Tennessee","Miami","Miami-Dade_County,_Florida","Montgomery,_Alabama","Montgomery_County,_Alabama","Muncie,_Indiana","Delaware_County,_Indiana","Oakland,_California","Alameda_County,_California","Orlando,_Florida","Orange_County,_Florida","Paducah,_Kentucky","McCracken_County,_Kentucky","Pensacola,_Florida","Escambia_County,_Florida","Pittsburgh","Allegheny_County,_Pennsylvania","Portland,_Oregon","Multnomah_County,_Oregon","Richmond,_Virginia","Henrico_County,_Virginia","Roanoke_County,_Virginia","Roanoke,_Virginia","Salem,_Virginia","Vinton,_Virginia","Incorporated_town","Sacramento,_California","Sacramento_County,_California","St._Louis","St._Louis_County,_Missouri","Sioux_Falls,_South_Dakota","Minnehaha_County,_South_Dakota","Lincoln_County,_South_Dakota","South_Dakota","Spokane,_Washington","Spokane_County,_Washington","Tallahassee,_Florida","Leon_County,_Florida","Tampa,_Florida","Hillsborough_County,_Florida","Toledo,_Ohio","Lucas_County,_Ohio","Topeka,_Kansas","Shawnee_County,_Kansas","Wilmington,_North_Carolina","New_Hanover_County,_North_Carolina","Boston","Suffolk_County,_Massachusetts","Chelsea,_Massachusetts","Revere,_Massachusetts","Winthrop,_Massachusetts","Combined_Statistical_Area","City_with_powiat_rights","City–state","Ekistics","Independent_city","Megalopolis_(term)","Megacity","Merger_(politics)","Metropolitan_area","Metroplex","Metropolis"]}