{"cursor":"57824","size":15,"audio":[],"currentlang":"en","article":"\n\nThis is a list of the Indian RTOs and the assigned codes for vehicle\nregistration. These are broken down to states or Union Territories and their\ndistricts.\n\n","linknr":1562,"url":"AP_07","recorded":1374762201,"links":["/w/index.php?title=List_of_RTO_districts_in_India&action=edit","/w/index.php?title=List_of_RTO_districts_in_India&action=edit","//bits.wikimedia.org/favicon/wikipedia.ico","/w/opensearch_desc.php","//en.wikipedia.org/w/api.php?action=rsd","//creativecommons.org/licenses/by-sa/3.0/","/w/index.php?title=Special:RecentChanges&feed=atom","/wiki/List_of_RTO_districts_in_India","//bits.wikimedia.org/en.wikipedia.org/load.php?debug=false&lang=en&modules=ext.gadget.DRN-wizard%2CReferenceTooltips%2Ccharinsert%2Cteahouse%7Cext.rtlcite%2Cwikihiero%7Cext.uls.nojs%7Cmediawiki.legacy.commonPrint%2Cshared%7Cmw.PopUpMediaTransform%7Cskins.vector&only=styles&skin=vector&*","//bits.wikimedia.org/en.wikipedia.org/load.php?debug=false&lang=en&modules=site&only=styles&skin=vector&*","//bits.wikimedia.org/en.wikipedia.org/load.php?debug=false&lang=en&modules=startup&only=scripts&skin=vector&*","//bits.wikimedia.org/geoiplookup","//meta.wikimedia.org","/w/index.php?title=AP_07&redirect=no","#mw-navigation","#p-search","/wiki/File:IndiaStatesByRTOcodes.png","//upload.wikimedia.org/wikipedia/commons/thumb/5/59/IndiaStatesByRTOcodes.png/300px-IndiaStatesByRTOcodes.png","/wiki/File:IndiaStatesByRTOcodes.png","//bits.wikimedia.org/static-1.22wmf10/skins/common/images/magnify-clip.png","/wiki/Regional_Transport_Office","/wiki/Vehicle_registration_plates_of_India","/wiki/States_and_territories_of_India","/wiki/Union_Territory","#AN.E2.80.94Andaman_.26_Nicobar_Islands","#AP.E2.80.94Andhra_Pradesh","#AR.E2.80.94Arunachal_Pradesh","#AS.E2.80.94Assam","#BR.E2.80.94Bihar","#CG.E2.80.94Chhattisgarh","#CH.E2.80.94Chandigarh","#DD.E2.80.94Daman_and_Diu","#DL.E2.80.94Delhi","#DN.E2.80.94Dadra_.26_Nagar_Haveli","#GA.E2.80.94Goa","#GJ.E2.80.94Gujarat","#HP.E2.80.94Himachal_Pradesh","#HR.E2.80.94Haryana","#JH.E2.80.94Jharkhand","#JK.E2.80.94Jammu_.26_Kashmir","#KA.E2.80.94Karnataka","#KL.E2.80.94Kerala","#LD.E2.80.94Lakshadweep","#MH.E2.80.94Maharashtra","#ML.E2.80.94Meghalaya","#MN.E2.80.94Manipur","#MP.E2.80.94Madhya_Pradesh","#MZ.E2.80.94Mizoram","#NL.E2.80.94Nagaland","#OD.E2.80.94Odisha","#PB.E2.80.94Punjab","#PY.E2.80.94Puducherry","#RJ.E2.80.94Rajasthan","#SK.E2.80.94Sikkim","#TN.E2.80.94Tamil_Nadu","#TR.E2.80.94Tripura","#UK.E2.80.94Uttarakhand","#UP.E2.80.94Uttar_Pradesh","#WB.E2.80.94West_Bengal","#See_also","#References","#Sources","/wiki/Andaman_%26_Nicobar_Islands","/w/index.php?title=List_of_RTO_districts_in_India&action=edit&section=1","/wiki/Port_Blair","/wiki/Car_Nicobar","/wiki/Andhra_Pradesh","/w/index.php?title=List_of_RTO_districts_in_India&action=edit&section=2","/wiki/Adilabad","/wiki/Mancherial","/wiki/Nirmal","/wiki/Anantapur","/wiki/Hindupur","/wiki/Chittoor","/wiki/Tirupati_(city)","/wiki/Madanapalle","/wiki/Kadapa","/wiki/Proddatur","/wiki/Kakinada","/wiki/Amalapuram","/wiki/Rajahmundry","/wiki/Guntur","/wiki/Piduguralla","/wiki/Narasaraopet","/wiki/Repalle","/wiki/Hyderabad,India","/wiki/Hyderabad,India","/wiki/Hyderabad,India","/wiki/Hyderabad,India","/wiki/Hyderabad,India","/wiki/Karimnagar","/wiki/Jagtial","/wiki/Peddapalli","/wiki/Vijayawada","/wiki/Gudivada","/wiki/Machilipatnam","/wiki/Nandigama","/wiki/Nuzvid","/wiki/Khammam","/wiki/Kothagudem","/wiki/Sathupally","/wiki/Yellandu","/wiki/Kurnool","/wiki/Adoni","/wiki/Nandyal","/wiki/Mahbubnagar","/wiki/Pebbair","/wiki/Gadwal","/wiki/Sangareddy","/wiki/Siddipet","/wiki/Patancheru","/wiki/Nalgonda","/wiki/Suryapet","/wiki/Miryalaguda","/wiki/Bhongir","/wiki/Bibinagar","/wiki/Nizamabad_district","/wiki/Kamareddy","/wiki/Nellore","/wiki/Kavali","/wiki/Gudur","/wiki/Sullurpeta","/wiki/Naidupet","/wiki/Ongole","/wiki/Chirala","/wiki/Markapur","/wiki/Attapur","/wiki/Kukatpally","/wiki/Medchal","/wiki/Uppal_Kalan","/wiki/Ibrahimpatnam,_Ranga_Reddy_district","/wiki/Srikakulam","/wiki/Tekkali","/wiki/Palasa","/wiki/Sompeta","/wiki/Ichchapuram","/wiki/Kaviti","/wiki/Visakhapatnam","/wiki/Gajuwaka","/wiki/Anakapalli","/wiki/Vizianagaram","/wiki/Warangal","/wiki/Jangaon","/wiki/Mahabubabad","/wiki/Eluru","/wiki/Jangareddygudem","/wiki/Kovvur","/wiki/Tadepalligudem","/wiki/Tanuku","/wiki/Bhimavaram","/wiki/Palakollu","/wiki/Chintalapudi","/wiki/Andhra_Pradesh_Police","/wiki/APSRTC","/wiki/Arunachal_Pradesh","/w/index.php?title=List_of_RTO_districts_in_India&action=edit&section=3","/wiki/Itanagar","/wiki/Tawang_Town","/wiki/Bomdila","/wiki/Seppa","/wiki/Ziro","/wiki/Daporijo","/wiki/Along,_Arunachal_Pradesh","/wiki/Pasighat","/wiki/Anini","/wiki/Lohit_district","/wiki/Changlang","/wiki/Khonsa","/wiki/Yingkiong","/wiki/Kurung_Kumey","/wiki/Assam","/w/index.php?title=List_of_RTO_districts_in_India&action=edit&section=4","/wiki/File:Districts_of_Assam_with_RTO_Codes_for_Vehicle_Registration-01.png","//upload.wikimedia.org/wikipedia/commons/thumb/9/9a/Districts_of_Assam_with_RTO_Codes_for_Vehicle_Registration-01.png/400px-Districts_of_Assam_with_RTO_Codes_for_Vehicle_Registration-01.png","/wiki/File:Districts_of_Assam_with_RTO_Codes_for_Vehicle_Registration-01.png","//bits.wikimedia.org/static-1.22wmf10/skins/common/images/magnify-clip.png","/wiki/Guwahati","/wiki/Kamrup_Metropolitan_district","/wiki/Nagaon","/wiki/Jorhat","/wiki/Sibsagar","/wiki/Golaghat","/wiki/Dibrugarh","/wiki/Lakhimpur_district","/wiki/Dima_Hasao","/wiki/Karbi_Anglong","/wiki/Karimganj","/wiki/Cachar","/wiki/Sonitpur","/wiki/Darrang","/wiki/Nalbari","/wiki/Barpeta","/wiki/Kokrajhar","/wiki/Dhubri","/wiki/Goalpara","/wiki/Bongaigaon","/wiki/Assam_State_Transport_Corporation","/wiki/Marigaon","/wiki/Dhemaji","/wiki/Tinsukia","/wiki/Hailakandi","/wiki/Dispur","/wiki/Guwahati","/wiki/Chirang_district","/wiki/Udalguri","/wiki/Baksa_district","/wiki/Bihar","/w/index.php?title=List_of_RTO_districts_in_India&action=edit&section=5","/wiki/Patna","/wiki/Gaya,_India","/wiki/Bhojpur_district,_India","/wiki/Chhapra","/wiki/Motihari","/wiki/Muzaffarpur","/wiki/Darbhanga","/wiki/Munger","/wiki/Jamalpur,_Munger","/wiki/Begusarai","/wiki/Bhagalpur","/wiki/Purnea","/wiki/Saharsa","/wiki/Nalanda","/wiki/Bettiah","/wiki/Dehri","/wiki/Jehanabad","/wiki/Aurangabad_district,_Bihar","/wiki/Nawada","/wiki/Gopalganj,_India","/wiki/Siwan,_Bihar","/wiki/Sitamarhi","/wiki/Vaishali_district","/wiki/Madhubani,_India","/wiki/Samastipur","/wiki/Khagaria","/wiki/Kishanganj","/wiki/Araria","/wiki/Katihar","/wiki/Madhepura","/wiki/Buxar_district","/wiki/Bhabua","/wiki/Jamui","/wiki/Supaul","/wiki/Banka,_Bihar","/wiki/Sheikhpura","/wiki/Lakhisarai","/wiki/Sheohar","/wiki/Arwal","/wiki/Rohtas_district","/wiki/Chhattisgarh","/w/index.php?title=List_of_RTO_districts_in_India&action=edit&section=6","/wiki/Chhattisgarh","/wiki/Raipur","/wiki/Dhamtari","/wiki/Mahasamund","/wiki/Durg","/wiki/Rajnandgaon","/wiki/Kabirdham_district","/wiki/Bilaspur,_Chhattisgarh","/wiki/Janjgir-Champa","/wiki/Korba_District","/wiki/Raigarh","/wiki/Jashpur","/wiki/Ambikapur,_India","/wiki/Baikunthpur,_Koriya","/wiki/Jagdalpur","/wiki/Dantewada","/wiki/Kanker","/wiki/Bijapur_district,_Chhattisgarh","/wiki/Narayanpur,_Assam","/wiki/Bemetara","/wiki/Mungeli","/wiki/Baloda_Bazar","/wiki/Sukma","/wiki/Chandigarh","/w/index.php?title=List_of_RTO_districts_in_India&action=edit&section=7","/wiki/Chandigarh","/wiki/Chandigarh","/wiki/Daman_and_Diu","/w/index.php?title=List_of_RTO_districts_in_India&action=edit&section=8","/wiki/Diu_district","/wiki/Daman_district,_India","/wiki/Delhi","/w/index.php?title=List_of_RTO_districts_in_India&action=edit&section=9","/wiki/Delhi","/wiki/New_Delhi","/wiki/South_Delhi","/w/index.php?title=Sheikh_Sarai&action=edit&redlink=1","/wiki/West_Delhi","/wiki/Janakpuri_West_(Delhi_Metro)","/wiki/North_East_Delhi","/w/index.php?title=Loni_Road&action=edit&redlink=1","/wiki/Central_Delhi","/wiki/Sarai_Kale_Khan","/wiki/East_Delhi","/wiki/Mayur_Vihar","/wiki/North_West_Delhi","/w/index.php?title=Wazir_Pur&action=edit&redlink=1","/wiki/South_West_Delhi","/wiki/Janakpuri","/wiki/Palam","/wiki/West_Delhi","/w/index.php?title=Raja_Garden&action=edit&redlink=1","/wiki/North_West_Delhi","/wiki/Rohini_Sub_City","/wiki/South_West_Delhi","/wiki/Vasant_Vihar","/wiki/East_Delhi","/w/index.php?title=Surajmal_Vihar&action=edit&redlink=1","/wiki/Shahdara","/wiki/Delhi","/wiki/Delhi","/wiki/Delhi","/wiki/Delhi","/wiki/Delhi","/wiki/Delhi","/wiki/Delhi","/wiki/Delhi","/wiki/Delhi","/wiki/Sonipat","/wiki/National_Capital_Region_(India)","/wiki/Haryana","/wiki/Gurgaon","/wiki/National_Capital_Region_(India)","/wiki/Haryana","/wiki/Faridabad","/wiki/National_Capital_Region_(India)","/wiki/Haryana","/wiki/Noida","/wiki/National_Capital_Region_(India)","/wiki/Uttar_Pradesh","/wiki/Ghaziabad_district,_India","/wiki/National_Capital_Region_(India)","/wiki/Uttar_Pradesh","/wiki/Dadra_%26_Nagar_Haveli","/w/index.php?title=List_of_RTO_districts_in_India&action=edit&section=10","/wiki/Dadra_%26_Nagar_Haveli","/wiki/Goa","/w/index.php?title=List_of_RTO_districts_in_India&action=edit&section=11","/wiki/North_Goa_district","/wiki/South_Goa_district","/wiki/Mapusa","/wiki/Bicholim","/wiki/Ponda,_Goa","/wiki/Vasco_da_Gama,_Goa","/wiki/Panaji","/wiki/Margao","/wiki/Quepem","/wiki/Canacona","/wiki/Pernem","/wiki/Gujarat","/w/index.php?title=List_of_RTO_districts_in_India&action=edit&section=12","/wiki/Ahmedabad","/wiki/Mehsana","/wiki/Rajkot","/wiki/Bhavnagar","/wiki/Surat","/wiki/Vadodara","/wiki/Kheda","/wiki/Banaskantha","/wiki/Sabarkantha","/wiki/Jamnagar","/wiki/Junagadh","/wiki/Kutch","/wiki/Surendranagar","/wiki/Amreli","/wiki/Rajula","/wiki/Valsad","/wiki/Bharuch","/wiki/Panchmahal","/wiki/Gandhinagar","/wiki/Bardoli","/wiki/Dahod","/wiki/Navsari","/wiki/Narmada_district","/wiki/Anand_district","/wiki/Patan,_Gujarat","/wiki/Porbandar","/wiki/Vyara","/wiki/Ahmedabad","/wiki/Surat","/wiki/Vadodara","/wiki/Dang","/wiki/Gandhidham","/wiki/Botad","/wiki/Chhota_Udaipur","/wiki/Dwarka","/w/index.php?title=Mahisagar&action=edit&redlink=1","/wiki/Morbi","/wiki/Himachal_Pradesh","/w/index.php?title=List_of_RTO_districts_in_India&action=edit&section=13","/wiki/Shimla","/wiki/Shimla","/wiki/Dharamsala,_Himachal_Pradesh","/wiki/Mandi,_India","/wiki/Rampur,_Himachal_Pradesh","/wiki/Shimla","/wiki/Chaupal,_Himachal_Pradesh","/wiki/Theog","/wiki/Rohru","/wiki/Arki,_India","/wiki/Nalagarh","/wiki/Kandaghat","/wiki/Solan_district","/wiki/Parwanoo","/wiki/Rajgarh,_Himachal_Pradesh","/wiki/Paonta_Sahib","/wiki/Nahan","/wiki/Amb_(princely_state)","/wiki/Una,_Himachal_Pradesh","/w/index.php?title=Barsar&action=edit&redlink=1","/wiki/Hamirpur,_Himachal_Pradesh","/wiki/Ghumarwin","/wiki/Bilaspur,_Himachal_Pradesh","/wiki/Kalpa,_Himachal_Pradesh","/wiki/Nichar","/wiki/Pooh","/wiki/Sarkaghat","/wiki/Jogindernagar","/wiki/Karsog","/wiki/Sundernagar","/wiki/Mandi,_India","/wiki/Mandi,_India","/wiki/Kullu","/w/index.php?title=Anni,_India&action=edit&redlink=1","/wiki/Dehra","/wiki/Palampur","/wiki/Nurpur,_India","/wiki/Dharamsala,_Himachal_Pradesh","/wiki/Kangra,_Himachal_Pradesh","/wiki/Kaza,_Himachal_Pradesh","/wiki/Keylong","/w/index.php?title=Udaipur,_Himachal_Pradesh&action=edit&redlink=1","/w/index.php?title=Churah&action=edit&redlink=1","/wiki/Pangi,_Himachal_Pradesh","/wiki/Bharmour","/wiki/Dalhousie,_India","/wiki/Chamba,_Himachal_Pradesh","/wiki/Banjar,_India","/wiki/Shimla","/wiki/Shimla","/wiki/Baijnath,_Himachal_Pradesh","/wiki/Jawali,_Himachal_Pradesh","/wiki/Nadaun","/wiki/Hamirpur,_Himachal_Pradesh","/wiki/Jaisinghpur","/w/index.php?title=Chowari&action=edit&redlink=1","/wiki/Manali,_Himachal_Pradesh","/w/index.php?title=DodraKwar&action=edit&redlink=1","/wiki/Shimla","/wiki/Solan_district","/wiki/Mandi_district","/wiki/Kullu","/wiki/Hamirpur,_Himachal_Pradesh","/wiki/Dharamsala,_Himachal_Pradesh","/wiki/Bilaspur_district,_Himachal_Pradesh","/wiki/Nahan","/wiki/Una,_Himachal_Pradesh","/wiki/Chamba,_Himachal_Pradesh","/w/index.php?title=Bhoranj&action=edit&redlink=1","/w/index.php?title=Paddhar&action=edit&redlink=1","/wiki/Haryana","/w/index.php?title=List_of_RTO_districts_in_India&action=edit&section=14","/wiki/Ambala","/wiki/Yamuna_Nagar","/wiki/Panchkula","/wiki/Naraingarh","/wiki/Karnal","/wiki/Panipat","/wiki/Kurukshetra_district","/wiki/Kaithal","/w/index.php?title=Guhla&action=edit&redlink=1","/wiki/Sonepat","/wiki/Gohana","/wiki/Rohtak","/wiki/Bahadurgarh","/wiki/Jhajjar","/wiki/Meham","/wiki/Bhiwani","/wiki/Siwani","/wiki/Loharu","/wiki/Charkhi_Dadri","/wiki/Hisar_District","/wiki/Hansi","/wiki/Fatehabad_district","/wiki/Tohana","/wiki/Sirsa_district","/wiki/Dabwali","/wiki/Gurgaon","/wiki/Nuh_(city)","/wiki/Ferozepur_Jhirka","/wiki/Ballabgarh","/wiki/Palwal","/wiki/Jind","/wiki/Narwana","/wiki/Safidon","/w/index.php?title=Mohindergarh&action=edit&redlink=1","/wiki/Narnaul","/wiki/Rewari","/wiki/Ambala","/wiki/Faridabad","/wiki/Hisar_District","/wiki/Assandh","/wiki/Pehowa","/wiki/Ganaur","/wiki/Kosli","/wiki/Ellenabad","/wiki/Karnal","/wiki/Rohtak","/wiki/Rewari","/wiki/Tosham","/wiki/Kalka","/wiki/Hodal","/wiki/Faridabad","/wiki/Hatin","/wiki/Adampur","/wiki/Ambala","/wiki/Barara","/wiki/Gurgaon","/wiki/Jind","/wiki/Sirsa_district","/w/index.php?title=Jagadhari&action=edit&redlink=1","/wiki/Yamuna_Nagar","/wiki/Ratia","/wiki/Samalkha","/wiki/Bhiwani","/wiki/Fatehabad_district","/wiki/Jhajjar","/wiki/Kaithal","/wiki/Kurukshetra","/wiki/Narnaul","/wiki/Panipat","/wiki/Panchkula","/wiki/Sonipat","/wiki/Chandigarh","/wiki/Bilaspur,_Haryana","/wiki/Gurgaon","/wiki/Palwal","/wiki/Mewat","/w/index.php?title=Nuh_(City)&action=edit&redlink=1","/wiki/Indri,_Haryana","/wiki/Pataudi","/wiki/Beri,_Haryana","/w/index.php?title=Sahabad&action=edit&redlink=1","/wiki/Kharkhoda","/wiki/Barwala,_Hisar","/wiki/Sonipat","/wiki/Kundli","/wiki/Jharkhand","/w/index.php?title=List_of_RTO_districts_in_India&action=edit&section=15","/wiki/Ranchi","/wiki/Hazaribagh","/wiki/Ramgarh,_Jharkhand","/wiki/Daltonganj","/wiki/Dumka","/wiki/Jamshedpur","/wiki/Chaibasa","/wiki/Gumla","/wiki/Lohardaga","/wiki/Bokaro_Steel_City","/wiki/Dhanbad","/wiki/Giridih","/wiki/Koderma","/wiki/Chatra","/wiki/Garhwa","/wiki/Deoghar","/wiki/Pakur","/wiki/Godda","/wiki/Sahibganj","/wiki/Latehar","/wiki/Simdega","/wiki/Jamtara","/wiki/Saraikela-Kharsawan","/wiki/Jammu_%26_Kashmir","/w/index.php?title=List_of_RTO_districts_in_India&action=edit&section=16","/wiki/Srinagar","/wiki/Jammu","/wiki/Anantnag","/wiki/Budgam","/wiki/Baramulla","/wiki/Doda","/wiki/Kargil_town","/wiki/Kathua","/wiki/Kupwara","/wiki/Leh","/wiki/Rajouri","/wiki/Poonch","/wiki/Pulwama","/wiki/Udhampur","/wiki/Bandipora","/wiki/Ganderbal","/wiki/Kishtwar","/wiki/Kulgam","/wiki/Ramban_(Jammu_and_Kashmir)","/wiki/Reasi","/wiki/Samba","/wiki/Shopian","/w/index.php?title=List_of_RTO_districts_in_India&action=edit&section=17","/wiki/Bangalore","/wiki/Bangalore","/wiki/Bangalore","/wiki/Bangalore","/wiki/Bangalore","/wiki/Tumkur","/wiki/Kolar","/wiki/Kolar_Gold_Fields","/wiki/Mysore","/wiki/Chamrajnagar","/wiki/Mandya","/wiki/Madikeri","/wiki/Hassan,_India","/wiki/Shimoga","/wiki/Sagara,_Karnataka","/wiki/Chitradurga","/wiki/Davangere","/wiki/Chickmagalur","/wiki/Mangalore","/wiki/Udupi","/wiki/Puttur,_Karnataka","/wiki/Belgaum","/wiki/Chikkodi","/wiki/Bailhongal","/wiki/Dharwad","/wiki/Gadag","/wiki/Haveri","/wiki/Bijapur,_Karnataka","/wiki/Bagalkot","/wiki/Karwar","/wiki/Sirsi,_Karnataka","/wiki/Gulbarga","/wiki/Yadgir","/wiki/Bellary","/wiki/Hospet","/wiki/Raichur","/wiki/Koppal","/wiki/Bidar","/wiki/Bhalki","/wiki/Chikkaballapur","/wiki/Bangalore","/wiki/Kengeri","/wiki/Ramanagara","/wiki/Devanahalli","/wiki/Bangalore_Rural_District","/wiki/Tiptur","/wiki/Hunsur","/wiki/Sakleshpur","/wiki/Honnavar","/wiki/Jamkhandi","/wiki/Gokak","/wiki/Bangalore","/wiki/Yelahanka","/wiki/Bangalore","/wiki/Electronics_City","/wiki/Nelamangala","/wiki/Bangalore_Rural_District","/wiki/Bangalore","/wiki/Krishnarajapuram","/wiki/Nagamangala","/wiki/Mysore","/wiki/Basavakalyan","/wiki/Shantinagar_Bus_Station","/wiki/Bangalore_Urban_district","/wiki/Karnataka_State_Road_Transport_Corporation","/wiki/Bangalore_Metropolitan_Transport_Corporation","#cite_note-1","/wiki/Karnataka_State_Road_Transport_Corporation","/wiki/Bangalore_Metropolitan_Transport_Corporation","/w/index.php?title=List_of_RTO_districts_in_India&action=edit&section=18","/wiki/Thiruvananthapuram","/wiki/Kollam","/wiki/Pathanamthitta","/wiki/Alappuzha","/wiki/Kottayam","/wiki/Idukki","/wiki/Eranakulam","/wiki/Thrissur","/wiki/Palakkad","/wiki/Malappuram","/wiki/Kozhikode","/wiki/Wayanad","/wiki/Kannur","/wiki/Kasargode","/wiki/Kerala_State_Road_Transport_Corporation","/wiki/Attingal","/wiki/Thiruvananthapuram","/wiki/Muvattupuzha","/wiki/Vadakara","/wiki/Parassala","/wiki/Neyyattinkara","/wiki/Nedumangad","/wiki/Kazhakkoottam","/wiki/Thiruvananthapuram","/wiki/Karunagapally","/wiki/Kottarakara","/wiki/Punalur","/wiki/Adoor","/wiki/Thiruvalla","/wiki/Mallappally","/wiki/Kayamkulam","/wiki/Chengannur","/wiki/Mavelikara","/wiki/Cherthala","/wiki/Changanassery","/wiki/Kanjirappally","/wiki/Palai","/wiki/Vaikom","/wiki/Vandiperiyar","/wiki/Thodupuzha","/wiki/Thripunithura","/wiki/Perumbavoor","/wiki/Aluva","/wiki/North_Paravur","/wiki/Mattancherry","/wiki/Eranakulam","/wiki/Kothamangalam","/wiki/Irinjalakuda","/wiki/Guruvayur","/wiki/Kodungallur","/wiki/Wadakkancherry","/wiki/Alathur","/wiki/Mannarghat","/wiki/Ottappalam","/wiki/Pattambi","/wiki/Perinthalmanna","/wiki/Ponnani","/wiki/Tirur","/wiki/Koyilandi","/wiki/Koduvally","/wiki/Thalassery","/wiki/Thaliparamba","/wiki/Kanhangad","/wiki/Kunnathur_(Kerala)","/wiki/Ranni","/wiki/Angamaly","/wiki/Chalakkudy","/wiki/Thirurangadi","/wiki/Kuttanadu","/wiki/Uzhavoor","/wiki/Devikulam","/wiki/Udumbanchola","/wiki/Chittur","/wiki/Nilambur","/wiki/Mananthavady","/wiki/Sulthan_Bathery","/wiki/Lakshadweep","/w/index.php?title=List_of_RTO_districts_in_India&action=edit&section=19","/wiki/Kavaratti","/wiki/Agatti","/wiki/Amini,_India","/wiki/Andrott","/wiki/Kadmat","/wiki/Kiltan","/wiki/Chetlat","/wiki/Kalpeni","/wiki/Minicoy","/wiki/Maharashtra","/w/index.php?title=List_of_RTO_districts_in_India&action=edit&section=20","/wiki/Mumbai","/wiki/Tardeo","/wiki/Mumbai","/wiki/Andheri","/wiki/Mumbai","/wiki/Ghatkopar","/wiki/Thane","/wiki/Kalyan,_India","/wiki/Kalyan,_India","/wiki/Dombivli","/wiki/Ulhasnagar","/wiki/Ambernath","/wiki/Badlapur","/wiki/Kalyan,_India","/wiki/Raigad_district","/wiki/Pen,_India","/wiki/Navi_Mumbai","/wiki/Kharghar","/wiki/Panvel","/wiki/Pen","/wiki/MSRTC","/wiki/Sindhudurg","/wiki/MSRTC","/wiki/Ratnagiri","/wiki/Kolhapur","/wiki/Sangli","/wiki/Satara","/wiki/Pune","/wiki/MSRTC","/wiki/Solapur","/wiki/Pune","/wiki/Pimpri-Chinchwad","/wiki/MSRTC","/wiki/Nashik","/wiki/Ahmednagar","/wiki/Shrirampur","/wiki/Dhule","/wiki/Jalgaon","/wiki/Aurangabad_district,_Maharashtra","/wiki/MSRTC","/wiki/Jalna_(city)","/wiki/Parbhani","/wiki/Beed","/wiki/Latur","/wiki/Osmanabad","/wiki/Nanded","/wiki/Amravati","/wiki/Buldana","/wiki/Yavatmal","/wiki/Akola_district","/wiki/Nagpur","/wiki/Wardha","/wiki/Gadchiroli","/wiki/Chandrapur","/wiki/Gondia","/wiki/Bhandara","/wiki/Washim","/wiki/Hingoli","/wiki/Nandurbar","/wiki/Wadi","/wiki/Nagpur","/wiki/MSRTC","/wiki/Malegaon","/wiki/Nashik_District","/wiki/Baramati","/wiki/Pune","/wiki/Mumbai","/wiki/Vashi","/wiki/Sanpada","/wiki/Ambejogai","/wiki/Beed","/wiki/Akluj","/wiki/Solapur","/wiki/Panvel","/wiki/Mumbai","/wiki/New_Panvel","/wiki/MSRTC","/wiki/Mumbai","/wiki/Borivali","/wiki/Vasai-Virar","/wiki/Nagpur","/wiki/Bhandara","/wiki/Karad","/wiki/Karad","/wiki/Nashik","/wiki/Meghalaya","/w/index.php?title=List_of_RTO_districts_in_India&action=edit&section=21","/wiki/Government_of_Meghalaya","/wiki/Government_of_Meghalaya","/wiki/Government_of_Meghalaya","/wiki/Jaintia_Hills","/wiki/Shillong","/wiki/West_Khasi_Hills","/wiki/East_Garo_Hills","/wiki/West_Garo_Hills","/wiki/South_Garo_Hills","/wiki/Ri-Bhoi","/wiki/Manipur","/w/index.php?title=List_of_RTO_districts_in_India&action=edit&section=22","/wiki/Imphal","/wiki/Churachandpur","/wiki/Kangpokpi","/wiki/Thoubal","/wiki/Imphal","/wiki/Madhya_Pradesh","/w/index.php?title=List_of_RTO_districts_in_India&action=edit&section=23","/wiki/Government_of_Madhya_Pradesh","/wiki/Government_of_Madhya_Pradesh","/wiki/Government_of_Madhya_Pradesh","/wiki/Bhopal","/wiki/Hoshangabad","/wiki/Morena","/wiki/Gwalior","/wiki/Guna,_India","/wiki/Indore","/wiki/Khargone","/wiki/Dhar","/wiki/Khandwa","/wiki/Ujjain","/wiki/Mandsaur","/wiki/Sagar,_Madhya_Pradesh","/wiki/Chhatarpur","/wiki/Rewa_District","/wiki/Shahdol","/wiki/Satna","/wiki/Jabalpur","/wiki/Katni","/wiki/Seoni","/wiki/Raipur","/wiki/Durg","/wiki/Jagdalpur","/wiki/Bilaspur,_Madhya_Pradesh","/wiki/Ambikapur,_India","/wiki/Chhindwara","/wiki/Rajnandgaon","/wiki/Bhind","/wiki/Sheopur","/wiki/Datia","/wiki/Shivpuri","/wiki/Damoh","/wiki/Panna,_India","/wiki/Tikamgarh","/wiki/Sehore","/wiki/Raisen","/wiki/Rajgarh,_Madhya_Pradesh","/wiki/Vidisha","/wiki/Dewas","/wiki/Shajapur","/wiki/Ratlam","/wiki/Neemuch","/wiki/Jhabua","/wiki/Barwani","/wiki/Harda","/wiki/Betul,_Madhya_Pradesh","/wiki/Narsinghpur","/wiki/Balaghat","/wiki/Mandla","/wiki/Dindori_district","/wiki/Sidhi","/wiki/Umaria","/wiki/Anuppur","/wiki/Singrauli","/wiki/Ashoknagar","/wiki/Burhanpur","/wiki/Alirajpur","/wiki/Mizoram","/w/index.php?title=List_of_RTO_districts_in_India&action=edit&section=24","/wiki/Aizawl","/wiki/Lunglei","/wiki/Saiha","/wiki/Champhai","/wiki/Kolasib","/wiki/Serchhip","/wiki/Lawngtlai","/wiki/Mamit","/wiki/Nagaland","/w/index.php?title=List_of_RTO_districts_in_India&action=edit&section=25","/wiki/Kohima","/wiki/Mokokchung","/wiki/Tuensang","/wiki/Mon,_Nagaland","/wiki/Wokha","/wiki/Zunheboto","/wiki/Dimapur","/wiki/Phek","/wiki/Odisha","/w/index.php?title=List_of_RTO_districts_in_India&action=edit&section=26","#cite_note-2","#cite_note-3","#cite_note-4","#cite_note-5","/wiki/Balasore","/wiki/Bhubaneswar","/wiki/Bolangir","/wiki/Chandikhol","/wiki/Cuttack","/wiki/Dhenkanal,_India","/wiki/Ganjam","/wiki/Kalahandi","/wiki/Keonjhar","/wiki/Koraput","/wiki/Mayurbhanj_district","/wiki/Phulabani","/wiki/Puri","/wiki/Rourkela","/wiki/Sambalpur","/wiki/Sundergarh","/wiki/Baragarh","/wiki/Rayagada","/wiki/Angul","/wiki/Gajapati","/wiki/Jagatsinghpur","/wiki/Bhadrak","/wiki/Jharsuguda","/wiki/Nabarangpur","/wiki/Nayagarh","/wiki/Nuapada","/wiki/Boudh","/wiki/Debagarh","/wiki/Kendrapara","/wiki/Malkangiri","/wiki/Sonepur_district","/wiki/Punjab_(India)","/w/index.php?title=List_of_RTO_districts_in_India&action=edit&section=27","/wiki/Chandigarh","/wiki/Punjab_(India)","/wiki/Amritsar","/wiki/Bathinda","/wiki/Faridkot,_India","/wiki/Ferozepur","/wiki/Gurdaspur","/wiki/Hoshiarpur","/wiki/Jalandhar","/wiki/Kapurthala","/wiki/Ludhiana","/wiki/Patiala","/wiki/Ropar","/wiki/Sangrur","/wiki/Ajnala,_India","/wiki/Abohar","/wiki/Anandpur_Sahib","/wiki/Baba_Bakala","/wiki/Batala","/wiki/Barnala","/wiki/Balachaur","/wiki/Dasuya","/wiki/Fazilka","/wiki/Fatehgarh_Sahib","/wiki/Garhshankar","/wiki/Jagraon","/wiki/Khanna_(city)","/wiki/Kharar,_Mohali","/wiki/Malerkotla","/wiki/Moga,_Punjab","/wiki/Muktsar","/wiki/Mansa","/wiki/Nawanshahr","/wiki/Nakodar","/wiki/Nabha","/wiki/Pathankot","/wiki/Phagwara","/wiki/Phillaur","/wiki/Patti,_Punjab","/wiki/Rajpura","/wiki/Rampura_Phul","/wiki/Sultanpur_Lodhi","/wiki/Samana,_India","/wiki/Samrala","/wiki/Sunam","/wiki/Talwandi_Sabo","/wiki/Tarn_Taran_Sahib","/wiki/Zira,_India","/wiki/Amloh","/w/index.php?title=Khamano&action=edit&redlink=1","/wiki/Budhlada","/wiki/Jhunir","/wiki/Sardulgarh","/wiki/Bassi_Pathana","/wiki/Malout","/wiki/Mukerian","/wiki/Payal,_India","/wiki/Raikot","/wiki/Bhulath","/wiki/Dera_Baba_Nanak","/wiki/Dhuri","/wiki/Gidderbaha","/wiki/Jalalabad","/wiki/Jaitu","/w/index.php?title=Khadoor_Sahib&action=edit&redlink=1","/wiki/Moonak","/wiki/Mohali","/w/index.php?title=Nihal_Singh_Wala&action=edit&redlink=1","/wiki/Shahkot_(India)","/wiki/Dhar_Kalan","/wiki/Bagha_Purana","/wiki/Dera_Bassi","/wiki/Chamkaur_Sahib","/w/index.php?title=Patran,_India&action=edit&redlink=1","/w/index.php?title=Tappa_Mandi&action=edit&redlink=1","/wiki/Nangal","/w/index.php?title=Lehra&action=edit&redlink=1","/wiki/Puducherry","/w/index.php?title=List_of_RTO_districts_in_India&action=edit&section=28","/wiki/Pondicherry_district","/wiki/Karaikal","/wiki/Mah%C3%A9,_Pondicherry","/wiki/Yanam_district","/wiki/Rajasthan","/w/index.php?title=List_of_RTO_districts_in_India&action=edit&section=29","/wiki/Ajmer","/wiki/Alwar","/wiki/Banswara","/wiki/Barmer,_Rajasthan","/wiki/Bharatpur,_India","/wiki/Bhilwara","/wiki/Bikaner","/wiki/Bundi","/wiki/Chittaurgarh","/wiki/Churu","/wiki/Dholpur","/wiki/Dungarpur","/wiki/Sri_Ganganagar","/wiki/Jaipur","/wiki/Jaisalmer","/wiki/Jalore","/wiki/Jhalawar","/wiki/Jhunjhunu","/wiki/Jodhpur","/wiki/Kota,_Rajasthan","/wiki/Nagaur","/wiki/Pali","/wiki/Sikar","/wiki/Sirohi","/wiki/Sawai_Madhopur","/wiki/Tonk,_India","/wiki/Udaipur","/wiki/Baran,_Rajasthan","/wiki/Dausa","/wiki/Rajsamand","/wiki/Hanumangarh","/wiki/Kotputli","/wiki/Ramganj_Mandi","/wiki/Karauli","/wiki/Pratapgarh,_Rajasthan","/wiki/Beawar","/wiki/Didwana","/wiki/Balotra","/wiki/Bhiwadi","/wiki/Chomu","/wiki/Kishangarh","/w/index.php?title=Faloudi&action=edit&redlink=1","/wiki/Sujangarh","/wiki/Jaipur","/wiki/Abu_Road","/wiki/Sikkim","/w/index.php?title=List_of_RTO_districts_in_India&action=edit&section=30","/wiki/Gangtok","/wiki/Gyalshing","/wiki/Mangan,_India","/wiki/Jorethang","/wiki/Tamil_Nadu","/w/index.php?title=List_of_RTO_districts_in_India&action=edit&section=31","/wiki/Chennai","/wiki/Ayanavaram","/wiki/Chennai","/wiki/Anna_Nagar","/wiki/Chennai","/wiki/Tondiarpet","/wiki/Chennai","/wiki/Kolathur,_Chennai","/wiki/Chennai","/wiki/Vyasarpadi","/wiki/Chennai","/wiki/Mandaveli","/wiki/Chennai","/wiki/Thiruvanmiyur","/wiki/Chennai","/wiki/K.K.Nagar","/wiki/Chennai","/wiki/Virugambakkam","/wiki/Tambaram","/wiki/Sholinganallur","/wiki/Poonamalee","/wiki/Ulundurpet","/wiki/Kallakurichi","/wiki/Tindivanam","/wiki/Sengundram","/wiki/Ambattur","/wiki/Chengalpattu","/wiki/Madurantakam","/wiki/Tiruvallur","/wiki/Kanchipuram","/wiki/Sriperumbudur","/wiki/Chennai","/wiki/Alandur","/wiki/Vellore","/wiki/Vaniyambadi","/wiki/Tiruppattur","/wiki/Gudiyattam","/wiki/Krishnagiri","/wiki/Thiruvannamalai_District","/wiki/Salem","/wiki/Namakkal","/wiki/Rasipuram","/wiki/Dharmapuri_district","/wiki/Salem,_Tamil_Nadu","/wiki/Omalur","/wiki/Cuddalore_District","/wiki/Villupuram","/wiki/Erode","/wiki/Thiruchengode","/wiki/Gobichettipalayam","/wiki/Coimbatore","/wiki/Peelamedu","/wiki/Sulur","/wiki/Coimbatore","/wiki/Thudiyalur","/wiki/Tirupur","/wiki/Avinashi","/wiki/Mettupalayam,_Coimbatore","/wiki/Annur","/wiki/Pollachi","/wiki/Tirupur","/wiki/Kangeyam","/wiki/Nilgiris","/wiki/Tiruchirapalli","/wiki/Manapparai","/wiki/Perambalur_District","/wiki/Karur_District","/wiki/Srirangam","/wiki/Musiri","/wiki/Thuraiyur","/wiki/Thanjavur","/wiki/Pattukottai","/wiki/Tiruvarur_District","/wiki/Nagapattinam_District","/wiki/Sankagiri","/wiki/Mettur","/wiki/Salem,_Tamil_Nadu","/wiki/Pudukottai_District","/wiki/Perundurai","/wiki/Dindigul_District","/wiki/Madurai","/wiki/Tirumangalam,_Madurai","/wiki/Madurai","/wiki/Melur","/wiki/Vadipatti","/wiki/Theni_District","/wiki/Ariyalur_District","/wiki/Sivagangai_District","/wiki/Madurai","/wiki/Ramanathapuram_District","/wiki/Coimbatore","/wiki/Gandhipuram","/wiki/Virudhunagar_District","/wiki/Kumbakonam","/wiki/Tuticorin_District","/wiki/Hosur","/wiki/Tirunelveli","/wiki/Nanguneri","/wiki/Ranipet","/wiki/Arakkonam","/wiki/Nagercoil","/wiki/Kanyakumari","/wiki/Marthandam","/wiki/Tenkasi","/wiki/Ambasamudram","/wiki/Attur","/wiki/Dharapuram","/wiki/Udumalpet","/wiki/Sankarankovil","/wiki/Tiruchirapalli","/wiki/Thiruverumbur","/wiki/Namakkal","/wiki/Paramathi","/wiki/TNSTC","/wiki/Govt._of_Tamil_Nadu","/wiki/Tripura","/w/index.php?title=List_of_RTO_districts_in_India&action=edit&section=32","/wiki/Agartala","/wiki/Kailashahar","/wiki/Udaipur,_Tripura","/wiki/Uttarakhand","/w/index.php?title=List_of_RTO_districts_in_India&action=edit&section=33","/wiki/Almora","/wiki/Bageshwar","/wiki/Champawat","/wiki/Nanital","/wiki/Pithoragarh","/wiki/Udham_Singh_Nagar","/wiki/Dehra_Dun","/wiki/Haridwar","/wiki/Tehri","/wiki/Uttarkashi","/wiki/Chamoli","/wiki/Pauri","/wiki/Rudraprayag","/wiki/Uttar_Pradesh","/w/index.php?title=List_of_RTO_districts_in_India&action=edit&section=34","/wiki/Almora","/wiki/Uttarakhand","/wiki/Haldwani","/wiki/Uttarakhand","/wiki/Pithoragarh","/wiki/Uttarakhand","/wiki/Udham_Singh_Nagar","/wiki/Uttarakhand","/wiki/Chamoli","/wiki/Uttarakhand","/wiki/Pauri","/wiki/Uttarakhand","/wiki/Dehradun","/wiki/Uttarakhand","/wiki/Tehri","/wiki/Uttarakhand","/wiki/Uttarkashi","/wiki/Uttarakhand","/wiki/Haridwar","/wiki/Uttarakhand","/wiki/Saharanpur","/wiki/Muzaffarnagar","/wiki/Bulandshahar","/wiki/Ghaziabad,_India","/wiki/Meerut","/wiki/New_Okhla_Industrial_Development_Authority","/wiki/Gautam_Buddha_Nagar","/wiki/Baghpat","/wiki/Shamli_district","/wiki/Shamli","/wiki/Bijnor","/wiki/Moradabad","/wiki/Rampur,_Uttar_Pradesh","/wiki/Rampur,_Uttar_Pradesh","/wiki/Rampur,_Uttar_Pradesh","/wiki/Jyotiba_Phule_Nagar","/wiki/Badaun","/wiki/Bareilly","/wiki/Pilibhit","/wiki/Shahjahanpur","/wiki/Ayodhya","/wiki/Hardoi","/wiki/Kheri","/wiki/Lucknow","/wiki/Raebareli","/wiki/Raebareli","/wiki/Raebareli","/wiki/Sitapur","/wiki/Unnao","/wiki/Unnao","/wiki/Lucknow","/wiki/Hapur","/wiki/Bahraich","/wiki/Barabanki_district","/wiki/Faizabad","/wiki/Gonda_district","/wiki/Sultanpur,_Uttar_Pradesh","/wiki/Ambedkar_Nagar","/wiki/Shrawasti","/wiki/Balrampur","/wiki/Azamgarh","/wiki/Azamgarh","/wiki/Azamgarh","/wiki/Basti,_Uttar_Pradesh","/wiki/Deoria_district","/wiki/Gorakhpur","/wiki/Gorakhpur","/wiki/Gorakhpur","/wiki/Mau","/wiki/Siddharthnagar_district","/wiki/Mahrajganj,_Uttar_Pradesh","/wiki/Padrauna","/wiki/Sant_Kabir_Nagar","/wiki/Ballia","/wiki/Ghazipur","/wiki/Jaunpur,_Uttar_Pradesh","/wiki/Jaunpur,_Uttar_Pradesh","/wiki/Mirzapur","/wiki/Sonbhadra","/wiki/Varanasi","/wiki/Bhadohi","/wiki/Chandauli","/wiki/Allahabad","/wiki/Fatehpur,_Uttar_Pradesh","/wiki/Pratapgarh,_Uttar_Pradesh","/wiki/Kaushambi","/wiki/Kannauj","/wiki/Etawah","/wiki/Etawah","/wiki/Farrukhabad","/wiki/Kanpur_Dehat","/wiki/Kanpur","/wiki/Kanpur","/wiki/Kanpur","/wiki/Auraiya","/wiki/Agra","/wiki/Aligarh","/wiki/Etah","/wiki/Firozabad","/wiki/Mainpuri","/wiki/Mathura,_Uttar_Pradesh","/wiki/Mahamaya_Nagar","/wiki/Kanshiram_Nagar","/wiki/Banda,_Uttar_Pradesh","/wiki/Hamirpur,_Uttar_Pradesh","/wiki/Jalaun","/wiki/Jhansi","/wiki/Jhansi","/wiki/Jhansi","/wiki/Lalitpur,_India","/wiki/Mahoba","/wiki/Mahoba","/wiki/Mahoba","/wiki/Chitrakoot_Dham_(Karwi)","/wiki/West_Bengal","/w/index.php?title=List_of_RTO_districts_in_India&action=edit&section=35","/wiki/Kolkata","/wiki/Kolkata","/wiki/Kolkata","/wiki/Kolkata","/wiki/Kolkata","/wiki/Kolkata","/wiki/Kolkata","/wiki/Kolkata","/wiki/Kolkata","/wiki/Howrah","/wiki/Howrah","/wiki/Howrah","/wiki/Howrah","/wiki/Hugli-Chuchura","/wiki/Hugli-Chuchura","/wiki/Hugli-Chuchura","/wiki/Hugli-Chuchura","/wiki/South_24_Parganas","/wiki/South_24_Parganas","/wiki/South_24_Parganas","/wiki/South_24_Parganas","/wiki/Barrackpore","/wiki/Barrackpore","/wiki/Barasat","/wiki/Barasat","/wiki/Tamluk","/wiki/Tamluk","/wiki/Contai","/wiki/Contai","/wiki/Midnapur","/wiki/Midnapur","/wiki/Asansol","/wiki/Asansol","/wiki/Durgapur,_West_Bengal","/wiki/Durgapur,_West_Bengal","/wiki/Burdwan","/wiki/Burdwan","/wiki/Asansol","/wiki/Nadia_district","/wiki/Nadia_district","/wiki/Birbhum","/wiki/Birbhum","/wiki/Purulia","/wiki/Purulia","/wiki/Murshidabad","/wiki/Murshidabad","/wiki/Raiganj","/wiki/Raiganj","/wiki/Balurghat","/wiki/Balurghat","/wiki/Cooch_Behar","/wiki/Cooch_Behar","/wiki/Malda","/wiki/Malda","/wiki/Bankura","/wiki/Bankura","/wiki/Alipurduar","/wiki/Alipurduar","/wiki/Jalpaiguri","/wiki/Jalpaiguri","/wiki/Siliguri","/wiki/Siliguri","/wiki/Darjeeling","/wiki/Darjeeling","/wiki/Kalimpong","/wiki/Kalimpong","/wiki/Kalyani,_West_Bengal","/w/index.php?title=List_of_RTO_districts_in_India&action=edit&section=36","/wiki/Vehicle_registration_plates_of_India","/w/index.php?title=List_of_RTO_districts_in_India&action=edit&section=37","#cite_ref-1","http://www.thehindu.com/todays-paper/tp-national/tp-karnataka/article2786513.ece","/wiki/The_Hindu","#cite_ref-2","http://www.telegraphindia.com/1120719/jsp/odisha/story_15744103.jsp#.UD-hLaAbttZ","#cite_ref-3","http://www.dailypioneer.com/state-editions/bhubaneswar/81480-number-plate-change-from-sept-1.html","#cite_ref-4","http://www.mbctv.co.in/viewnews.php?news_id=10395","#cite_ref-5","http://www.m.orissadiary.com/article.asp?.src=hd.35196","/w/index.php?title=List_of_RTO_districts_in_India&action=edit&section=38","//upload.wikimedia.org/wikipedia/en/thumb/4/4a/Commons-logo.svg/30px-Commons-logo.svg.png","//commons.wikimedia.org/wiki/Category:RTO_maps_of_India","http://parivahan.nic.in/","https://sarathi.nic.in:8443/nrportal/sarathi/RtoDetailsRequest.jsp","http://www.aptransport.org/html/FIRSTSCHD.htm","http://rto.kar.nic.in","http://www.hindu.com/2006/06/18/stories/2006061811810100.htm","http://tcmp.nic.in/2a.pdf","http://www.orissa.gov.in/commerce%26transport/RTOoffice.htm","http://punjabtransport.nic.in/html/registration.htm","http://www.tn.gov.in/sta/a2.pdf","http://gov.ua.nic.in/transport/","/wiki/Template:Transport_in_India","/wiki/Template_talk:Transport_in_India","//en.wikipedia.org/w/index.php?title=Template:Transport_in_India&action=edit","/wiki/Transport_in_India","/wiki/National_Highways_Authority_of_India","/wiki/National_Highways_Development_Project","/wiki/Ministry_of_Road_Transport_and_Highways","/wiki/List_of_National_Highways_in_India","/wiki/Indian_Expressways","/wiki/Motor_Vehicles_Act,_1988","/wiki/India","//upload.wikimedia.org/wikipedia/en/thumb/4/41/Flag_of_India.svg/40px-Flag_of_India.svg.png","/wiki/Rail_transport_in_India","/wiki/Indian_Railways","/wiki/High-speed_rail_in_India","/wiki/Ministry_of_Railways_(India)","/wiki/Dedicated_Freight_Corridor_Corporation_of_India","/wiki/List_of_railway_stations_in_India","/wiki/Suburban_rail_in_India","/wiki/Rapid_transit_in_India","/wiki/Multi-modal_International_Cargo_Hub_and_Airport_at_Nagpur","/wiki/List_of_airports_in_India","/wiki/List_of_airlines_of_India","/wiki/List_of_low-cost_airlines#India","/wiki/Shipping_Corporation_of_India","/wiki/Ports_in_India","/wiki/Ministry_of_Shipping_(India)","/wiki/Inland_Waterways_Authority_of_India","/wiki/Regional_Transport_Office","/wiki/Vehicle_registration_plates_of_India","/wiki/Driving_licence_in_India","/wiki/Road_signs_in_India","/wiki/Speed_limits_in_India","/wiki/Vehicle_beacon_lights_in_India","/wiki/Portal:Contents/Portals","//upload.wikimedia.org/wikipedia/en/thumb/4/41/Flag_of_India.svg/30px-Flag_of_India.svg.png","/wiki/Portal:India","//upload.wikimedia.org/wikipedia/commons/thumb/a/a3/Nuvola_apps_ksysv.png/30px-Nuvola_apps_ksysv.png","/wiki/Portal:Transport","//upload.wikimedia.org/wikipedia/commons/thumb/1/18/Sportcar_sergio_luiz_ara_01.svg/30px-Sportcar_sergio_luiz_ara_01.svg.png","/wiki/Portal:Cars","//en.wikipedia.org/w/index.php?title=Special:CentralAutoLogin/start&type=1x1&from=enwiki","http://en.wikipedia.org/w/index.php?title=List_of_RTO_districts_in_India&oldid=565596339","/wiki/Help:Categories","/wiki/Category:Vehicle_registration_plates","/wiki/Category:India_transport-related_lists","/wiki/Category:Districts_of_India-related_lists","/wiki/Category:Commons_category_without_a_link_on_Wikidata","/w/index.php?title=Special:UserLogin&returnto=List+of+RTO+districts+in+India&type=signup","/w/index.php?title=Special:UserLogin&returnto=List+of+RTO+districts+in+India","/wiki/List_of_RTO_districts_in_India","/wiki/Talk:List_of_RTO_districts_in_India","#","/wiki/List_of_RTO_districts_in_India","/w/index.php?title=List_of_RTO_districts_in_India&action=edit","/w/index.php?title=List_of_RTO_districts_in_India&action=history","#","/w/index.php","//bits.wikimedia.org/static-1.22wmf10/skins/vector/images/search-ltr.png?303-4","/wiki/Main_Page","/wiki/Main_Page","/wiki/Portal:Contents","/wiki/Portal:Featured_content","/wiki/Portal:Current_events","/wiki/Special:Random","//donate.wikimedia.org/wiki/Special:FundraiserRedirector?utm_source=donate&utm_medium=sidebar&utm_campaign=C13_en.wikipedia.org&uselang=en","/wiki/Help:Contents","/wiki/Wikipedia:About","/wiki/Wikipedia:Community_portal","/wiki/Special:RecentChanges","//en.wikipedia.org/wiki/Wikipedia:Contact_us","/wiki/Special:WhatLinksHere/List_of_RTO_districts_in_India","/wiki/Special:RecentChangesLinked/List_of_RTO_districts_in_India","/wiki/Wikipedia:File_Upload_Wizard","/wiki/Special:SpecialPages","/w/index.php?title=List_of_RTO_districts_in_India&oldid=565596339","/w/index.php?title=List_of_RTO_districts_in_India&action=info","/w/index.php?title=Special:Cite&page=List_of_RTO_districts_in_India&id=565596339","/w/index.php?title=Special:Book&bookcmd=book_creator&referer=List+of+RTO+districts+in+India","/w/index.php?title=Special:Book&bookcmd=render_article&arttitle=List+of+RTO+districts+in+India&oldid=565596339&writer=rl","/w/index.php?title=List_of_RTO_districts_in_India&printable=yes","//de.wikipedia.org/wiki/Kfz-Kennzeichen_(Indien)","#","//en.wikipedia.org/wiki/Wikipedia:Text_of_Creative_Commons_Attribution-ShareAlike_3.0_Unported_License","//creativecommons.org/licenses/by-sa/3.0/","//wikimediafoundation.org/wiki/Terms_of_Use","//wikimediafoundation.org/wiki/Privacy_policy","//www.wikimediafoundation.org/","//wikimediafoundation.org/wiki/Privacy_policy","/wiki/Wikipedia:About","/wiki/Wikipedia:General_disclaimer","//en.wikipedia.org/wiki/Wikipedia:Contact_us","//en.m.wikipedia.org/wiki/List_of_RTO_districts_in_India","//wikimediafoundation.org/","//bits.wikimedia.org/images/wikimedia-button.png","//www.mediawiki.org/","//bits.wikimedia.org/static-1.22wmf10/skins/common/images/poweredby_mediawiki_88x31.png","//bits.wikimedia.org/en.wikipedia.org/load.php?debug=false&lang=en&modules=site&only=scripts&skin=vector&*"],"instances":["india","princely_state","karwi","kerala","jammu_and_kashmir","city","city","delhi_metro","india","india","city","city"],"pdf":["http://tcmp.nic.in/2a.pdf","http://www.tn.gov.in/sta/a2.pdf"],"categories":["Vehicle registration plates|Indian RTO","India transport-related lists|RTO","Districts of India-related lists"],"headings":["(two letter code)&mdash;[[state name]]","AN&mdash;[[Andaman & Nicobar Islands]]","AP&mdash;[[Andhra Pradesh]]","AR&mdash;[[Arunachal Pradesh]]","AS&mdash;[[Assam]]","BR&mdash;[[Bihar]]","CG&mdash;[[Chhattisgarh]]","CH&mdash;[[Chandigarh]]","DD&mdash;[[Daman and Diu]]","DL&mdash;[[Delhi]]","DN&mdash;[[Dadra & Nagar Haveli]]","GA&mdash;[[Goa]]","GJ—[[Gujarat]]","HP&mdash;[[Himachal Pradesh]]","HR&mdash;[[Haryana]]","JH&mdash;[[Jharkhand]]","JK&mdash;[[Jammu & Kashmir]]","KA&mdash;Karnataka","KL&mdash;Kerala","LD&mdash;[[Lakshadweep]]","MH&mdash;[[Maharashtra]]","ML&mdash;[[Meghalaya]]","MN&mdash;[[Manipur]]","MP&mdash;[[Madhya Pradesh]]","MZ&mdash;[[Mizoram]]","NL&mdash;[[Nagaland]]","OD&mdash;[[Odisha]]","PB&mdash;[[Punjab (India)|Punjab]]","PY&mdash;[[Puducherry]]","RJ&mdash;[[Rajasthan]]","SK&mdash;[[Sikkim]]","TN&mdash;[[Tamil Nadu]]","TR&mdash;[[Tripura]]","UK&mdash;[[Uttarakhand]]","UP&mdash;[[Uttar Pradesh]]","WB&mdash;[[West Bengal]]","See also","References","Sources"],"image":["//upload.wikimedia.org/wikipedia/commons/thumb/5/59/IndiaStatesByRTOcodes.png/300px-IndiaStatesByRTOcodes.png","//bits.wikimedia.org/static-1.22wmf10/skins/common/images/magnify-clip.png","//upload.wikimedia.org/wikipedia/commons/thumb/9/9a/Districts_of_Assam_with_RTO_Codes_for_Vehicle_Registration-01.png/400px-Districts_of_Assam_with_RTO_Codes_for_Vehicle_Registration-01.png","//bits.wikimedia.org/static-1.22wmf10/skins/common/images/magnify-clip.png","//upload.wikimedia.org/wikipedia/en/thumb/4/4a/Commons-logo.svg/30px-Commons-logo.svg.png","//upload.wikimedia.org/wikipedia/en/thumb/4/41/Flag_of_India.svg/40px-Flag_of_India.svg.png","//upload.wikimedia.org/wikipedia/en/thumb/4/41/Flag_of_India.svg/30px-Flag_of_India.svg.png","//upload.wikimedia.org/wikipedia/commons/thumb/a/a3/Nuvola_apps_ksysv.png/30px-Nuvola_apps_ksysv.png","//upload.wikimedia.org/wikipedia/commons/thumb/1/18/Sportcar_sergio_luiz_ara_01.svg/30px-Sportcar_sergio_luiz_ara_01.svg.png","//en.wikipedia.org/w/index.php?title=Special:CentralAutoLogin/start&type=1x1&from=enwiki","//bits.wikimedia.org/static-1.22wmf10/skins/vector/images/search-ltr.png?303-4","//bits.wikimedia.org/images/wikimedia-button.png","//bits.wikimedia.org/static-1.22wmf10/skins/common/images/poweredby_mediawiki_88x31.png"],"tags":[["tirupati","city"],["janakpuri_west","delhi_metro"],["national_capital_region","india"],["national_capital_region","india"],["national_capital_region","india"],["national_capital_region","india"],["national_capital_region","india"],["amb","princely_state"],["nuh","city"],["nuh","city"],["ramban","jammu_and_kashmir"],["kunnathur","kerala"],["jalna","city"],["punjab","india"],["khanna","city"],["shahkot","india"],["chitrakoot_dham","karwi"]],"members":["punjab","amb","chitrakoot_dham","kunnathur","ramban","khanna","jalna","janakpuri_west","shahkot","national_capital_region","tirupati","nuh"],"related":["Regional_Transport_Office","Vehicle_registration_plates_of_India","States_and_territories_of_India","Union_Territory","District_name","District_name","","","","Port_Blair","Car_Nicobar","Adilabad","Mancherial","Nirmal","Anantapur","Hindupur","Chittoor","Tirupati_(city)","Madanapalle","Kadapa","Proddatur","Kakinada","Amalapuram","Rajahmundry","Guntur","Piduguralla","Narasaraopet","Repalle","Hyderabad,India","Hyderabad,India","Hyderabad,India","Hyderabad,India","Hyderabad,India","Karimnagar","Jagtial","Peddapalli","Vijayawada","Gudivada","Machilipatnam","Nandigama","Nuzvid","Khammam","Kothagudem","Sathupally","Yellandu","Kurnool","Adoni","Nandyal","Mahbubnagar","Pebbair","Gadwal","Sangareddy","Siddipet","Patancheru","Nalgonda","Suryapet","Miryalaguda","Bhongir","Bibinagar","Nizamabad_district","Kamareddy","Nellore","Kavali","Gudur","Sullurpeta","Naidupet","Ongole","Chirala","Markapur","Attapur","Kukatpally","Medchal","Uppal_Kalan","Ibrahimpatnam,_Ranga_Reddy_district","Srikakulam","Tekkali","Palasa","Sompeta","Ichchapuram","Kaviti","Visakhapatnam","Gajuwaka","Anakapalli","Vizianagaram","Warangal","Jangaon","Mahabubabad","Eluru","Jangareddygudem","Kovvur","Tadepalligudem","Tanuku","Bhimavaram","Palakollu","Chintalapudi","Andhra_Pradesh_Police","APSRTC","Itanagar","Tawang_Town","Bomdila","Seppa","Ziro","Daporijo","Along,_Arunachal_Pradesh","Pasighat","Anini","Lohit_district","Changlang","Khonsa","Yingkiong","Kurung_Kumey","Guwahati","Kamrup_Metropolitan_district","Nagaon","Jorhat","Sibsagar","Golaghat","Dibrugarh","Lakhimpur_district","Dima_Hasao","Karbi_Anglong","Karimganj","Cachar","Sonitpur","Darrang","Nalbari","Barpeta","Kokrajhar","Dhubri","Goalpara","Bongaigaon","Assam_State_Transport_Corporation","Marigaon","Dhemaji","Tinsukia","Hailakandi","Dispur","Guwahati","Chirang_district","Udalguri","Baksa_district","Patna","Gaya,_India","Bhojpur_district,_India","Chhapra","Motihari","Muzaffarpur","Darbhanga","Munger","Jamalpur,_Munger","Begusarai","Bhagalpur","Purnea","Saharsa","Nalanda","Bettiah","Dehri","Jehanabad","Aurangabad_district,_Bihar","Nawada","Gopalganj,_India","Siwan,_Bihar","Sitamarhi","Vaishali_district","Madhubani,_India","Samastipur","Khagaria","Kishanganj","Araria","Katihar","Madhepura","Buxar_district","Bhabua","Jamui","Supaul","Banka,_Bihar","Sheikhpura","Lakhisarai","Sheohar","Arwal","Rohtas_district","Chhattisgarh","Raipur","Dhamtari","Mahasamund","Durg","Rajnandgaon","Kabirdham_district","Bilaspur,_Chhattisgarh","Janjgir-Champa","Korba_District","Raigarh","Jashpur","Ambikapur,_India","Baikunthpur,_Koriya","Jagdalpur","Dantewada","Kanker","Bijapur_district,_Chhattisgarh","Narayanpur,_Assam","Bemetara","Mungeli","Baloda_Bazar","Sukma","Chandigarh","Chandigarh","Diu_district","Daman_district,_India","Delhi","New_Delhi","South_Delhi","Sheikh_Sarai","West_Delhi","Janakpuri_West_(Delhi_Metro)","North_East_Delhi","Loni_Road","Central_Delhi","Sarai_Kale_Khan","East_Delhi","Mayur_Vihar","North_West_Delhi","Wazir_Pur","South_West_Delhi","Janakpuri","Palam","West_Delhi","Raja_Garden","North_West_Delhi","Rohini_Sub_City","South_West_Delhi","Vasant_Vihar","East_Delhi","Surajmal_Vihar","Shahdara","Delhi","Delhi","Delhi","Delhi","Delhi","Delhi","Delhi","Delhi","Delhi","Sonipat","National_Capital_Region_(India)","Haryana","Gurgaon","National_Capital_Region_(India)","Haryana","Faridabad","National_Capital_Region_(India)","Haryana","Noida","National_Capital_Region_(India)","Uttar_Pradesh","Ghaziabad_district,_India","National_Capital_Region_(India)","Uttar_Pradesh","Dadra_&_Nagar_Haveli","North_Goa_district","South_Goa_district","Mapusa","Bicholim","Ponda,_Goa","Vasco_da_Gama,_Goa","Panaji","Margao","Quepem","Canacona","Pernem","Ahmedabad","Mehsana","Rajkot","Bhavnagar","Surat","Vadodara","Kheda","Banaskantha","Sabarkantha","Jamnagar","Junagadh","Kutch","Surendranagar","Amreli","Rajula","Valsad","Bharuch","Panchmahal","Gandhinagar","Bardoli","Dahod","Navsari","Narmada_district","Anand_district","Patan,_Gujarat","Porbandar","Vyara","Ahmedabad","Surat","Vadodara","Dang","Gandhidham","Botad","Chhota_Udaipur","Dwarka","Mahisagar","Morbi","Shimla","Shimla","Dharamsala,_Himachal_Pradesh","Mandi,_India","Rampur,_Himachal_Pradesh","Shimla","Chaupal,_Himachal_Pradesh","Theog","Rohru","Arki,_India","Nalagarh","Kandaghat","Solan_district","Parwanoo","Rajgarh,_Himachal_Pradesh","Paonta_Sahib","Nahan","Amb_(princely_state)","Una,_Himachal_Pradesh","Barsar","Hamirpur,_Himachal_Pradesh","Ghumarwin","Bilaspur,_Himachal_Pradesh","Kalpa,_Himachal_Pradesh","Nichar","Pooh","Sarkaghat","Jogindernagar","Karsog","Sundernagar","Mandi,_India","Mandi,_India","Kullu","Anni,_India","Dehra","Palampur","Nurpur,_India","Dharamsala,_Himachal_Pradesh","Kangra,_Himachal_Pradesh","Kaza,_Himachal_Pradesh","Keylong","Udaipur,_Himachal_Pradesh","Churah","Pangi,_Himachal_Pradesh","Bharmour","Dalhousie,_India","Chamba,_Himachal_Pradesh","Banjar,_India","Shimla","Shimla","Baijnath,_Himachal_Pradesh","Jawali,_Himachal_Pradesh","Nadaun","Hamirpur,_Himachal_Pradesh","Jaisinghpur","Chowari","Manali,_Himachal_Pradesh","DodraKwar","Shimla","Solan_district","Mandi_district","Kullu","Hamirpur,_Himachal_Pradesh","Dharamsala,_Himachal_Pradesh","Bilaspur_district,_Himachal_Pradesh","Nahan","Una,_Himachal_Pradesh","Chamba,_Himachal_Pradesh","Bhoranj","Paddhar","Ambala","Yamuna_Nagar","Panchkula","Naraingarh","Karnal","Panipat","Kurukshetra_district","Kaithal","Guhla","Sonepat","Gohana","Rohtak","Bahadurgarh","Jhajjar","Meham","Bhiwani","Siwani","Loharu","Charkhi_Dadri","Hisar_District","Hansi","Fatehabad_district","Tohana","Sirsa_district","Dabwali","Gurgaon","Nuh_(city)","Ferozepur_Jhirka","Ballabgarh","Palwal","Jind","Narwana","Safidon","Mohindergarh","Narnaul","Rewari","Ambala","Faridabad","Hisar_District","Assandh","Pehowa","Ganaur","Kosli","Ellenabad","Karnal","Rohtak","Rewari","Tosham","Kalka","Hodal","Faridabad","Hatin","Adampur","Ambala","Barara","Gurgaon","Jind","Sirsa_district","Jagadhari","Yamuna_Nagar","Ratia","Samalkha","Bhiwani","Fatehabad_district","Jhajjar","Kaithal","Kurukshetra","Narnaul","Panipat","Panchkula","Sonipat","Chandigarh","Bilaspur,_Haryana","Gurgaon","Palwal","Mewat","Nuh_(City)","Indri,_Haryana","Pataudi","Beri,_Haryana","Sahabad","Kharkhoda","Barwala,_Hisar","Sonipat","Kundli","Ranchi","Hazaribagh","Ramgarh,_Jharkhand","Daltonganj","Dumka","Jamshedpur","Chaibasa","Gumla","Lohardaga","Bokaro_Steel_City","Dhanbad","Giridih","Koderma","Chatra","Garhwa","Deoghar","Pakur","Godda","Sahibganj","Latehar","Simdega","Jamtara","Saraikela-Kharsawan","Srinagar","Jammu","Anantnag","Budgam","Baramulla","Doda","Kargil_town","Kathua","Kupwara","Leh","Rajouri","Poonch","Pulwama","Udhampur","Bandipora","Ganderbal","Kishtwar","Kulgam","Ramban_(Jammu_and_Kashmir)","Reasi","Samba","Shopian","Bangalore","Bangalore","Bangalore","Bangalore","Bangalore","Tumkur","Kolar","Kolar_Gold_Fields","Mysore","Chamrajnagar","Mandya","Madikeri","Hassan,_India","Shimoga","Sagara,_Karnataka","Chitradurga","Davangere","Chickmagalur","Mangalore","Udupi","Puttur,_Karnataka","Belgaum","Chikkodi","Bailhongal","Dharwad","Gadag","Haveri","Bijapur,_Karnataka","Bagalkot","Karwar","Sirsi,_Karnataka","Gulbarga","Yadgir","Bellary","Hospet","Raichur","Koppal","Bidar","Bhalki","Chikkaballapur","Bangalore","Kengeri","Ramanagara","Devanahalli","Bangalore_Rural_District","Tiptur","Hunsur","Sakleshpur","Honnavar","Jamkhandi","Gokak","Bangalore","Yelahanka","Bangalore","Electronics_City","Nelamangala","Bangalore_Rural_District","Bangalore","Krishnarajapuram","Nagamangala","Mysore","Basavakalyan","Shantinagar_Bus_Station","Bangalore_Urban_district","Karnataka_State_Road_Transport_Corporation","Bangalore_Metropolitan_Transport_Corporation","Karnataka_State_Road_Transport_Corporation","Bangalore_Metropolitan_Transport_Corporation","Thiruvananthapuram","Kollam","Pathanamthitta","Alappuzha","Kottayam","Idukki","Eranakulam","Thrissur","Palakkad","Malappuram","Kozhikode","Wayanad","Kannur","Kasargode","Kerala_State_Road_Transport_Corporation","Attingal","Thiruvananthapuram","Muvattupuzha","Vadakara","Parassala","Neyyattinkara","Nedumangad","Kazhakkoottam","Thiruvananthapuram","Karunagapally","Kottarakara","Punalur","Adoor","Thiruvalla","Mallappally","Kayamkulam","Chengannur","Mavelikara","Cherthala","Changanassery","Kanjirappally","Palai","Vaikom","Vandiperiyar","Thodupuzha","Thripunithura","Perumbavoor","Aluva","North_Paravur","Mattancherry","Eranakulam","Kothamangalam","Irinjalakuda","Guruvayur","Kodungallur","Wadakkancherry","Alathur","Mannarghat","Ottappalam","Pattambi","Perinthalmanna","Ponnani","Tirur","Koyilandi","Koduvally","Thalassery","Thaliparamba","Kanhangad","Kunnathur_(Kerala)","Ranni","Angamaly","Chalakkudy","Thirurangadi","Kuttanadu","Uzhavoor","Devikulam","Udumbanchola","Chittur","Nilambur","Mananthavady","Sulthan_Bathery","Kavaratti","Agatti","Amini,_India","Andrott","Kadmat","Kiltan","Chetlat","Kalpeni","Minicoy","Mumbai","Tardeo","Mumbai","Andheri","Mumbai","Ghatkopar","Thane","Kalyan,_India","Kalyan,_India","Dombivli","Ulhasnagar","Ambernath","Badlapur","Kalyan,_India","Raigad_district","Pen,_India","Navi_Mumbai","Kharghar","Panvel","Pen","MSRTC","Sindhudurg","MSRTC","Ratnagiri","Kolhapur","Sangli","Satara","Pune","MSRTC","Solapur","Pune","Pimpri-Chinchwad","MSRTC","Nashik","Ahmednagar","Shrirampur","Dhule","Jalgaon","Aurangabad_district,_Maharashtra","MSRTC","Jalna_(city)","Parbhani","Beed","Latur","Osmanabad","Nanded","Amravati","Buldana","Yavatmal","Akola_district","Nagpur","Wardha","Gadchiroli","Chandrapur","Gondia","Bhandara","Washim","Hingoli","Nandurbar","Wadi","Nagpur","MSRTC","Malegaon","Nashik_District","Baramati","Pune","Mumbai","Vashi","Sanpada","Ambejogai","Beed","Akluj","Solapur","Panvel","Mumbai","New_Panvel","MSRTC","Mumbai","Borivali","Vasai-Virar","Nagpur","Bhandara","Karad","Karad","Nashik","Government_of_Meghalaya","Government_of_Meghalaya","Government_of_Meghalaya","Jaintia_Hills","Shillong","West_Khasi_Hills","East_Garo_Hills","West_Garo_Hills","South_Garo_Hills","Ri-Bhoi","Imphal","Churachandpur","Kangpokpi","Thoubal","Imphal","Government_of_Madhya_Pradesh","Government_of_Madhya_Pradesh","Government_of_Madhya_Pradesh","Bhopal","Hoshangabad","Morena","Gwalior","Guna,_India","Indore","Khargone","Dhar","Khandwa","Ujjain","Mandsaur","Sagar,_Madhya_Pradesh","Chhatarpur","Rewa_District","Shahdol","Satna","Jabalpur","Katni","Seoni","Raipur","Durg","Jagdalpur","Bilaspur,_Madhya_Pradesh","Ambikapur,_India","Chhindwara","Rajnandgaon","Bhind","Sheopur","Datia","Shivpuri","Damoh","Panna,_India","Tikamgarh","Sehore","Raisen","Rajgarh,_Madhya_Pradesh","Vidisha","Dewas","Shajapur","Ratlam","Neemuch","Jhabua","Barwani","Harda","Betul,_Madhya_Pradesh","Narsinghpur","Balaghat","Mandla","Dindori_district","Sidhi","Umaria","Anuppur","Singrauli","Ashoknagar","Burhanpur","Alirajpur","Aizawl","Lunglei","Saiha","Champhai","Kolasib","Serchhip","Lawngtlai","Mamit","Kohima","Mokokchung","Tuensang","Mon,_Nagaland","Wokha","Zunheboto","Dimapur","Phek","Balasore","Bhubaneswar","Bolangir","Chandikhol","Cuttack","Dhenkanal,_India","Ganjam","Kalahandi","Keonjhar","Koraput","Mayurbhanj_district","Phulabani","Puri","Rourkela","Sambalpur","Sundergarh","Baragarh","Rayagada","Angul","Gajapati","Jagatsinghpur","Bhadrak","Jharsuguda","Nabarangpur","Nayagarh","Nuapada","Boudh","Debagarh","Kendrapara","Malkangiri","Sonepur_district","Chandigarh","Punjab_(India)","Amritsar","Bathinda","Faridkot,_India","Ferozepur","Gurdaspur","Hoshiarpur","Jalandhar","Kapurthala","Ludhiana","Patiala","Ropar","Sangrur","Ajnala,_India","Abohar","Anandpur_Sahib","Baba_Bakala","Batala","Barnala","Balachaur","Dasuya","Fazilka","Fatehgarh_Sahib","Garhshankar","Jagraon","Khanna_(city)","Kharar,_Mohali","Malerkotla","Moga,_Punjab","Muktsar","Mansa","Nawanshahr","Nakodar","Nabha","Pathankot","Phagwara","Phillaur","Patti,_Punjab","Rajpura","Rampura_Phul","Sultanpur_Lodhi","Samana,_India","Samrala","Sunam","Talwandi_Sabo","Tarn_Taran_Sahib","Zira,_India","Amloh","Khamano","Budhlada","Jhunir","Sardulgarh","Bassi_Pathana","Malout","Mukerian","Payal,_India","Raikot","Bhulath","Dera_Baba_Nanak","Dhuri","Gidderbaha","Jalalabad","Jaitu","Khadoor_Sahib","Moonak","Mohali","Nihal_Singh_Wala","Shahkot_(India)","Dhar_Kalan","Bagha_Purana","Dera_Bassi","Chamkaur_Sahib","Patran,_India","Tappa_Mandi","Nangal","Lehra","Pondicherry_district","Karaikal","Mahé,_Pondicherry","Yanam_district","Ajmer","Alwar","Banswara","Barmer,_Rajasthan","Bharatpur,_India","Bhilwara","Bikaner","Bundi","Chittaurgarh","Churu","Dholpur","Dungarpur","Sri_Ganganagar","Jaipur","Jaisalmer","Jalore","Jhalawar","Jhunjhunu","Jodhpur","Kota,_Rajasthan","Nagaur","Pali","Sikar","Sirohi","Sawai_Madhopur","Tonk,_India","Udaipur","Baran,_Rajasthan","Dausa","Rajsamand","Hanumangarh","Kotputli","Ramganj_Mandi","Karauli","Pratapgarh,_Rajasthan","Beawar","Didwana","Balotra","Bhiwadi","Chomu","Kishangarh","Faloudi","Sujangarh","Jaipur","Abu_Road","Gangtok","Gyalshing","Mangan,_India","Jorethang","Chennai","Ayanavaram","Chennai","Anna_Nagar","Chennai","Tondiarpet","Chennai","Kolathur,_Chennai","Chennai","Vyasarpadi","Chennai","Mandaveli","Chennai","Thiruvanmiyur","Chennai","K.K.Nagar","Chennai","Virugambakkam","Tambaram","Sholinganallur","Poonamalee","Ulundurpet","Kallakurichi","Tindivanam","Sengundram","Ambattur","Chengalpattu","Madurantakam","Tiruvallur","Kanchipuram","Sriperumbudur","Chennai","Alandur","Vellore","Vaniyambadi","Tiruppattur","Gudiyattam","Krishnagiri","Thiruvannamalai_District","Salem","Namakkal","Rasipuram","Dharmapuri_district","Salem,_Tamil_Nadu","Omalur","Cuddalore_District","Villupuram","Erode","Thiruchengode","Gobichettipalayam","Coimbatore","Peelamedu","Sulur","Coimbatore","Thudiyalur","Tirupur","Avinashi","Mettupalayam,_Coimbatore","Annur","Pollachi","Tirupur","Kangeyam","Nilgiris","Tiruchirapalli","Manapparai","Perambalur_District","Karur_District","Srirangam","Musiri","Thuraiyur","Thanjavur","Pattukottai","Tiruvarur_District","Nagapattinam_District","Sankagiri","Mettur","Salem,_Tamil_Nadu","Pudukottai_District","Perundurai","Dindigul_District","Madurai","Tirumangalam,_Madurai","Madurai","Melur","Vadipatti","Theni_District","Ariyalur_District","Sivagangai_District","Madurai","Ramanathapuram_District","Coimbatore","Gandhipuram","Virudhunagar_District","Kumbakonam","Tuticorin_District","Hosur","Tirunelveli","Nanguneri","Ranipet","Arakkonam","Nagercoil","Kanyakumari","Marthandam","Tenkasi","Ambasamudram","Attur","Dharapuram","Udumalpet","Sankarankovil","Tiruchirapalli","Thiruverumbur","Namakkal","Paramathi","TNSTC","Govt._of_Tamil_Nadu","Agartala","Kailashahar","Udaipur,_Tripura","Almora","Bageshwar","Champawat","Nanital","Pithoragarh","Udham_Singh_Nagar","Dehra_Dun","Haridwar","Tehri","Uttarkashi","Chamoli","Pauri","Rudraprayag","Almora","Uttarakhand","Haldwani","Uttarakhand","Pithoragarh","Uttarakhand","Udham_Singh_Nagar","Uttarakhand","Chamoli","Uttarakhand","Pauri","Uttarakhand","Dehradun","Uttarakhand","Tehri","Uttarakhand","Uttarkashi","Uttarakhand","Haridwar","Uttarakhand","Saharanpur","Muzaffarnagar","Bulandshahar","Ghaziabad,_India","Meerut","New_Okhla_Industrial_Development_Authority","Gautam_Buddha_Nagar","Baghpat","Shamli_district","Shamli","Bijnor","Moradabad","Rampur,_Uttar_Pradesh","Rampur,_Uttar_Pradesh","Rampur,_Uttar_Pradesh","Jyotiba_Phule_Nagar","Badaun","Bareilly","Pilibhit","Shahjahanpur","Ayodhya","Hardoi","Kheri","Lucknow","Raebareli","Raebareli","Raebareli","Sitapur","Unnao","Unnao","Lucknow","Hapur","Bahraich","Barabanki_district","Faizabad","Gonda_district","Sultanpur,_Uttar_Pradesh","Ambedkar_Nagar","Shrawasti","Balrampur","Azamgarh","Azamgarh","Azamgarh","Basti,_Uttar_Pradesh","Deoria_district","Gorakhpur","Gorakhpur","Gorakhpur","Mau","Siddharthnagar_district","Mahrajganj,_Uttar_Pradesh","Padrauna","Sant_Kabir_Nagar","Ballia","Ghazipur","Jaunpur,_Uttar_Pradesh","Jaunpur,_Uttar_Pradesh","Mirzapur","Sonbhadra","Varanasi","Bhadohi","Chandauli","Allahabad","Fatehpur,_Uttar_Pradesh","Pratapgarh,_Uttar_Pradesh","Kaushambi","Kannauj","Etawah","Etawah","Farrukhabad","Kanpur_Dehat","Kanpur","Kanpur","Kanpur","Auraiya","Agra","Aligarh","Etah","Firozabad","Mainpuri","Mathura,_Uttar_Pradesh","Mahamaya_Nagar","Kanshiram_Nagar","Banda,_Uttar_Pradesh","Hamirpur,_Uttar_Pradesh","Jalaun","Jhansi","Jhansi","Jhansi","Lalitpur,_India","Mahoba","Mahoba","Mahoba","Chitrakoot_Dham_(Karwi)","Kolkata","Kolkata","Kolkata","Kolkata","Kolkata","Kolkata","Kolkata","Kolkata","Kolkata","Howrah","Howrah","Howrah","Howrah","Hugli-Chuchura","Hugli-Chuchura","Hugli-Chuchura","Hugli-Chuchura","South_24_Parganas","South_24_Parganas","South_24_Parganas","South_24_Parganas","Barrackpore","Barrackpore","Barasat","Barasat","Tamluk","Tamluk","Contai","Contai","Midnapur","Midnapur","Asansol","Asansol","Durgapur,_West_Bengal","Durgapur,_West_Bengal","Burdwan","Burdwan","Asansol","Nadia_district","Nadia_district","Birbhum","Birbhum","Purulia","Purulia","Murshidabad","Murshidabad","Raiganj","Raiganj","Balurghat","Balurghat","Cooch_Behar","Cooch_Behar","Malda","Malda","Bankura","Bankura","Alipurduar","Alipurduar","Jalpaiguri","Jalpaiguri","Siliguri","Siliguri","Darjeeling","Darjeeling","Kalimpong","Kalimpong","Kalyani,_West_Bengal","Vehicle_registration_plates_of_India"]}