{"cursor":"10185","size":14,"audio":[],"currentlang":"en","article":"\n\n\n{{infobox time zone (North America) |title =Central Time Zone |image =Central\nTime Zone CST.png |caption = |offset =-6 |standard time initials=CST |daylight\ntime initials=CDT |daylight savings use =partial |format =mdy }}\n\nThe 'Central Time Zone' is a time zone in parts of Canada, the United States,\nMexico, Central America, some Caribbean Islands, and part of the Eastern Pacific\nOcean. Time in the zone is six hours behind Coordinated Universal Time\n(Greenwich Mean Time - GMT). During daylight saving time (DST), time in the zone\nis five hours behind GMT.\n","linknr":361,"url":"Central_Standard_Time","recorded":1371245081,"links":["/w/index.php?title=Central_Time_Zone&action=edit","/w/index.php?title=Central_Time_Zone&action=edit","//bits.wikimedia.org/favicon/wikipedia.ico","/w/opensearch_desc.php","//en.wikipedia.org/w/api.php?action=rsd","//creativecommons.org/licenses/by-sa/3.0/","/w/index.php?title=Special:RecentChanges&feed=atom","/wiki/Central_Time_Zone","//bits.wikimedia.org/en.wikipedia.org/load.php?debug=false&lang=en&modules=ext.gadget.DRN-wizard%2CReferenceTooltips%2Ccharinsert%2Cteahouse%7Cext.rtlcite%2Cwikihiero%7Cmediawiki.legacy.commonPrint%2Cshared%7Cmw.PopUpMediaTransform%7Cskins.vector&only=styles&skin=vector&*","//bits.wikimedia.org/en.wikipedia.org/load.php?debug=false&lang=en&modules=site&only=styles&skin=vector&*","//bits.wikimedia.org/en.wikipedia.org/load.php?debug=false&lang=en&modules=startup&only=scripts&skin=vector&*","//bits.wikimedia.org/geoiplookup","//meta.wikimedia.org","/w/index.php?title=Central_Standard_Time&redirect=no","#mw-navigation","#p-search","/wiki/File:Question_book-new.svg","//upload.wikimedia.org/wikipedia/en/thumb/9/99/Question_book-new.svg/50px-Question_book-new.svg.png","/wiki/Wikipedia:Citing_sources","/wiki/Wikipedia:Verifiability","//en.wikipedia.org/w/index.php?title=Central_Time_Zone&action=edit","/wiki/Help:Introduction_to_referencing/1","/wiki/Wikipedia:Verifiability#Burden_of_evidence","/wiki/Central_Standard_Time_(disambiguation)","/wiki/File:Central_Time_Zone_CST.png","//upload.wikimedia.org/wikipedia/commons/thumb/d/d7/Central_Time_Zone_CST.png/300px-Central_Time_Zone_CST.png","/wiki/UTC%E2%88%926:00","/wiki/UTC%E2%88%925:00","/wiki/Time_zone","/wiki/Canada","/wiki/United_States","/wiki/Mexico","/wiki/Central_America","/wiki/Caribbean_Islands","/wiki/Eastern_Pacific_Ocean","/wiki/UTC%E2%88%9206","/wiki/Coordinated_Universal_Time","/wiki/Greenwich_Mean_Time","/wiki/Daylight_saving_time","/wiki/UTC%E2%88%9205","#Regions_using_Central_Time","#Canada","#United_States","#Mexico","#Central_America_and_Caribbean_Islands","#Eastern_Pacific_islands_and_other_areas","#Central_Daylight_Time","#Alphabetical_list_of_major_Central_Time_Zone_metropolitan_areas","#See_also","#References","#External_links","/w/index.php?title=Central_Time_Zone&action=edit&section=1","/w/index.php?title=Central_Time_Zone&action=edit&section=2","/wiki/Time_in_Canada","/wiki/Manitoba","/wiki/Provinces_and_territories_of_Canada","/wiki/Canada","/wiki/Eastern_Time_Zone","/wiki/Nunavut","/wiki/Kivalliq_Region","/wiki/Qikiqtaaluk_Region","/wiki/Ontario","/wiki/Saskatchewan","/wiki/Lloydminster","/wiki/Alberta","/wiki/Calgary","/wiki/Edmonton","/w/index.php?title=Central_Time_Zone&action=edit&section=3","/wiki/Time_in_the_United_States","/wiki/Eastern_Time_Zone","/wiki/Alabama","/wiki/Phenix_City,_Alabama","/wiki/Columbus,_Georgia","/wiki/Wikipedia:Citation_needed","/wiki/Arkansas","/wiki/Florida","/wiki/Florida_Panhandle","/wiki/Apalachicola_River","/wiki/Alabama","/wiki/Illinois","/wiki/Indiana","/wiki/Illinois","/wiki/Time_in_Indiana","/wiki/Iowa","/wiki/Kansas","/wiki/Sherman_County,_Kansas","/wiki/Wallace_County,_Kansas","/wiki/Greeley_County,_Kansas","/wiki/Hamilton_County,_Kansas","/wiki/Kentucky","/wiki/Louisville,_Kentucky","/wiki/Louisiana","/wiki/Michigan","/wiki/Upper_Peninsula_of_Michigan","/wiki/Wisconsin","/wiki/Minnesota","/wiki/Mississippi","/wiki/Missouri","/wiki/Nebraska","/wiki/North_Dakota","/wiki/Montana","/wiki/South_Dakota","/wiki/Missouri_River","/wiki/Oklahoma","/wiki/South_Dakota","/wiki/Tennessee","/wiki/Middle_Tennessee","/wiki/West_Tennessee","/wiki/Bledsoe_County,_Tennessee","/wiki/Cumberland_County,_Tennessee","/wiki/Marion_County,_Tennessee","/wiki/East_Tennessee","/wiki/Texas","/wiki/Hudspeth_County","/wiki/El_Paso_County,_TX","/wiki/Wisconsin","/w/index.php?title=Central_Time_Zone&action=edit&section=4","/wiki/Time_in_Mexico","/wiki/Mexico","/wiki/States_of_Mexico","/wiki/Baja_California","/wiki/Baja_California_Sur","/wiki/Chihuahua_(state)","/wiki/Nayarit","/wiki/Sinaloa","/wiki/Sonora","/wiki/Mexico","/wiki/Aguascalientes","/wiki/Campeche","/wiki/Coahuila","/wiki/Colima","/wiki/Chiapas","/wiki/Durango","/wiki/Guanajuato","/wiki/Guerrero","/wiki/Hidalgo_(state)","/wiki/Jalisco","/wiki/State_of_Mexico","/wiki/Michoac%C3%A1n","/wiki/Morelos","/wiki/Nuevo_Le%C3%B3n","/wiki/Oaxaca","/wiki/Puebla","/wiki/Quer%C3%A9taro","/wiki/Quintana_Roo","/wiki/San_Luis_Potos%C3%AD","/wiki/Tabasco","/wiki/Tamaulipas","/wiki/Tlaxcala","/wiki/Veracruz","/wiki/Yucat%C3%A1n","/wiki/Zacatecas","/wiki/Mexico_City","/wiki/Mexican_Federal_District#Federal_District","/wiki/Nayarit","/wiki/Bahia_de_Banderas","/w/index.php?title=Central_Time_Zone&action=edit&section=5","/w/index.php?title=Central_Time_Zone&action=edit&section=6","/w/index.php?title=Central_Time_Zone&action=edit&section=7","/wiki/Daylight_saving_time","/wiki/UTC%E2%88%925","/wiki/Alberta","/wiki/Energy_Policy_Act_of_2005","/wiki/Daylight_saving_time_in_Mexico","/w/index.php?title=Central_Time_Zone&action=edit&section=8","/wiki/Acapulco,_Guerrero","/wiki/Aguascalientes,_Aguascalientes","/wiki/Amarillo,_Texas","/wiki/Antigua,_Guatemala","/wiki/Austin,_Texas","/wiki/Baton_Rouge,_Louisiana","/wiki/Birmingham,_Alabama","/wiki/Bismarck,_North_Dakota","/wiki/Bowling_Green,_Kentucky","/wiki/Cedar_Rapids,_Iowa","/wiki/Chicago","/wiki/Illinois","/wiki/Comarca_Lagunera","/wiki/Torre%C3%B3n","/wiki/G%C3%B3mez_Palacio,_Durango","/wiki/Lerdo,_Durango","/wiki/Cuernavaca,_Morelos","/wiki/Dallas%E2%80%93Fort_Worth_metroplex","/wiki/Des_Moines,_Iowa","/wiki/Duluth,_Minnesota","/wiki/Evansville,_Indiana","/wiki/Fargo,_North_Dakota","/wiki/Fort_Walton_Beach,_Florida","/wiki/Gary,_Indiana","/wiki/Green_Bay,_Wisconsin","/wiki/Guadalajara,_Jalisco","/wiki/Guatemala_City","/wiki/Guatemala","/wiki/Houston","/wiki/Texas","/wiki/Huntsville,_Alabama","/wiki/Iron_Mountain,_Michigan","/wiki/Jackson,_Mississippi","/wiki/Kansas_City_metropolitan_area","/wiki/Lafayette,_Louisiana","/wiki/Le%C3%B3n,_Guanajuato","/wiki/Lincoln,_Nebraska","/wiki/Little_Rock,_Arkansas","/wiki/Lubbock,_Texas","/wiki/Madison,_Wisconsin","/wiki/Memphis,_Tennessee","/wiki/M%C3%A9rida,_Yucat%C3%A1n","/wiki/Mexico_City","/wiki/Midland-Odessa_metropolitan_area","/wiki/Milwaukee","/wiki/Wisconsin","/wiki/Minneapolis%E2%80%93Saint_Paul","/wiki/Mobile,_Alabama","/wiki/Monterrey,_Nuevo_Le%C3%B3n","/wiki/Montgomery,_Alabama","/wiki/Nashville,_Tennessee","/wiki/New_Orleans","/wiki/Louisiana","/wiki/Oklahoma_City","/wiki/Oklahoma","/wiki/Omaha,_Nebraska","/wiki/Panama_City,_Florida","/wiki/Pensacola,_Florida","/wiki/Peoria,_Illinois","/wiki/Puebla,_Puebla","/wiki/Quad_Cities","/wiki/Iowa","/wiki/Illinois","/wiki/Regina,_Saskatchewan","/wiki/Reynosa,_Tamaulipas","/wiki/St._Louis,_Missouri","/wiki/San_Antonio","/wiki/San_Luis_Potos%C3%AD,_San_Luis_Potos%C3%AD","/wiki/San_Salvador,_El_Salvador","/wiki/Quer%C3%A9taro,_Quer%C3%A9taro","/wiki/Saskatoon","/wiki/Shreveport_%E2%80%93_Bossier_City_metropolitan_area","/wiki/Sioux_Falls,_South_Dakota","/wiki/Springfield,_Missouri","/wiki/Tampico,_Tamaulipas","/wiki/Toluca","/wiki/Tulsa,_Oklahoma","/wiki/Wichita,_Kansas","/wiki/Wichita_Falls,_Texas","/wiki/Winnipeg","/w/index.php?title=Central_Time_Zone&action=edit&section=9","/wiki/Effects_of_time_on_North_American_broadcasting","/w/index.php?title=Central_Time_Zone&action=edit&section=10","/w/index.php?title=Central_Time_Zone&action=edit&section=11","http://www.travel.com.hk/region/timezone.htm","http://aa.usno.navy.mil/faq/docs/us_tzones.php","http://time.gov/timezone.cgi?Central/d/-6/java","http://www.happyzebra.com/timezones-worldclock/cst-us.php","http://time5.nrc.ca/webclock_e.shtml","/wiki/Template:North_American_time_zones","/w/index.php?title=Template_talk:North_American_time_zones&action=edit&redlink=1","//en.wikipedia.org/w/index.php?title=Template:North_American_time_zones&action=edit","/wiki/Time_zone","/wiki/Hawaii-Aleutian_Time_Zone","/wiki/UTC%E2%88%9210:00","/wiki/UTC%E2%88%929:00","/wiki/Alaska_Time_Zone","/wiki/UTC%E2%88%9209:00","/wiki/UTC%E2%88%928:00","/wiki/Pacific_Time_Zone","/wiki/UTC%E2%88%9208:00","/wiki/UTC%E2%88%9207:00","/wiki/Mountain_Time_Zone","/wiki/UTC%E2%88%9207:00","/wiki/UTC%E2%88%9206:00","/wiki/UTC%E2%88%9206:00","/wiki/UTC%E2%88%9205:00","/wiki/Eastern_Time_Zone","/wiki/UTC%E2%88%9205:00","/wiki/UTC%E2%88%9204:00","/wiki/Atlantic_Standard_Time_Zone","/wiki/UTC%E2%88%9204:00","/wiki/UTC%E2%88%9203:00","/wiki/Newfoundland_Standard_Time_Zone","/wiki/UTC%E2%88%9203:30","/wiki/UTC%E2%88%9202:30","/wiki/Saint_Pierre_and_Miquelon#Time_zone","/wiki/UTC%E2%88%9203:00","/wiki/UTC%E2%88%9202:00","/wiki/Time_in_Canada","/wiki/Time_in_Mexico","/wiki/Time_in_the_United_States","http://en.wikipedia.org/w/index.php?title=Central_Time_Zone&oldid=556180626","/wiki/Help:Categories","/wiki/Category:Time_zones","/wiki/Category:Time_in_Canada","/wiki/Category:Time_in_Mexico","/wiki/Category:Time_zones_in_the_United_States","/wiki/Category:Articles_lacking_sources_from_May_2013","/wiki/Category:All_articles_lacking_sources","/wiki/Category:Wikipedia_indefinitely_move-protected_pages","/wiki/Category:All_articles_with_unsourced_statements","/wiki/Category:Articles_with_unsourced_statements_from_January_2011","/wiki/Category:Articles_containing_Spanish_language_text","/wiki/Category:Articles_with_images_not_understandable_by_color_blind_users","/w/index.php?title=Special:UserLogin&returnto=Central+Time+Zone&type=signup","/w/index.php?title=Special:UserLogin&returnto=Central+Time+Zone","/wiki/Central_Time_Zone","/wiki/Talk:Central_Time_Zone","#","/wiki/Central_Time_Zone","/w/index.php?title=Central_Time_Zone&action=edit","/w/index.php?title=Central_Time_Zone&action=history","#","/w/index.php","//bits.wikimedia.org/static-1.22wmf5/skins/vector/images/search-ltr.png?303-4","/wiki/Main_Page","/wiki/Main_Page","/wiki/Portal:Contents","/wiki/Portal:Featured_content","/wiki/Portal:Current_events","/wiki/Special:Random","//donate.wikimedia.org/wiki/Special:FundraiserRedirector?utm_source=donate&utm_medium=sidebar&utm_campaign=C13_en.wikipedia.org&uselang=en","/wiki/Help:Contents","/wiki/Wikipedia:About","/wiki/Wikipedia:Community_portal","/wiki/Special:RecentChanges","//en.wikipedia.org/wiki/Wikipedia:Contact_us","/wiki/Special:WhatLinksHere/Central_Time_Zone","/wiki/Special:RecentChangesLinked/Central_Time_Zone","/wiki/Wikipedia:File_Upload_Wizard","/wiki/Special:SpecialPages","/w/index.php?title=Central_Time_Zone&oldid=556180626","/w/index.php?title=Central_Time_Zone&action=info","/w/index.php?title=Special:Cite&page=Central_Time_Zone&id=556180626","/w/index.php?title=Special:Book&bookcmd=book_creator&referer=Central+Time+Zone","/w/index.php?title=Special:Book&bookcmd=render_article&arttitle=Central+Time+Zone&oldid=556180626&writer=rl","/w/index.php?title=Central_Time_Zone&printable=yes","//es.wikipedia.org/wiki/Hora_est%C3%A1ndar_del_centro","//fr.wikipedia.org/wiki/Heure_du_Centre","//id.wikipedia.org/wiki/Waktu_Standar_Tengah","//mk.wikipedia.org/wiki/%D0%A6%D0%B5%D0%BD%D1%82%D1%80%D0%B0%D0%BB%D0%B5%D0%BD_%D1%87%D0%B0%D1%81%D0%BE%D0%B2%D0%B5%D0%BD_%D0%BF%D0%BE%D1%98%D0%B0%D1%81","//nl.wikipedia.org/wiki/Central_Standard_Time","//ja.wikipedia.org/wiki/%E4%B8%AD%E9%83%A8%E6%A8%99%E6%BA%96%E6%99%82","//no.wikipedia.org/wiki/Central_Time_(Nord-Amerika)","//pl.wikipedia.org/wiki/Czas_centralny","//simple.wikipedia.org/wiki/Central_Time_Zone","//sv.wikipedia.org/wiki/Central_Standard_Time","//vi.wikipedia.org/wiki/M%C3%BAi_gi%E1%BB%9D_mi%E1%BB%81n_Trung_(B%E1%BA%AFc_M%E1%BB%B9)","//zh.wikipedia.org/wiki/%E5%8C%97%E7%BE%8E%E4%B8%AD%E9%83%A8%E6%97%B6%E5%8C%BA","//www.wikidata.org/wiki/Q2086913#sitelinks","//en.wikipedia.org/wiki/Wikipedia:Text_of_Creative_Commons_Attribution-ShareAlike_3.0_Unported_License","//creativecommons.org/licenses/by-sa/3.0/","//wikimediafoundation.org/wiki/Terms_of_Use","//wikimediafoundation.org/wiki/Privacy_policy","//www.wikimediafoundation.org/","//wikimediafoundation.org/wiki/Privacy_policy","/wiki/Wikipedia:About","/wiki/Wikipedia:General_disclaimer","//en.wikipedia.org/wiki/Wikipedia:Contact_us","http://en.m.wikipedia.org/wiki/Central_Time_Zone","//wikimediafoundation.org/","//bits.wikimedia.org/images/wikimedia-button.png","//www.mediawiki.org/","//bits.wikimedia.org/static-1.22wmf5/skins/common/images/poweredby_mediawiki_88x31.png","/w/index.php?title=MediaWiki:Gadget-ReferenceTooltips.js&action=raw&ctype=text/javascript&508635914","//bits.wikimedia.org/en.wikipedia.org/load.php?debug=false&lang=en&modules=site&only=scripts&skin=vector&*"],"instances":["state","state"],"pdf":[],"categories":["Time zones","Time in Canada","Time in Mexico","Time zones in the United States","Articles with images not understandable by color blind users"],"headings":["Regions using Central Time","Central Daylight Time","Alphabetical list of major Central Time Zone metropolitan areas","See also","References","External links"],"image":["//upload.wikimedia.org/wikipedia/en/thumb/9/99/Question_book-new.svg/50px-Question_book-new.svg.png","//upload.wikimedia.org/wikipedia/commons/thumb/d/d7/Central_Time_Zone_CST.png/300px-Central_Time_Zone_CST.png","//bits.wikimedia.org/static-1.22wmf5/skins/vector/images/search-ltr.png?303-4","//bits.wikimedia.org/images/wikimedia-button.png","//bits.wikimedia.org/static-1.22wmf5/skins/common/images/poweredby_mediawiki_88x31.png"],"tags":[["chihuahua","state"],["hidalgo","state"]],"members":["chihuahua","hidalgo"],"related":["Time_zone","Canada","United_States","Mexico","Central_America","Caribbean_Islands","Eastern_Pacific_Ocean","UTC−06","Coordinated_Universal_Time","Greenwich_Mean_Time","Daylight_saving_time","UTC−05","Manitoba","Provinces_and_territories_of_Canada","Canada","Eastern_Time_Zone","Nunavut","Kivalliq_Region","Qikiqtaaluk_Region","Ontario","Saskatchewan","Lloydminster","Alberta","Calgary","Edmonton","Eastern_Time_Zone","Alabama","Phenix_City,_Alabama","Columbus,_Georgia","Arkansas","Florida","Florida_Panhandle","Apalachicola_River","Alabama","Illinois","Indiana","Illinois","Time_in_Indiana","Iowa","Kansas","Sherman_County,_Kansas","Wallace_County,_Kansas","Greeley_County,_Kansas","Hamilton_County,_Kansas","Kentucky","Louisville,_Kentucky","Louisiana","Michigan","Upper_Peninsula_of_Michigan","Wisconsin","Minnesota","Mississippi","Missouri","Nebraska","North_Dakota","Montana","South_Dakota","Missouri_River","Oklahoma","South_Dakota","Tennessee","Middle_Tennessee","West_Tennessee","Bledsoe_County,_Tennessee","Cumberland_County,_Tennessee","Marion_County,_Tennessee","East_Tennessee","Texas","Hudspeth_County","El_Paso_County,_TX","U.S._Department_of_Transportation","Wisconsin","Mexico","States_of_Mexico","Baja_California","Baja_California_Sur","Chihuahua_(state)","Nayarit","Sinaloa","Sonora","Mexico","Aguascalientes","Campeche","Coahuila","Colima","Chiapas","Durango","Guanajuato","Guerrero","Hidalgo_(state)","Jalisco","State_of_Mexico","Michoacán","Morelos","Nuevo_León","Oaxaca","Puebla","Querétaro","Quintana_Roo","San_Luis_Potosí","Tabasco","Tamaulipas","Tlaxcala","Veracruz","Yucatán","Zacatecas","Mexico_City","Nayarit","Bahia_de_Banderas","Daylight_saving_time","UTC−5","Alberta","Energy_Policy_Act_of_2005","Acapulco,_Guerrero","Aguascalientes,_Aguascalientes","Amarillo,_Texas","Antigua,_Guatemala","Austin,_Texas","Baton_Rouge,_Louisiana","Birmingham,_Alabama","Bismarck,_North_Dakota","Bowling_Green,_Kentucky","Cedar_Rapids,_Iowa","Chicago","Illinois","Comarca_Lagunera","Torreón","Gómez_Palacio,_Durango","Lerdo,_Durango","Cuernavaca,_Morelos","Dallas–Fort_Worth_metroplex","Des_Moines,_Iowa","Duluth,_Minnesota","Evansville,_Indiana","Fargo,_North_Dakota","Fort_Walton_Beach,_Florida","Gary,_Indiana","Green_Bay,_Wisconsin","Guadalajara,_Jalisco","Guatemala_City","Guatemala","Houston","Texas","Huntsville,_Alabama","Iron_Mountain,_Michigan","Jackson,_Mississippi","Kansas_City_metropolitan_area","Lafayette,_Louisiana","León,_Guanajuato","Lincoln,_Nebraska","Little_Rock,_Arkansas","Lubbock,_Texas","Madison,_Wisconsin","Memphis,_Tennessee","Mérida,_Yucatán","Mexico_City","Midland-Odessa_metropolitan_area","Milwaukee","Wisconsin","Minneapolis–Saint_Paul","Mobile,_Alabama","Monterrey,_Nuevo_León","Montgomery,_Alabama","Nashville,_Tennessee","New_Orleans","Louisiana","Oklahoma_City","Oklahoma","Omaha,_Nebraska","Panama_City,_Florida","Pensacola,_Florida","Peoria,_Illinois","Puebla,_Puebla","Quad_Cities","Iowa","Illinois","Regina,_Saskatchewan","Reynosa,_Tamaulipas","St._Louis,_Missouri","San_Antonio","San_Luis_Potosí,_San_Luis_Potosí","San_Salvador,_El_Salvador","Querétaro,_Querétaro","Saskatoon","Shreveport_–_Bossier_City_metropolitan_area","Sioux_Falls,_South_Dakota","Springfield,_Missouri","Tampico,_Tamaulipas","Toluca","Tulsa,_Oklahoma","Wichita,_Kansas","Wichita_Falls,_Texas","Winnipeg","Effects_of_time_on_North_American_broadcasting"]}