{"cursor":"50865","size":15,"audio":[],"currentlang":"en","article":"{{Infobox settlement |official_name = Johnstown, Pennsylvania |nickname = Flood\nCity |motto = |image_skyline = JohnstownPanorama.jpg |imagesize = |image_caption\n= |image_flag = |image_seal = Jtown blue.png |image_map =\nMap_of_Pennsylvania_highlighting_Cambria_County.svg |mapsize = |map_caption =\nLocation of Cambria County in Pennsylvania |image_map1 =\nMap_of_Johnstown%2C_Cambria_County%2C_Pennsylvania_Highlighted.png |mapsize1 =\n|map_caption1 = Location of Johnstown in Cambria County |subdivision_type =\nCountry |subdivision_type1 = State |subdivision_type2 = County |subdivision_name\n= United States |subdivision_name1 = Pennsylvania |subdivision_name2 = Cambria\nCounty |leader_title = Mayor |leader_name = Tom Trigona |established_title =\nFounded |established_title1 = Incorporated (borough) |established_title2 =\nIncorporated (city) |established_date = 1770 |established_date1 = 1800\n|established_date2 = December 18, 1889 |area_magnitude = 1 E8 |area_total_km2 =\n15.7 |unit_pref = Imperial |area_total_sq_mi = 6.1 |area_water_km2 = 8.6\n|area_water_sq_mi = |area_land_km2 = 15.1 |area_land_sq_mi = 5.8\n|area_urban_sq_mi = |area_urban_km2 = |area_metro_sq_mi = |area_metro_km2 =\n|population_as_of = 2011 |population_note = |population_total = 20,814\n|population_metro = 141,584 (286th) |population_urban = 69,014 (400th)\n|population_density_km2 = |population_density_sq_mi = |timezone = EST\n|utc_offset = -5 |timezone_DST = EDT |utc_offset_DST = -4 |area_code = 814\n|coordinates_display = inline,title |coordinates_type = region:US_type:city\n|latd = 40|latm = 19|lats = 22|latNS = N |longd = 78|longm = 55|longs =\n15|longEW = W |elevation_m = 348 |elevation_ft = 1142 |website = |blank_name =\nSchool District: |blank_info = Greater Johnstown School District |footnotes = }}\n\n'Johnstown' is a city in Cambria County, Pennsylvania,\nwest-southwest of Altoona, Pennsylvania and east of Pittsburgh. The population\nwas 20,978 at the 2010 census. It is the principal city of the Johnstown,\nPennsylvania, Metropolitan Statistical Area, which includes Cambria\nCounty. American Factfinder, 2010 census summary file 1, http://factfinder2-\n.census.gov/faces/tableservices/jsf/pages/productview.xhtml?fpt=table\n","linknr":1352,"url":"Johnstown,_Pennsylvania","recorded":1375083271,"links":["/w/index.php?title=Johnstown,_Pennsylvania&action=edit","/w/index.php?title=Johnstown,_Pennsylvania&action=edit","//bits.wikimedia.org/favicon/wikipedia.ico","/w/opensearch_desc.php","//en.wikipedia.org/w/api.php?action=rsd","//creativecommons.org/licenses/by-sa/3.0/","/w/index.php?title=Special:RecentChanges&feed=atom","//bits.wikimedia.org/en.wikipedia.org/load.php?debug=false&lang=en&modules=ext.gadget.DRN-wizard%2CReferenceTooltips%2Ccharinsert%2Cteahouse%7Cext.rtlcite%2Cwikihiero%7Cext.uls.nojs%7Cmediawiki.legacy.commonPrint%2Cshared%7Cmw.PopUpMediaTransform%7Cskins.vector&only=styles&skin=vector&*","//bits.wikimedia.org/en.wikipedia.org/load.php?debug=false&lang=en&modules=site&only=styles&skin=vector&*","//bits.wikimedia.org/en.wikipedia.org/load.php?debug=false&lang=en&modules=startup&only=scripts&skin=vector&*","//bits.wikimedia.org/geoiplookup","//meta.wikimedia.org","#mw-navigation","#p-search","/wiki/File:JohnstownPanorama.jpg","//upload.wikimedia.org/wikipedia/commons/thumb/4/4d/JohnstownPanorama.jpg/250px-JohnstownPanorama.jpg","/wiki/File:Jtown_blue.png","//upload.wikimedia.org/wikipedia/en/thumb/6/67/Jtown_blue.png/100px-Jtown_blue.png","/wiki/File:Map_of_Pennsylvania_highlighting_Cambria_County.svg","//upload.wikimedia.org/wikipedia/commons/thumb/1/18/Map_of_Pennsylvania_highlighting_Cambria_County.svg/250px-Map_of_Pennsylvania_highlighting_Cambria_County.svg.png","/wiki/Cambria_County,_Pennsylvania","/wiki/Pennsylvania","/wiki/File:Map_of_Johnstown,_Cambria_County,_Pennsylvania_Highlighted.png","//upload.wikimedia.org/wikipedia/commons/thumb/8/8b/Map_of_Johnstown%2C_Cambria_County%2C_Pennsylvania_Highlighted.png/250px-Map_of_Johnstown%2C_Cambria_County%2C_Pennsylvania_Highlighted.png","//tools.wmflabs.org/geohack/geohack.php?pagename=Johnstown,_Pennsylvania&params=40_19_22_N_78_55_15_W_region:US_type:city","/wiki/Geographic_coordinate_system","//tools.wmflabs.org/geohack/geohack.php?pagename=Johnstown,_Pennsylvania&params=40_19_22_N_78_55_15_W_region:US_type:city","/wiki/United_States","/wiki/Political_divisions_of_the_United_States","/wiki/Pennsylvania","/wiki/List_of_counties_in_Pennsylvania","/wiki/Cambria_County,_Pennsylvania","/wiki/Municipal_Corporation","/wiki/Mayor","/wiki/1_E%2B7_m%C2%B2","/wiki/Urban_area","/wiki/List_of_United_States_urban_areas","/wiki/Metropolitan_area","/wiki/List_of_Metropolitan_Statistical_Areas","/wiki/Time_zone","/wiki/North_American_Eastern_Time_Zone","/wiki/UTC-5","/wiki/Daylight_saving_time","/wiki/Eastern_Daylight_Time","/wiki/UTC-4","/wiki/Telephone_numbering_plan","/wiki/Area_code_814","/wiki/Greater_Johnstown_School_District","http://www.cityofjohnstownpa.net","/wiki/Cambria_County,_Pennsylvania","#cite_note-GNIS1-1","/wiki/Altoona,_Pennsylvania","/wiki/Pittsburgh","/wiki/2010_United_States_Census","/wiki/Metropolitan_Statistical_Area","/wiki/Cambria_County,_Pennsylvania","#cite_note-2","#History","#1800_-_1900","#20th_century","#2000s","#2010s","#Geography","#Demographics","#Neighborhoods","#Johnstown_in_the_arts_and_literature","#Education","#Economy","#Media","#Newspapers_and_magazines","#Radio","#Television","#Transportation","#Highways","#Airport","#Rail","#Mass_transit","#Sports","#Landmarks","#Notable_people","#See_also","#References","#Further_reading","#External_links","/w/index.php?title=Johnstown,_Pennsylvania&action=edit&section=1","/wiki/Flood","/wiki/Johnstown_Flood","/wiki/South_Fork_Dam","/wiki/Rain","/wiki/Fire","/wiki/Franklin_Delano_Roosevelt","/wiki/Historic_district_(United_States)","/wiki/Downtown_Johnstown_Historic_District","/wiki/Cambria_City_Historic_District","/w/index.php?title=Minersville_Historic_District&action=edit&redlink=1","/wiki/Moxham_Historic_District","/wiki/Old_Conemaugh_Borough_Historic_District","/wiki/National_Register_of_Historic_Places","/wiki/Grand_Army_of_the_Republic_Hall_(Johnstown,_Pennsylvania)","/wiki/Cambria_Iron_Company","/wiki/Cambria_Public_Library_Building","/wiki/Inclined_Plane_Bridge","/wiki/Nathan%27s_Department_Store","/wiki/Johnstown_Inclined_Plane","#cite_note-nris-3","/w/index.php?title=Johnstown,_Pennsylvania&action=edit&section=2","/wiki/Switzerland","/wiki/Ethnic_German","/wiki/Pennsylvania_Main_Line_of_Public_Works","/wiki/Allegheny_Portage_Railroad","/wiki/Charles_Dickens","/wiki/Iron","/wiki/Coal","/wiki/Steel","/wiki/Cambria_Iron_Company","/wiki/Barbed_wire","/wiki/File:Jflood.gif","//upload.wikimedia.org/wikipedia/en/f/f2/Jflood.gif","/wiki/File:Jflood.gif","//bits.wikimedia.org/static-1.22wmf11/skins/common/images/magnify-clip.png","#cite_note-McCullough269-4","/wiki/Johnstown_Flood","/wiki/Clara_Barton","#cite_note-McCullough229-231-5","/w/index.php?title=Johnstown,_Pennsylvania&action=edit&section=3","/wiki/WKGE","/wiki/Gee_Bee_Department_Stores","/wiki/St_Patrick%27s_Day","/wiki/Great_Depression","/wiki/Johnstown_Blue_Birds","/wiki/Johnstown_Jets","/wiki/Maurice_Richard","/wiki/Montreal_Canadiens","/wiki/Hurricane_Agnes","/wiki/Steel","/wiki/Great_Lakes","/wiki/File:Johnstownview.jpg","//upload.wikimedia.org/wikipedia/commons/thumb/a/ac/Johnstownview.jpg/250px-Johnstownview.jpg","/wiki/File:Johnstownview.jpg","//bits.wikimedia.org/static-1.22wmf11/skins/common/images/magnify-clip.png","/w/index.php?title=Johnstown,_Pennsylvania&action=edit&section=4","/wiki/Census","/wiki/Manufacturing","/wiki/Service_Sector","/wiki/Gamesa_Corporaci%C3%B3n_Tecnol%C3%B3gica","/wiki/Lockheed_Martin","/wiki/Northrop_Grumman","/wiki/Medicine","/wiki/Education","/wiki/Telecommunication","/wiki/File:Jtowndowntown.jpg","//upload.wikimedia.org/wikipedia/commons/thumb/2/28/Jtowndowntown.jpg/250px-Jtowndowntown.jpg","/wiki/File:Jtowndowntown.jpg","//bits.wikimedia.org/static-1.22wmf11/skins/common/images/magnify-clip.png","/wiki/University_of_Pittsburgh_at_Johnstown","/wiki/Pasquerilla_Performing_Arts_Center","/wiki/Johnstown_Symphony_Orchestra","/w/index.php?title=Pasquerilla_Convention_Center&action=edit&redlink=1","/wiki/Cambria_County_War_Memorial_Arena","/wiki/Point_Stadium","/w/index.php?title=Bottleworks_Ethnic_Arts_Center&action=edit&redlink=1","/wiki/Cambria_County_War_Memorial_Arena","/wiki/Wheeling_Nailers","/w/index.php?title=CJL_Engineering&action=edit&redlink=1","/w/index.php?title=ART_WORKS_In_Johnstown!&action=edit&redlink=1","/wiki/Church_(building)","/wiki/National_Folk_Festival_(USA)","/wiki/Flood_City_Music_Festival","/w/index.php?title=Thunder_in_the_Valley_motorcycle_rally&action=edit&redlink=1","/wiki/Brownfield","/wiki/First_responder","/wiki/September_11,_2001_attacks","/w/index.php?title=Johnstown,_Pennsylvania&action=edit&section=5","/wiki/Ultimate_Indoor_Football_League","/wiki/Johnstown_Generals","/w/index.php?title=Ultimate_Baseball_League&action=edit&redlink=1","/w/index.php?title=Johnstown,_Pennsylvania&action=edit&section=6","//tools.wmflabs.org/geohack/geohack.php?pagename=Johnstown,_Pennsylvania&params=40_19_31_N_78_55_15_W_type:city","#cite_note-GR1-6","/wiki/United_States_Census_Bureau","/wiki/Precipitation","#cite_note-7","/w/index.php?title=Johnstown,_Pennsylvania&action=edit&section=7","/wiki/1840_United_States_Census","/wiki/1850_United_States_Census","/wiki/1860_United_States_Census","/wiki/1870_United_States_Census","/wiki/1880_United_States_Census","/wiki/1890_United_States_Census","/wiki/1900_United_States_Census","/wiki/1910_United_States_Census","/wiki/1920_United_States_Census","/wiki/1930_United_States_Census","/wiki/1940_United_States_Census","/wiki/1950_United_States_Census","/wiki/1960_United_States_Census","/wiki/1970_United_States_Census","/wiki/1980_United_States_Census","/wiki/1990_United_States_Census","/wiki/2000_United_States_Census","/wiki/2010_United_States_Census","http://www.census.gov/prod/www/decennial.html","http://www.census.gov/popest/data/cities/totals/2011/tables/SUB-EST2011-03-42.csv","#cite_note-8","#cite_note-9","#cite_note-10","/wiki/White_American","/wiki/African_American","/wiki/Native_Americans_in_the_United_States","/wiki/Asian_American","/wiki/Pacific_Islander_American","/wiki/Race_and_ethnicity_in_the_United_States_Census#Race","/wiki/Multiracial_American","/wiki/Hispanic_and_Latino_Americans","/wiki/Census","/wiki/Population_density","/wiki/White_American","/wiki/African_American","/wiki/Native_Americans_in_the_United_States","/wiki/Asian_American","/wiki/Pacific_Islander_American","/wiki/Race_and_ethnicity_in_the_United_States_Census#Race","/wiki/Multiracial_American","/wiki/Hispanic_and_Latino_Americans","/wiki/German_people","/wiki/Italian_people","/wiki/Irish_people","/wiki/Polish_people","/wiki/Slovak_people","/wiki/American_ethnicity#.22American_ancestry.22_in_the_U.S._Census","/wiki/2000_United_States_Census","/wiki/Marriage","/wiki/Per_capita_income","/wiki/Poverty_line","/w/index.php?title=Johnstown,_Pennsylvania&action=edit&section=8","/w/index.php?title=Hornerstown,_Pennsylvania&action=edit&redlink=1","/wiki/Westmont,_Pennsylvania","/wiki/Brownstown,_Cambria_County,_Pennsylvania","/wiki/Richland_Township,_Cambria_County,_Pennsylvania","/wiki/East_Conemaugh,_Pennsylvania","/wiki/Franklin_borough,_Cambria_County,_Pennsylvania","/wiki/Daisytown,_Pennsylvania","/w/index.php?title=Johnstown,_Pennsylvania&action=edit&section=9","/wiki/The_River_(Bruce_Springsteen_song)","/wiki/Highway_Patrolman","/wiki/Slap_Shot_(film)","/wiki/George_Roy_Hill","/wiki/Paul_Newman","/wiki/Nancy_Dowd","/wiki/Johnstown_Jets","/wiki/North_American_Hockey_League","/wiki/Charlestown_Chiefs","/wiki/Punk_rock","/wiki/Ladies_and_Gentlemen,_The_Fabulous_Stains","/wiki/Canada","/wiki/All_the_Right_Moves_(film)","/wiki/Tom_Cruise","/wiki/Lea_Thompson","/wiki/Craig_T._Nelson","/w/index.php?title=Kernville,_Pennsylvania&action=edit&redlink=1","/wiki/Rock_Star_(2001_film)","/wiki/David_McCullough","/wiki/Charles_Guggenheim","/wiki/Academy_Award","/wiki/Detective_fiction","/wiki/Novel","/wiki/Carl_Kosak","/wiki/Greensburg,_Pennsylvania","/wiki/Kathleen_Cambor","/wiki/Andrew_Mellon","/wiki/Henry_Clay_Frick","/wiki/James_Patterson","/wiki/Along_Came_A_Spider","/wiki/David_Morrell","/wiki/Brotherhood_of_the_Rose","/wiki/Dawn_of_the_Dead","/wiki/George_A._Romero","/wiki/Monroeville,_Pennsylvania","/w/index.php?title=Will_Hawkins_(musician)&action=edit&redlink=1","/w/index.php?title=Johnstown,_Pennsylvania&action=edit&section=10","/wiki/File:OwenLibrary.jpg","//upload.wikimedia.org/wikipedia/commons/thumb/2/21/OwenLibrary.jpg/220px-OwenLibrary.jpg","/wiki/File:OwenLibrary.jpg","//bits.wikimedia.org/static-1.22wmf11/skins/common/images/magnify-clip.png","/wiki/University_of_Pittsburgh_at_Johnstown","/wiki/Christ_the_Saviour_Seminary","/wiki/University_of_Pittsburgh_at_Johnstown","/wiki/Pennsylvania_Highlands_Community_College","/w/index.php?title=Cambria-Rowe_Business_College&action=edit&redlink=1","/wiki/Greater_Johnstown_High_School","/wiki/Bishop_McCort_High_School","/wiki/Richland_Senior_High_School","/wiki/Westmont_Hilltop_High_School","/w/index.php?title=Conemaugh_Valley_High_School&action=edit&redlink=1","/w/index.php?title=Johnstown,_Pennsylvania&action=edit&section=11","/wiki/American_Red_Cross","/wiki/AmeriServ_Financial","/wiki/Arthur_J._Gallagher_%26_Co.","/wiki/Atlantic_Broadband","/wiki/Berkshire_Hathaway","/wiki/Concurrent_Technologies_Corporation","/wiki/Conemaugh_Health_System","/wiki/Crown_American","/wiki/DRS_Technologies","/wiki/Galliker%27s","/wiki/Gamesa_Corporaci%C3%B3n_Tecnol%C3%B3gica","/w/index.php?title=Gautier_Steel&action=edit&redlink=1","/wiki/H%C3%B6gan%C3%A4s_AB","/w/index.php?title=JWF_Industries&action=edit&redlink=1","/w/index.php?title=Johnstown_Wire_Technologies&action=edit&redlink=1","/wiki/Kongsberg_Gruppen","/wiki/Lockheed_Martin","/wiki/Martin-Baker","/wiki/Metropolitan_Life","/wiki/Northrop_Grumman","/wiki/Pepsi_Bottling_Group","/w/index.php?title=Thomas_Honda_of_Johnstown&action=edit&redlink=1","/w/index.php?title=Whemco&action=edit&redlink=1","/wiki/Zamias_Services,_Inc.","/w/index.php?title=Johnstown,_Pennsylvania&action=edit&section=12","/w/index.php?title=Johnstown,_Pennsylvania&action=edit&section=13","/wiki/The_Tribune-Democrat","/wiki/Johnstown_Magazine","/w/index.php?title=Our_Town_Johnstown&action=edit&redlink=1","/w/index.php?title=Johnstown,_Pennsylvania&action=edit&section=14","/wiki/Radio_station","/wiki/Template:Johnstown_Radio","/wiki/Template_talk:Johnstown_Radio","//en.wikipedia.org/w/index.php?title=Template:Johnstown_Radio&action=edit","/wiki/FM_broadcast","/wiki/Frequency","/wiki/WJAC-TV","/wiki/WFRJ","/wiki/WQED-FM","/wiki/WLGY","/wiki/WJHT","/wiki/WFGI-FM","/wiki/WKYE","/wiki/WPCL","/wiki/WLKH","/wiki/WYRA","/wiki/WRKW","/wiki/WESA","/wiki/WCCL","/wiki/WMUG-LP","/wiki/WLKJ","/wiki/WJAC-TV","/wiki/AM_broadcast","/wiki/Frequency","/wiki/WFRB_(AM)","/wiki/WKGE","/wiki/WNCC_(AM)","/wiki/WLLI","/wiki/WCCS","/wiki/WCRO","/wiki/WWGE","/wiki/WDAD","/wiki/WNTJ","/wiki/WRDD","/wiki/NOAA_Weather_Radio_All_Hazards","/wiki/Frequency","/wiki/WXM33","/wiki/North_American_call_sign","/wiki/WCCL","/wiki/WCRO","/wiki/WCCS","/wiki/WDAD","/wiki/WESA","/wiki/WFGI-FM","/wiki/WFRB_(AM)","/wiki/WFRJ","/wiki/WJHT","/wiki/WKGE","/wiki/WKYE","/wiki/WLGY","/wiki/WLKH","/wiki/WLKJ","/wiki/WLLI","/wiki/WMUG-LP","/wiki/WNCC_(AM)","/wiki/WNTJ","/wiki/WPCL","/wiki/WQED-FM","/wiki/WRDD","/wiki/WRKW","/wiki/WXM33","/wiki/WWGE","/wiki/WYRA","/wiki/WBHV_(AM)","/wiki/Template:Allentown_Radio","/wiki/Template:Altoona_Radio","/wiki/Template:Olean_Radio","/wiki/Template:Hagerstown-Chambersburg-Waynesboro_Radio","/wiki/Template:Erie_Radio","/wiki/Template:Harrisburg_Radio","/wiki/Template:Lancaster_Radio","/wiki/Template:Binghamton_Radio","/wiki/Template:Youngstown-Warren_Radio","/wiki/Template:Philadelphia_Radio","/wiki/Template:Pittsburgh_Radio","/wiki/Template:Reading_Radio","/wiki/Template:Elmira-Corning_Radio","/wiki/Template:Scranton_Radio","/wiki/Template:Williamsport_Radio","/wiki/Template:York_Radio","/wiki/Template:Bedford_Radio","/wiki/Template:Indiana_Radio","/wiki/Template:Johnstown_Radio","/wiki/Template:Lewistown_Radio","/wiki/Template:Meadville-Franklin_Radio","/wiki/Template:Punxsutawney_Radio","/wiki/Template:Northern_PA_Radio","/wiki/Template:State_College_Radio","/wiki/Template:Stroudsburg_Radio","/wiki/Template:Sunbury-Selinsgrove-Lewisburg_Radio","/wiki/Template:Jamestown_NY_Radio","/wiki/List_of_radio_stations_in_Pennsylvania","/wiki/FM_broadcasting","/wiki/AM_broadcasting","/w/index.php?title=Johnstown,_Pennsylvania&action=edit&section=15","/wiki/Template:Johnstown/Altoona/State_College_TV","/wiki/Template_talk:Johnstown/Altoona/State_College_TV","//en.wikipedia.org/w/index.php?title=Template:Johnstown/Altoona/State_College_TV&action=edit","/wiki/Altoona,_Pennsylvania","/wiki/State_College,_Pennsylvania","/wiki/Cable_television","/wiki/WPSU-TV","/wiki/Public_Broadcasting_Service","/wiki/Create_(TV_network)","/wiki/PBS_World","/wiki/WJAC-TV","/wiki/NBC","/wiki/Me-TV","/wiki/WWCP-TV","/wiki/Fox_Broadcasting_Company","/wiki/WATM-TV","/wiki/WTAJ-TV","/wiki/CBS","/wiki/WSCP-LP","/wiki/Independent_station","/wiki/WPCW","/wiki/The_CW_Television_Network","/wiki/WATM-TV","/wiki/American_Broadcasting_Company","/wiki/WWCP","/wiki/This_TV","/wiki/WHVL-LP","/wiki/MyNetworkTV","/wiki/America_One","/wiki/WNEP-TV#Translators","/wiki/American_Broadcasting_Company","/wiki/Antenna_TV","/wiki/WKBS-TV","/wiki/Cornerstone_Television","/wiki/Cable_television","/wiki/IUP-TV","/wiki/Independent_station","/wiki/Template:Pittsburgh_TV","/wiki/KDKA-TV","/wiki/CBS","/wiki/WTAE-TV","/wiki/American_Broadcasting_Company","/wiki/WPXI","/wiki/NBC","/wiki/Template:Washington_TV","/wiki/WHAG-TV","/wiki/NBC","/wiki/WJAL","/wiki/Independent_station","/wiki/W41CF","/wiki/Independent_station","/wiki/WLLS-LP","/wiki/America_One","/wiki/Template:Binghamton_TV","/wiki/Template:Buffalo_TV","/wiki/Template:Elmira_TV","/wiki/Template:Erie_TV","/wiki/Template:Johnstown/Altoona/State_College_TV","/wiki/Template:New_York_City_TV","/wiki/Template:Philly_TV","/wiki/Template:Pittsburgh_TV","/wiki/Template:Scranton/Wilkes-Barre_TV","/wiki/Template:Susquehanna_Valley_TV","/wiki/Template:Washington_TV","/wiki/Template:Youngstown_TV","/w/index.php?title=Johnstown,_Pennsylvania&action=edit&section=16","/w/index.php?title=Johnstown,_Pennsylvania&action=edit&section=17","/wiki/Pennsylvania_Turnpike","/wiki/US_219","/wiki/Pennsylvania_Route_56","/wiki/US_22","/wiki/Pittsburgh","/wiki/Altoona,_Pennsylvania","/w/index.php?title=Johnstown,_Pennsylvania&action=edit&section=18","/wiki/John_Murtha_Johnstown-Cambria_County_Airport","/wiki/United_Airlines","/w/index.php?title=Johnstown,_Pennsylvania&action=edit&section=19","/wiki/Johnstown_(Amtrak_station)","/wiki/Amtrak","/wiki/Pennsylvanian_(train)","/wiki/Pennsylvania_Railroad","/wiki/Norfolk_Southern","/w/index.php?title=Johnstown,_Pennsylvania&action=edit&section=20","/wiki/File:JohnstownIncline.jpg","//upload.wikimedia.org/wikipedia/commons/thumb/d/dc/JohnstownIncline.jpg/220px-JohnstownIncline.jpg","/wiki/File:JohnstownIncline.jpg","//bits.wikimedia.org/static-1.22wmf11/skins/common/images/magnify-clip.png","/wiki/Johnstown_Inclined_Plane","/wiki/CamTran","/wiki/Johnstown_Inclined_Plane","/wiki/Johnstown_Traction_Company","/wiki/Streetcar","/wiki/Trolleybus","#cite_note-sebree-ward-11","/w/index.php?title=Johnstown,_Pennsylvania&action=edit&section=21","/wiki/Johnstown_Tomahawks","/wiki/NAHL","/wiki/Cambria_County_War_Memorial_Arena","/wiki/Ice_hockey","/wiki/Sports_franchising","/wiki/Johnstown_Chiefs","/wiki/Slap_Shot_(movie)","/wiki/ECHL","/wiki/Wheeling_Nailers","/wiki/Major_League_Baseball","/wiki/Al_Kaline","/wiki/Reggie_Jackson","/wiki/Joe_Torre","/wiki/Bruce_Bochy","/wiki/Johnstown_Johnnies","/wiki/Frontier_League","/wiki/Sunnehanna_Amateur","/w/index.php?title=Johnstown,_Pennsylvania&action=edit&section=22","/wiki/Cambria_Iron_Company","/wiki/National_Historic_Landmark","http://www.coneyislandjohnstownpa.com/index.html","/wiki/Grandview_Cemetery,_Johnstown","/wiki/Johnstown_Flood_National_Memorial","/wiki/Johnstown_Inclined_Plane","/wiki/Peoples_Natural_Gas_Park","/wiki/Point_Stadium","#cite_note-four-12","#cite_note-one-13","#cite_note-two-14","#cite_note-three-15","/wiki/Windber,_Pennsylvania","/wiki/Drive-in_theater","/wiki/Staple_Bend_Tunnel","/wiki/National_Historic_Landmark","/wiki/Stone_Bridge_(Johnstown,_Pennsylvania)","/wiki/Conemaugh_River","/w/index.php?title=Johnstown,_Pennsylvania&action=edit&section=23","/wiki/Carroll_Baker","/wiki/Donald_Barlett","/wiki/Frank_Benford","/wiki/Robert_Bernat","/wiki/Mel_Bosser","/wiki/Edward_R._Bradley","/wiki/Charles_Wakefield_Cadman","/wiki/Charles_E._Capehart","/wiki/Medal_of_Honor","/wiki/Henry_Capehart","/wiki/Medal_of_Honor","/wiki/D._C._Cooper","/wiki/Heavy_metal_music","/wiki/Joey_Covington","/wiki/Jefferson_Airplane","/wiki/Jefferson_Starship","/wiki/Hot_Tuna","/wiki/Roger_Craig_(Jeopardy!_contestant)","/wiki/Jeopardy!","/wiki/Pat_Cummings","/wiki/Steve_Ditko","/wiki/Spider-Man","/wiki/Pete_Duranko","/wiki/University_of_Notre_Dame","/wiki/Denver_Broncos","/wiki/Jim_Gallagher,_Jr.","/wiki/PGA_Tour","/wiki/Count_Grog","/wiki/Jack_Ham","/wiki/Pro_Football_Hall_of_Fame","/wiki/Carlton_Haselrig","/wiki/Pittsburgh_Steelers","/wiki/Artrell_Hawkins","/wiki/NFL","/wiki/New_England_Patriots","/wiki/Carolina_Panthers","/wiki/Cincinnati_Bengals","/wiki/Andrew_Hawkins","/wiki/NFL","/wiki/St._Louis_Rams","/wiki/4th_and_Long","/wiki/Incantation_(band)","/wiki/New_York_City","/wiki/E._Snapper_Ingram","/wiki/Tim_Kazurinsky","/wiki/Saturday_Night_Live","/wiki/Natalia_Livingston","/w/index.php?title=Mike_Markovich&action=edit&redlink=1","/wiki/Who_Wants_to_Be_a_Millionaire%3F","#cite_note-16","/wiki/Terry_McGovern_(boxer)","/wiki/Charles_T._Menoher","/wiki/World_War_I","/wiki/John_Murtha","/wiki/David_Noon","/wiki/Michael_Novak","/wiki/American_Enterprise_Institute","/wiki/Templeton_Prize","/wiki/Joe_O%27Donnell_(photojournalist)","/wiki/Joe_Pass","/wiki/Herb_Pfuhl","#cite_note-td-17","/w/index.php?title=Greg_Rager&action=edit&redlink=1","/wiki/Ray_Scott_(sportscaster)","/wiki/Russell_Shorto","/wiki/Edward_A._Silk","/wiki/Medal_of_Honor","/wiki/Geroy_Simon","/wiki/Canadian_Football_League","/wiki/Saskatchewan_Roughriders","/wiki/CFL%27s_Most_Outstanding_Player_Award","/w/index.php?title=CFL%27s_All-Time_Leading_Wide-Receiver_in_Receiving_Yards&action=edit&redlink=1","/wiki/Mark_Singel","/wiki/Lieutenant_Governor_of_Pennsylvania","/wiki/Acting_governor","/wiki/Emil_Sitka","/wiki/Three_Stooges","/w/index.php?title=John_Sisco&action=edit&redlink=1","/wiki/Frank_Solich","/wiki/LaRod_Stephens-Howling","/wiki/NFL","/wiki/Pittsburgh_Steelers","/wiki/John_Stofa","/wiki/Michael_Strank","/wiki/BIG_Brian_Subich","/wiki/John_J._Tominac","/wiki/Medal_of_Honor","/wiki/Pete_Vuckovich","/wiki/Cy_Young_Award","/wiki/John_Walker_(organist)","/wiki/Michael_Walzer","/wiki/Ian_Williams_(musician)","/wiki/Don_Caballero","/wiki/Battles_(band)","/w/index.php?title=Johnstown,_Pennsylvania&action=edit&section=24","/wiki/Cambria_Somerset_Authority","/wiki/In_Sunlight,_In_a_Beautiful_Garden","/wiki/Ehrenfeld,_Pennsylvania","/wiki/Nanty_Glo,_Pennsylvania","/wiki/Windber,_Pennsylvania","/w/index.php?title=Johnstown,_Pennsylvania&action=edit&section=25","#cite_ref-GNIS1_1-0","http://geonames.usgs.gov/pls/gnispublic/f?p=gnispq:3:::NO::P3_FID:1215025","/wiki/Geographic_Names_Information_System","/wiki/United_States_Geological_Survey","#cite_ref-2","http://factfinder2.census.gov/faces/tableservices/jsf/pages/productview.xhtml?fpt=table","#cite_ref-nris_3-0","http://nrhp.focus.nps.gov/natreg/docs/All_Data.html","/wiki/National_Park_Service","#cite_ref-McCullough269_4-0","/wiki/David_McCullough","/wiki/Simon_%26_Schuster","/wiki/Special:BookSources/0671207148","#cite_ref-McCullough229-231_5-0","/wiki/David_McCullough","/wiki/Simon_%26_Schuster","/wiki/Special:BookSources/0671207148","#cite_ref-GR1_6-0","http://www.census.gov/geo/www/gazetteer/gazette.html","/wiki/United_States_Census_Bureau","#cite_ref-7","http://www.accuweather.com/en/us/johnstown-pa/15901/may-weather/330300?view=table","#cite_ref-8","http://www.census.gov/prod/www/abs/decennial/1940.html","#cite_ref-9","http://www.census.gov/prod/www/abs/decennial/1960cenpopv1.html","#cite_ref-10","http://www.census.gov/prod/cen1990/cph2/cph-2-1-1.pdf","#cite_ref-sebree-ward_11-0","/wiki/Mac_Sebree","/wiki/Interurban_Press","#cite_ref-four_12-0","http://tribune-democrat.com/features/x519194516/Reel-success-County-Amusement-noting-60-years-in-movie-business","/wiki/The_Tribune-Democrat","#cite_ref-one_13-0","http://tribune-democrat.com/local/x519180344/Silver-screen-saved","/wiki/The_Tribune-Democrat","#cite_ref-two_14-0","http://tribune-democrat.com/events/x519129916/Artists-touch-adds-character-s-to-drive-in","/wiki/The_Tribune-Democrat","#cite_ref-three_15-0","http://tribune-democrat.com/local/x519172764/Silver-Drive-In-owner-mulls-rezoning-sale?keyword=topstory","/wiki/The_Tribune-Democrat","#cite_ref-16","http://www.youtube.com/watch?v=78i-6Wh6Vvg","#cite_ref-td_17-0","http://tribune-democrat.com/local/x2080078605/Former-mayor-Pfuhl-dies","/wiki/The_Tribune-Democrat","/w/index.php?title=Johnstown,_Pennsylvania&action=edit&section=26","/wiki/David_McCullough","/wiki/Special:BookSources/0671207148","http://books.google.com/books?id=IfBbCiIt-40C&printsec=frontcover","http://books.google.com/books?id=nudlrrzCpQgC","/w/index.php?title=Johnstown,_Pennsylvania&action=edit&section=27","//upload.wikimedia.org/wikipedia/en/thumb/4/4a/Commons-logo.svg/30px-Commons-logo.svg.png","//commons.wikimedia.org/wiki/Category:Johnstown,_Pennsylvania","//upload.wikimedia.org/wikipedia/commons/thumb/8/8a/Wikivoyage-logo.svg/40px-Wikivoyage-logo.svg.png","/wiki/Wikivoyage","//en.wikivoyage.org/wiki/Johnstown","http://www.cityofjohnstownpa.net","http://www.ourtownjohnstown.com/","http://www.johnstownchamber.com/","http://www.visitjohnstownpa.com/","http://www.tribune-democrat.com/","http://www.cclib.lib.pa.us/","http://www.upj.pitt.edu/","http://www.johnstown.macaronikid.com/","http://www.johnstowncafe.com/","/wiki/Template:Cambria_County,_Pennsylvania","/wiki/Template_talk:Cambria_County,_Pennsylvania","//en.wikipedia.org/w/index.php?title=Template:Cambria_County,_Pennsylvania&action=edit","/wiki/Cambria_County,_Pennsylvania","/wiki/County_seat","/wiki/Ebensburg,_Pennsylvania","/wiki/City_(Pennsylvania)","//upload.wikimedia.org/wikipedia/commons/thumb/1/18/Map_of_Pennsylvania_highlighting_Cambria_County.svg/180px-Map_of_Pennsylvania_highlighting_Cambria_County.svg.png","/wiki/Borough_(Pennsylvania)","/wiki/Ashville,_Pennsylvania","/wiki/Brownstown,_Cambria_County,_Pennsylvania","/wiki/Carrolltown,_Pennsylvania","/wiki/Cassandra,_Pennsylvania","/wiki/Chest_Springs,_Pennsylvania","/wiki/Cresson,_Pennsylvania","/wiki/Daisytown,_Pennsylvania","/wiki/Dale,_Pennsylvania","/wiki/East_Conemaugh,_Pennsylvania","/wiki/Ebensburg,_Pennsylvania","/wiki/Ehrenfeld,_Pennsylvania","/wiki/Ferndale,_Pennsylvania","/wiki/Franklin,_Cambria_County,_Pennsylvania","/wiki/Gallitzin,_Pennsylvania","/wiki/Geistown,_Pennsylvania","/wiki/Hastings,_Pennsylvania","/wiki/Lilly,_Pennsylvania","/wiki/Lorain,_Pennsylvania","/wiki/Loretto,_Pennsylvania","/wiki/Nanty_Glo,_Pennsylvania","/wiki/Northern_Cambria,_Pennsylvania","/wiki/Patton,_Pennsylvania","/wiki/Portage,_Pennsylvania","/wiki/Sankertown,_Pennsylvania","/wiki/Scalp_Level,_Pennsylvania","/wiki/South_Fork,_Pennsylvania","/wiki/Southmont,_Pennsylvania","/wiki/Summerhill,_Pennsylvania","/wiki/Tunnelhill,_Pennsylvania","/wiki/Vintondale,_Pennsylvania","/wiki/Westmont,_Pennsylvania","/wiki/Wilmore,_Pennsylvania","/wiki/Township_(Pennsylvania)","/wiki/Adams_Township,_Cambria_County,_Pennsylvania","/wiki/Allegheny_Township,_Cambria_County,_Pennsylvania","/wiki/Barr_Township,_Cambria_County,_Pennsylvania","/wiki/Blacklick_Township,_Cambria_County,_Pennsylvania","/wiki/Cambria_Township,_Cambria_County,_Pennsylvania","/wiki/Chest_Township,_Cambria_County,_Pennsylvania","/wiki/Clearfield_Township,_Cambria_County,_Pennsylvania","/wiki/Conemaugh_Township,_Cambria_County,_Pennsylvania","/wiki/Cresson_Township,_Cambria_County,_Pennsylvania","/wiki/Croyle_Township,_Cambria_County,_Pennsylvania","/wiki/Dean_Township,_Cambria_County,_Pennsylvania","/wiki/East_Carroll_Township,_Cambria_County,_Pennsylvania","/wiki/East_Taylor_Township,_Cambria_County,_Pennsylvania","/wiki/Elder_Township,_Cambria_County,_Pennsylvania","/wiki/Gallitzin_Township,_Cambria_County,_Pennsylvania","/wiki/Jackson_Township,_Cambria_County,_Pennsylvania","/wiki/Lower_Yoder_Township,_Cambria_County,_Pennsylvania","/wiki/Middle_Taylor_Township,_Cambria_County,_Pennsylvania","/wiki/Munster_Township,_Cambria_County,_Pennsylvania","/wiki/Portage_Township,_Cambria_County,_Pennsylvania","/wiki/Reade_Township,_Cambria_County,_Pennsylvania","/wiki/Richland_Township,_Cambria_County,_Pennsylvania","/wiki/Stonycreek_Township,_Cambria_County,_Pennsylvania","/wiki/Summerhill_Township,_Cambria_County,_Pennsylvania","/wiki/Susquehanna_Township,_Cambria_County,_Pennsylvania","/wiki/Upper_Yoder_Township,_Cambria_County,_Pennsylvania","/wiki/Washington_Township,_Cambria_County,_Pennsylvania","/wiki/West_Carroll_Township,_Cambria_County,_Pennsylvania","/wiki/West_Taylor_Township,_Cambria_County,_Pennsylvania","/wiki/White_Township,_Cambria_County,_Pennsylvania","/wiki/Census-designated_place","/wiki/Beaverdale,_Pennsylvania","/wiki/Blandburg,_Pennsylvania","/wiki/Belmont,_Pennsylvania","/wiki/Colver,_Pennsylvania","/wiki/Dunlo,_Pennsylvania","/wiki/Elim,_Pennsylvania","/wiki/Mundys_Corner,_Pennsylvania","/wiki/Oakland,_Cambria_County,_Pennsylvania","/wiki/Revloc,_Pennsylvania","/wiki/Riverside,_Cambria_County,_Pennsylvania","/wiki/St._Michael,_Pennsylvania","/wiki/Salix,_Pennsylvania","/wiki/Sidman,_Pennsylvania","/wiki/Spring_Hill,_Pennsylvania","/wiki/University_of_Pittsburgh_Johnstown","/wiki/Vinco,_Pennsylvania","/wiki/Unincorporated_area","/wiki/Flinton,_Pennsylvania","/wiki/Kaylor,_Pennsylvania","/wiki/Mineral_Point,_Pennsylvania","/wiki/Mountaindale,_Pennsylvania","/wiki/Number_Thirty-Seven,_Pennsylvania","/wiki/Oil_City,_Cambria_County,_Pennsylvania","/wiki/Template:Pennsylvania","/wiki/Template_talk:Pennsylvania","//en.wikipedia.org/w/index.php?title=Template:Pennsylvania&action=edit","//upload.wikimedia.org/wikipedia/commons/thumb/f/f7/Flag_of_Pennsylvania.svg/23px-Flag_of_Pennsylvania.svg.png","/wiki/Commonwealth_(U.S._state)","/wiki/Pennsylvania","/wiki/Harrisburg,_Pennsylvania","/wiki/Category:Pennsylvania","/wiki/List_of_cities_in_Pennsylvania","/wiki/Government_of_Pennsylvania","/wiki/United_States_congressional_delegations_from_Pennsylvania","/wiki/History_of_Pennsylvania","/wiki/Geography_of_Pennsylvania","/wiki/Geology_of_Pennsylvania","/wiki/List_of_people_from_Pennsylvania","/wiki/List_of_Pennsylvania_state_parks","/wiki/List_of_Pennsylvania_state_symbols","/wiki/Category:Visitor_attractions_in_Pennsylvania","/wiki/Agriculture_in_Pennsylvania","/wiki/Category:Pennsylvania_culture","/wiki/Crime_in_Pennsylvania","/wiki/Demographics_of_Pennsylvania","/wiki/Economy_of_Pennsylvania","/wiki/Education_in_Pennsylvania","/wiki/Gambling_in_Pennsylvania","/wiki/Politics_of_Pennsylvania","/wiki/Pennsylvania_metropolitan_areas","/wiki/Altoona,_Pennsylvania","/wiki/Delaware_Valley","/wiki/Erie,_Pennsylvania","/wiki/Harrisburg_metropolitan_area","/wiki/Lancaster,_Pennsylvania","/wiki/Lebanon,_Pennsylvania","/wiki/Lehigh_Valley","/wiki/New_York_metropolitan_area","/wiki/Pittsburgh_metropolitan_area","/wiki/Greater_Reading_Area","/wiki/State_College,_Pennsylvania","/wiki/Williamsport,_Pennsylvania","/wiki/Wyoming_Valley","/wiki/York,_Pennsylvania","/wiki/Hanover,_Pennsylvania","/wiki/List_of_cities_in_Pennsylvania","/wiki/Allentown,_Pennsylvania","/wiki/Altoona,_Pennsylvania","/wiki/Bethlehem,_Pennsylvania","/wiki/Butler,_Pennsylvania","/wiki/Chester,_Pennsylvania","/wiki/DuBois,_Pennsylvania","/wiki/Easton,_Pennsylvania","/wiki/Erie,_Pennsylvania","/wiki/Greensburg,_Pennsylvania","/wiki/Harrisburg,_Pennsylvania","/wiki/Hazleton,_Pennsylvania","/wiki/Lancaster,_Pennsylvania","/wiki/Lebanon,_Pennsylvania","/wiki/McKeesport,_Pennsylvania","/wiki/New_Castle,_Pennsylvania","/wiki/Philadelphia","/wiki/Pittsburgh","/wiki/Pottsville,_Pennsylvania","/wiki/Reading,_Pennsylvania","/wiki/Scranton,_Pennsylvania","/wiki/Sunbury,_Pennsylvania","/wiki/Wilkes-Barre,_Pennsylvania","/wiki/Williamsport,_Pennsylvania","/wiki/York,_Pennsylvania","/wiki/List_of_towns_and_boroughs_in_Pennsylvania","/wiki/Baldwin,_Allegheny_County,_Pennsylvania","/wiki/Berwick,_Pennsylvania","/wiki/Bethel_Park,_Pennsylvania","/wiki/Brentwood,_Pennsylvania","/wiki/Carlisle,_Pennsylvania","/wiki/Chambersburg,_Pennsylvania","/wiki/Cheltenham_Township,_Pennsylvania","/wiki/Columbia,_Pennsylvania","/wiki/Darby,_Pennsylvania","/wiki/Dunmore,_Pennsylvania","/wiki/Elizabethtown,_Pennsylvania","/wiki/Emmaus,_Pennsylvania","/wiki/Ephrata,_Pennsylvania","/wiki/Franklin_Park,_Pennsylvania","/wiki/Gettysburg,_Pennsylvania","/wiki/Hanover,_Pennsylvania","/wiki/Haverford_Township,_Delaware_County,_Pennsylvania","/wiki/Indiana,_Pennsylvania","/wiki/Kingston,_Pennsylvania","/wiki/Kutztown,_Pennsylvania","/wiki/Lansdale,_Pennsylvania","/wiki/Lansdowne,_Pennsylvania","/wiki/Millcreek_Township,_Erie_County,_Pennsylvania","/wiki/Monroeville,_Pennsylvania","/wiki/Munhall,_Pennsylvania","/wiki/Municipality_of_Murrysville,_Pennsylvania","/wiki/Norristown,_Pennsylvania","/wiki/Penn_Hills,_Pennsylvania","/wiki/Phoenixville,_Pennsylvania","/wiki/Plum,_Pennsylvania","/wiki/Pottstown,_Pennsylvania","/wiki/State_College,_Pennsylvania","/wiki/Upper_Darby,_PA","/wiki/West_Chester,_Pennsylvania","/wiki/West_Mifflin,_Pennsylvania","/wiki/Whitehall,_Allegheny_County,_Pennsylvania","/wiki/Whitehall_Township,_Lehigh_County,_Pennsylvania","/wiki/Wilkinsburg,_Pennsylvania","/wiki/Wyomissing,_Pennsylvania","/wiki/Yeadon,_Pennsylvania","/wiki/Pennsylvania_Regions","/wiki/Allegheny_Mountains","/wiki/Allegheny_National_Forest","/wiki/Allegheny_Plateau","/wiki/Atlantic_coastal_plain","/wiki/Blue_Ridge_Mountains","/wiki/Coal_Region","/wiki/Cumberland_Valley","/wiki/Delaware_Valley","/wiki/Pennsylvania_Dutch_Country","/wiki/Endless_Mountains","/wiki/State_College,_Pennsylvania","/wiki/Laurel_Highlands","/wiki/Lehigh_Valley","/wiki/Philadelphia_Main_Line","/wiki/Northeastern_Pennsylvania","/wiki/Northern_Tier_(Pennsylvania)","/wiki/Northwestern_Pennsylvania","/wiki/Oil_Region","/wiki/Pennsylvania_Highlands_Region","/wiki/Philicon_Valley","/wiki/Piedmont_(United_States)","/wiki/Pocono_Mountains","/wiki/Ridge-and-Valley_Appalachians","/wiki/South_Central_Pennsylvania","/wiki/Susquehanna_River","/wiki/Western_Pennsylvania","/wiki/Wyoming_Valley","/wiki/List_of_counties_in_Pennsylvania","/wiki/Adams_County,_Pennsylvania","/wiki/Allegheny_County,_Pennsylvania","/wiki/Armstrong_County,_Pennsylvania","/wiki/Beaver_County,_Pennsylvania","/wiki/Bedford_County,_Pennsylvania","/wiki/Berks_County,_Pennsylvania","/wiki/Blair_County,_Pennsylvania","/wiki/Bradford_County,_Pennsylvania","/wiki/Bucks_County,_Pennsylvania","/wiki/Butler_County,_Pennsylvania","/wiki/Cambria_County,_Pennsylvania","/wiki/Cameron_County,_Pennsylvania","/wiki/Carbon_County,_Pennsylvania","/wiki/Centre_County,_Pennsylvania","/wiki/Chester_County,_Pennsylvania","/wiki/Clarion_County,_Pennsylvania","/wiki/Clearfield_County,_Pennsylvania","/wiki/Clinton_County,_Pennsylvania","/wiki/Columbia_County,_Pennsylvania","/wiki/Crawford_County,_Pennsylvania","/wiki/Cumberland_County,_Pennsylvania","/wiki/Dauphin_County,_Pennsylvania","/wiki/Delaware_County,_Pennsylvania","/wiki/Elk_County,_Pennsylvania","/wiki/Erie_County,_Pennsylvania","/wiki/Fayette_County,_Pennsylvania","/wiki/Forest_County,_Pennsylvania","/wiki/Franklin_County,_Pennsylvania","/wiki/Fulton_County,_Pennsylvania","/wiki/Greene_County,_Pennsylvania","/wiki/Huntingdon_County,_Pennsylvania","/wiki/Indiana_County,_Pennsylvania","/wiki/Jefferson_County,_Pennsylvania","/wiki/Juniata_County,_Pennsylvania","/wiki/Lackawanna_County,_Pennsylvania","/wiki/Lancaster_County,_Pennsylvania","/wiki/Lawrence_County,_Pennsylvania","/wiki/Lebanon_County,_Pennsylvania","/wiki/Lehigh_County,_Pennsylvania","/wiki/Luzerne_County,_Pennsylvania","/wiki/Lycoming_County,_Pennsylvania","/wiki/McKean_County,_Pennsylvania","/wiki/Mercer_County,_Pennsylvania","/wiki/Mifflin_County,_Pennsylvania","/wiki/Monroe_County,_Pennsylvania","/wiki/Montgomery_County,_Pennsylvania","/wiki/Montour_County,_Pennsylvania","/wiki/Northampton_County,_Pennsylvania","/wiki/Northumberland_County,_Pennsylvania","/wiki/Perry_County,_Pennsylvania","/wiki/Philadelphia_County,_Pennsylvania","/wiki/Pike_County,_Pennsylvania","/wiki/Potter_County,_Pennsylvania","/wiki/Schuylkill_County,_Pennsylvania","/wiki/Snyder_County,_Pennsylvania","/wiki/Somerset_County,_Pennsylvania","/wiki/Sullivan_County,_Pennsylvania","/wiki/Susquehanna_County,_Pennsylvania","/wiki/Tioga_County,_Pennsylvania","/wiki/Union_County,_Pennsylvania","/wiki/Venango_County,_Pennsylvania","/wiki/Warren_County,_Pennsylvania","/wiki/Washington_County,_Pennsylvania","/wiki/Wayne_County,_Pennsylvania","/wiki/Westmoreland_County,_Pennsylvania","/wiki/Wyoming_County,_Pennsylvania","/wiki/York_County,_Pennsylvania","/wiki/Template:PA_Home_Rule_Municipality","/wiki/Template_talk:PA_Home_Rule_Municipality","//en.wikipedia.org/w/index.php?title=Template:PA_Home_Rule_Municipality&action=edit","/wiki/Home_Rule_Municipality_(Pennsylvania)","/wiki/Commonwealth_of_Pennsylvania","/wiki/Allentown,_Pennsylvania","/wiki/Bellevue,_Pennsylvania","/wiki/Bethel_Park,_Pennsylvania","/wiki/Bradford_Woods,_Pennsylvania","/wiki/Bryn_Athyn,_Pennsylvania","/wiki/Cambridge_Springs,_Pennsylvania","/wiki/Carbondale,_Pennsylvania","/wiki/Chalfont,_Pennsylvania","/wiki/Cheltenham_Township,_Pennsylvania","/wiki/Chester,_Pennsylvania","/wiki/Chester_Township,_Delaware_County,_Pennsylvania","/wiki/Clairton,_Pennsylvania","/wiki/Coatesville,_Pennsylvania","/wiki/DuBois,_Pennsylvania","/wiki/Edinboro,_Pennsylvania","/wiki/Elk_Township,_Chester_County,_Pennsylvania","/wiki/Farrell,_Pennsylvania","/wiki/Ferguson_Township,_Centre_County,_Pennsylvania","/wiki/Franklin,_Pennsylvania","/wiki/Greensburg,_Pennsylvania","/wiki/Green_Tree,_Pennsylvania","/wiki/Hampton_Township,_Allegheny_County,_Pennsylvania","/wiki/Hanover_Township,_Lehigh_County,_Pennsylvania","/wiki/Haverford_Township,_Delaware_County,_Pennsylvania","/wiki/Hazleton,_Pennsylvania","/wiki/Hermitage,_Pennsylvania","/wiki/Horsham_Township,_Montgomery_County,_Pennsylvania","/wiki/Kingston,_Pennsylvania","/wiki/Kingston_Township,_Luzerne_County,_Pennsylvania","/wiki/Latrobe,_Pennsylvania","/wiki/Lebanon,_Pennsylvania","/wiki/McCandless,_Pennsylvania","/wiki/McKeesport,_Pennsylvania","/wiki/Middletown_Township,_Delaware_County,_Pennsylvania","/wiki/Monroeville,_Pennsylvania","/wiki/Mt._Lebanon,_Pennsylvania","/wiki/Murrysville,_Pennsylvania","/wiki/Norristown,_Pennsylvania","/wiki/O%27Hara_Township,_Allegheny_County,_Pennsylvania","/wiki/Penn_Hills,_Pennsylvania","/wiki/Peters_Township,_Washington_County,_Pennsylvania","/wiki/Philadelphia","/wiki/Pine_Township,_Allegheny_County,_Pennsylvania","/wiki/Pittsburgh","/wiki/Plymouth_Township,_Montgomery_County,_Pennsylvania","/wiki/Portage,_Pennsylvania","/wiki/Radnor_Township,_Delaware_County,_Pennsylvania","/wiki/Reading,_Pennsylvania","/wiki/Richland_Township,_Allegheny_County,_Pennsylvania","/wiki/St._Marys,_Pennsylvania","/wiki/Salisbury_Township,_Lehigh_County,_Pennsylvania","/wiki/Scranton,_Pennsylvania","/wiki/State_College,_Pennsylvania","/wiki/Tredyffrin_Township,_Chester_County,_Pennsylvania","/wiki/Tyrone,_Pennsylvania","/wiki/Upper_Darby_Township,_Pennsylvania","/wiki/Upper_Providence_Township,_Delaware_County,_Pennsylvania","/wiki/Upper_St._Clair_Township,_Allegheny_County,_Pennsylvania","/wiki/Warren,_Pennsylvania","/wiki/West_Chester,_Pennsylvania","/wiki/West_Deer_Township,_Allegheny_County,_Pennsylvania","/wiki/Whitehall,_Allegheny_County,_Pennsylvania","/wiki/Whitehall_Township,_Lehigh_County,_Pennsylvania","/wiki/Whitemarsh_Township,_Montgomery_County,_Pennsylvania","/wiki/Wilkes-Barre,_Pennsylvania","/wiki/Wilkes-Barre_Township,_Luzerne_County,_Pennsylvania","/wiki/Youngsville,_Pennsylvania","//upload.wikimedia.org/wikipedia/commons/8/8b/Compass_rose_pale-50x50.png","/wiki/Indiana,_Pennsylvania","/wiki/Punxsutawney,_Pennsylvania","/wiki/Altoona,_Pennsylvania","//upload.wikimedia.org/wikipedia/commons/8/8b/Compass_rose_pale-50x50.png","/wiki/Pittsburgh","//upload.wikimedia.org/wikipedia/commons/thumb/4/44/North.svg/17px-North.svg.png","/wiki/Hollidaysburg,_Pennsylvania","//upload.wikimedia.org/wikipedia/commons/thumb/f/f0/West.svg/17px-West.svg.png","//upload.wikimedia.org/wikipedia/commons/thumb/5/5d/Boxed_East_arrow.svg/17px-Boxed_East_arrow.svg.png","//upload.wikimedia.org/wikipedia/commons/thumb/c/cd/South.svg/17px-South.svg.png","/wiki/Westmont,_Pennsylvania","/wiki/Somerset,_Pennsylvania","/wiki/Bedford,_Pennsylvania","/wiki/Template:Johnstown,_Pennsylvania","/wiki/Template_talk:Johnstown,_Pennsylvania","//en.wikipedia.org/w/index.php?title=Template:Johnstown,_Pennsylvania&action=edit","/wiki/Cambria_County,_Pennsylvania","/wiki/Pennsylvania","/wiki/Westmont,_Pennsylvania","/wiki/Brownstown,_Cambria_County,_Pennsylvania","/wiki/Richland_Township,_Cambria_County,_Pennsylvania","/wiki/East_Conemaugh,_Pennsylvania","/wiki/Ferndale,_Pennsylvania","/wiki/Franklin,_Cambria_County,_Pennsylvania","/wiki/Daisytown,_Pennsylvania","/wiki/Johnstown_Flood","/wiki/Johnstown_Flood_National_Memorial","/wiki/South_Fork_Dam","/wiki/Allegheny_Portage_Railroad","/wiki/Cambria_Iron_Company","/wiki/Johnstown_Inclined_Plane","/wiki/Grandview_Cemetery,_Johnstown","/wiki/Staple_Bend_Tunnel","/wiki/Stone_Bridge_(Johnstown,_Pennsylvania)","/wiki/Conemaugh_River","/wiki/U.S._Route_219_in_Pennsylvania","/wiki/Pennsylvania_Route_56","/wiki/Pennsylvania_Route_271","/wiki/Pennsylvania_Route_403","/wiki/Pennsylvania_Route_756","/wiki/Pennsylvania_Route_985","/wiki/John_Murtha_Johnstown-Cambria_County_Airport","/wiki/Johnstown_(Amtrak_station)","/wiki/CamTran","/wiki/University_of_Pittsburgh_at_Johnstown","/wiki/Pennsylvania_Highlands_Community_College","/wiki/Greater_Johnstown_High_School","/wiki/Bishop_McCort_High_School","/wiki/Richland_Senior_High_School","/wiki/Westmont_Hilltop_High_School","/wiki/AmeriServ_Financial","/wiki/Concurrent_Technologies_Corporation","/wiki/Galliker%27s","/wiki/Cambria_Somerset_Authority","/wiki/Pasquerilla_Performing_Arts_Center","/wiki/Johnstown_Symphony_Orchestra","/wiki/Johnstown_Blue_Birds","/wiki/Johnstown_Jets","/wiki/Johnstown_Chiefs","/wiki/Cambria_County_War_Memorial_Arena","/wiki/Point_Stadium","/wiki/Slap_Shot_(film)","/wiki/All_the_Right_Moves_(film)","/wiki/The_Tribune-Democrat","/wiki/Johnstown_Magazine","/wiki/Template:Johnstown/Altoona/State_College_TV","/wiki/Template_talk:Johnstown/Altoona/State_College_TV","//en.wikipedia.org/w/index.php?title=Template:Johnstown/Altoona/State_College_TV&action=edit","/wiki/Altoona,_Pennsylvania","/wiki/State_College,_Pennsylvania","/wiki/Cable_television","/wiki/WPSU-TV","/wiki/Public_Broadcasting_Service","/wiki/Create_(TV_network)","/wiki/PBS_World","/wiki/WJAC-TV","/wiki/NBC","/wiki/Me-TV","/wiki/WWCP-TV","/wiki/Fox_Broadcasting_Company","/wiki/WATM-TV","/wiki/WTAJ-TV","/wiki/CBS","/wiki/WSCP-LP","/wiki/Independent_station","/wiki/WPCW","/wiki/The_CW_Television_Network","/wiki/WATM-TV","/wiki/American_Broadcasting_Company","/wiki/WWCP","/wiki/This_TV","/wiki/WHVL-LP","/wiki/MyNetworkTV","/wiki/America_One","/wiki/WNEP-TV#Translators","/wiki/American_Broadcasting_Company","/wiki/Antenna_TV","/wiki/WKBS-TV","/wiki/Cornerstone_Television","/wiki/Cable_television","/wiki/IUP-TV","/wiki/Independent_station","/wiki/Template:Pittsburgh_TV","/wiki/KDKA-TV","/wiki/CBS","/wiki/WTAE-TV","/wiki/American_Broadcasting_Company","/wiki/WPXI","/wiki/NBC","/wiki/Template:Washington_TV","/wiki/WHAG-TV","/wiki/NBC","/wiki/WJAL","/wiki/Independent_station","/wiki/W41CF","/wiki/Independent_station","/wiki/WLLS-LP","/wiki/America_One","/wiki/Template:Johnstown_Radio","/wiki/Template_talk:Johnstown_Radio","//en.wikipedia.org/w/index.php?title=Template:Johnstown_Radio&action=edit","/wiki/FM_broadcast","/wiki/Frequency","/wiki/WJAC-TV","/wiki/WFRJ","/wiki/WQED-FM","/wiki/WLGY","/wiki/WJHT","/wiki/WFGI-FM","/wiki/WKYE","/wiki/WPCL","/wiki/WLKH","/wiki/WYRA","/wiki/WRKW","/wiki/WESA","/wiki/WCCL","/wiki/WMUG-LP","/wiki/WLKJ","/wiki/WJAC-TV","/wiki/AM_broadcast","/wiki/Frequency","/wiki/WFRB_(AM)","/wiki/WKGE","/wiki/WNCC_(AM)","/wiki/WLLI","/wiki/WCCS","/wiki/WCRO","/wiki/WWGE","/wiki/WDAD","/wiki/WNTJ","/wiki/WRDD","/wiki/NOAA_Weather_Radio_All_Hazards","/wiki/Frequency","/wiki/WXM33","/wiki/North_American_call_sign","/wiki/WCCL","/wiki/WCRO","/wiki/WCCS","/wiki/WDAD","/wiki/WESA","/wiki/WFGI-FM","/wiki/WFRB_(AM)","/wiki/WFRJ","/wiki/WJHT","/wiki/WKGE","/wiki/WKYE","/wiki/WLGY","/wiki/WLKH","/wiki/WLKJ","/wiki/WLLI","/wiki/WMUG-LP","/wiki/WNCC_(AM)","/wiki/WNTJ","/wiki/WPCL","/wiki/WQED-FM","/wiki/WRDD","/wiki/WRKW","/wiki/WXM33","/wiki/WWGE","/wiki/WYRA","/wiki/WBHV_(AM)","//en.wikipedia.org/w/index.php?title=Special:CentralAutoLogin/start&type=1x1&from=enwiki","http://en.wikipedia.org/w/index.php?title=Johnstown,_Pennsylvania&oldid=565500655","/wiki/Help:Categories","/wiki/Category:Cities_in_Pennsylvania","/wiki/Category:Johnstown,_Pennsylvania","/wiki/Category:Populated_places_established_in_1770","/wiki/Category:Populated_places_in_Cambria_County,_Pennsylvania","/wiki/Category:Commons_category_template_with_no_category_set","/wiki/Category:Commons_category_with_page_title_same_as_on_Wikidata","/w/index.php?title=Special:UserLogin&returnto=Johnstown%2C+Pennsylvania&type=signup","/w/index.php?title=Special:UserLogin&returnto=Johnstown%2C+Pennsylvania","/wiki/Johnstown,_Pennsylvania","/wiki/Talk:Johnstown,_Pennsylvania","#","/wiki/Johnstown,_Pennsylvania","/w/index.php?title=Johnstown,_Pennsylvania&action=edit","/w/index.php?title=Johnstown,_Pennsylvania&action=history","#","/w/index.php","//bits.wikimedia.org/static-1.22wmf11/skins/vector/images/search-ltr.png?303-4","/wiki/Main_Page","/wiki/Main_Page","/wiki/Portal:Contents","/wiki/Portal:Featured_content","/wiki/Portal:Current_events","/wiki/Special:Random","//donate.wikimedia.org/wiki/Special:FundraiserRedirector?utm_source=donate&utm_medium=sidebar&utm_campaign=C13_en.wikipedia.org&uselang=en","/wiki/Help:Contents","/wiki/Wikipedia:About","/wiki/Wikipedia:Community_portal","/wiki/Special:RecentChanges","//en.wikipedia.org/wiki/Wikipedia:Contact_us","/wiki/Special:WhatLinksHere/Johnstown,_Pennsylvania","/wiki/Special:RecentChangesLinked/Johnstown,_Pennsylvania","/wiki/Wikipedia:File_Upload_Wizard","/wiki/Special:SpecialPages","/w/index.php?title=Johnstown,_Pennsylvania&oldid=565500655","/w/index.php?title=Johnstown,_Pennsylvania&action=info","//www.wikidata.org/wiki/Q1070763","/w/index.php?title=Special:Cite&page=Johnstown%2C_Pennsylvania&id=565500655","/w/index.php?title=Special:Book&bookcmd=book_creator&referer=Johnstown%2C+Pennsylvania","/w/index.php?title=Special:Book&bookcmd=render_article&arttitle=Johnstown%2C+Pennsylvania&oldid=565500655&writer=rl","/w/index.php?title=Johnstown,_Pennsylvania&printable=yes","//ca.wikipedia.org/wiki/Johnstown_(Pennsilv%C3%A0nia)","//es.wikipedia.org/wiki/Johnstown_(Pensilvania)","//fa.wikipedia.org/wiki/%D8%AC%D9%88%D9%86%D8%B2%D8%AA%D8%A7%D9%88%D9%88%D9%86%D8%8C_%D9%BE%D9%86%D8%B3%DB%8C%D9%84%D9%88%D8%A7%D9%86%DB%8C%D8%A7","//fr.wikipedia.org/wiki/Johnstown_(Pennsylvanie)","//ko.wikipedia.org/wiki/%EC%A1%B4%EC%8A%A4%ED%83%80%EC%9A%B4_(%ED%8E%9C%EC%8B%A4%EB%B2%A0%EC%9D%B4%EB%8B%88%EC%95%84_%EC%A3%BC)","//it.wikipedia.org/wiki/Johnstown_(Pennsylvania)","//kw.wikipedia.org/wiki/Johnstown,_Pennsylvani","//ht.wikipedia.org/wiki/Johnstown,_Pennsilvani","//mr.wikipedia.org/wiki/%E0%A4%9C%E0%A5%89%E0%A4%A8%E0%A5%8D%E0%A4%B8%E0%A4%9F%E0%A4%BE%E0%A4%89%E0%A4%A8,_%E0%A4%AA%E0%A5%87%E0%A4%A8%E0%A4%B8%E0%A4%BF%E0%A4%B2%E0%A5%8D%E0%A4%B5%E0%A5%8D%E0%A4%B9%E0%A5%87%E0%A4%A8%E0%A4%BF%E0%A4%AF%E0%A4%BE","//nl.wikipedia.org/wiki/Johnstown_(Pennsylvania)","//uz.wikipedia.org/wiki/Johnstown_(Pennsylvania)","//pt.wikipedia.org/wiki/Johnstown_(Pensilv%C3%A2nia)","//sr.wikipedia.org/wiki/%D0%8F%D0%BE%D0%BD%D1%81%D1%82%D0%B0%D1%83%D0%BD_(%D0%9F%D0%B5%D0%BD%D1%81%D0%B8%D0%BB%D0%B2%D0%B0%D0%BD%D0%B8%D1%98%D0%B0)","//sv.wikipedia.org/wiki/Johnstown,_Pennsylvania","//vi.wikipedia.org/wiki/Johnstown,_Pennsylvania","//vo.wikipedia.org/wiki/Johnstown_(Pennsylvania)","//war.wikipedia.org/wiki/Johnstown,_Pennsylvania","//zh.wikipedia.org/wiki/%E7%BA%A6%E7%BF%B0%E6%96%AF%E6%95%A6_(%E5%AE%BE%E5%A4%95%E6%B3%95%E5%B0%BC%E4%BA%9A%E5%B7%9E)","#","//www.wikidata.org/wiki/Q1070763#sitelinks-wikipedia","//en.wikipedia.org/wiki/Wikipedia:Text_of_Creative_Commons_Attribution-ShareAlike_3.0_Unported_License","//creativecommons.org/licenses/by-sa/3.0/","//wikimediafoundation.org/wiki/Terms_of_Use","//wikimediafoundation.org/wiki/Privacy_policy","//www.wikimediafoundation.org/","//wikimediafoundation.org/wiki/Privacy_policy","/wiki/Wikipedia:About","/wiki/Wikipedia:General_disclaimer","//en.wikipedia.org/wiki/Wikipedia:Contact_us","//en.m.wikipedia.org/wiki/Johnstown,_Pennsylvania","//wikimediafoundation.org/","//bits.wikimedia.org/images/wikimedia-button.png","//www.mediawiki.org/","//bits.wikimedia.org/static-1.22wmf11/skins/common/images/poweredby_mediawiki_88x31.png","//bits.wikimedia.org/en.wikipedia.org/load.php?debug=false&lang=en&modules=site&only=scripts&skin=vector&*"],"instances":["band","sportscaster","building","united_states","musician","usa","photojournalist","bruce_springsteen_song","band","boxer","musician","organist"],"pdf":["http://www.census.gov/prod/cen1990/cph2/cph-2-1-1.pdf"],"categories":["Cities in Pennsylvania","Johnstown, Pennsylvania|","Populated places established in 1770","Populated places in Cambria County, Pennsylvania"],"headings":["History","Geography","Demographics","Neighborhoods","Johnstown in the arts and literature","Education","Economy","Media","Transportation","Sports","Landmarks","Notable people","See also","References","Further reading","External links"],"image":["//upload.wikimedia.org/wikipedia/commons/thumb/4/4d/JohnstownPanorama.jpg/250px-JohnstownPanorama.jpg","//upload.wikimedia.org/wikipedia/en/thumb/6/67/Jtown_blue.png/100px-Jtown_blue.png","//upload.wikimedia.org/wikipedia/commons/thumb/1/18/Map_of_Pennsylvania_highlighting_Cambria_County.svg/250px-Map_of_Pennsylvania_highlighting_Cambria_County.svg.png","//upload.wikimedia.org/wikipedia/commons/thumb/8/8b/Map_of_Johnstown%2C_Cambria_County%2C_Pennsylvania_Highlighted.png/250px-Map_of_Johnstown%2C_Cambria_County%2C_Pennsylvania_Highlighted.png","//upload.wikimedia.org/wikipedia/en/f/f2/Jflood.gif","//bits.wikimedia.org/static-1.22wmf11/skins/common/images/magnify-clip.png","//upload.wikimedia.org/wikipedia/commons/thumb/a/ac/Johnstownview.jpg/250px-Johnstownview.jpg","//bits.wikimedia.org/static-1.22wmf11/skins/common/images/magnify-clip.png","//upload.wikimedia.org/wikipedia/commons/thumb/2/28/Jtowndowntown.jpg/250px-Jtowndowntown.jpg","//bits.wikimedia.org/static-1.22wmf11/skins/common/images/magnify-clip.png","//upload.wikimedia.org/wikipedia/commons/thumb/2/21/OwenLibrary.jpg/220px-OwenLibrary.jpg","//bits.wikimedia.org/static-1.22wmf11/skins/common/images/magnify-clip.png","//upload.wikimedia.org/wikipedia/commons/thumb/d/dc/JohnstownIncline.jpg/220px-JohnstownIncline.jpg","//bits.wikimedia.org/static-1.22wmf11/skins/common/images/magnify-clip.png","//upload.wikimedia.org/wikipedia/en/thumb/4/4a/Commons-logo.svg/30px-Commons-logo.svg.png","//upload.wikimedia.org/wikipedia/commons/thumb/8/8a/Wikivoyage-logo.svg/40px-Wikivoyage-logo.svg.png","//upload.wikimedia.org/wikipedia/commons/thumb/1/18/Map_of_Pennsylvania_highlighting_Cambria_County.svg/180px-Map_of_Pennsylvania_highlighting_Cambria_County.svg.png","//upload.wikimedia.org/wikipedia/commons/thumb/f/f7/Flag_of_Pennsylvania.svg/23px-Flag_of_Pennsylvania.svg.png","//upload.wikimedia.org/wikipedia/commons/8/8b/Compass_rose_pale-50x50.png","//upload.wikimedia.org/wikipedia/commons/8/8b/Compass_rose_pale-50x50.png","//upload.wikimedia.org/wikipedia/commons/thumb/4/44/North.svg/17px-North.svg.png","//upload.wikimedia.org/wikipedia/commons/thumb/f/f0/West.svg/17px-West.svg.png","//upload.wikimedia.org/wikipedia/commons/thumb/5/5d/Boxed_East_arrow.svg/17px-Boxed_East_arrow.svg.png","//upload.wikimedia.org/wikipedia/commons/thumb/c/cd/South.svg/17px-South.svg.png","//en.wikipedia.org/w/index.php?title=Special:CentralAutoLogin/start&type=1x1&from=enwiki","//bits.wikimedia.org/static-1.22wmf11/skins/vector/images/search-ltr.png?303-4","//bits.wikimedia.org/images/wikimedia-button.png","//bits.wikimedia.org/static-1.22wmf11/skins/common/images/poweredby_mediawiki_88x31.png"],"tags":[["historic_district","united_states"],["grand_army_of_the_republic_hall","johnstown,_pennsylvania"],["church","building"],["national_folk_festival","usa"],["the_river","bruce_springsteen_song"],["will_hawkins","musician"],["stone_bridge","johnstown,_pennsylvania"],["roger_craig","jeopardy!_contestant"],["incantation","band"],["terry_mcgovern","boxer"],["joe_o'donnell","photojournalist"],["ray_scott","sportscaster"],["john_walker","organist"],["ian_williams","musician"],["battles","band"]],"members":["incantation","ray_scott","church","historic_district","ian_williams","national_folk_festival","stone_bridge","the_river","battles","terry_mcgovern","will_hawkins","grand_army_of_the_republic_hall","john_walker","roger_craig"],"related":["Cambria_County,_Pennsylvania","Pennsylvania","Political_divisions_of_the_United_States","List_of_counties_in_Pennsylvania","United_States","Pennsylvania","Cambria_County,_Pennsylvania","Mayor","Municipal_Corporation","List_of_Metropolitan_Statistical_Areas","List_of_United_States_urban_areas","North_American_Eastern_Time_Zone","Eastern_Daylight_Time","Area_code_814","Greater_Johnstown_School_District","Cambria_County,_Pennsylvania","Altoona,_Pennsylvania","Pittsburgh","2010_United_States_Census","Metropolitan_Statistical_Area","Cambria_County,_Pennsylvania","Flood","Johnstown_Flood","South_Fork_Dam","Rain","Fire","Franklin_Delano_Roosevelt","Historic_district_(United_States)","Downtown_Johnstown_Historic_District","Cambria_City_Historic_District","Minersville_Historic_District","Moxham_Historic_District","Old_Conemaugh_Borough_Historic_District","National_Register_of_Historic_Places","Grand_Army_of_the_Republic_Hall_(Johnstown,_Pennsylvania)","Cambria_Iron_Company","Cambria_Public_Library_Building","Inclined_Plane_Bridge","Nathan's_Department_Store","Johnstown_Inclined_Plane","Switzerland","Ethnic_German","Pennsylvania_Main_Line_of_Public_Works","Allegheny_Portage_Railroad","Charles_Dickens","Iron","Coal","Steel","Cambria_Iron_Company","Barbed_wire","David_McCullough","Simon_&_Schuster","Johnstown_Flood","Clara_Barton","David_McCullough","Simon_&_Schuster","WKGE","Gee_Bee_Department_Stores","St_Patrick's_Day","Great_Depression","Johnstown_Blue_Birds","Johnstown_Jets","Maurice_Richard","Montreal_Canadiens","Hurricane_Agnes","Steel","Great_Lakes","Census","Manufacturing","Service_Sector","Gamesa_Corporacin_Tecnolgica","Lockheed_Martin","Northrop_Grumman","Medicine","Education","Telecommunication","University_of_Pittsburgh_at_Johnstown","Pasquerilla_Performing_Arts_Center","Johnstown_Symphony_Orchestra","Pasquerilla_Convention_Center","Cambria_County_War_Memorial_Arena","Point_Stadium","Bottleworks_Ethnic_Arts_Center","Cambria_County_War_Memorial_Arena","Wheeling_Nailers","CJL_Engineering","ART_WORKS_In_Johnstown!","Church_(building)","National_Folk_Festival_(USA)","Flood_City_Music_Festival","Thunder_in_the_Valley_motorcycle_rally","Brownfield","First_responder","September_11,_2001_attacks","Ultimate_Indoor_Football_League","Johnstown_Generals","Ultimate_Baseball_League","United_States_Census_Bureau","White_American","African_American","Native_Americans_in_the_United_States","Asian_American","Pacific_Islander_American","Multiracial_American","Hispanic_and_Latino_Americans","Census","Population_density","White_American","African_American","Native_Americans_in_the_United_States","Asian_American","Pacific_Islander_American","Multiracial_American","Hispanic_and_Latino_Americans","German_people","Italian_people","Irish_people","Polish_people","Slovak_people","2000_United_States_Census","Marriage","Per_capita_income","Poverty_line","Hornerstown,_Pennsylvania","Westmont,_Pennsylvania","Brownstown,_Cambria_County,_Pennsylvania","Richland_Township,_Cambria_County,_Pennsylvania","East_Conemaugh,_Pennsylvania","Franklin_borough,_Cambria_County,_Pennsylvania","Daisytown,_Pennsylvania","The_River_(Bruce_Springsteen_song)","Highway_Patrolman","George_Roy_Hill","Paul_Newman","Nancy_Dowd","Johnstown_Jets","North_American_Hockey_League","Charlestown_Chiefs","Punk_rock","Canada","Tom_Cruise","Lea_Thompson","Craig_T._Nelson","Kernville,_Pennsylvania","David_McCullough","Charles_Guggenheim","Academy_Award","Detective_fiction","Novel","Carl_Kosak","Greensburg,_Pennsylvania","Kathleen_Cambor","Andrew_Mellon","Henry_Clay_Frick","James_Patterson","David_Morrell","George_A._Romero","Monroeville,_Pennsylvania","Will_Hawkins_(musician)","Christ_the_Saviour_Seminary","University_of_Pittsburgh_at_Johnstown","Pennsylvania_Highlands_Community_College","Cambria-Rowe_Business_College","Greater_Johnstown_High_School","Bishop_McCort_High_School","Richland_Senior_High_School","Westmont_Hilltop_High_School","Conemaugh_Valley_High_School","American_Red_Cross","AmeriServ_Financial","Arthur_J._Gallagher_&_Co.","Atlantic_Broadband","Berkshire_Hathaway","Concurrent_Technologies_Corporation","Conemaugh_Health_System","Crown_American","DRS_Technologies","Galliker's","Gamesa_Corporacin_Tecnolgica","Gautier_Steel","Hgans_AB","JWF_Industries","Johnstown_Wire_Technologies","Kongsberg_Gruppen","Lockheed_Martin","Martin-Baker","Metropolitan_Life","Northrop_Grumman","Pepsi_Bottling_Group","Thomas_Honda_of_Johnstown","Whemco","Zamias_Services,_Inc.","Radio_station","FM_broadcasting","AM_broadcasting","Pennsylvania_Turnpike","US_219","Pennsylvania_Route_56","US_22","Pittsburgh","Altoona,_Pennsylvania","John_Murtha_Johnstown-Cambria_County_Airport","United_Airlines","Amtrak","Pennsylvania_Railroad","Norfolk_Southern","CamTran","Johnstown_Inclined_Plane","Johnstown_Traction_Company","Streetcar","Trolleybus","Mac_Sebree","Interurban_Press","Johnstown_Tomahawks","NAHL","Cambria_County_War_Memorial_Arena","Ice_hockey","Sports_franchising","Johnstown_Chiefs","ECHL","Wheeling_Nailers","Major_League_Baseball","Al_Kaline","Reggie_Jackson","Joe_Torre","Bruce_Bochy","Johnstown_Johnnies","Frontier_League","Sunnehanna_Amateur","Cambria_Iron_Company","National_Historic_Landmark","Grandview_Cemetery,_Johnstown","Johnstown_Flood_National_Memorial","Johnstown_Inclined_Plane","Peoples_Natural_Gas_Park","Point_Stadium","Windber,_Pennsylvania","Drive-in_theater","Staple_Bend_Tunnel","National_Historic_Landmark","Stone_Bridge_(Johnstown,_Pennsylvania)","Conemaugh_River","Carroll_Baker","Donald_Barlett","Frank_Benford","Robert_Bernat","Mel_Bosser","Edward_R._Bradley","Charles_Wakefield_Cadman","Charles_E._Capehart","Medal_of_Honor","Henry_Capehart","Medal_of_Honor","D._C._Cooper","Heavy_metal_music","Joey_Covington","Jefferson_Airplane","Jefferson_Starship","Hot_Tuna","Roger_Craig_(Jeopardy!_contestant)","Jeopardy!","Pat_Cummings","Steve_Ditko","Spider-Man","Pete_Duranko","University_of_Notre_Dame","Denver_Broncos","Jim_Gallagher,_Jr.","PGA_Tour","Count_Grog","Jack_Ham","Pro_Football_Hall_of_Fame","Carlton_Haselrig","Pittsburgh_Steelers","Artrell_Hawkins","NFL","New_England_Patriots","Carolina_Panthers","Cincinnati_Bengals","Andrew_Hawkins","NFL","St._Louis_Rams","4th_and_Long","Incantation_(band)","New_York_City","E._Snapper_Ingram","Tim_Kazurinsky","Natalia_Livingston","Mike_Markovich","Who_Wants_to_Be_a_Millionaire?","Terry_McGovern_(boxer)","Charles_T._Menoher","World_War_I","John_Murtha","David_Noon","Michael_Novak","American_Enterprise_Institute","Templeton_Prize","Joe_O'Donnell_(photojournalist)","Joe_Pass","Herb_Pfuhl","Greg_Rager","Ray_Scott_(sportscaster)","Russell_Shorto","Edward_A._Silk","Medal_of_Honor","Geroy_Simon","Canadian_Football_League","Saskatchewan_Roughriders","CFL's_Most_Outstanding_Player_Award","CFL's_All-Time_Leading_Wide-Receiver_in_Receiving_Yards","Mark_Singel","Lieutenant_Governor_of_Pennsylvania","Acting_governor","Emil_Sitka","Three_Stooges","John_Sisco","Frank_Solich","LaRod_Stephens-Howling","NFL","Pittsburgh_Steelers","John_Stofa","Michael_Strank","BIG_Brian_Subich","John_J._Tominac","Medal_of_Honor","Pete_Vuckovich","Cy_Young_Award","John_Walker_(organist)","Michael_Walzer","Ian_Williams_(musician)","Don_Caballero","Battles_(band)","Cambria_Somerset_Authority","In_Sunlight,_In_a_Beautiful_Garden","Ehrenfeld,_Pennsylvania","Nanty_Glo,_Pennsylvania","Windber,_Pennsylvania","David_McCullough","Punxsutawney,_Pennsylvania","Altoona,_Pennsylvania","Hollidaysburg,_Pennsylvania","Bedford,_Pennsylvania","Somerset,_Pennsylvania","Westmont,_Pennsylvania","Pittsburgh","Indiana,_Pennsylvania"]}