{"cursor":"8467","size":15,"audio":[],"currentlang":"en","article":"{{Infobox settlement |name=Las VegasâParadise, NV Metropolitan Statistical Area\n|official_name = Las VegasâParadiseâHenderson Metropolitan Statistical Area\n|settlement_type = MSA |image_skyline = LasVegasBeautifulMontage.jpg |image_size\n= 500px |image_caption = The Las Vegas Metropolitan Area; from top left to\nbottom right: Las Vegas Strip, Las Vegas, North Las Vegas, and Henderson\n|image_map = Map of Nevada highlighting Clark County.svg|thumb|250px|\n|map_caption = Map of Nevada with Clark County highlighted in red. }}\n\nThe 'Las VegasâParadise, NV MSA', also known as the 'Las Vegas-Henderson-\nParadise, NV Metropolitan Statistical Area' (2013) or the 'Las Vegas\nmetropolitan area', is in the southern part of the U.S. state of Nevada,\ncoextensive since 2003 with Clark County, Nevada. A central part of\nthe metropolitan area is the Las Vegas Valley, a basin that includes the\nmetropolitan area's largest city, Las Vegas as well as the other primary city,\nParadise, Nevada. The area contains the largest concentration of people in the\nstate. Cities in the metropolitan area include Las Vegas, Henderson, North Las\nVegas, and Boulder City.\n","linknr":297,"url":"Las_Vegas_metropolitan_area","recorded":1372154932,"links":["/w/index.php?title=Las_Vegas%E2%80%93Paradise,_NV_MSA&action=edit","/w/index.php?title=Las_Vegas%E2%80%93Paradise,_NV_MSA&action=edit","//bits.wikimedia.org/favicon/wikipedia.ico","/w/opensearch_desc.php","//en.wikipedia.org/w/api.php?action=rsd","//creativecommons.org/licenses/by-sa/3.0/","/w/index.php?title=Special:RecentChanges&feed=atom","/wiki/Las_Vegas%E2%80%93Paradise,_NV_MSA","//bits.wikimedia.org/en.wikipedia.org/load.php?debug=false&lang=en&modules=ext.gadget.DRN-wizard%2CReferenceTooltips%2Ccharinsert%2Cteahouse%7Cext.rtlcite%2Cwikihiero%7Cmediawiki.legacy.commonPrint%2Cshared%7Cmw.PopUpMediaTransform%7Cskins.vector&only=styles&skin=vector&*","//bits.wikimedia.org/en.wikipedia.org/load.php?debug=false&lang=en&modules=site&only=styles&skin=vector&*","//bits.wikimedia.org/en.wikipedia.org/load.php?debug=false&lang=en&modules=startup&only=scripts&skin=vector&*","//bits.wikimedia.org/geoiplookup","//meta.wikimedia.org","/w/index.php?title=Las_Vegas_metropolitan_area&redirect=no","#mw-navigation","#p-search","/wiki/Table_of_United_States_Metropolitan_Statistical_Areas","/wiki/File:LasVegasBeautifulMontage.jpg","//upload.wikimedia.org/wikipedia/en/thumb/a/a4/LasVegasBeautifulMontage.jpg/250px-LasVegasBeautifulMontage.jpg","/wiki/Las_Vegas_Strip","/wiki/Las_Vegas,_Nevada","/wiki/North_Las_Vegas,_Nevada","/wiki/Henderson,_Nevada","/wiki/File:Map_of_Nevada_highlighting_Clark_County.svg","//upload.wikimedia.org/wikipedia/commons/thumb/2/2b/Map_of_Nevada_highlighting_Clark_County.svg/250px-Map_of_Nevada_highlighting_Clark_County.svg.png","/wiki/Nevada","/wiki/Southern_Nevada","/wiki/U.S._state","/wiki/Nevada","/wiki/Clark_County,_Nevada","#cite_note-1","/wiki/Las_Vegas_Valley","/wiki/Square_mile","/wiki/Square_kilometre","/wiki/Las_Vegas","/wiki/Paradise,_Nevada","/wiki/Population_density","/wiki/Las_Vegas","/wiki/Henderson,_NV","/wiki/North_Las_Vegas","/wiki/Boulder_City","#History","#Demographics","#Office_of_Management_and_Budget_definition","#Tourism","#Notes","/w/index.php?title=Las_Vegas%E2%80%93Paradise,_NV_MSA&action=edit&section=1","/wiki/Nye_County,_Nevada","/wiki/Mohave_County,_Arizona","#cite_note-2","#cite_note-3","#cite_note-4","#cite_note-5","/w/index.php?title=Las_Vegas%E2%80%93Paradise,_NV_MSA&action=edit&section=2","/wiki/1960_United_States_Census","/wiki/1970_United_States_Census","/wiki/1980_United_States_Census","/wiki/1990_United_States_Census","/wiki/2000_United_States_Census","/wiki/2010_United_States_Census","/wiki/Wikipedia:Citation_needed","#cite_note-6","/wiki/Census","#cite_note-GR2-7","/wiki/White_American","/wiki/African_American","/wiki/Asian_American","/wiki/Indigenous_peoples_of_the_Americas","/wiki/United_States_Census_Bureau","/wiki/Metropolitan_Statistical_Area","#cite_note-popmetro-8","/wiki/California","#cite_note-9","/w/index.php?title=Las_Vegas%E2%80%93Paradise,_NV_MSA&action=edit&section=3","/wiki/United_States_Office_of_Management_and_Budget","/wiki/Las_Vegas-Henderson-Paradise,_NV_Metropolitan_Statistical_Area","#cite_note-OMB_13-01-10","/wiki/United_States_Census_Bureau","/wiki/List_of_Metropolitan_Statistical_Areas","/wiki/Metropolitan_Statistical_Area","#cite_note-PopEstCBSA-11","/wiki/Las_Vegas-Henderson,_NV-AZ_Combined_Statistical_Area","#cite_note-OMB_13-01-10","/wiki/List_of_Combined_Statistical_Areas","/wiki/Combined_statistical_area","/wiki/List_of_United_States_primary_statistical_areas","/wiki/United_States_primary_statistical_area","#cite_note-PopEstCBSA-11","#cite_note-PopEstCSA-12","/w/index.php?title=Las_Vegas%E2%80%93Paradise,_NV_MSA&action=edit&section=4","#cite_note-13","/w/index.php?title=Las_Vegas%E2%80%93Paradise,_NV_MSA&action=edit&section=5","#cite_ref-1","http://web.archive.org/web/20070219072505/http://www.census.gov/population/estimates/metro_general/List4.txt","http://www.census.gov/population/estimates/metro_general/List4.txt","#cite_ref-2","http://usa.ipums.org/usa/volii/county_comp2b.shtml","#cite_ref-3","http://www.bls.gov/oes/2001/oes_4120.htm","/wiki/U.S._Bureau_of_Labor_Statistics","#cite_ref-4","http://www.census.gov/prod/99pubs/99statab/app2.pdf","/wiki/U.S._Census_Bureau","#cite_ref-5","http://www2.census.gov/prod2/decennial/documents/39204513p10ch11.pdf","/wiki/U.S._Census_Bureau","#cite_ref-6","http://www.census.gov/prod/cen1990/cph-s/cph-s-1-1.pdf","/wiki/U.S._Department_of_Commerce","#cite_ref-GR2_7-0","http://factfinder.census.gov","/wiki/United_States_Census_Bureau","#cite_ref-popmetro_8-0","http://www.census.gov/popest/metro/tables/2009/CBSA-EST2009-05.csv","#cite_ref-9","http://usgovinfo.about.com/cs/censusstatistic/a/aagoingeast.htm","#cite_ref-OMB_13-01_10-0","#cite_ref-OMB_13-01_10-1","http://www.whitehouse.gov/sites/default/files/omb/bulletins/2013/b13-01.pdf","/wiki/United_States_Office_of_Management_and_Budget","#cite_ref-PopEstCBSA_11-0","#cite_ref-PopEstCBSA_11-1","http://www.census.gov/popest/data/metro/totals/2012/tables/CBSA-EST2012-01.csv","/wiki/Comma-separated_values","/wiki/United_States_Census_Bureau","#cite_ref-PopEstCSA_12-0","http://www.census.gov/popest/data/metro/totals/2012/tables/CBSA-EST2012-02.csv","/wiki/Comma-separated_values","/wiki/United_States_Census_Bureau","#cite_ref-13","http://www.lvcva.com/includes/content/images/media/docs/2011-Las_Vegas_Visitor_Profile.pdf","/wiki/Template:USLargestMetros","/wiki/Template_talk:USLargestMetros","//en.wikipedia.org/w/index.php?title=Template:USLargestMetros&action=edit","/wiki/Metropolitan_Statistical_Area","/wiki/United_States","/wiki/Puerto_Rico","/wiki/New_York-Newark-Jersey_City,_NY-NJ-PA_Metropolitan_Statistical_Area","/wiki/Los_Angeles-Long_Beach-Anaheim,_CA_Metropolitan_Statistical_Area","/wiki/Chicago-Naperville-Elgin,_IL-IN-WI_Metropolitan_Statistical_Area","/wiki/Dallas-Fort_Worth-Arlington,_TX_Metropolitan_Statistical_Area","/wiki/Houston-The_Woodlands-Sugar_Land,_TX_Metropolitan_Statistical_Area","/wiki/Philadelphia-Camden-Wilmington,_PA-NJ-DE-MD_Metropolitan_Statistical_Area","/wiki/Washington-Arlington-Alexandria,_DC-VA-MD-WV_Metropolitan_Statistical_Area","/wiki/Miami-Fort_Lauderdale-West_Palm_Beach,_FL_Metropolitan_Statistical_Area","/wiki/Atlanta-Sandy_Springs-Roswell,_GA_Metropolitan_Statistical_Area","/wiki/Boston-Cambridge-Newton,_MA-NH_Metropolitan_Statistical_Area","/wiki/San_Francisco-Oakland-Hayward,_CA_Metropolitan_Statistical_Area","/wiki/Riverside-San_Bernardino-Ontario,_CA_Metropolitan_Statistical_Area","/wiki/Phoenix-Mesa-Scottsdale,_AZ_Metropolitan_Statistical_Area","/wiki/Detroit-Warren-Dearborn,_MI_Metropolitan_Statistical_Area","/wiki/Seattle-Tacoma-Bellevue,_WA_Metropolitan_Statistical_Area","/wiki/Minneapolis-St._Paul-Bloomington,_MN-WI_Metropolitan_Statistical_Area","/wiki/San_Diego-Carlsbad,_CA_Metropolitan_Statistical_Area","/wiki/Tampa-St._Petersburg-Clearwater,_FL_Metropolitan_Statistical_Area","/wiki/St._Louis,_MO-IL_Metropolitan_Statistical_Area","/wiki/Baltimore-Columbia-Towson,_MD_Metropolitan_Statistical_Area","/wiki/Denver-Aurora-Lakewood,_CO_Metropolitan_Statistical_Area","/wiki/Pittsburgh,_PA_Metropolitan_Statistical_Area","/wiki/San_Juan-Carolina-Caguas,_PR_Metropolitan_Statistical_Area","/wiki/Charlotte-Concord-Gastonia,_NC-SC_Metropolitan_Statistical_Area","/wiki/Portland-Vancouver-Hillsboro,_OR-WA_Metropolitan_Statistical_Area","/wiki/San_Antonio-New_Braunfels,_TX_Metropolitan_Statistical_Area","/wiki/Orlando-Kissimmee-Sanford,_FL_Metropolitan_Statistical_Area","/wiki/Sacramento%E2%80%93Roseville%E2%80%93Arden-Arcade,_CA_Metropolitan_Statistical_Area","/wiki/Cincinnati,_OH-KY-IN_Metropolitan_Statistical_Area","/wiki/Cleveland-Elyria,_OH_Metropolitan_Statistical_Area","/wiki/Kansas_City,_MO-KS_Metropolitan_Statistical_Area","/wiki/Las_Vegas-Henderson-Paradise,_NV_Metropolitan_Statistical_Area","/wiki/Columbus,_OH_Metropolitan_Statistical_Area","/wiki/Indianapolis-Carmel-Anderson,_IN_Metropolitan_Statistical_Area","/wiki/San_Jose-Sunnyvale-Santa_Clara,_CA_Metropolitan_Statistical_Area","/wiki/Austin-Round_Rock,_TX_Metropolitan_Statistical_Area","/wiki/Nashville-Davidson%E2%80%93Murfreesboro%E2%80%93Franklin,_TN_Metropolitan_Statistical_Area","/wiki/Virginia_Beach-Norfolk-Newport_News,_VA-NC_Metropolitan_Statistical_Area","/wiki/Providence-Warwick,_RI-MA_Metropolitan_Statistical_Area","/wiki/Milwaukee-Waukesha-West_Allis,_WI_Metropolitan_Statistical_Area","/wiki/Jacksonville,_FL_Metropolitan_Statistical_Area","/wiki/Memphis,_TN-MS-AR_Metropolitan_Statistical_Area","/wiki/Oklahoma_City_metropolitan_area","/wiki/Louisville/Jefferson_County,_KY-IN_Metropolitan_Statistical_Area","/wiki/Richmond,_VA_Metropolitan_Statistical_Area","/wiki/New_Orleans-Metairie,_LA_Metropolitan_Statistical_Area","/wiki/Hartford-West_Hartford-East_Hartford,_CT_Metropolitan_Statistical_Area","/wiki/Raleigh,_NC_Metropolitan_Statistical_Area","/wiki/Birmingham-Hoover,_AL_Metropolitan_Statistical_Area","/wiki/Buffalo-Cheektowaga-Niagara_Falls,_NY_Metropolitan_Statistical_Area","/wiki/Salt_Lake_City,_UT_Metropolitan_Statistical_Area","/wiki/Rochester,_NY_Metropolitan_Statistical_Area","/wiki/Grand_Rapids-Wyoming,_MI_Metropolitan_Statistical_Area","/wiki/Tucson,_AZ_Metropolitan_Statistical_Area","/wiki/Urban_Honolulu,_HI_Metropolitan_Statistical_Area","/wiki/Tulsa,_OK_Metropolitan_Statistical_Area","/wiki/Fresno,_CA_Metropolitan_Statistical_Area","/wiki/Bridgeport-Stamford-Norwalk,_CT_Metropolitan_Statistical_Area","/wiki/Worcester,_MA-CT_Metropolitan_Statistical_Area","/wiki/Albuquerque,_NM_Metropolitan_Statistical_Area","/wiki/Omaha-Council_Bluffs,_NE-IA_Metropolitan_Statistical_Area","/wiki/Albany-Schenectady-Troy,_NY_Metropolitan_Statistical_Area","/wiki/New_Haven-Milford,_CT_Metropolitan_Statistical_Area","/wiki/Bakersfield,_CA_Metropolitan_Statistical_Area","/wiki/Knoxville,_TN_Metropolitan_Statistical_Area","/wiki/Greenville-Anderson-Mauldin,_SC_Metropolitan_Statistical_Area","/wiki/Oxnard-Thousand_Oaks-Ventura,_CA_Metropolitan_Statistical_Area","/wiki/El_Paso,_TX_Metropolitan_Statistical_Area","/wiki/Allentown-Bethlehem-Easton,_PA-NJ_Metropolitan_Statistical_Area","/wiki/Baton_Rouge,_LA_Metropolitan_Statistical_Area","/wiki/McAllen-Edinburg-Mission,_TX_Metropolitan_Statistical_Area","/wiki/Dayton,_OH_Metropolitan_Statistical_Area","/wiki/Columbia,_SC_Metropolitan_Statistical_Area","/wiki/Greensboro-High_Point,_NC_Metropolitan_Statistical_Area","/wiki/North_Port-Sarasota-Bradenton,_FL_Metropolitan_Statistical_Area","/wiki/Little_Rock-North_Little_Rock-Conway,_AR_Metropolitan_Statistical_Area","/wiki/Stockton-Lodi,_CA_Metropolitan_Statistical_Area","/wiki/Akron,_OH_Metropolitan_Statistical_Area","/wiki/Charleston-North_Charleston,_SC_Metropolitan_Statistical_Area","/wiki/Colorado_Springs,_CO_Metropolitan_Statistical_Area","/wiki/Syracuse,_NY_Metropolitan_Statistical_Area","/wiki/Winston-Salem,_NC_Metropolitan_Statistical_Area","/wiki/Cape_Coral-Fort_Myers,_FL_Metropolitan_Statistical_Area","/wiki/Boise_City,_ID_Metropolitan_Statistical_Area","/wiki/Wichita,_KS_Metropolitan_Statistical_Area","/wiki/Springfield,_MA_Metropolitan_Statistical_Area","/wiki/Madison,_WI_Metropolitan_Statistical_Area","/wiki/Lakeland-Winter_Haven,_FL_Metropolitan_Statistical_Area","/wiki/Ogden-Clearfield,_UT_Metropolitan_Statistical_Area","/wiki/Toledo,_OH_Metropolitan_Statistical_Area","/wiki/Deltona-Daytona_Beach-Ormond_Beach,_FL_Metropolitan_Statistical_Area","/wiki/Des_Moines-West_Des_Moines,_IA_Metropolitan_Statistical_Area","/wiki/Jackson,_MS_Metropolitan_Statistical_Area","/wiki/Augusta-Richmond_County,_GA-SC_Metropolitan_Statistical_Area","/wiki/Scranton%E2%80%93Wilkes-Barre%E2%80%93Hazleton,_PA_Metropolitan_Statistical_Area","/wiki/Youngstown-Warren-Boardman,_OH-PA_Metropolitan_Statistical_Area","/wiki/Harrisburg-Carlisle,_PA_Metropolitan_Statistical_Area","/wiki/Provo-Orem,_UT_Metropolitan_Statistical_Area","/wiki/Palm_Bay-Melbourne-Titusville,_FL_Metropolitan_Statistical_Area","/wiki/Chattanooga,_TN-GA_Metropolitan_Statistical_Area","/wiki/United_States_Census_Bureau","/wiki/List_of_United_States_core_based_statistical_areas","http://en.wikipedia.org/w/index.php?title=Las_Vegas–Paradise,_NV_MSA&oldid=560661787","/wiki/Help:Categories","/wiki/Category:Clark_County,_Nevada","/wiki/Category:Metropolitan_areas_of_Nevada","/wiki/Category:Metropolitan_statistical_areas_of_the_United_States","/wiki/Category:All_articles_with_unsourced_statements","/wiki/Category:Articles_with_unsourced_statements_from_June_2012","/wiki/Category:Nevada_articles_missing_geocoordinate_data","/wiki/Category:All_articles_needing_coordinates","/w/index.php?title=Special:UserLogin&returnto=Las+Vegas%E2%80%93Paradise%2C+NV+MSA&type=signup","/w/index.php?title=Special:UserLogin&returnto=Las+Vegas%E2%80%93Paradise%2C+NV+MSA","/wiki/Las_Vegas%E2%80%93Paradise,_NV_MSA","/wiki/Talk:Las_Vegas%E2%80%93Paradise,_NV_MSA","#","/wiki/Las_Vegas%E2%80%93Paradise,_NV_MSA","/w/index.php?title=Las_Vegas%E2%80%93Paradise,_NV_MSA&action=edit","/w/index.php?title=Las_Vegas%E2%80%93Paradise,_NV_MSA&action=history","#","/w/index.php","//bits.wikimedia.org/static-1.22wmf7/skins/vector/images/search-ltr.png?303-4","/wiki/Main_Page","/wiki/Main_Page","/wiki/Portal:Contents","/wiki/Portal:Featured_content","/wiki/Portal:Current_events","/wiki/Special:Random","//donate.wikimedia.org/wiki/Special:FundraiserRedirector?utm_source=donate&utm_medium=sidebar&utm_campaign=C13_en.wikipedia.org&uselang=en","/wiki/Help:Contents","/wiki/Wikipedia:About","/wiki/Wikipedia:Community_portal","/wiki/Special:RecentChanges","//en.wikipedia.org/wiki/Wikipedia:Contact_us","/wiki/Special:WhatLinksHere/Las_Vegas%E2%80%93Paradise,_NV_MSA","/wiki/Special:RecentChangesLinked/Las_Vegas%E2%80%93Paradise,_NV_MSA","/wiki/Wikipedia:File_Upload_Wizard","/wiki/Special:SpecialPages","/w/index.php?title=Las_Vegas%E2%80%93Paradise,_NV_MSA&oldid=560661787","/w/index.php?title=Las_Vegas%E2%80%93Paradise,_NV_MSA&action=info","/w/index.php?title=Special:Cite&page=Las_Vegas%E2%80%93Paradise%2C_NV_MSA&id=560661787","/w/index.php?title=Special:Book&bookcmd=book_creator&referer=Las+Vegas%E2%80%93Paradise%2C+NV+MSA","/w/index.php?title=Special:Book&bookcmd=render_article&arttitle=Las+Vegas%E2%80%93Paradise%2C+NV+MSA&oldid=560661787&writer=rl","/w/index.php?title=Las_Vegas%E2%80%93Paradise,_NV_MSA&printable=yes","//www.wikidata.org/wiki/Q6492679#sitelinks","//en.wikipedia.org/wiki/Wikipedia:Text_of_Creative_Commons_Attribution-ShareAlike_3.0_Unported_License","//creativecommons.org/licenses/by-sa/3.0/","//wikimediafoundation.org/wiki/Terms_of_Use","//wikimediafoundation.org/wiki/Privacy_policy","//www.wikimediafoundation.org/","//wikimediafoundation.org/wiki/Privacy_policy","/wiki/Wikipedia:About","/wiki/Wikipedia:General_disclaimer","//en.wikipedia.org/wiki/Wikipedia:Contact_us","//en.m.wikipedia.org/wiki/Las_Vegas%E2%80%93Paradise,_NV_MSA","//wikimediafoundation.org/","//bits.wikimedia.org/images/wikimedia-button.png","//www.mediawiki.org/","//bits.wikimedia.org/static-1.22wmf7/skins/common/images/poweredby_mediawiki_88x31.png","/w/index.php?title=MediaWiki:Gadget-ReferenceTooltips.js&action=raw&ctype=text/javascript&508635914","//bits.wikimedia.org/en.wikipedia.org/load.php?debug=false&lang=en&modules=site&only=scripts&skin=vector&*"],"instances":[],"pdf":["http://www.census.gov/prod/99pubs/99statab/app2.pdf","http://www2.census.gov/prod2/decennial/documents/39204513p10ch11.pdf","http://www.census.gov/prod/cen1990/cph-s/cph-s-1-1.pdf","http://www.whitehouse.gov/sites/default/files/omb/bulletins/2013/b13-01.pdf","http://www.lvcva.com/includes/content/images/media/docs/2011-Las_Vegas_Visitor_Profile.pdf"],"categories":["Clark County, Nevada","Metropolitan areas of Nevada","Metropolitan statistical areas of the United States"],"headings":["History","Demographics","Office of Management and Budget definition","Tourism","Notes"],"image":["//upload.wikimedia.org/wikipedia/en/thumb/a/a4/LasVegasBeautifulMontage.jpg/250px-LasVegasBeautifulMontage.jpg","//upload.wikimedia.org/wikipedia/commons/thumb/2/2b/Map_of_Nevada_highlighting_Clark_County.svg/250px-Map_of_Nevada_highlighting_Clark_County.svg.png","//bits.wikimedia.org/static-1.22wmf7/skins/vector/images/search-ltr.png?303-4","//bits.wikimedia.org/images/wikimedia-button.png","//bits.wikimedia.org/static-1.22wmf7/skins/common/images/poweredby_mediawiki_88x31.png"],"tags":[],"members":[],"related":["Table_of_United_States_Metropolitan_Statistical_Areas","Las_Vegas_Strip","Las_Vegas,_Nevada","North_Las_Vegas,_Nevada","Henderson,_Nevada","Nevada","Southern_Nevada","U.S._state","Nevada","Clark_County,_Nevada","Las_Vegas_Valley","Las_Vegas","Paradise,_Nevada","Population_density","Las_Vegas","Henderson,_NV","North_Las_Vegas","Boulder_City","Nye_County,_Nevada","Mohave_County,_Arizona","Census","White_American","African_American","Asian_American","Indigenous_peoples_of_the_Americas","United_States_Census_Bureau","Metropolitan_Statistical_Area","California","United_States_Office_of_Management_and_Budget","Las_Vegas-Henderson-Paradise,_NV_Metropolitan_Statistical_Area","United_States_Census_Bureau","List_of_Metropolitan_Statistical_Areas","Metropolitan_Statistical_Area","Las_Vegas-Henderson,_NV-AZ_Combined_Statistical_Area","List_of_Combined_Statistical_Areas","Combined_statistical_area","List_of_United_States_primary_statistical_areas","United_States_primary_statistical_area"]}