{"cursor":"48760","size":15,"audio":[],"currentlang":"en","article":"\n\n\n\n{{Infobox settlement |name = Las Vegas |official_name = City of Las Vegas\n|settlement_type = City |nickname = Vegas, The Gambling Capital of\nthe World, Sin City, The Entertainment Capital of the World, Capital\nof Second Chances, The Marriage Capital of\nthe World |image_skyline = Downtownlasvegas.JPG |imagesize = 350px\n|image_caption = Downtown Las Vegas skyline looking south, with the Las Vegas\nValley in the background. |image_flag = Flag of Las Vegas, Nevada.svg\n|image_seal = Las Vegas seal.jpg |image_map = Clark County Nevada Incorporated\nAreas Las Vegas highlighted.svg |mapsize = 250px |map_caption = Location of the\ncity of Las Vegas within Clark County, Nevada |image_map1 = |mapsize1 =\n|map_caption1 = |pushpin_map = USA |pushpin_map_caption = Location within the\ncontiguous United States of America |coordinates_region = US-NV\n|subdivision_type = Country |subdivision_name = United States |subdivision_type1\n= State |subdivision_name1 = Nevada |subdivision_type2 = County\n|subdivision_name2 = Clark |government_type = Councilâmanager |leader_title =\nMayor |leader_name = Carolyn G. Goodman (I) |leader_title1 = City Manager\n|leader_name1 = Betsy Fretwell |area_magnitude = 1 E9 |established_title =\nFounded |established_date = May 15, 1905 |established_title1 = Incorporated\n|established_date1 = March 16, 1911 |unit_pref = Imperial |area_total_km2 =\n|area_total_sq_mi = 135.8 |area_land_km2 = |area_land_sq_mi = 135.8\n|area_water_km2 = |area_water_sq_mi = .05 |population_as_of = 2010\n|population_footnotes = |population_urban = 1,314,356\n|population_metro = 1,951,269 |population_total = 596,424 |population_note =\n(30th most in the U.S.) |population_density_km2 = |population_density_sq_mi =\n4298.1 |population_demonym = Las Vegan |timezone = PST |utc_offset = â8\n|timezone_DST = PDT |utc_offset_DST = â7 |postal_code_type = ZIP code\n|postal_code = |area_code = 702 |latd = 36 |latm = 10 |lats = 30 |latNS = N\n|longd = 115 |longm = 08 |longs = 11 |longEW = W\n| coordinates_display = inline,title\n|elevation_m = 610 |elevation_ft = 2001 |website =\n[http://www.lasvegasnevada.gov/ www.lasvegasnevada.gov] |blank_name = FIPS code\n|blank_info = 32-40000 |blank1_name = GNIS feature ID |blank1_info = 0847388\n|footnotes = }} 'Las Vegas' is the most populous city in the U.S. state of\nNevada and the county seat of Clark County. Las Vegas is an internationally\nrenowned major resort city known primarily for gambling, shopping, fine dining,\nand nightlife and is the leading financial and cultural center for Southern\nNevada. The city bills itself as The Entertainment Capital of the World, and is\nfamous for its consolidated casinoâhotels and associated entertainment. A\ngrowing retirement and family city, Las Vegas is the 31st-most populous city in\nthe United States, with a population at the 2010 census of 583,756. The 2010\npopulation of the Las Vegas metropolitan area was 1,951,269. Today, Las Vegas is one of the top tourist destinations in the\nworld. {{cite web\n| title = Overseas Visitation Estimates for U.S. States, Cities, and Census\n| Regions: 2011 work=International Visitation in the United States publisher=US\n| Office of Travel and Tourism Industries, US Department of Commerce date = May\n| 2012 url = http://tinet.ita.doc.gov/outreachpages/download_data_table/2011_St-\n| ates_and_Cities.pdf format = PDF accessdate =November 12, 2012\n}}\n\nEstablished in 1905, Las Vegas was incorporated as a city in 1911. At the close\nof the 20th century, Las Vegas was the most populous American city founded in\nthat century (a distinction held by Chicago in the 19th century). The city's\ntolerance for various forms of adult entertainment earned it the title of Sin\nCity, and this image has made Las Vegas a popular setting for films and\ntelevision programs. There are numerous outdoor lighting displays on Fremont\nStreet, as well as elsewhere in the city.\n\nLas Vegas often refers to the city plus some areas beyond the city limits,\nespecially the resort areas on and near the Las Vegas Strip, and sometimes the\nentire Las Vegas Valley. The stretch of South Las Vegas Boulevard known as the\nStrip is mainly in the unincorporated communities of Paradise, Winchester, and\nEnterprise.\n","linknr":1136,"url":"Las_Vegas","recorded":1372155028,"links":["//bits.wikimedia.org/favicon/wikipedia.ico","/w/opensearch_desc.php","//en.wikipedia.org/w/api.php?action=rsd","//creativecommons.org/licenses/by-sa/3.0/","/w/index.php?title=Special:RecentChanges&feed=atom","//bits.wikimedia.org/en.wikipedia.org/load.php?debug=false&lang=en&modules=ext.gadget.DRN-wizard%2CReferenceTooltips%2Ccharinsert%2Cteahouse%7Cext.rtlcite%2Cwikihiero%7Cmediawiki.legacy.commonPrint%2Cshared%7Cmw.PopUpMediaTransform%7Cskins.vector&only=styles&skin=vector&*","//bits.wikimedia.org/en.wikipedia.org/load.php?debug=false&lang=en&modules=site&only=styles&skin=vector&*","//bits.wikimedia.org/en.wikipedia.org/load.php?debug=false&lang=en&modules=startup&only=scripts&skin=vector&*","//bits.wikimedia.org/geoiplookup","//meta.wikimedia.org","#mw-navigation","#p-search","/wiki/Las_Vegas_Strip","/wiki/Las_Vegas_Valley","/wiki/Las_Vegas_(disambiguation)","/wiki/Vegas_(disambiguation)","/wiki/Wikipedia:Protection_policy#semi","//upload.wikimedia.org/wikipedia/commons/thumb/f/fc/Padlock-silver.svg/20px-Padlock-silver.svg.png","/wiki/City","/wiki/File:Downtownlasvegas.JPG","//upload.wikimedia.org/wikipedia/commons/thumb/1/1b/Downtownlasvegas.JPG/350px-Downtownlasvegas.JPG","/wiki/Downtown_Las_Vegas","/wiki/Las_Vegas_Valley","/wiki/File:Flag_of_Las_Vegas,_Nevada.svg","//upload.wikimedia.org/wikipedia/commons/thumb/e/ed/Flag_of_Las_Vegas%2C_Nevada.svg/100px-Flag_of_Las_Vegas%2C_Nevada.svg.png","/wiki/Flag_of_Las_Vegas","/wiki/File:Las_Vegas_seal.jpg","//upload.wikimedia.org/wikipedia/en/thumb/d/de/Las_Vegas_seal.jpg/100px-Las_Vegas_seal.jpg","#cite_note-1","#cite_note-2","#cite_note-Las_Vegas_nickname1-3","/wiki/File:Clark_County_Nevada_Incorporated_Areas_Las_Vegas_highlighted.svg","//upload.wikimedia.org/wikipedia/commons/thumb/c/c8/Clark_County_Nevada_Incorporated_Areas_Las_Vegas_highlighted.svg/250px-Clark_County_Nevada_Incorporated_Areas_Las_Vegas_highlighted.svg.png","/wiki/Clark_County,_Nevada","/wiki/File:Usa_edcp_location_map.svg","//upload.wikimedia.org/wikipedia/commons/thumb/2/20/Usa_edcp_location_map.svg/250px-Usa_edcp_location_map.svg.png","//upload.wikimedia.org/wikipedia/en/thumb/0/0c/Red_pog.svg/6px-Red_pog.svg.png","/wiki/Contiguous_United_States","//tools.wmflabs.org/geohack/geohack.php?pagename=Las_Vegas&params=36_10_30_N_115_08_11_W_type:city(596424)_region:US-NV","/wiki/Geographic_coordinate_system","//tools.wmflabs.org/geohack/geohack.php?pagename=Las_Vegas&params=36_10_30_N_115_08_11_W_type:city(596424)_region:US-NV","/wiki/List_of_countries","/wiki/United_States","/wiki/U.S._state","/wiki/Nevada","/wiki/List_of_counties_in_Nevada","/wiki/Clark_County,_Nevada","/wiki/Council%E2%80%93manager_government","/wiki/Carolyn_G._Goodman","/wiki/Independent_(politician)","/wiki/City_Manager","/wiki/City","/wiki/1_E%2B8_m%C2%B2","#cite_note-Census_2010-4","/wiki/City","/wiki/Urban_area","/wiki/Metropolitan_area","/wiki/List_of_United_States_cities_by_population","/wiki/Demonym","/wiki/Time_zone","/wiki/Pacific_Standard_Time_Zone","/wiki/UTC%E2%88%928","/wiki/Daylight_saving_time","/wiki/Pacific_Daylight_Time","/wiki/UTC%E2%88%927","/wiki/ZIP_code","/wiki/Telephone_numbering_plan","/wiki/Area_code_702","/wiki/Federal_Information_Processing_Standard","/wiki/Geographic_Names_Information_System","http://www.lasvegasnevada.gov/","/wiki/Help:IPA_for_English","/wiki/Help:IPA_for_English#Key","/wiki/Help:IPA_for_English#Key","/wiki/Help:IPA_for_English#Key","/wiki/Help:IPA_for_English#Key","/wiki/Help:IPA_for_English#Key","/wiki/Help:IPA_for_English#Key","/wiki/Help:IPA_for_English#Key","/wiki/Help:IPA_for_English#Key","/wiki/Help:IPA_for_English#Key","/wiki/Help:IPA_for_English#Key","/wiki/Help:IPA_for_English","/wiki/U.S._state","/wiki/Nevada","/wiki/County_seat","/wiki/Clark_County,_Nevada","#cite_note-GR6-5","/wiki/Resort_town","/wiki/Southern_Nevada","/wiki/The_Entertainment_Capital_of_the_World","/wiki/Casino","/wiki/Hotel","/wiki/List_of_United_States_cities_by_population","/wiki/2010_United_States_Census","/wiki/Las_Vegas_metropolitan_area","#cite_note-Census_2010-4","#cite_note-TravelandTourism-6","/wiki/Chicago","/wiki/Sin_City_(description)","/wiki/Fremont_Street","/wiki/Las_Vegas_Strip","/wiki/Las_Vegas_Valley","/wiki/Las_Vegas_Boulevard","/wiki/Paradise,_Nevada","/wiki/Winchester,_Nevada","/wiki/Enterprise,_Nevada","#cite_note-7","#cite_note-8","#History","#Geography_and_climate","#Climate","#Demographics","#Notable_people","#Economy","#Tourism","#Downtown_casinos","#Las_Vegas_Strip","#Redevelopment","#Nearby_communities","#Culture","#Sports","#Parks_and_recreation","#Government","#City_council","#Education","#Primary_and_secondary_schools","#Colleges_and_universities","#Transportation","#Walkability","#Sister_cities","#See_also","#References","#External_links","/wiki/History_of_the_Las_Vegas_Valley","/wiki/File:Southern_Paiutes.jpg","//upload.wikimedia.org/wikipedia/commons/thumb/2/20/Southern_Paiutes.jpg/170px-Southern_Paiutes.jpg","/wiki/File:Southern_Paiutes.jpg","//bits.wikimedia.org/static-1.22wmf7/skins/common/images/magnify-clip.png","/wiki/Moapa_Band_of_Paiute_Indians","/wiki/Moapa_River_Indian_Reservation","/wiki/Las_Vegas_Valley","/wiki/Raphael_Rivera","#cite_note-9","/wiki/Spain","/wiki/Antonio_Armijo","#cite_note-Clark_County-10","/wiki/Old_Spanish_Trail_(trade_route)","/wiki/Artesian_aquifer","/wiki/Meadow","/wiki/Mexico","/wiki/John_C._Fr%C3%A9mont","/wiki/Reconnaissance","/wiki/United_States_Army_Corps_of_Engineers","#cite_note-Fremont-11","/wiki/Mexican_Cession","/wiki/Brigham_Young","/wiki/The_Church_of_Jesus_Christ_of_Latter-day_Saints","/wiki/Paiute","/wiki/Native_Americans_in_the_United_States","/wiki/Mormonism","/wiki/Old_Las_Vegas_Mormon_State_Historic_Park","/wiki/Mormon_Corridor","/wiki/Salt_Lake_City","/wiki/San_Bernardino,_California","/wiki/Utah_War","/wiki/Railway_town","/wiki/Los_Angeles_and_Salt_Lake_Railroad","/wiki/Downtown_Las_Vegas","/wiki/Montana","/wiki/U.S._Senator","/wiki/William_A._Clark","/wiki/Utah","/wiki/U.S._Senator","/wiki/Thomas_Kearns","/wiki/St._Louis","#cite_note-12","/wiki/Lincoln_County,_Nevada","/wiki/Clark_County,_Nevada","#cite_note-13","/wiki/City","/wiki/Peter_Buol","/wiki/Wikipedia:Citation_needed","/wiki/Hoover_Dam","/wiki/Lake_Mead","/wiki/Manhattan_Project","/wiki/World_War_II","#cite_note-14","/wiki/Organized_crime","/wiki/Bugsy_Siegel","/wiki/Meyer_Lansky","#cite_note-ispn.org-15","/wiki/Free_State_of_Galveston","/wiki/Hot_Springs,_Arkansas","#cite_note-16","/wiki/File:Lasvegasclimate.jpg","//upload.wikimedia.org/wikipedia/commons/thumb/8/86/Lasvegasclimate.jpg/220px-Lasvegasclimate.jpg","/wiki/File:Lasvegasclimate.jpg","//bits.wikimedia.org/static-1.22wmf7/skins/common/images/magnify-clip.png","/wiki/Clark_County,_Nevada","/wiki/Basin_and_Range","/wiki/Spring_Mountains","/wiki/United_States_Census_Bureau","/wiki/Xeriscaping","/wiki/U.S._Environmental_Protection_Agency","/wiki/Subtropical_climate","/wiki/Hot_desert_climate","/wiki/K%C3%B6ppen_climate_classification","/wiki/Mojave_Desert","#cite_note-HKO-17","#cite_note-18","#cite_note-NOAAstats-19","/wiki/Precipitation_(meteorology)","/wiki/Sunshine_duration","#cite_note-NOAAstats-19","#cite_note-20","#cite_note-HKO-17","/wiki/1900_United_States_Census","/wiki/1910_United_States_Census","/wiki/1920_United_States_Census","/wiki/1930_United_States_Census","/wiki/1940_United_States_Census","/wiki/1950_United_States_Census","/wiki/1960_United_States_Census","/wiki/1970_United_States_Census","/wiki/1980_United_States_Census","/wiki/1990_United_States_Census","/wiki/2000_United_States_Census","/wiki/2010_United_States_Census","#cite_note-Census_2010-4","#cite_note-21","/wiki/File:Las_Vegas_from_Frenchman_3.jpg","//upload.wikimedia.org/wikipedia/commons/thumb/b/b6/Las_Vegas_from_Frenchman_3.jpg/220px-Las_Vegas_from_Frenchman_3.jpg","/wiki/File:Las_Vegas_from_Frenchman_3.jpg","//bits.wikimedia.org/static-1.22wmf7/skins/common/images/magnify-clip.png","/wiki/Red_Rock_Canyon_National_Conservation_Area","/wiki/2010_United_States_Census","#cite_note-22","/wiki/White_American","/wiki/Non-Hispanic_Whites","/wiki/Hispanic_and_Latino_Americans","/wiki/African_American","/wiki/Asian_American","/wiki/Multiracial_American","/wiki/Pacific_Islander_American","#cite_note-23","#cite_note-24","#cite_note-25","#cite_note-GR2-26","/wiki/Median_household_income","#cite_note-27","#cite_note-28","#cite_note-29","/wiki/Las_Vegas_weddings","/wiki/List_of_people_from_Las_Vegas","/wiki/Downtown_Gaming","/wiki/Stratosphere_Las_Vegas","/wiki/Fremont_East","/wiki/Gaslamp_Quarter","/wiki/File:Golden_Nugget_Las_Vegas.jpg","//upload.wikimedia.org/wikipedia/commons/thumb/7/7d/Golden_Nugget_Las_Vegas.jpg/220px-Golden_Nugget_Las_Vegas.jpg","/wiki/File:Golden_Nugget_Las_Vegas.jpg","//bits.wikimedia.org/static-1.22wmf7/skins/common/images/magnify-clip.png","/wiki/Golden_Nugget_Las_Vegas","/wiki/Downtown_(Nevada_gaming_area)","/wiki/Northern_Club_(casino)","/wiki/La_Bayou","#cite_note-lvrj20000727-30","#cite_note-31","/wiki/Binion%27s_Horseshoe","/wiki/Binion%27s_Gambling_Hall_and_Hotel","/wiki/Benny_Binion","/wiki/Boyd_Gaming","/wiki/California_Hotel_and_Casino","/wiki/Fremont_Hotel_and_Casino","/wiki/Main_Street_Casino","/wiki/Golden_Gate_Hotel_and_Casino","/wiki/Fremont_Street_Experience","/wiki/Golden_Nugget_Las_Vegas","/wiki/Plaza_Hotel_%26_Casino","/wiki/Amtrak","/wiki/El_Cortez","/wiki/The_D_Las_Vegas","/wiki/Four_Queens","/wiki/Gold_Spike_Hotel_and_Casino","/wiki/Las_Vegas_Club","/wiki/Las_Vegas_Strip","/wiki/Las_Vegas_Strip","/wiki/Paradise,_Nevada","/wiki/Winchester,_Nevada","/wiki/File:Las_Vegas_89.jpg","//upload.wikimedia.org/wikipedia/commons/thumb/e/e7/Las_Vegas_89.jpg/220px-Las_Vegas_89.jpg","/wiki/File:Las_Vegas_89.jpg","//bits.wikimedia.org/static-1.22wmf7/skins/common/images/magnify-clip.png","/wiki/File:Las_Vegas_at_Night.JPG","//upload.wikimedia.org/wikipedia/commons/thumb/8/87/Las_Vegas_at_Night.JPG/220px-Las_Vegas_at_Night.JPG","/wiki/File:Las_Vegas_at_Night.JPG","//bits.wikimedia.org/static-1.22wmf7/skins/common/images/magnify-clip.png","/wiki/List_of_tallest_buildings_in_Las_Vegas","/wiki/The_Mirage","/wiki/Las_Vegas_Strip","/wiki/Incorporation_(business)","/wiki/Wikipedia:Citation_needed","/wiki/Internal_Revenue_Service","/wiki/Fremont_Street_Experience","/wiki/Neonopolis","/wiki/Union_Pacific_Railroad","/wiki/Oscar_Goodman","/wiki/Symphony_Park","/wiki/Lou_Ruvo_Alzheimer%27s_Institute","/wiki/Medical_research","/wiki/The_Smith_Center_for_the_Performing_Arts","/wiki/The_Related_Companies","/w/index.php?title=Dan_Van_Epp&action=edit&redlink=1","/wiki/The_Howard_Hughes_Corporation","/wiki/Lou_Ruvo_Alzheimer%27s_Institute","/wiki/World_Market_Center","/wiki/High_Point,_North_Carolina","/wiki/Trade_fair","#cite_note-WJC-32","#cite_note-33","/wiki/Las_Vegas_Metropolitan_Police_Department","/wiki/Zappos","/wiki/File:Vegas_by_night_(360655015).jpg","//upload.wikimedia.org/wikipedia/commons/thumb/f/fe/Vegas_by_night_%28360655015%29.jpg/250px-Vegas_by_night_%28360655015%29.jpg","/wiki/File:Vegas_by_night_(360655015).jpg","//bits.wikimedia.org/static-1.22wmf7/skins/common/images/magnify-clip.png","/wiki/Las_Vegas_Valley","/wiki/Stratosphere_Tower","/wiki/Henderson,_Nevada","/wiki/Municipal_corporation","/wiki/North_Las_Vegas,_Nevada","/wiki/Municipal_corporation","/wiki/Paradise,_Nevada","/wiki/Unincorporated_area","/wiki/Enterprise,_Nevada","/wiki/Unincorporated_area","/wiki/Sunrise_Manor,_Nevada","/wiki/Unincorporated_area","/wiki/Spring_Valley,_Nevada","/wiki/Unincorporated_area","/wiki/Boulder_City,_Nevada","/wiki/Municipal_corporation","/wiki/Las_Vegas_Valley#Culture_and_the_arts","/wiki/File:Smithcenterlv.jpg","//upload.wikimedia.org/wikipedia/en/thumb/7/7a/Smithcenterlv.jpg/220px-Smithcenterlv.jpg","/wiki/File:Smithcenterlv.jpg","//bits.wikimedia.org/static-1.22wmf7/skins/common/images/magnify-clip.png","/wiki/Smith_Center_for_the_Performing_Arts","/wiki/Downtown_Las_Vegas","/wiki/Neon_Museum","/wiki/Las_Vegas_Museum_of_Organized_Crime_and_Law_Enforcement","/wiki/Las_Vegas_Natural_History_Museum","/wiki/Lied_Discovery_Children%27s_Museum","/wiki/National_Atomic_Testing_Museum","/wiki/Old_Las_Vegas_Mormon_State_Historic_Park","#cite_note-34","/wiki/Southern_Nevada_Zoological-Botanical_Park","/wiki/Las_Vegas_Academy","/wiki/Grammy","/wiki/Magnet_school","/wiki/Downtown_Las_Vegas","/wiki/Smith_Center_for_the_Performing_Arts","/wiki/Sports_in_the_Las_Vegas_metropolitan_area","/wiki/Major_professional_sports_leagues_in_the_United_States_and_Canada","/wiki/Wikipedia:Citation_needed","/wiki/Las_Vegas_51s","/wiki/Pacific_Coast_League","/wiki/Triple-A_(baseball)","/wiki/New_York_Mets","/wiki/United_Football_League_(2009)","/wiki/Las_Vegas_Locomotives","/wiki/Whitney,_Nevada","#cite_note-35","/wiki/Las_Vegas_Springs_Preserve","/wiki/Floyd_Lamb_Park_at_Tule_Springs","/wiki/Dog_park","/wiki/Community_center","/wiki/Skate_park","/wiki/File:Lasvegasnewcityhall.jpg","//upload.wikimedia.org/wikipedia/en/thumb/3/3d/Lasvegasnewcityhall.jpg/220px-Lasvegasnewcityhall.jpg","/wiki/File:Lasvegasnewcityhall.jpg","//bits.wikimedia.org/static-1.22wmf7/skins/common/images/magnify-clip.png","/wiki/Las_Vegas_City_Hall","/wiki/Council%E2%80%93manager_government","/wiki/City_council","/wiki/Chairman","/wiki/Municipal_services","/wiki/Clark_County,_Nevada","/wiki/North_Las_Vegas,_Nevada","/wiki/Henderson,_Nevada","/wiki/Boulder_City,_Nevada","/wiki/Las_Vegas_Metropolitan_Police_Department","/wiki/Las_Vegas_Police_Department_(Nevada)","/wiki/Clark_County_Sheriff%27s_Department_(Nevada)","/wiki/Paiute","/wiki/Indian_reservation","/wiki/U.S._District_Court_for_the_District_of_Nevada#Las_Vegas","/wiki/Incorporation_(business)","#cite_note-2011MPrim-36","/wiki/Carolyn_G._Goodman","#cite_note-2011MGen-37","/wiki/Oscar_Goodman","/wiki/Bob_Coffin","#cite_note-2011MGen-37","#cite_note-2011MPrim-36","/wiki/Bob_Beers_(Las_Vegas_City_Councilman)","/wiki/Las_Vegas_Valley#Education","/wiki/Clark_County_School_District","/wiki/Public_education","/wiki/Clark_County_School_District","/wiki/College_of_Southern_Nevada","/wiki/University_of_Nevada_School_of_Medicine","/wiki/Le_Cordon_Bleu_College_of_Culinary_Arts_Las_Vegas","/wiki/University_of_Nevada,_Las_Vegas","/wiki/Nevada_State_College","/wiki/Nevada_System_of_Higher_Education","/wiki/Desert_Research_Institute","/wiki/The_International_Academy_of_Design_%26_Technology_Las_Vegas","/wiki/Touro_University_Nevada","/wiki/University_of_Southern_Nevada","/wiki/Transportation_in_Las_Vegas","/wiki/File:CAT_Enviro500_103.jpg","//upload.wikimedia.org/wikipedia/commons/thumb/3/35/CAT_Enviro500_103.jpg/220px-CAT_Enviro500_103.jpg","/wiki/File:CAT_Enviro500_103.jpg","//bits.wikimedia.org/static-1.22wmf7/skins/common/images/magnify-clip.png","/wiki/The_Deuce","/wiki/RTC_Transit","/wiki/Greyhound_Lines","/wiki/Green_Tortoise","/wiki/Chinatown_bus_lines","/wiki/Amtrak","/wiki/Desert_Wind","/wiki/Amtrak_California","/wiki/Thruway_Motorcoach","/wiki/Bakersfield_(Amtrak_station)","/wiki/Los_Angeles_Union_Station","/wiki/Harvey_House_Railroad_Depot","#cite_note-38","/wiki/Bus_rapid_transit","#cite_note-39","/wiki/Las_Vegas_Monorail","/wiki/Las_Vegas_International_Airport","/wiki/Las_Vegas_Boulevard","/wiki/Nevada_State_Route_582","/wiki/Nevada_State_Route_599","/wiki/Public_Land_Survey_System","/wiki/Section_line","/wiki/Nevada_Department_of_Transportation","/wiki/State_highway","/wiki/U.S._Route_95_in_Nevada","/wiki/Fremont_Street","/wiki/Charleston_Boulevard","/wiki/Las_Vegas_Boulevard","/wiki/Las_Vegas_Strip","/wiki/Charleston_Boulevard","/wiki/Interstate_15_in_Nevada","/wiki/Interstate_515","/wiki/U.S._Route_95_(Nevada)","/wiki/Salt_Lake_City","/wiki/Henderson,_Nevada","/wiki/US_93_(NV)","/wiki/Mike_O%27Callaghan%E2%80%93Pat_Tillman_Memorial_Bridge","/wiki/Phoenix,_Arizona","/wiki/Carson_City,_Nevada","/wiki/Reno,_NV","/wiki/Ely,_Nevada","/wiki/Wells,_Nevada","/wiki/Las_Vegas_Beltway","/wiki/Interstate_215_(Nevada)","/wiki/Clark_County_215","/wiki/SR_160_(NV)","/wiki/Pahrump,_Nevada","/wiki/SR_147_(NV)","/wiki/Lake_Mead","#cite_note-40","/w/index.php?title=Ann_Road&action=edit&redlink=1","/wiki/File:Nevada_573.svg","//upload.wikimedia.org/wikipedia/commons/thumb/5/5e/Nevada_573.svg/25px-Nevada_573.svg.png","/wiki/Craig_Road_(Las_Vegas)","/wiki/SR_573_(NV)","/wiki/File:Nevada_574.svg","//upload.wikimedia.org/wikipedia/commons/thumb/7/79/Nevada_574.svg/25px-Nevada_574.svg.png","/wiki/Cheyenne_Avenue","/wiki/SR_574_(NV)","/w/index.php?title=Smoke_Ranch_Road&action=edit&redlink=1","/wiki/File:Nevada_578.svg","//upload.wikimedia.org/wikipedia/commons/thumb/a/ac/Nevada_578.svg/25px-Nevada_578.svg.png","/wiki/Washington_Avenue_(Las_Vegas)","/wiki/SR_578_(NV)","/wiki/Summerlin_Parkway","/wiki/File:Nevada_579.svg","//upload.wikimedia.org/wikipedia/commons/thumb/4/4a/Nevada_579.svg/25px-Nevada_579.svg.png","/wiki/Bonanza_Road","/wiki/SR_579_(NV)","/wiki/File:Nevada_159.svg","//upload.wikimedia.org/wikipedia/commons/thumb/f/f0/Nevada_159.svg/25px-Nevada_159.svg.png","/wiki/Charleston_Boulevard","/wiki/SR_159_(NV)","/wiki/File:Nevada_589.svg","//upload.wikimedia.org/wikipedia/commons/thumb/3/38/Nevada_589.svg/25px-Nevada_589.svg.png","/wiki/Sahara_Avenue","/wiki/SR_589_(NV)","/w/index.php?title=Fort_Apache_Road&action=edit&redlink=1","/w/index.php?title=Durango_Drive&action=edit&redlink=1","/w/index.php?title=Buffalo_Drive&action=edit&redlink=1","/wiki/File:Nevada_595.svg","//upload.wikimedia.org/wikipedia/commons/thumb/f/fd/Nevada_595.svg/25px-Nevada_595.svg.png","/wiki/Rainbow_Boulevard_(Las_Vegas)","/wiki/SR_595_(NV)","/wiki/File:Nevada_596.svg","//upload.wikimedia.org/wikipedia/commons/thumb/f/fe/Nevada_596.svg/25px-Nevada_596.svg.png","/wiki/Jones_Boulevard","/wiki/SR_596_(NV)","/wiki/Decatur_Boulevard","/w/index.php?title=Valley_View_Boulevard&action=edit&redlink=1","/wiki/File:Nevada_599.svg","//upload.wikimedia.org/wikipedia/commons/thumb/f/f3/Nevada_599.svg/25px-Nevada_599.svg.png","/wiki/Nevada_State_Route_599","/w/index.php?title=Maryland_Parkway&action=edit&redlink=1","/wiki/File:Nevada_607.svg","//upload.wikimedia.org/wikipedia/commons/thumb/a/ac/Nevada_607.svg/25px-Nevada_607.svg.png","/wiki/Eastern_Avenue_(Las_Vegas)","/wiki/SR_607_(NV)","/w/index.php?title=Pecos_Road&action=edit&redlink=1","/wiki/File:Nevada_610.svg","//upload.wikimedia.org/wikipedia/commons/thumb/c/c2/Nevada_610.svg/25px-Nevada_610.svg.png","/wiki/Lamb_Boulevard","/wiki/SR_610_(NV)","/wiki/File:Nevada_612.svg","//upload.wikimedia.org/wikipedia/commons/thumb/6/6d/Nevada_612.svg/25px-Nevada_612.svg.png","/wiki/Nellis_Boulevard","/wiki/SR_612_(NV)","/wiki/File:Terminal3.JPG","//upload.wikimedia.org/wikipedia/commons/thumb/d/da/Terminal3.JPG/220px-Terminal3.JPG","/wiki/File:Terminal3.JPG","//bits.wikimedia.org/static-1.22wmf7/skins/common/images/magnify-clip.png","/wiki/McCarran_International_Airport","/wiki/McCarran_International_Airport","/wiki/North_Las_Vegas_Airport","/wiki/Henderson_Executive_Airport","/wiki/Union_Pacific_Railroad","/wiki/Class_I_railroad","/wiki/Amtrak","/wiki/Desert_Wind","/wiki/Needles,_California","/wiki/Talgo","/wiki/Walk_Score","#cite_note-41","/wiki/Sister_cities","/wiki/Sister_Cities_International","/wiki/South_Korea","//upload.wikimedia.org/wikipedia/commons/thumb/0/09/Flag_of_South_Korea.svg/22px-Flag_of_South_Korea.svg.png","/wiki/Ansan","/wiki/South_Korea","//upload.wikimedia.org/wikipedia/commons/thumb/0/09/Flag_of_South_Korea.svg/22px-Flag_of_South_Korea.svg.png","/wiki/Jeju_City","/wiki/China","//upload.wikimedia.org/wikipedia/commons/thumb/f/fa/Flag_of_the_People%27s_Republic_of_China.svg/22px-Flag_of_the_People%27s_Republic_of_China.svg.png","/wiki/Huludao","/wiki/Thailand","//upload.wikimedia.org/wikipedia/commons/thumb/a/a9/Flag_of_Thailand.svg/22px-Flag_of_Thailand.svg.png","/wiki/Phuket_Province","/wiki/Philippines","//upload.wikimedia.org/wikipedia/commons/thumb/9/99/Flag_of_the_Philippines.svg/22px-Flag_of_the_Philippines.svg.png","/wiki/Angeles_City","/wiki/Turkey","//upload.wikimedia.org/wikipedia/commons/thumb/b/b4/Flag_of_Turkey.svg/22px-Flag_of_Turkey.svg.png","/wiki/Pamukkale","/wiki/File:Terrestrial_globe.svg","//upload.wikimedia.org/wikipedia/en/thumb/6/6b/Terrestrial_globe.svg/29px-Terrestrial_globe.svg.png","/wiki/Portal:Geography","/wiki/File:North_America_368x348.png","//upload.wikimedia.org/wikipedia/commons/thumb/8/8f/North_America_368x348.png/30px-North_America_368x348.png","/wiki/Portal:North_America","/wiki/File:Flag_of_the_United_States.svg","//upload.wikimedia.org/wikipedia/en/thumb/a/a4/Flag_of_the_United_States.svg/32px-Flag_of_the_United_States.svg.png","/wiki/Portal:United_States","/wiki/File:Flag_of_Nevada.svg","//upload.wikimedia.org/wikipedia/commons/thumb/f/f1/Flag_of_Nevada.svg/32px-Flag_of_Nevada.svg.png","/wiki/Portal:Nevada","/wiki/Las_Vegas_Strip","/wiki/List_of_people_from_Las_Vegas","/wiki/List_of_films_set_in_Las_Vegas","/wiki/List_of_films_shot_in_Las_Vegas","/wiki/List_of_mayors_of_Las_Vegas","/wiki/List_of_Las_Vegas_casinos_that_never_opened","/wiki/List_of_television_shows_set_in_Las_Vegas","/wiki/Las_Vegas_weddings","/wiki/Template:Las_Vegas_Radio","/wiki/Template:Las_Vegas_TV","#cite_ref-1","http://books.google.com/books?id=Co_VIPIJerIC&pg=PA633","/wiki/International_Standard_Book_Number","/wiki/Special:BookSources/9780877795469","#cite_ref-2","http://www.voanews.com/learningenglish/home/Words-and-Their-Stories-Nicknames-or-New-Orleans-and-Las-Vegas.html","#cite_ref-Las_Vegas_nickname1_3-0","http://www.msnbc.msn.com/id/34418386/ns/travel-seasonal_travel","#cite_ref-Census_2010_4-0","#cite_ref-Census_2010_4-1","#cite_ref-Census_2010_4-2","http://factfinder2.census.gov","#cite_ref-GR6_5-0","http://www.naco.org/Counties/Pages/FindACounty.aspx","#cite_ref-TravelandTourism_6-0","http://tinet.ita.doc.gov/outreachpages/download_data_table/2011_States_and_Cities.pdf","#cite_ref-7","/wiki/Joe_Schoenmann","http://www.lasvegassun.com/news/2010/feb/03/vegas-not-alone-wanting-vegas/","/wiki/Las_Vegas_Sun","#cite_ref-8","http://www.accessclarkcounty.com/depts/public_communications/news_releases/pages/countyturns100july1.aspx","/wiki/Clark_County,_Nevada","#cite_ref-9","http://www.lvrj.com/news/36288024.html","#cite_ref-Clark_County_10-0","http://www.accessclarkcounty.com/depts/public_communications/Pages/faqs.aspx","#cite_ref-Fremont_11-0","http://www.1st100.com/part1/fremont.html","#cite_ref-12","#cite_ref-13","#cite_ref-14","http://www.bbc.co.uk/news/technology-12600177","#cite_ref-ispn.org_15-0","http://www.ipsn.org/casinos.html","#cite_ref-16","http://books.google.com/?id=G4hjclRksjQC","/wiki/International_Standard_Book_Number","/wiki/Special:BookSources/978-0-19-515444-3","http://books.google.com/?id=jg4eYQh_YXIC","/wiki/International_Standard_Book_Number","/wiki/Special:BookSources/978-0-7867-1832-0","http://books.google.com/books?id=F6Z1G1FqcskC","#cite_ref-HKO_17-0","#cite_ref-HKO_17-1","http://www.hko.gov.hk/wxinfo/climat/world/eng/n_america/us/las_vegas_e.htm","/wiki/Hong_Kong_Observatory","#cite_ref-18","http://www.8newsnow.com/","#cite_ref-NOAAstats_19-0","#cite_ref-NOAAstats_19-1","ftp://ftp.ncdc.noaa.gov/pub/data/normals/1981-2010/products/station/USW00023169.normals.txt","#cite_ref-20","http://www.wrh.noaa.gov/vef/climate/figure1.php","/wiki/Wikipedia:Link_rot","/wiki/National_Oceanic_and_Atmospheric_Administration","#cite_ref-21","/wiki/Lanham,_Maryland","#cite_ref-22","http://factfinder2.census.gov/faces/tableservices/jsf/pages/productview.xhtml?pid=DEC_10_PL_QTPL&prodType=table","#cite_ref-23","http://www.usatoday.com/news/nation/census/profile/NV","#cite_ref-24","http://quickfacts.census.gov/qfd/states/32/3240000.html","#cite_ref-25","http://www.census.gov/population/www/documentation/twps0076/twps0076.html","#cite_ref-GR2_26-0","http://factfinder.census.gov","/wiki/United_States_Census_Bureau","#cite_ref-27","http://factfinder.census.gov/servlet/STTable?_bm=y&-geo_id=16000US3240000&-qr_name=ACS_2006_EST_G00_S1901&-ds_name=ACS_2006_EST_G00_","#cite_ref-28","http://www.citymayors.com/features/us_stresscities.html","#cite_ref-29","http://query.nytimes.com/gst/fullpage.html?sec=health&res=940CE5DB153FF935A25751C1A961958260","#cite_ref-lvrj20000727_30-0","/wiki/Las_Vegas_Review-Journal","#cite_ref-31","http://www.a2zlasvegas.com/fse/fse01.html","/wiki/Fremont_Street_Experience","#cite_ref-WJC_32-0","http://www.lasvegassun.com/sunbin/stories/nevada/2006/oct/23/102310894.html","/wiki/Las_Vegas_Sun","#cite_ref-33","http://www.lasvegassun.com/news/2009/aug/19/jewelry-hub-wont-adorn-symphony-park-soon/","#cite_ref-34","http://www.firstfriday-lasvegas.org/","#cite_ref-35","http://www.lasvegasnevada.gov/Find/parks_facilities.htm","#cite_ref-2011MPrim_36-0","#cite_ref-2011MPrim_36-1","http://www.clarkcountynv.gov/Depts/election/Pages/2011MPrim.aspx","/wiki/Clark_County,_Nevada","#cite_ref-2011MGen_37-0","#cite_ref-2011MGen_37-1","http://www.clarkcountynv.gov/Depts/election/Pages/2011MGen.aspx","/wiki/Clark_County,_Nevada","#cite_ref-38","http://www.amtrak.com/ccurl/158/578/California-Thruway-Map-2012.pdf","#cite_ref-39","http://www.lasvegassun.com/news/2010/aug/17/lawsuit-prompts-rtc-drop-ace-name-bus-lines/","#cite_ref-40","/wiki/Arterial_road","/wiki/Nevada_Department_of_Transportation","http://www.nevadadot.com/uploadedFiles/NDOT/About_NDOT/NDOT_Divisions/Planning/Roadway_Systems/FCM_LasVegas.pdf","#cite_ref-41","http://www.walkscore.com/rankings/cities/","/wiki/Wikipedia:Wikimedia_sister_projects","//en.wiktionary.org/wiki/Special:Search/Las_Vegas","//upload.wikimedia.org/wikipedia/commons/thumb/f/f8/Wiktionary-logo-en.svg/23px-Wiktionary-logo-en.svg.png","//en.wiktionary.org/wiki/Special:Search/Las_Vegas","//commons.wikimedia.org/wiki/Special:Search/Las_Vegas","//upload.wikimedia.org/wikipedia/en/thumb/4/4a/Commons-logo.svg/18px-Commons-logo.svg.png","//commons.wikimedia.org/wiki/Special:Search/Las_Vegas","//en.wikiversity.org/wiki/Special:Search/Las_Vegas","//upload.wikimedia.org/wikipedia/commons/thumb/1/1b/Wikiversity-logo-en.svg/25px-Wikiversity-logo-en.svg.png","//en.wikiversity.org/wiki/Special:Search/Las_Vegas","//en.wikinews.org/wiki/Special:Search/Las_Vegas","//upload.wikimedia.org/wikipedia/commons/thumb/2/24/Wikinews-logo.svg/25px-Wikinews-logo.svg.png","//en.wikinews.org/wiki/Special:Search/Las_Vegas","//en.wikiquote.org/wiki/Special:Search/Las_Vegas","//upload.wikimedia.org/wikipedia/commons/thumb/f/fa/Wikiquote-logo.svg/21px-Wikiquote-logo.svg.png","//en.wikiquote.org/wiki/Special:Search/Las_Vegas","//en.wikisource.org/wiki/Special:Search/Las_Vegas","//upload.wikimedia.org/wikipedia/commons/thumb/4/4c/Wikisource-logo.svg/24px-Wikisource-logo.svg.png","//en.wikisource.org/wiki/Special:Search/Las_Vegas","//en.wikibooks.org/wiki/Special:Search/Las_Vegas","//upload.wikimedia.org/wikipedia/commons/thumb/f/fa/Wikibooks-logo.svg/25px-Wikibooks-logo.svg.png","//en.wikibooks.org/wiki/Special:Search/Las_Vegas","//en.wikivoyage.org/wiki/Las_Vegas","//upload.wikimedia.org/wikipedia/commons/thumb/8/8a/Wikivoyage-logo.svg/25px-Wikivoyage-logo.svg.png","//en.wikivoyage.org/wiki/Las_Vegas","http://www.lasvegasnevada.gov/","http://www.msnbc.msn.com/id/33537189/ns/travel-seasonal","http://www.geotimes.org/nov05/Travels1105.html","/wiki/American_Geological_Institute","http://www.wrh.noaa.gov/forecast/MapClick.php?site=vef&smap=1&textField1=36.175&textField2=-115.13639","/wiki/Template:Las_Vegas","/w/index.php?title=Template_talk:Las_Vegas&action=edit&redlink=1","//en.wikipedia.org/w/index.php?title=Template:Las_Vegas&action=edit","/wiki/Las_Vegas%E2%80%93Paradise,_NV_MSA","/wiki/Nevada","/wiki/Architecture_of_Las_Vegas","/wiki/Flag_of_Las_Vegas","/wiki/History_of_Las_Vegas","/wiki/List_of_Las_Vegas_landmarks","/wiki/List_of_tallest_buildings_in_Las_Vegas","/wiki/Sports_in_the_Las_Vegas_metropolitan_area","/wiki/Transportation_in_Las_Vegas","/wiki/Flag_of_Las_Vegas","//upload.wikimedia.org/wikipedia/commons/thumb/e/ed/Flag_of_Las_Vegas%2C_Nevada.svg/50px-Flag_of_Las_Vegas%2C_Nevada.svg.png","//upload.wikimedia.org/wikipedia/en/thumb/4/48/Folder_Hexagonal_Icon.svg/16px-Folder_Hexagonal_Icon.svg.png","/wiki/Category:Las_Vegas,_Nevada","//upload.wikimedia.org/wikipedia/commons/thumb/3/37/People_icon.svg/16px-People_icon.svg.png","/wiki/Wikipedia:WikiProject_Las_Vegas","/wiki/Template:Clark_County,_Nevada","/wiki/Template_talk:Clark_County,_Nevada","//en.wikipedia.org/w/index.php?title=Template:Clark_County,_Nevada&action=edit","/wiki/Clark_County,_Nevada","/wiki/County_seat","/wiki/Las_Vegas,_Nevada","/wiki/City","/wiki/Boulder_City,_Nevada","/wiki/Henderson,_Nevada","/wiki/Las_Vegas,_Nevada","/wiki/Mesquite,_Nevada","/wiki/North_Las_Vegas,_Nevada","//upload.wikimedia.org/wikipedia/commons/thumb/2/2b/Map_of_Nevada_highlighting_Clark_County.svg/51px-Map_of_Nevada_highlighting_Clark_County.svg.png","/wiki/Census-designated_place","/wiki/Blue_Diamond,_Nevada","/wiki/Bunkerville,_Nevada","/wiki/Cal-Nev-Ari,_Nevada","/wiki/Enterprise,_Nevada","/wiki/Goodsprings,_Nevada","/wiki/Indian_Springs,_Nevada","/wiki/Laughlin,_Nevada","/wiki/Moapa,_Nevada","/wiki/Moapa_Valley,_Nevada","/wiki/Mount_Charleston,_Nevada","/wiki/Nellis_Air_Force_Base","/wiki/Nelson,_Nevada","/wiki/Paradise,_Nevada","/wiki/Sandy_Valley,_Nevada","/wiki/Searchlight,_Nevada","/wiki/Spring_Valley,_Nevada","/wiki/Summerlin_South,_Nevada","/wiki/Sunrise_Manor,_Nevada","/wiki/Whitney,_Nevada","/wiki/Winchester,_Nevada","/wiki/Unincorporated_area","/wiki/Arden,_Nevada","/wiki/Cactus_Springs,_Clark_County,_Nevada","/wiki/Cottonwood_Cove,_Nevada","/wiki/Coyote_Springs,_Nevada","/wiki/Crystal,_Clark_County,_Nevada","/wiki/Glendale,_Nevada","/wiki/Jean,_Nevada","/wiki/Logandale,_Nevada","/wiki/Mountain_Springs,_Nevada","/wiki/Overton,_Nevada","/wiki/Primm,_Nevada","/wiki/Riverside,_Nevada","/wiki/Sloan,_Nevada","/wiki/Stewarts_Point,_Nevada","/w/index.php?title=Henderson_Township,_Nevada&action=edit&redlink=1","/wiki/Las_Vegas_Township,_Nevada","/w/index.php?title=North_Las_Vegas_Township,_Nevada&action=edit&redlink=1","/wiki/Ghost_town","/wiki/Rioville,_Nevada","/wiki/St._Thomas,_Nevada","/wiki/Indian_reservation","/wiki/Fort_Mojave_Indian_Reservation","/wiki/Moapa_River_Indian_Reservation","/wiki/Template:Nevada_cities_and_mayors_of_100,000_population","/wiki/Template_talk:Nevada_cities_and_mayors_of_100,000_population","//en.wikipedia.org/w/index.php?title=Template:Nevada_cities_and_mayors_of_100,000_population&action=edit","/wiki/Mayor","/wiki/List_of_United_States_cities_by_population","/wiki/Nevada","/wiki/List_of_capitals_in_the_United_States#State_capitals","/wiki/Bob_Crowell","/wiki/Democratic_Party_(United_States)","/wiki/Carson_City,_Nevada","/wiki/Carolyn_Goodman","/wiki/Independent_(politician)","/w/index.php?title=Andy_A._Hafen&action=edit&redlink=1","/wiki/Henderson,_Nevada","/wiki/Bob_Cashell","/wiki/Republican_Party_(United_States)","/wiki/Reno,_Nevada","/w/index.php?title=Shari_L._Buck&action=edit&redlink=1","/wiki/North_Las_Vegas,_Nevada","/wiki/File:Flag_of_Nevada.svg","//upload.wikimedia.org/wikipedia/commons/thumb/f/f1/Flag_of_Nevada.svg/60px-Flag_of_Nevada.svg.png","/wiki/Template:Alabama_cities_and_mayors_of_100,000_population","/wiki/Template:Arizona_cities_and_mayors_of_100,000_population","/wiki/Template:California_cities_and_mayors_of_100,000_population","/wiki/Template:Colorado_cities_and_mayors_of_100,000_population","/wiki/Template:Connecticut_cities_and_mayors_of_100,000_population","/wiki/Template:Florida_cities_and_mayors_of_100,000_population","/wiki/Template:Georgia_(US_state)_cities_and_mayors_of_100,000_population","/wiki/Template:Illinois_cities_and_mayors_of_100,000_population","/wiki/Template:Indiana_cities_and_mayors_of_100,000_population","/wiki/Template:Iowa_cities_and_mayors_of_100,000_population","/wiki/Template:Kansas_cities_and_mayors_of_100,000_population","/wiki/Template:Kentucky_cities_and_mayors_of_100,000_population","/wiki/Template:Louisiana_cities_and_mayors_of_100,000_population","/wiki/Template:Massachusetts_cities_and_mayors_of_100,000_population","/wiki/Template:Michigan_cities_and_mayors_of_100,000_population","/wiki/Template:Minnesota_cities_and_mayors_of_100,000_population","/wiki/Template:Missouri_cities_and_mayors_of_100,000_population","/wiki/Template:Nevada_cities_and_mayors_of_100,000_population","/wiki/Template:New_Jersey_cities_and_mayors_of_100,000_population","/wiki/Template:New_York_cities_and_mayors_of_100,000_population","/wiki/Template:North_Carolina_cities_and_mayors_of_100,000_population","/wiki/Template:Ohio_cities_and_mayors_of_100,000_population","/wiki/Template:Oklahoma_cities_and_mayors_of_100,000_population","/wiki/Template:Oregon_cities_and_mayors_of_100,000_population","/wiki/Template:Pennsylvania_cities_and_mayors_of_100,000_population","/wiki/Template:Tennessee_cities_and_mayors_of_100,000_population","/wiki/Template:Texas_cities_and_mayors_of_100,000_population","/wiki/Template:Utah_cities_and_mayors_of_100,000_population","/wiki/Template:Virginia_cities_and_mayors_of_100,000_population","/wiki/Template:Washington_cities_and_mayors_of_100,000_population","/wiki/Template:Wisconsin_cities_and_mayors_of_100,000_population","/wiki/Template:Nevada","/wiki/Template_talk:Nevada","//en.wikipedia.org/w/index.php?title=Template:Nevada&action=edit","//upload.wikimedia.org/wikipedia/commons/thumb/f/f1/Flag_of_Nevada.svg/23px-Flag_of_Nevada.svg.png","/wiki/U.S._state","/wiki/Nevada","/wiki/Carson_City,_Nevada","/wiki/Category:Nevada","/wiki/United_States_congressional_delegations_from_Nevada","/wiki/Nevada#Geography","/wiki/Nevada#Law_and_government","/wiki/History_of_Nevada","/wiki/Nevada_during_World_War_II","/wiki/List_of_people_from_Nevada","/wiki/Nevada#Transportation","/wiki/Category:Visitor_attractions_in_Nevada","/wiki/Crime_in_Nevada","/wiki/Demographics_of_Nevada","/wiki/Economy_of_Nevada","/wiki/Education_in_Nevada","/wiki/Politics_of_Nevada","/wiki/List_of_regions_of_the_United_States#Nevada","/wiki/Black_Rock_Desert","/wiki/Eagle_Valley_(Nevada)","/wiki/Great_Basin","/wiki/Lake_Mead","/wiki/Lake_Tahoe","/wiki/Las_Vegas_Valley","/wiki/Mojave_Desert","/wiki/Pahranagat_Valley","/wiki/Sierra_Nevada_(U.S.)","/wiki/Truckee_Meadows","/wiki/Metropolitan_Statistical_Area","/wiki/Las_Vegas%E2%80%93Paradise,_NV_MSA","/wiki/Reno%E2%80%93Sparks_metropolitan_area","/wiki/Carson_City,_Nevada","/wiki/List_of_counties_in_Nevada","/wiki/Churchill_County,_Nevada","/wiki/Clark_County,_Nevada","/wiki/Douglas_County,_Nevada","/wiki/Elko_County,_Nevada","/wiki/Esmeralda_County,_Nevada","/wiki/Eureka_County,_Nevada","/wiki/Humboldt_County,_Nevada","/wiki/Lander_County,_Nevada","/wiki/Lincoln_County,_Nevada","/wiki/Lyon_County,_Nevada","/wiki/Mineral_County,_Nevada","/wiki/Nye_County,_Nevada","/wiki/Pershing_County,_Nevada","/wiki/Storey_County,_Nevada","/wiki/Washoe_County,_Nevada","/wiki/White_Pine_County,_Nevada","/wiki/List_of_cities_in_Nevada","/wiki/Alamo,_Nevada","/wiki/Amargosa_Valley,_Nevada","/wiki/Austin,_Nevada","/wiki/Baker,_Nevada","/wiki/Battle_Mountain,_Nevada","/wiki/Beatty,_Nevada","/wiki/Boulder_City,_Nevada","/wiki/Caliente,_Nevada","/wiki/Carlin,_Nevada","/wiki/Carson_City,_Nevada","/wiki/Elko,_Nevada","/wiki/Ely,_Nevada","/wiki/Enterprise,_Nevada","/wiki/Eureka,_Nevada","/wiki/Fallon,_Nevada","/wiki/Fernley,_Nevada","/wiki/Gardnerville_Ranchos,_Nevada","/wiki/Gerlach,_Nevada","/wiki/Goldfield,_Nevada","/wiki/Hawthorne,_Nevada","/wiki/Henderson,_Nevada","/wiki/Incline_Village,_Nevada","/wiki/Las_Vegas,_Nevada","/wiki/Laughlin,_Nevada","/wiki/Lovelock,_Nevada","/wiki/Mesquite,_Nevada","/wiki/Minden,_Nevada","/wiki/North_Las_Vegas,_Nevada","/wiki/Pahrump,_Nevada","/wiki/Paradise,_Nevada","/wiki/Pioche,_Nevada","/wiki/Primm,_Nevada","/wiki/Rachel,_Nevada","/wiki/Reno,_Nevada","/wiki/Spanish_Springs,_Nevada","/wiki/Sparks,_Nevada","/wiki/Spring_Creek,_Nevada","/wiki/Spring_Valley,_Nevada","/wiki/Stateline,_Nevada","/wiki/Summerlin_South,_Nevada","/wiki/Sun_Valley,_Nevada","/wiki/Sunrise_Manor,_Nevada","/wiki/Tonopah,_Nevada","/wiki/Virginia_City,_Nevada","/wiki/West_Wendover,_Nevada","/wiki/Winnemucca,_Nevada","/wiki/Whitney,_Nevada","/wiki/Winchester,_Nevada","/wiki/Yerington,_Nevada","/wiki/Bullfrog_County,_Nevada","/wiki/Ormsby_County,_Nevada","/wiki/Roop_County,_Nevada","http://en.wikipedia.org/w/index.php?title=Las_Vegas&oldid=561189781","/wiki/Help:Categories","/wiki/Category:Las_Vegas,_Nevada","/wiki/Category:Populated_places_established_in_1905","/wiki/Category:Cities_in_the_Mojave_Desert","/wiki/Category:Cities_in_Nevada","/wiki/Category:Populated_places_in_Clark_County,_Nevada","/wiki/Category:Gambling_in_the_United_States","/wiki/Category:County_seats_in_Nevada","/wiki/Category:All_articles_with_dead_external_links","/wiki/Category:Articles_with_dead_external_links_from_March_2013","/wiki/Category:Use_mdy_dates_from_February_2011","/wiki/Category:Wikipedia_indefinitely_semi-protected_pages","/wiki/Category:Wikipedia_indefinitely_move-protected_pages","/wiki/Category:All_articles_with_unsourced_statements","/wiki/Category:Articles_with_unsourced_statements_from_May_2013","/wiki/Category:Articles_with_unsourced_statements_from_November_2011","/wiki/Category:Articles_with_unsourced_statements_from_September_2012","/w/index.php?title=Special:UserLogin&returnto=Las+Vegas&type=signup","/w/index.php?title=Special:UserLogin&returnto=Las+Vegas","/wiki/Las_Vegas","/wiki/Talk:Las_Vegas","#","/wiki/Las_Vegas","/w/index.php?title=Las_Vegas&action=edit","/w/index.php?title=Las_Vegas&action=history","#","/w/index.php","//bits.wikimedia.org/static-1.22wmf7/skins/vector/images/search-ltr.png?303-4","/wiki/Main_Page","/wiki/Main_Page","/wiki/Portal:Contents","/wiki/Portal:Featured_content","/wiki/Portal:Current_events","/wiki/Special:Random","//donate.wikimedia.org/wiki/Special:FundraiserRedirector?utm_source=donate&utm_medium=sidebar&utm_campaign=C13_en.wikipedia.org&uselang=en","/wiki/Help:Contents","/wiki/Wikipedia:About","/wiki/Wikipedia:Community_portal","/wiki/Special:RecentChanges","//en.wikipedia.org/wiki/Wikipedia:Contact_us","/wiki/Special:WhatLinksHere/Las_Vegas","/wiki/Special:RecentChangesLinked/Las_Vegas","/wiki/Wikipedia:File_Upload_Wizard","/wiki/Special:SpecialPages","/w/index.php?title=Las_Vegas&oldid=561189781","/w/index.php?title=Las_Vegas&action=info","/w/index.php?title=Special:Cite&page=Las_Vegas&id=561189781","/w/index.php?title=Special:Book&bookcmd=book_creator&referer=Las+Vegas","/w/index.php?title=Special:Book&bookcmd=render_article&arttitle=Las+Vegas&oldid=561189781&writer=rl","/w/index.php?title=Las_Vegas&printable=yes","//af.wikipedia.org/wiki/Las_Vegas","//ar.wikipedia.org/wiki/%D9%84%D8%A7%D8%B3_%D9%81%D9%8A%D8%BA%D8%A7%D8%B3%D8%8C_%D9%86%D9%8A%D9%81%D8%A7%D8%AF%D8%A7","//an.wikipedia.org/wiki/Las_Vegas","//ast.wikipedia.org/wiki/Las_Vegas","//az.wikipedia.org/wiki/Las-Veqas","//bn.wikipedia.org/wiki/%E0%A6%B2%E0%A6%BE%E0%A6%B8_%E0%A6%AD%E0%A7%87%E0%A6%97%E0%A6%BE%E0%A6%B8","//zh-min-nan.wikipedia.org/wiki/Las_Vegas","//be.wikipedia.org/wiki/%D0%93%D0%BE%D1%80%D0%B0%D0%B4_%D0%9B%D0%B0%D1%81-%D0%92%D0%B5%D0%B3%D0%B0%D1%81","//be-x-old.wikipedia.org/wiki/%D0%9B%D0%B0%D1%81-%D0%92%D1%8D%D0%B3%D0%B0%D1%81","//bg.wikipedia.org/wiki/%D0%9B%D0%B0%D1%81_%D0%92%D0%B5%D0%B3%D0%B0%D1%81","//bs.wikipedia.org/wiki/Las_Vegas","//br.wikipedia.org/wiki/Las_Vegas","//ca.wikipedia.org/wiki/Las_Vegas","//ceb.wikipedia.org/wiki/Las_Vegas","//cs.wikipedia.org/wiki/Las_Vegas","//co.wikipedia.org/wiki/Las_Vegas","//cy.wikipedia.org/wiki/Las_Vegas","//da.wikipedia.org/wiki/Las_Vegas","//de.wikipedia.org/wiki/Las_Vegas","//nv.wikipedia.org/wiki/Na%CA%BCazh%C7%AB%C7%ABsh_H%C3%A1tsoh","//et.wikipedia.org/wiki/Las_Vegas","//el.wikipedia.org/wiki/%CE%9B%CE%B1%CF%82_%CE%92%CE%AD%CE%B3%CE%BA%CE%B1%CF%82_(%CE%9D%CE%B5%CE%B2%CE%AC%CE%B4%CE%B1)","//es.wikipedia.org/wiki/Las_Vegas","//eo.wikipedia.org/wiki/Lasvegaso","//eu.wikipedia.org/wiki/Las_Vegas","//fa.wikipedia.org/wiki/%D9%84%D8%A7%D8%B3%E2%80%8C%D9%88%DA%AF%D8%A7%D8%B3","//fo.wikipedia.org/wiki/Las_Vegas","//fr.wikipedia.org/wiki/Las_Vegas","//ga.wikipedia.org/wiki/Las_Vegas,_Nevada","//gl.wikipedia.org/wiki/Las_Vegas,_Nevada","//ko.wikipedia.org/wiki/%EB%9D%BC%EC%8A%A4%EB%B2%A0%EC%9D%B4%EA%B1%B0%EC%8A%A4","//hy.wikipedia.org/wiki/%D4%BC%D5%A1%D5%BD_%D5%8E%D5%A5%D5%A3%D5%A1%D5%BD","//hi.wikipedia.org/wiki/%E0%A4%B2%E0%A4%BE%E0%A4%B8_%E0%A4%B5%E0%A5%87%E0%A4%97%E0%A4%BE%E0%A4%B8,_%E0%A4%A8%E0%A5%87%E0%A4%B5%E0%A4%BE%E0%A4%A6%E0%A4%BE","//hr.wikipedia.org/wiki/Las_Vegas,_Nevada","//io.wikipedia.org/wiki/Las_Vegas","//ilo.wikipedia.org/wiki/Las_Vegas","//id.wikipedia.org/wiki/Las_Vegas,_Nevada","//ia.wikipedia.org/wiki/Las_Vegas,_Nevada","//ie.wikipedia.org/wiki/Las_Vegas","//os.wikipedia.org/wiki/%D0%9B%D0%B0%D1%81-%D0%92%D0%B5%D0%B3%D0%B0%D1%81","//is.wikipedia.org/wiki/Las_Vegas","//it.wikipedia.org/wiki/Las_Vegas","//he.wikipedia.org/wiki/%D7%9C%D7%90%D7%A1_%D7%95%D7%92%D7%90%D7%A1","//jv.wikipedia.org/wiki/Las_Vegas,_Nevada","//pam.wikipedia.org/wiki/Las_Vegas,_Nevada","//ka.wikipedia.org/wiki/%E1%83%9A%E1%83%90%E1%83%A1-%E1%83%95%E1%83%94%E1%83%92%E1%83%90%E1%83%A1%E1%83%98","//kk.wikipedia.org/wiki/%D0%9B%D0%B0%D1%81_%D0%92%D0%B5%D0%B3%D0%B0%D1%81_(%D0%9D%D0%B5%D0%B2%D0%B0%D0%B4%D0%B0)","//kw.wikipedia.org/wiki/Las_Vegas,_Nevada","//sw.wikipedia.org/wiki/Las_Vegas,_Nevada","//ht.wikipedia.org/wiki/Las_Vegas,_Nevada","//ku.wikipedia.org/wiki/Las_Vegas","//mrj.wikipedia.org/wiki/%D0%9B%D0%B0%D1%81-%D0%92%D0%B5%D0%B3%D0%B0%D1%81_(%D0%9D%D0%B5%D0%B2%D0%B0%D0%B4%D0%B0)","//la.wikipedia.org/wiki/Campi","//lv.wikipedia.org/wiki/Lasvegasa","//lt.wikipedia.org/wiki/Las_Vegasas","//li.wikipedia.org/wiki/Las_Vegas_(stad)","//ln.wikipedia.org/wiki/Las_Vegas","//lg.wikipedia.org/wiki/Las_Vegas","//lmo.wikipedia.org/wiki/Las_Vegas","//hu.wikipedia.org/wiki/Las_Vegas","//mk.wikipedia.org/wiki/%D0%9B%D0%B0%D1%81_%D0%92%D0%B5%D0%B3%D0%B0%D1%81","//ml.wikipedia.org/wiki/%E0%B4%B2%E0%B4%BE%E0%B4%B8%E0%B5%8D_%E0%B4%B5%E0%B5%86%E0%B4%AF%E0%B5%8D%E0%B4%97%E0%B4%B8%E0%B5%8D","//mr.wikipedia.org/wiki/%E0%A4%B2%E0%A4%BE%E0%A4%B8_%E0%A4%B5%E0%A5%8D%E0%A4%B9%E0%A5%87%E0%A4%97%E0%A4%B8","//xmf.wikipedia.org/wiki/%E1%83%9A%E1%83%90%E1%83%A1-%E1%83%95%E1%83%94%E1%83%92%E1%83%90%E1%83%A1%E1%83%98","//ms.wikipedia.org/wiki/Las_Vegas,_Nevada","//my.wikipedia.org/wiki/%E1%80%9C%E1%80%95%E1%80%BA%E1%80%97%E1%80%AE%E1%80%B8%E1%80%82%E1%80%95%E1%80%BA%E1%80%85%E1%80%BA%E1%80%99%E1%80%BC%E1%80%AD%E1%80%AF%E1%80%B7","//nah.wikipedia.org/wiki/Las_Vegas,_Nevada","//na.wikipedia.org/wiki/Las_Vegas","//nl.wikipedia.org/wiki/Las_Vegas_(Nevada)","//ja.wikipedia.org/wiki/%E3%83%A9%E3%82%B9%E3%83%99%E3%82%AC%E3%82%B9","//ce.wikipedia.org/wiki/%D0%9B%D0%B0%D1%81-%D0%92%D0%B5%D0%B3%D0%B0%D1%81","//no.wikipedia.org/wiki/Las_Vegas","//nn.wikipedia.org/wiki/Las_Vegas","//oc.wikipedia.org/wiki/Las_Vegas","//pa.wikipedia.org/wiki/%E0%A8%B2%E0%A8%BE%E0%A8%B8_%E0%A8%B5%E0%A9%87%E0%A8%97%E0%A8%B8","//pap.wikipedia.org/wiki/Las_Vegas","//pl.wikipedia.org/wiki/Las_Vegas","//pt.wikipedia.org/wiki/Las_Vegas","//ro.wikipedia.org/wiki/Las_Vegas","//ru.wikipedia.org/wiki/%D0%9B%D0%B0%D1%81-%D0%92%D0%B5%D0%B3%D0%B0%D1%81","//sg.wikipedia.org/wiki/Las_Vegas","//sco.wikipedia.org/wiki/Las_Vegas,_Nevada","//st.wikipedia.org/wiki/Las_Vegas","//sq.wikipedia.org/wiki/Las_Vegas","//simple.wikipedia.org/wiki/Las_Vegas","//sk.wikipedia.org/wiki/Las_Vegas","//sl.wikipedia.org/wiki/Las_Vegas","//szl.wikipedia.org/wiki/Las_Vegas","//srn.wikipedia.org/wiki/Las_Vegas","//sr.wikipedia.org/wiki/%D0%9B%D0%B0%D1%81_%D0%92%D0%B5%D0%B3%D0%B0%D1%81","//sh.wikipedia.org/wiki/Las_Vegas","//fi.wikipedia.org/wiki/Las_Vegas","//sv.wikipedia.org/wiki/Las_Vegas","//tl.wikipedia.org/wiki/Las_Vegas,_Nebada","//ta.wikipedia.org/wiki/%E0%AE%B2%E0%AE%BE%E0%AE%B8%E0%AF%8D_%E0%AE%B5%E0%AF%87%E0%AE%95%E0%AE%B8%E0%AF%8D","//te.wikipedia.org/wiki/%E0%B0%B2%E0%B0%BE%E0%B0%B8%E0%B1%8D_%E0%B0%B5%E0%B1%86%E0%B0%97%E0%B0%BE%E0%B0%B8%E0%B1%8D","//th.wikipedia.org/wiki/%E0%B8%A5%E0%B8%B2%E0%B8%AA%E0%B9%80%E0%B8%A7%E0%B8%81%E0%B8%B1%E0%B8%AA","//tr.wikipedia.org/wiki/Las_Vegas","//uk.wikipedia.org/wiki/%D0%9B%D0%B0%D1%81-%D0%92%D0%B5%D0%B3%D0%B0%D1%81","//ur.wikipedia.org/wiki/%D9%84%D8%A7%D8%B3_%D9%88%DB%8C%DA%AF%D8%A7%D8%B3","//vep.wikipedia.org/wiki/Las_Vegas","//vi.wikipedia.org/wiki/Las_Vegas,_Nevada","//vo.wikipedia.org/wiki/Las_Vegas","//war.wikipedia.org/wiki/Las_Vegas","//yi.wikipedia.org/wiki/%D7%9C%D7%90%D7%A1_%D7%95%D7%95%D7%A2%D7%92%D7%90%D7%A1","//yo.wikipedia.org/wiki/Las_Vegas","//zh.wikipedia.org/wiki/%E6%8B%89%E6%96%AF%E7%BB%B4%E5%8A%A0%E6%96%AF","//www.wikidata.org/wiki/Q23768#sitelinks","//en.wikipedia.org/wiki/Wikipedia:Text_of_Creative_Commons_Attribution-ShareAlike_3.0_Unported_License","//creativecommons.org/licenses/by-sa/3.0/","//wikimediafoundation.org/wiki/Terms_of_Use","//wikimediafoundation.org/wiki/Privacy_policy","//www.wikimediafoundation.org/","//wikimediafoundation.org/wiki/Privacy_policy","/wiki/Wikipedia:About","/wiki/Wikipedia:General_disclaimer","//en.wikipedia.org/wiki/Wikipedia:Contact_us","//en.m.wikipedia.org/wiki/Las_Vegas","//wikimediafoundation.org/","//bits.wikimedia.org/images/wikimedia-button.png","//www.mediawiki.org/","//bits.wikimedia.org/static-1.22wmf7/skins/common/images/poweredby_mediawiki_88x31.png","/w/index.php?title=MediaWiki:Gadget-ReferenceTooltips.js&action=raw&ctype=text/javascript&508635914","//bits.wikimedia.org/en.wikipedia.org/load.php?debug=false&lang=en&modules=site&only=scripts&skin=vector&*"],"instances":["nv","las_vegas","las_vegas_city_councilman","2009","baseball","nv","nv","las_vegas","nv","amtrak_station","politician","business","nv","nv","nv","nevada","nv","nevada","nevada","las_vegas","nv","nv","nv","description","casino","nevada","nv","nv","nv","las_vegas","trade_route"],"pdf":["http://tinet.ita.doc.gov/outreachpages/download_data_table/2011_States_and_Cities.pdf","http://www.amtrak.com/ccurl/158/578/California-Thruway-Map-2012.pdf","http://www.nevadadot.com/uploadedFiles/NDOT/About_NDOT/NDOT_Divisions/Planning/Roadway_Systems/FCM_LasVegas.pdf"],"categories":["Las Vegas, Nevada|","Populated places established in 1905","Cities in the Mojave Desert","Cities in Nevada","Populated places in Clark County, Nevada","Gambling in the United States","County seats in Nevada"],"headings":["History","Geography and climate","Demographics","Economy","Nearby communities","Culture","Sports","Parks and recreation","Government","Education","Transportation","Sister cities","See also","References","External links"],"image":["//upload.wikimedia.org/wikipedia/commons/thumb/f/fc/Padlock-silver.svg/20px-Padlock-silver.svg.png","//upload.wikimedia.org/wikipedia/commons/thumb/1/1b/Downtownlasvegas.JPG/350px-Downtownlasvegas.JPG","//upload.wikimedia.org/wikipedia/commons/thumb/e/ed/Flag_of_Las_Vegas%2C_Nevada.svg/100px-Flag_of_Las_Vegas%2C_Nevada.svg.png","//upload.wikimedia.org/wikipedia/en/thumb/d/de/Las_Vegas_seal.jpg/100px-Las_Vegas_seal.jpg","//upload.wikimedia.org/wikipedia/commons/thumb/c/c8/Clark_County_Nevada_Incorporated_Areas_Las_Vegas_highlighted.svg/250px-Clark_County_Nevada_Incorporated_Areas_Las_Vegas_highlighted.svg.png","//upload.wikimedia.org/wikipedia/commons/thumb/2/20/Usa_edcp_location_map.svg/250px-Usa_edcp_location_map.svg.png","//upload.wikimedia.org/wikipedia/en/thumb/0/0c/Red_pog.svg/6px-Red_pog.svg.png","//upload.wikimedia.org/wikipedia/commons/thumb/2/20/Southern_Paiutes.jpg/170px-Southern_Paiutes.jpg","//bits.wikimedia.org/static-1.22wmf7/skins/common/images/magnify-clip.png","//upload.wikimedia.org/wikipedia/commons/thumb/8/86/Lasvegasclimate.jpg/220px-Lasvegasclimate.jpg","//bits.wikimedia.org/static-1.22wmf7/skins/common/images/magnify-clip.png","//upload.wikimedia.org/wikipedia/commons/thumb/b/b6/Las_Vegas_from_Frenchman_3.jpg/220px-Las_Vegas_from_Frenchman_3.jpg","//bits.wikimedia.org/static-1.22wmf7/skins/common/images/magnify-clip.png","//upload.wikimedia.org/wikipedia/commons/thumb/7/7d/Golden_Nugget_Las_Vegas.jpg/220px-Golden_Nugget_Las_Vegas.jpg","//bits.wikimedia.org/static-1.22wmf7/skins/common/images/magnify-clip.png","//upload.wikimedia.org/wikipedia/commons/thumb/e/e7/Las_Vegas_89.jpg/220px-Las_Vegas_89.jpg","//bits.wikimedia.org/static-1.22wmf7/skins/common/images/magnify-clip.png","//upload.wikimedia.org/wikipedia/commons/thumb/8/87/Las_Vegas_at_Night.JPG/220px-Las_Vegas_at_Night.JPG","//bits.wikimedia.org/static-1.22wmf7/skins/common/images/magnify-clip.png","//upload.wikimedia.org/wikipedia/commons/thumb/f/fe/Vegas_by_night_%28360655015%29.jpg/250px-Vegas_by_night_%28360655015%29.jpg","//bits.wikimedia.org/static-1.22wmf7/skins/common/images/magnify-clip.png","//upload.wikimedia.org/wikipedia/en/thumb/7/7a/Smithcenterlv.jpg/220px-Smithcenterlv.jpg","//bits.wikimedia.org/static-1.22wmf7/skins/common/images/magnify-clip.png","//upload.wikimedia.org/wikipedia/en/thumb/3/3d/Lasvegasnewcityhall.jpg/220px-Lasvegasnewcityhall.jpg","//bits.wikimedia.org/static-1.22wmf7/skins/common/images/magnify-clip.png","//upload.wikimedia.org/wikipedia/commons/thumb/3/35/CAT_Enviro500_103.jpg/220px-CAT_Enviro500_103.jpg","//bits.wikimedia.org/static-1.22wmf7/skins/common/images/magnify-clip.png","//upload.wikimedia.org/wikipedia/commons/thumb/5/5e/Nevada_573.svg/25px-Nevada_573.svg.png","//upload.wikimedia.org/wikipedia/commons/thumb/7/79/Nevada_574.svg/25px-Nevada_574.svg.png","//upload.wikimedia.org/wikipedia/commons/thumb/a/ac/Nevada_578.svg/25px-Nevada_578.svg.png","//upload.wikimedia.org/wikipedia/commons/thumb/4/4a/Nevada_579.svg/25px-Nevada_579.svg.png","//upload.wikimedia.org/wikipedia/commons/thumb/f/f0/Nevada_159.svg/25px-Nevada_159.svg.png","//upload.wikimedia.org/wikipedia/commons/thumb/3/38/Nevada_589.svg/25px-Nevada_589.svg.png","//upload.wikimedia.org/wikipedia/commons/thumb/f/fd/Nevada_595.svg/25px-Nevada_595.svg.png","//upload.wikimedia.org/wikipedia/commons/thumb/f/fe/Nevada_596.svg/25px-Nevada_596.svg.png","//upload.wikimedia.org/wikipedia/commons/thumb/f/f3/Nevada_599.svg/25px-Nevada_599.svg.png","//upload.wikimedia.org/wikipedia/commons/thumb/a/ac/Nevada_607.svg/25px-Nevada_607.svg.png","//upload.wikimedia.org/wikipedia/commons/thumb/c/c2/Nevada_610.svg/25px-Nevada_610.svg.png","//upload.wikimedia.org/wikipedia/commons/thumb/6/6d/Nevada_612.svg/25px-Nevada_612.svg.png","//upload.wikimedia.org/wikipedia/commons/thumb/d/da/Terminal3.JPG/220px-Terminal3.JPG","//bits.wikimedia.org/static-1.22wmf7/skins/common/images/magnify-clip.png","//upload.wikimedia.org/wikipedia/commons/thumb/0/09/Flag_of_South_Korea.svg/22px-Flag_of_South_Korea.svg.png","//upload.wikimedia.org/wikipedia/commons/thumb/0/09/Flag_of_South_Korea.svg/22px-Flag_of_South_Korea.svg.png","//upload.wikimedia.org/wikipedia/commons/thumb/f/fa/Flag_of_the_People%27s_Republic_of_China.svg/22px-Flag_of_the_People%27s_Republic_of_China.svg.png","//upload.wikimedia.org/wikipedia/commons/thumb/a/a9/Flag_of_Thailand.svg/22px-Flag_of_Thailand.svg.png","//upload.wikimedia.org/wikipedia/commons/thumb/9/99/Flag_of_the_Philippines.svg/22px-Flag_of_the_Philippines.svg.png","//upload.wikimedia.org/wikipedia/commons/thumb/b/b4/Flag_of_Turkey.svg/22px-Flag_of_Turkey.svg.png","//upload.wikimedia.org/wikipedia/en/thumb/6/6b/Terrestrial_globe.svg/29px-Terrestrial_globe.svg.png","//upload.wikimedia.org/wikipedia/commons/thumb/8/8f/North_America_368x348.png/30px-North_America_368x348.png","//upload.wikimedia.org/wikipedia/en/thumb/a/a4/Flag_of_the_United_States.svg/32px-Flag_of_the_United_States.svg.png","//upload.wikimedia.org/wikipedia/commons/thumb/f/f1/Flag_of_Nevada.svg/32px-Flag_of_Nevada.svg.png","//upload.wikimedia.org/wikipedia/commons/thumb/f/f8/Wiktionary-logo-en.svg/23px-Wiktionary-logo-en.svg.png","//upload.wikimedia.org/wikipedia/en/thumb/4/4a/Commons-logo.svg/18px-Commons-logo.svg.png","//upload.wikimedia.org/wikipedia/commons/thumb/1/1b/Wikiversity-logo-en.svg/25px-Wikiversity-logo-en.svg.png","//upload.wikimedia.org/wikipedia/commons/thumb/2/24/Wikinews-logo.svg/25px-Wikinews-logo.svg.png","//upload.wikimedia.org/wikipedia/commons/thumb/f/fa/Wikiquote-logo.svg/21px-Wikiquote-logo.svg.png","//upload.wikimedia.org/wikipedia/commons/thumb/4/4c/Wikisource-logo.svg/24px-Wikisource-logo.svg.png","//upload.wikimedia.org/wikipedia/commons/thumb/f/fa/Wikibooks-logo.svg/25px-Wikibooks-logo.svg.png","//upload.wikimedia.org/wikipedia/commons/thumb/8/8a/Wikivoyage-logo.svg/25px-Wikivoyage-logo.svg.png","//upload.wikimedia.org/wikipedia/commons/thumb/e/ed/Flag_of_Las_Vegas%2C_Nevada.svg/50px-Flag_of_Las_Vegas%2C_Nevada.svg.png","//upload.wikimedia.org/wikipedia/en/thumb/4/48/Folder_Hexagonal_Icon.svg/16px-Folder_Hexagonal_Icon.svg.png","//upload.wikimedia.org/wikipedia/commons/thumb/3/37/People_icon.svg/16px-People_icon.svg.png","//upload.wikimedia.org/wikipedia/commons/thumb/2/2b/Map_of_Nevada_highlighting_Clark_County.svg/51px-Map_of_Nevada_highlighting_Clark_County.svg.png","//upload.wikimedia.org/wikipedia/commons/thumb/f/f1/Flag_of_Nevada.svg/60px-Flag_of_Nevada.svg.png","//upload.wikimedia.org/wikipedia/commons/thumb/f/f1/Flag_of_Nevada.svg/23px-Flag_of_Nevada.svg.png","//bits.wikimedia.org/static-1.22wmf7/skins/vector/images/search-ltr.png?303-4","//bits.wikimedia.org/images/wikimedia-button.png","//bits.wikimedia.org/static-1.22wmf7/skins/common/images/poweredby_mediawiki_88x31.png"],"tags":[["independent","politician"],["sin_city","description"],["old_spanish_trail","trade_route"],["northern_club","casino"],["incorporation","business"],["triple-a","baseball"],["united_football_league","2009"],["las_vegas_police_department","nevada"],["clark_county_sheriff's_department","nevada"],["incorporation","business"],["bob_beers","las_vegas_city_councilman"],["bakersfield","amtrak_station"],["u.s._route_95","nevada"],["us_93","nv"],["interstate_215","nevada"],["sr_160","nv"],["sr_147","nv"],["craig_road","las_vegas"],["sr_573","nv"],["sr_574","nv"],["washington_avenue","las_vegas"],["sr_578","nv"],["sr_579","nv"],["sr_159","nv"],["sr_589","nv"],["rainbow_boulevard","las_vegas"],["sr_595","nv"],["sr_596","nv"],["eastern_avenue","las_vegas"],["sr_607","nv"],["sr_610","nv"],["sr_612","nv"]],"members":["sr_612","craig_road","bob_beers","united_football_league","sr_596","sr_147","rainbow_boulevard","us_93","bakersfield","independent","incorporation","sr_578","sr_610","sr_573","las_vegas_police_department","sr_160","washington_avenue","sr_574","sr_607","sr_159","sin_city","northern_club","interstate_215","sr_595","sr_589","sr_579","eastern_avenue","old_spanish_trail"],"related":["City","Downtown_Las_Vegas","Las_Vegas_Valley","Clark_County,_Nevada","Contiguous_United_States","List_of_countries","United_States","U.S._state","Nevada","List_of_counties_in_Nevada","Clark_County,_Nevada","Council–manager_government","Carolyn_G._Goodman","Independent_(politician)","City_Manager","List_of_United_States_cities_by_population","Pacific_Standard_Time_Zone","Pacific_Daylight_Time","ZIP_code","Area_code_702","Federal_Information_Processing_Standard","Geographic_Names_Information_System","U.S._state","Nevada","County_seat","Clark_County,_Nevada","Resort_town","Southern_Nevada","The_Entertainment_Capital_of_the_World","Casino","Hotel","List_of_United_States_cities_by_population","2010_United_States_Census","Las_Vegas_metropolitan_area","Chicago","Sin_City_(description)","Fremont_Street","Las_Vegas_Strip","Las_Vegas_Valley","Las_Vegas_Boulevard","Paradise,_Nevada","Winchester,_Nevada","Enterprise,_Nevada","Moapa_River_Indian_Reservation","Las_Vegas_Valley","Raphael_Rivera","Spain","Antonio_Armijo","Old_Spanish_Trail_(trade_route)","Artesian_aquifer","Mexico","John_C._Frémont","Reconnaissance","United_States_Army_Corps_of_Engineers","Mexican_Cession","Brigham_Young","The_Church_of_Jesus_Christ_of_Latter-day_Saints","Paiute","Native_Americans_in_the_United_States","Mormonism","Old_Las_Vegas_Mormon_State_Historic_Park","Mormon_Corridor","Salt_Lake_City","San_Bernardino,_California","Utah_War","Railway_town","Los_Angeles_and_Salt_Lake_Railroad","Downtown_Las_Vegas","Montana","U.S._Senator","William_A._Clark","Utah","U.S._Senator","Thomas_Kearns","St._Louis","Lincoln_County,_Nevada","Clark_County,_Nevada","City","Peter_Buol","Hoover_Dam","Lake_Mead","Manhattan_Project","World_War_II","Organized_crime","Bugsy_Siegel","Meyer_Lansky","Free_State_of_Galveston","Hot_Springs,_Arkansas","Clark_County,_Nevada","Basin_and_Range","Spring_Mountains","United_States_Census_Bureau","Xeriscaping","U.S._Environmental_Protection_Agency","Subtropical_climate","Hot_desert_climate","Köppen_climate_classification","Mojave_Desert","National_Oceanic_and_Atmospheric_Administration","Hong_Kong_Observatory","Lanham,_Maryland","2010_United_States_Census","White_American","Non-Hispanic_Whites","Hispanic_and_Latino_Americans","African_American","Asian_American","Multiracial_American","Pacific_Islander_American","Median_household_income","Las_Vegas_weddings","Downtown_Gaming","Stratosphere_Las_Vegas","Fremont_East","Gaslamp_Quarter","Northern_Club_(casino)","La_Bayou","Binion's_Horseshoe","Binion's_Gambling_Hall_and_Hotel","Benny_Binion","Boyd_Gaming","California_Hotel_and_Casino","Fremont_Hotel_and_Casino","Main_Street_Casino","Golden_Gate_Hotel_and_Casino","Fremont_Street_Experience","Golden_Nugget_Las_Vegas","Plaza_Hotel_&_Casino","Amtrak","El_Cortez","The_D_Las_Vegas","Four_Queens","Gold_Spike_Hotel_and_Casino","Las_Vegas_Club","Las_Vegas_Strip","Paradise,_Nevada","Winchester,_Nevada","The_Mirage","Las_Vegas_Strip","Incorporation_(business)","Internal_Revenue_Service","Fremont_Street_Experience","Neonopolis","Union_Pacific_Railroad","Oscar_Goodman","Symphony_Park","Lou_Ruvo_Alzheimer's_Institute","Medical_research","The_Smith_Center_for_the_Performing_Arts","The_Related_Companies","Dan_Van_Epp","The_Howard_Hughes_Corporation","Lou_Ruvo_Alzheimer's_Institute","World_Market_Center","High_Point,_North_Carolina","Trade_fair","Las_Vegas_Metropolitan_Police_Department","Zappos","Stratosphere_Tower","Henderson,_Nevada","Municipal_corporation","North_Las_Vegas,_Nevada","Municipal_corporation","Paradise,_Nevada","Unincorporated_area","Enterprise,_Nevada","Unincorporated_area","Sunrise_Manor,_Nevada","Unincorporated_area","Spring_Valley,_Nevada","Unincorporated_area","Boulder_City,_Nevada","Municipal_corporation","Downtown_Las_Vegas","Neon_Museum","Las_Vegas_Museum_of_Organized_Crime_and_Law_Enforcement","Las_Vegas_Natural_History_Museum","Lied_Discovery_Children's_Museum","National_Atomic_Testing_Museum","Old_Las_Vegas_Mormon_State_Historic_Park","Southern_Nevada_Zoological-Botanical_Park","Las_Vegas_Academy","Grammy","Magnet_school","Downtown_Las_Vegas","Smith_Center_for_the_Performing_Arts","Major_professional_sports_leagues_in_the_United_States_and_Canada","Las_Vegas_51s","Pacific_Coast_League","Triple-A_(baseball)","New_York_Mets","United_Football_League_(2009)","Las_Vegas_Locomotives","Whitney,_Nevada","Las_Vegas_Springs_Preserve","Floyd_Lamb_Park_at_Tule_Springs","Dog_park","Community_center","Skate_park","Council–manager_government","City_council","Chairman","Municipal_services","Clark_County,_Nevada","North_Las_Vegas,_Nevada","Henderson,_Nevada","Boulder_City,_Nevada","Las_Vegas_Metropolitan_Police_Department","Las_Vegas_Police_Department_(Nevada)","Clark_County_Sheriff's_Department_(Nevada)","Paiute","Indian_reservation","Incorporation_(business)","Carolyn_G._Goodman","Oscar_Goodman","Bob_Coffin","Bob_Beers_(Las_Vegas_City_Councilman)","Public_education","Clark_County_School_District","College_of_Southern_Nevada","University_of_Nevada_School_of_Medicine","Le_Cordon_Bleu_College_of_Culinary_Arts_Las_Vegas","University_of_Nevada,_Las_Vegas","Nevada_State_College","Nevada_System_of_Higher_Education","Desert_Research_Institute","The_International_Academy_of_Design_&_Technology_Las_Vegas","Touro_University_Nevada","University_of_Southern_Nevada","RTC_Transit","Greyhound_Lines","Green_Tortoise","Chinatown_bus_lines","Amtrak","Desert_Wind","Amtrak_California","Thruway_Motorcoach","Bakersfield_(Amtrak_station)","Los_Angeles_Union_Station","Harvey_House_Railroad_Depot","Bus_rapid_transit","Las_Vegas_Monorail","Las_Vegas_International_Airport","Las_Vegas_Boulevard","Nevada_State_Route_582","Nevada_State_Route_599","Public_Land_Survey_System","Section_line","Nevada_Department_of_Transportation","State_highway","U.S._Route_95_in_Nevada","Fremont_Street","Charleston_Boulevard","Las_Vegas_Boulevard","Las_Vegas_Strip","Charleston_Boulevard","Interstate_15_in_Nevada","Interstate_515","U.S._Route_95_(Nevada)","Salt_Lake_City","Henderson,_Nevada","US_93_(NV)","Mike_O'Callaghan–Pat_Tillman_Memorial_Bridge","Phoenix,_Arizona","Carson_City,_Nevada","Reno,_NV","Ely,_Nevada","Wells,_Nevada","Las_Vegas_Beltway","Interstate_215_(Nevada)","Clark_County_215","SR_160_(NV)","Pahrump,_Nevada","SR_147_(NV)","Lake_Mead","Arterial_road","Nevada_Department_of_Transportation","Ann_Road","Craig_Road_(Las_Vegas)","SR_573_(NV)","Cheyenne_Avenue","SR_574_(NV)","Smoke_Ranch_Road","Washington_Avenue_(Las_Vegas)","SR_578_(NV)","Summerlin_Parkway","Bonanza_Road","SR_579_(NV)","Charleston_Boulevard","SR_159_(NV)","Sahara_Avenue","SR_589_(NV)","Fort_Apache_Road","Durango_Drive","Buffalo_Drive","Rainbow_Boulevard_(Las_Vegas)","SR_595_(NV)","Jones_Boulevard","SR_596_(NV)","Decatur_Boulevard","Valley_View_Boulevard","Nevada_State_Route_599","Maryland_Parkway","Eastern_Avenue_(Las_Vegas)","SR_607_(NV)","Pecos_Road","Lamb_Boulevard","SR_610_(NV)","Nellis_Boulevard","SR_612_(NV)","McCarran_International_Airport","North_Las_Vegas_Airport","Henderson_Executive_Airport","Union_Pacific_Railroad","Class_I_railroad","Amtrak","Desert_Wind","Needles,_California","Talgo","Walk_Score","Ansan","Jeju_City","Huludao","Phuket_Province","Angeles_City","Pamukkale","Las_Vegas_Strip","List_of_people_from_Las_Vegas","List_of_films_set_in_Las_Vegas","List_of_films_shot_in_Las_Vegas","List_of_mayors_of_Las_Vegas","List_of_Las_Vegas_casinos_that_never_opened","List_of_television_shows_set_in_Las_Vegas","Las_Vegas_weddings","American_Geological_Institute"]}