{"cursor":"73597","size":15,"audio":[],"currentlang":"en","article":"\nBelow is a 'list of [[United States urban area|urban areas]]' in the United\nStates as defined by the U.S. Census Bureau, ordered according to their 2010\nCensus populations. In the table, UA refers to \"urbanized area\" (urban areas\nwith population over 50,000) and UC refers to \"urban cluster\" (urban areas with\npopulation less than 50,000). The list includes urban areas with a population of\nat least 50,000.\n\nFor the 2010 census, the Census Bureau redefined the classification of urban\nareas to \"a densely settled core of census tracts and/or census blocks that meet\nminimum population density requirements, along with adjacent territory\ncontaining non-residential urban land uses as well as territory with low\npopulation density included to link outlying densely settled territory with the\ndensely settled core. To qualify as an urban area, the territory identified\naccording to criteria must encompass at least 2,500 people, at least 1,500 of\nwhich reside outside institutional group quarters.\" This criterion results in\nseveral large urban agglomerations that encompass multiple urban areas from the\n2000 census. The Census Bureau is considering whether to split up the larger\nagglomerations, but published potential agglomerations in August 2010.\n\n.]]\n","linknr":1069,"url":"List_of_United_States_urban_areas","recorded":1375077566,"links":["/w/index.php?title=List_of_United_States_urban_areas&action=edit","/w/index.php?title=List_of_United_States_urban_areas&action=edit","//bits.wikimedia.org/favicon/wikipedia.ico","/w/opensearch_desc.php","//en.wikipedia.org/w/api.php?action=rsd","//creativecommons.org/licenses/by-sa/3.0/","/w/index.php?title=Special:RecentChanges&feed=atom","//bits.wikimedia.org/en.wikipedia.org/load.php?debug=false&lang=en&modules=ext.gadget.DRN-wizard%2CReferenceTooltips%2Ccharinsert%2Cteahouse%7Cext.rtlcite%2Cwikihiero%7Cext.uls.nojs%7Cmediawiki.legacy.commonPrint%2Cshared%7Cmw.PopUpMediaTransform%7Cskins.vector&only=styles&skin=vector&*","//bits.wikimedia.org/en.wikipedia.org/load.php?debug=false&lang=en&modules=site&only=styles&skin=vector&*","//bits.wikimedia.org/en.wikipedia.org/load.php?debug=false&lang=en&modules=startup&only=scripts&skin=vector&*","//bits.wikimedia.org/geoiplookup","//meta.wikimedia.org","#mw-navigation","#p-search","/wiki/File:Pano_Manhattan2007_amk.jpg","//upload.wikimedia.org/wikipedia/commons/thumb/8/8d/Pano_Manhattan2007_amk.jpg/250px-Pano_Manhattan2007_amk.jpg","/wiki/List_of_United_States_cities_by_population","/wiki/List_of_United_States_cities_by_population","/wiki/List_of_United_States_cities_by_area","/wiki/List_of_United_States_cities_by_population_density","/wiki/Lists_of_U.S._cities_with_large_ethnic_identity_populations","/wiki/Highest-income_metropolitan_statistical_areas_in_the_United_States","/wiki/List_of_U.S._cities_by_Spanish-speaking_population","/wiki/Cities_and_metropolitan_areas_of_the_United_States","/wiki/List_of_metropolitan_areas_of_the_United_States","/wiki/List_of_Primary_Statistical_Areas","/wiki/List_of_Combined_Statistical_Areas","/wiki/List_of_Core_Based_Statistical_Areas","/wiki/List_of_Metropolitan_Statistical_Areas","/wiki/List_of_Micropolitan_Statistical_Areas","/wiki/Megaregions_of_the_United_States#list_of_U.S._megaregions","/wiki/List_of_North_American_metropolitan_areas_by_population","/wiki/List_of_cities_proper_by_population","/wiki/List_of_urban_agglomerations_by_population_(United_Nations)","/wiki/Template:U.S._city_population_tables","/wiki/Template_talk:U.S._city_population_tables","//en.wikipedia.org/w/index.php?title=Template:U.S._city_population_tables&action=edit","/wiki/United_States_urban_area","/wiki/United_States","/wiki/U.S._Census_Bureau","/wiki/2010_United_States_Census","/wiki/U.S._Census_Bureau","#2010_Urban_Areas","#Images","#2010_Urban_Agglomerations","#See_also","#Notes","#References","#Works_cited","#External_links","/wiki/File:USA-Urban-Areas.svg","//upload.wikimedia.org/wikipedia/commons/thumb/c/c1/USA-Urban-Areas.svg/400px-USA-Urban-Areas.svg.png","/wiki/File:USA-Urban-Areas.svg","//bits.wikimedia.org/static-1.22wmf11/skins/common/images/magnify-clip.png","/wiki/Contiguous_United_States","/w/index.php?title=List_of_United_States_urban_areas&action=edit&section=1","#cite_note-1","#cite_note-2","/wiki/New_York_City","/wiki/Newark,_New_Jersey","/wiki/Los_Angeles","/wiki/Long_Beach,_California","/wiki/Anaheim,_California","/wiki/Chicago","/wiki/Gary,_Indiana","/wiki/Miami","/wiki/Philadelphia","/wiki/Dallas","/wiki/Fort_Worth,_Texas","/wiki/Arlington,_Texas","/wiki/Houston","/wiki/Washington,_D.C.","/wiki/Atlanta","/wiki/Boston","/wiki/Detroit","/wiki/Phoenix,_Arizona","/wiki/Mesa,_Arizona","/wiki/San_Francisco","/wiki/Oakland,_California","/wiki/Seattle","/wiki/San_Diego","/wiki/Minneapolis%E2%80%93Saint_Paul","/wiki/Tampa,_Florida","/wiki/St._Petersburg,_Florida","/wiki/Denver","/wiki/Aurora,_Colorado","/wiki/Baltimore","/wiki/St._Louis,_Missouri","/wiki/San_Juan,_Puerto_Rico","/wiki/Riverside,_California","/wiki/San_Bernardino,_California","/wiki/Las_Vegas","/wiki/Henderson,_Nevada","/wiki/Portland,_Oregon","/wiki/Cleveland","/wiki/San_Antonio","/wiki/Pittsburgh","/wiki/Sacramento,_California","/wiki/San_Jose,_California","/wiki/Cincinnati","/wiki/Kansas_City,_Missouri","/wiki/Orlando,_Florida","/wiki/Indianapolis","/wiki/Virginia_Beach,_Virginia","/wiki/Milwaukee","/wiki/Columbus,_Ohio","/wiki/Austin,_Texas","/wiki/Charlotte,_North_Carolina","/wiki/Providence,_Rhode_Island","/wiki/Jacksonville,_Florida","/wiki/Memphis,_Tennessee","/wiki/Salt_Lake_City","/wiki/West_Valley_City,_Utah","/wiki/Louisville,_Kentucky","/wiki/Jefferson_County,_Kentucky","/wiki/Nashville-Davidson,_Tennessee","/wiki/Richmond,_Virginia","/wiki/Buffalo,_New_York","/wiki/Hartford,_Connecticut","/wiki/Bridgeport,_Connecticut","/wiki/Stamford,_Connecticut","/wiki/New_Orleans","/wiki/Raleigh,_North_Carolina","/wiki/Oklahoma_City","/wiki/Tucson,_Arizona","/wiki/El_Paso,_Texas","/wiki/Honolulu","/wiki/Birmingham,_Alabama","/wiki/Albuquerque,_New_Mexico","/wiki/McAllen,_Texas","/wiki/Omaha,_Nebraska","/wiki/Dayton,_Ohio","/wiki/Rochester,_New_York","/wiki/Allentown,_Pennsylvania","/wiki/Tulsa,_Oklahoma","/wiki/Fresno,_California","/wiki/Sarasota,_Florida","/wiki/Bradenton,_Florida","/wiki/Springfield,_Massachusetts","/wiki/Concord,_California","/wiki/Albany,_New_York","/wiki/Schenectady,_New_York","/wiki/Baton_Rouge,_Louisiana","/wiki/Mission_Viejo,_California","/wiki/Lake_Forest,_California","/wiki/San_Clemente,_California","/wiki/Grand_Rapids,_Michigan","/wiki/Akron,_Ohio","/wiki/New_Haven,_Connecticut","/wiki/Colorado_Springs,_Colorado","/wiki/Knoxville,_Tennessee","/wiki/Columbia,_South_Carolina","/wiki/Charleston,_South_Carolina","/wiki/North_Charleston,_South_Carolina","/wiki/Ogden,_Utah","/wiki/Layton,_Utah","/wiki/Cape_Coral,_Florida","/wiki/Bakersfield,_California","/wiki/Toledo,_Ohio","/wiki/Worcester,_Massachusetts","/wiki/Provo,_Utah","/wiki/Orem,_Utah","/wiki/Wichita,_Kansas","/wiki/Palm_Bay,_Florida","/wiki/Melbourne,_Florida","/wiki/Des_Moines,_Iowa","/wiki/Harrisburg,_Pennsylvania","/wiki/Murrieta,_California","/wiki/Temecula,_California","/wiki/Menifee,_California","/wiki/Little_Rock,_Arkansas","/wiki/Poughkeepsie,_New_York","/wiki/Newburgh_(city),_New_York","/wiki/Syracuse,_New_York","/wiki/Lancaster,_Pennsylvania","/wiki/Madison,_Wisconsin","/wiki/Greenville,_South_Carolina","/wiki/Reno,_Nevada","/wiki/Winston-Salem,_North_Carolina","/wiki/Spokane,_Washington","/wiki/Youngstown,_Ohio","/wiki/Augusta-Richmond_County,_Georgia","/wiki/Scranton,_Pennsylvania","/wiki/Chattanooga,_Tennessee","/wiki/Port_St._Lucie,_Florida","/wiki/Stockton,_California","/wiki/Oxnard,_California","/wiki/Denton,_Texas","/wiki/Lewisville,_Texas","/wiki/Modesto,_California","/wiki/Flint,_Michigan","/wiki/Jackson,_Mississippi","/wiki/Boise,_Idaho","/wiki/Palm_Coast,_Florida","/wiki/Daytona_Beach,_Florida","/wiki/Port_Orange,_Florida","/wiki/Durham,_North_Carolina","/wiki/Indio,_California","/wiki/Cathedral_City,_California","/wiki/Lancaster,_California","/wiki/Palmdale,_California","/wiki/Pensacola,_Florida","/wiki/Victorville,_California","/wiki/Hesperia,_California","/wiki/Mobile,_Alabama","/wiki/Corpus_Christi,_Texas","/wiki/Kissimmee,_Florida","/wiki/Lansing,_Michigan","/wiki/Fort_Wayne,_Indiana","/wiki/Greensboro,_North_Carolina","/wiki/Bonita_Springs,_Florida","/wiki/Fayetteville,_North_Carolina","/wiki/Santa_Rosa,_California","/w/index.php?title=Aguadilla--Isabela--San_Sebastian,_Puerto_Rico&action=edit&redlink=1","/wiki/Ann_Arbor,_Michigan","/wiki/Shreveport,_Louisiana","/wiki/Rockford,_Illinois","/wiki/Trenton,_New_Jersey","/w/index.php?title=Fayetteville--Springdale--Rogers,_Arkansas&action=edit&redlink=1","/w/index.php?title=Round_Lake_Beach--McHenry--Grayslake,_Illinois&action=edit&redlink=1","/wiki/Lexington,_Kentucky","/wiki/Huntsville,_Alabama","/wiki/Asheville,_North_Carolina","/wiki/Davenport,_Iowa","/wiki/Canton,_Ohio","/wiki/South_Bend,_Indiana","/wiki/Antioch,_California","/wiki/Springfield,_Missouri","/wiki/Peoria,_Illinois","/wiki/Reading,_Pennsylvania","/wiki/Fort_Collins,_Colorado","/wiki/Montgomery,_Alabama","/wiki/Lakeland,_Florida","/wiki/Savannah,_Georgia","/wiki/Lincoln,_Nebraska","/wiki/Santa_Clarita,_California","/wiki/Columbus,_Georgia","/wiki/Lafayette,_Louisiana","/wiki/Anchorage,_Alaska","/wiki/Atlantic_City,_New_Jersey","/wiki/Eugene,_Oregon","/wiki/Barnstable,_Massachusetts","/wiki/Tallahassee,_Florida","/w/index.php?title=Conroe--The_Woodlands,_Texas&action=edit&redlink=1","/wiki/Lubbock,_Texas","/wiki/Salem,_Oregon","/wiki/Laredo,_Texas","/wiki/York,_Pennsylvania","/wiki/Evansville,_Indiana","/wiki/Nashua,_New_Hampshire","/wiki/Wilmington,_North_Carolina","/wiki/Visalia,_California","/wiki/Killeen,_Texas","/wiki/Brownsville,_Texas","/wiki/Appleton,_Wisconsin","/w/index.php?title=Myrtle_Beach--Socastee,_South_Carolina&action=edit&redlink=1","/wiki/Concord,_North_Carolina","/wiki/Thousand_Oaks,_California","/w/index.php?title=Aberdeen--Bel_Air_South--Bel_Air_North,_Maryland&action=edit&redlink=1","/wiki/Hickory,_North_Carolina","/w/index.php?title=Kennewick--Pasco,_Washington&action=edit&redlink=1","/wiki/Roanoke,_Virginia","/wiki/Kalamazoo,_Michigan","/w/index.php?title=Norwich--New_London,_Connecticut&action=edit&redlink=1","/wiki/Gulfport,_Mississippi","/wiki/Green_Bay,_Wisconsin","/wiki/Portland,_Maine","/wiki/Huntington,_West_Virginia","/wiki/Winter_Haven,_Florida","/wiki/Bremerton,_Washington","/w/index.php?title=Avondale--Goodyear,_Arizona&action=edit&redlink=1","/wiki/Amarillo,_Texas","/wiki/Erie,_Pennsylvania","/wiki/Santa_Barbara,_California","/wiki/Waterbury,_Connecticut","/w/index.php?title=Fort_Walton_Beach--Navarre--Wright,_Florida&action=edit&redlink=1","/wiki/Gainesville,_Florida","/wiki/Salinas,_California","/wiki/Hagerstown,_Maryland","/wiki/Deltona,_Florida","/w/index.php?title=Lorain--Elyria,_Ohio&action=edit&redlink=1","/wiki/Spartanburg,_South_Carolina","/wiki/Cedar_Rapids,_Iowa","/wiki/Fargo,_North_Dakota","/w/index.php?title=Olympia--Lacey,_Washington&action=edit&redlink=1","/wiki/Waco,_Texas","/wiki/Bryan-College_Station_metropolitan_area","/wiki/McKinney,_Texas","/w/index.php?title=North_Port--Port_Charlotte,_Florida&action=edit&redlink=1","/wiki/Gastonia,_North_Carolina","/wiki/Danbury,_Connecticut","/wiki/High_Point,_North_Carolina","/wiki/Vallejo,_California","/wiki/Santa_Cruz,_California","/wiki/Hemet,_California","/wiki/Springfield,_Illinois","/wiki/Muskegon,_Michigan","/wiki/Clarksville,_Tennessee","/wiki/Manchester,_New_Hampshire","/wiki/Binghamton,_New_York","/wiki/Ocala,_Florida","/wiki/Sioux_Falls,_South_Dakota","/wiki/Medford,_Oregon","/wiki/Charleston,_West_Virginia","/wiki/Port_Arthur,_Texas","/wiki/Nampa,_Idaho","/wiki/Topeka,_Kansas","/wiki/Ponce,_Puerto_Rico","/wiki/New_Bedford,_Massachusetts","/w/index.php?title=Sebastian--Vero_Beach_South--Florida_Ridge,_Florida&action=edit&redlink=1","/wiki/Spring_Hill,_Florida","/wiki/Beaumont,_Texas","/wiki/Lafayette,_Indiana","/wiki/Champaign,_Illinois","/wiki/Marysville,_Washington","/wiki/Houma,_Louisiana","/wiki/Elkhart,_Indiana","/wiki/Lake_Charles,_Louisiana","/wiki/Panama_City,_Florida","/wiki/Frederick,_Maryland","/wiki/Fredericksburg,_Virginia","/wiki/Arecibo,_Puerto_Rico","/wiki/Tuscaloosa,_Alabama","/wiki/Macon,_Georgia","/wiki/Merced,_California","/wiki/Pueblo,_Colorado","/wiki/Harlingen,_Texas","/wiki/Yuma,_Arizona","/wiki/Racine,_Wisconsin","/wiki/Fairfield,_California","/wiki/Murfreesboro,_Tennessee","/wiki/Warner_Robins,_Georgia","/wiki/Bloomington%E2%80%93Normal,_Illinois","/w/index.php?title=Leesburg--Eustis--Tavares,_Florida&action=edit&redlink=1","/wiki/Gainesville,_Georgia","/wiki/Santa_Maria,_California","/wiki/Tyler,_Texas","/wiki/Yakima,_Washington","/wiki/Athens-Clarke_County,_Georgia","/wiki/Las_Cruces,_New_Mexico","/wiki/Grand_Junction,_Colorado","/wiki/Odessa,_Texas","/wiki/Saginaw,_Michigan","/wiki/Simi_Valley,_California","/wiki/Columbia,_Missouri","/wiki/Kenosha,_Wisconsin","/wiki/Fort_Smith,_Arkansas","/w/index.php?title=Mauldin--Simpsonville,_South_Carolina&action=edit&redlink=1","/wiki/Johnson_City,_Tennessee","/wiki/Duluth,_Minnesota","/wiki/Burlington,_North_Carolina","/w/index.php?title=South_Lyon--Howell,_Michigan&action=edit&redlink=1","/w/index.php?title=San_German--Cabo_Rojo--Sabana_Grande,_Puerto_Rico&action=edit&redlink=1","/wiki/Greeley,_Colorado","/wiki/Midland,_Texas","/wiki/Greenville,_North_Carolina","/wiki/Redding,_California","/wiki/Utica,_New_York","/w/index.php?title=Leominster--Fitchburg,_Massachusetts&action=edit&redlink=1","/wiki/Yuba_City,_California","/wiki/Lynchburg,_Virginia","/wiki/Monroe,_Louisiana","/wiki/Billings,_Montana","/wiki/Boulder,_Colorado","/wiki/Bellingham,_Washington","/w/index.php?title=Seaside--Monterey,_California&action=edit&redlink=1","/w/index.php?title=Kailua_(Honolulu_County)--Kaneohe,_Hawaii&action=edit&redlink=1","/wiki/Waterloo,_Iowa","/w/index.php?title=Lady_Lake--The_Villages,_Florida&action=edit&redlink=1","/wiki/Dover,_Delaware","/wiki/St._Cloud,_Minnesota","/wiki/Abilene,_Texas","/wiki/Waldorf,_Maryland","/wiki/Mayag%C3%BCez,_Puerto_Rico","/wiki/Burlington,_Vermont","/wiki/Bloomington,_Indiana","/wiki/Pottstown,_Pennsylvania","/wiki/Rochester,_Minnesota","/w/index.php?title=El_Centro--Calexico,_California&action=edit&redlink=1","/wiki/Iowa_City,_Iowa","/wiki/Kingsport,_Tennessee","/wiki/Sioux_City,_Iowa","/wiki/Texas_City,_Texas","/wiki/Jacksonville,_North_Carolina","/wiki/Rock_Hill,_South_Carolina","/wiki/Norman,_Oklahoma","/wiki/Eau_Claire,_Wisconsin","/wiki/La_Crosse,_Wisconsin","/wiki/Holland,_Michigan","/wiki/Turlock,_California","/wiki/Wichita_Falls,_Texas","/wiki/Longview,_Texas","/w/index.php?title=Gilroy--Morgan_Hill,_California&action=edit&redlink=1","/wiki/Coeur_d%27Alene,_Idaho","/wiki/St._George,_Utah","/wiki/Chico,_California","/wiki/Salisbury,_Maryland","/wiki/Middletown,_Ohio","/wiki/Albany,_Georgia","/wiki/Vineland,_New_Jersey","/wiki/Logan,_Utah","/wiki/Lawton,_Oklahoma","/wiki/Decatur,_Illinois","/wiki/Vacaville,_California","/wiki/San_Angelo,_Texas","/wiki/Terre_Haute,_Indiana","/wiki/Charlottesville,_Virginia","/wiki/Slidell,_Louisiana","/wiki/Yauco,_Puerto_Rico","/wiki/Longmont,_Colorado","/wiki/Idaho_Falls,_Idaho","/wiki/Muncie,_Indiana","/wiki/Temple,_Texas","/wiki/Jackson,_Michigan","/wiki/Florence,_South_Carolina","/wiki/Santa_Fe,_New_Mexico","/w/index.php?title=Mandeville--Covington,_Louisiana&action=edit&redlink=1","/wiki/Blacksburg,_Virginia","/wiki/Portsmouth,_New_Hampshire","/wiki/Anderson,_Indiana","/w/index.php?title=Dover--Rochester,_New_Hampshire&action=edit&redlink=1","/wiki/Lawrence,_Kansas","/wiki/Hanford,_California","/wiki/Tracy,_California","/wiki/State_College,_Pennsylvania","/wiki/Port_Huron,_Michigan","/wiki/Springfield,_Ohio","/wiki/Dalton,_Georgia","/wiki/Fajardo,_Puerto_Rico","/wiki/Lee%27s_Summit,_Missouri","/w/index.php?title=Prescott_Valley--Prescott,_Arizona&action=edit&redlink=1","/wiki/Napa,_California","/wiki/Alton,_Illinois","/wiki/Bend,_Oregon","/wiki/Manteca,_California","/wiki/Alexandria,_Louisiana","/wiki/Joplin,_Missouri","/wiki/Missoula,_Montana","/wiki/Bismarck,_North_Dakota","/wiki/Kankakee,_Illinois","/wiki/Livermore,_California","/wiki/Rapid_City,_South_Dakota","/wiki/Wheeling,_West_Virginia","/wiki/Saint_Joseph,_Missouri","/w/index.php?title=Homosassa_Springs--Beverly_Hills--Citrus_Springs,_Florida&action=edit&redlink=1","/wiki/Juana_D%C3%ADaz,_Puerto_Rico","/wiki/Hattiesburg,_Mississippi","/wiki/Guayama,_Puerto_Rico","/wiki/Altoona,_Pennsylvania","/w/index.php?title=Anniston--Oxford,_Alabama&action=edit&redlink=1","/w/index.php?title=Lafayette--Louisville--Erie,_Colorado&action=edit&redlink=1","/wiki/Madera,_California","/wiki/Battle_Creek,_Michigan","/wiki/Bowling_Green,_Kentucky","/wiki/Texarkana,_Texas","/wiki/Texarkana,_Arkansas","/wiki/Lebanon,_Pennsylvania","/wiki/Valdosta,_Georgia","/wiki/Florence,_Alabama","/wiki/Newark,_Ohio","/wiki/Anderson,_South_Carolina","/wiki/Williamsburg,_Virginia","/wiki/Mansfield,_Ohio","/w/index.php?title=Lake_Jackson--Angleton,_Texas&action=edit&redlink=1","/wiki/Auburn,_Alabama","/wiki/Wausau,_Wisconsin","/wiki/Oshkosh,_Wisconsin","/wiki/Cheyenne,_Wyoming","/wiki/Watsonville,_California","/w/index.php?title=Elizabethtown--Radcliff,_Kentucky&action=edit&redlink=1","/wiki/Sumter,_South_Carolina","/wiki/Lima,_Ohio","/wiki/Davis,_California","/w/index.php?title=Westminster--Eldersburg,_Maryland&action=edit&redlink=1","/wiki/Flagstaff,_Arizona","/wiki/Jackson,_Tennessee","/wiki/Camarillo,_California","/w/index.php?title=Florida--Imbery--Barceloneta,_Puerto_Rico&action=edit&redlink=1","/wiki/Sheboygan,_Wisconsin","/w/index.php?title=Weirton--Steubenville,_West_Virginia&action=edit&redlink=1","/wiki/Bay_City,_Michigan","/wiki/Owensboro,_Kentucky","/wiki/Decatur,_Alabama","/wiki/Morgantown,_West_Virginia","/wiki/Porterville,_California","/wiki/Pocatello,_Idaho","/wiki/Janesville,_Wisconsin","/w/index.php?title=Bristol--Bristol,_Tennessee&action=edit&redlink=1","/wiki/Winchester,_Virginia","/wiki/St._Augustine,_Florida","/wiki/Johnstown,_Pennsylvania","/wiki/Hilton_Head_Island,_South_Carolina","/wiki/Dothan,_Alabama","/wiki/Lodi,_California","/wiki/DeKalb,_Illinois","/wiki/West_Bend,_Wisconsin","/wiki/Rocky_Mount,_North_Carolina","/wiki/Elmira,_New_York","/wiki/Carbondale,_Illinois","/wiki/Dubuque,_Iowa","/wiki/Hammond,_Louisiana","/wiki/Parkersburg,_West_Virginia","/wiki/Wenatchee,_Washington","/wiki/Harrisonburg,_Virginia","/wiki/Cleveland,_Tennessee","/wiki/Zephyrhills,_Florida","/wiki/Hanover,_Pennsylvania","/w/index.php?title=Monessen--California,_Pennsylvania&action=edit&redlink=1","/w/index.php?title=Michigan_City--La_Porte,_Indiana&action=edit&redlink=1","/wiki/Glens_Falls,_New_York","/wiki/Jonesboro,_Arkansas","/wiki/Conway,_Arkansas","/wiki/Great_Falls,_Montana","/w/index.php?title=El_Paso_de_Robles_(Paso_Robles)--Atascadero,_California&action=edit&redlink=1","/wiki/Casper,_Wyoming","/wiki/Fairbanks,_Alaska","/wiki/Gadsden,_Alabama","/wiki/Saratoga_Springs,_New_York","/wiki/Petaluma,_California","/w/index.php?title=Twin_Rivers--Hightstown,_New_Jersey&action=edit&redlink=1","/wiki/Beckley,_West_Virginia","/wiki/Longview,_Washington","/wiki/Beloit,_Wisconsin","/wiki/Los_Lunas,_New_Mexico","/wiki/Victoria,_Texas","/wiki/Mount_Vernon,_Washington","/wiki/Corvallis,_Oregon","/wiki/Kokomo,_Indiana","/wiki/Sherman,_Texas","/w/index.php?title=Sebring--Avon_Park,_Florida&action=edit&redlink=1","/wiki/Grand_Forks,_North_Dakota","/wiki/Bangor,_Maine","/wiki/Goldsboro,_North_Carolina","/w/index.php?title=Benton_Harbor--St._Joseph--Fair_Plain,_Michigan&action=edit&redlink=1","/wiki/Rome,_Georgia","/wiki/Ames,_Iowa","/wiki/Lewiston,_Maine","/wiki/San_Luis_Obispo,_California","/wiki/Pittsfield,_Massachusetts","/wiki/Morristown,_Tennessee","/wiki/Midland,_Michigan","/w/index.php?title=Lexington_Park--California--Chesapeake_Ranch_Estates,_Maryland&action=edit&redlink=1","/wiki/Jefferson_City,_Missouri","/wiki/Middletown,_Orange_County,_New_York","/wiki/Carson_City,_Nevada","/wiki/Watertown_(city),_New_York","/wiki/Mankato,_Minnesota","/wiki/Kingston,_New_York","/w/index.php?title=Daphne--Fairhope,_Alabama&action=edit&redlink=1","/wiki/Albany,_Oregon","/wiki/Hazleton,_Pennsylvania","/w/index.php?title=Staunton--Waynesboro,_Virginia&action=edit&redlink=1","/wiki/Williamsport,_Pennsylvania","/wiki/Kahului,_Hawaii","/wiki/Walla_Walla,_Washington","/wiki/Woodland,_California","/wiki/Hot_Springs,_Arkansas","/wiki/Columbus,_Indiana","/wiki/Fond_du_Lac,_Wisconsin","/wiki/Manhattan,_Kansas","/wiki/Titusville,_Florida","/wiki/Delano,_California","/wiki/East_Stroudsburg,_Pennsylvania","/wiki/Ithaca,_New_York","/w/index.php?title=Bloomsburg--Berwick,_Pennsylvania&action=edit&redlink=1","/wiki/Pine_Bluff,_Arkansas","/wiki/Lake_Havasu_City,_Arizona","/wiki/Farmington,_New_Mexico","/wiki/Cape_Girardeau,_Missouri","/wiki/San_Marcos,_Texas","/wiki/Sierra_Vista,_Arizona","/wiki/Cartersville,_Georgia","/w/index.php?title=Arroyo_Grande--Grover_Beach,_California&action=edit&redlink=1","/wiki/Lewiston,_Idaho","/wiki/Cumberland,_Maryland","/wiki/Lompoc,_California","/wiki/Hinesville,_Georgia","/w/index.php?title=Uniontown--Connellsville,_Pennsylvania&action=edit&redlink=1","/wiki/Casa_Grande,_Arizona","/wiki/Villas,_New_Jersey","/wiki/Monroe,_Michigan","/wiki/Brunswick,_Georgia","/wiki/Danville,_Illinois","/wiki/Chambersburg,_Pennsylvania","/wiki/Grants_Pass,_Oregon","/wiki/New_Bern,_North_Carolina","/wiki/Grand_Island,_Nebraska","/wiki/Pascagoula,_Mississippi","/w/index.php?title=List_of_United_States_urban_areas&action=edit&section=2","/wiki/File:N.Y.C._skyline_from_Ellis_Island.jpg","//upload.wikimedia.org/wikipedia/commons/thumb/5/51/N.Y.C._skyline_from_Ellis_Island.jpg/120px-N.Y.C._skyline_from_Ellis_Island.jpg","/wiki/New_York_City","/wiki/File:Los_Angeles_downtown_sunset_cityscape.jpg","//upload.wikimedia.org/wikipedia/commons/thumb/5/50/Los_Angeles_downtown_sunset_cityscape.jpg/120px-Los_Angeles_downtown_sunset_cityscape.jpg","/wiki/Los_Angeles","/wiki/File:2010-02-19_3000x2000_chicago_skyline.jpg","//upload.wikimedia.org/wikipedia/commons/thumb/0/0f/2010-02-19_3000x2000_chicago_skyline.jpg/120px-2010-02-19_3000x2000_chicago_skyline.jpg","/wiki/Chicago","/wiki/File:Miami_skyline_from_rusty_pelican_1.JPG","//upload.wikimedia.org/wikipedia/commons/thumb/9/92/Miami_skyline_from_rusty_pelican_1.JPG/120px-Miami_skyline_from_rusty_pelican_1.JPG","/wiki/Miami","/wiki/File:Philadelphia_skyline_August_2007.jpg","//upload.wikimedia.org/wikipedia/commons/thumb/9/9f/Philadelphia_skyline_August_2007.jpg/120px-Philadelphia_skyline_August_2007.jpg","/wiki/Philadelphia","/wiki/File:Downtown_Dallas_from_Belmont_Hotel_in_Oak_Cliff,_2.jpg","//upload.wikimedia.org/wikipedia/commons/thumb/f/f6/Downtown_Dallas_from_Belmont_Hotel_in_Oak_Cliff%2C_2.jpg/120px-Downtown_Dallas_from_Belmont_Hotel_in_Oak_Cliff%2C_2.jpg","/wiki/Dallas","/wiki/File:Panoramic_Houston_skyline.jpg","//upload.wikimedia.org/wikipedia/commons/thumb/4/44/Panoramic_Houston_skyline.jpg/120px-Panoramic_Houston_skyline.jpg","/wiki/Houston","/wiki/File:US_Navy_030926-F-2828D-307_Aerial_view_of_the_Washington_Monument.jpg","//upload.wikimedia.org/wikipedia/commons/thumb/d/d2/US_Navy_030926-F-2828D-307_Aerial_view_of_the_Washington_Monument.jpg/120px-US_Navy_030926-F-2828D-307_Aerial_view_of_the_Washington_Monument.jpg","/wiki/Washington,_D.C","/wiki/File:Midtownatlanta.jpg","//upload.wikimedia.org/wikipedia/commons/thumb/4/49/Midtownatlanta.jpg/120px-Midtownatlanta.jpg","/wiki/Atlanta","/wiki/File:Boston_downtown_skyline.jpg","//upload.wikimedia.org/wikipedia/commons/thumb/0/07/Boston_downtown_skyline.jpg/120px-Boston_downtown_skyline.jpg","/wiki/Boston","/wiki/File:DetroitSkyline.jpg","//upload.wikimedia.org/wikipedia/commons/thumb/a/a0/DetroitSkyline.jpg/120px-DetroitSkyline.jpg","/wiki/Detroit","/wiki/File:Phoenix.skyline.750pix.jpg","//upload.wikimedia.org/wikipedia/commons/thumb/4/4c/Phoenix.skyline.750pix.jpg/120px-Phoenix.skyline.750pix.jpg","/wiki/Phoenix,_Arizona","/wiki/File:SF_From_Marin_Highlands3.jpg","//upload.wikimedia.org/wikipedia/commons/thumb/d/da/SF_From_Marin_Highlands3.jpg/120px-SF_From_Marin_Highlands3.jpg","/wiki/San_Francisco","/wiki/File:Seattle_4.jpg","//upload.wikimedia.org/wikipedia/commons/thumb/1/16/Seattle_4.jpg/120px-Seattle_4.jpg","/wiki/Seattle","/wiki/File:SanDiegoNightSkyline.jpg","//upload.wikimedia.org/wikipedia/commons/thumb/4/4c/SanDiegoNightSkyline.jpg/120px-SanDiegoNightSkyline.jpg","/wiki/San_Diego","/wiki/File:I-35W_and_Minneapolis_skyline_5.jpg","//upload.wikimedia.org/wikipedia/commons/thumb/1/15/I-35W_and_Minneapolis_skyline_5.jpg/120px-I-35W_and_Minneapolis_skyline_5.jpg","/wiki/Minneapolis","/wiki/File:Tampaaa_061.JPG","//upload.wikimedia.org/wikipedia/commons/thumb/6/6f/Tampaaa_061.JPG/120px-Tampaaa_061.JPG","/wiki/Tampa","/wiki/File:DenverColoradoSkylineViewFromtheSouth.jpg","//upload.wikimedia.org/wikipedia/commons/thumb/a/a9/DenverColoradoSkylineViewFromtheSouth.jpg/120px-DenverColoradoSkylineViewFromtheSouth.jpg","/wiki/Denver","/wiki/File:Baltimore_Skyline.jpg","//upload.wikimedia.org/wikipedia/commons/thumb/d/df/Baltimore_Skyline.jpg/120px-Baltimore_Skyline.jpg","/wiki/Baltimore","/wiki/File:St_Louis_night_expblend.jpg","//upload.wikimedia.org/wikipedia/commons/thumb/d/de/St_Louis_night_expblend.jpg/120px-St_Louis_night_expblend.jpg","/wiki/St_Louis","/wiki/File:Skyline_of_San_Juan,_Puerto_Rico.jpg","//upload.wikimedia.org/wikipedia/commons/thumb/e/eb/Skyline_of_San_Juan%2C_Puerto_Rico.jpg/120px-Skyline_of_San_Juan%2C_Puerto_Rico.jpg","/wiki/San_Juan,_Puerto_Rico","/wiki/File:Descending_Mt._Rubidoux.jpg","//upload.wikimedia.org/wikipedia/commons/thumb/6/69/Descending_Mt._Rubidoux.jpg/120px-Descending_Mt._Rubidoux.jpg","/wiki/Riverside,_California","/wiki/File:Las_Vegas_strip.jpg","//upload.wikimedia.org/wikipedia/commons/thumb/7/76/Las_Vegas_strip.jpg/120px-Las_Vegas_strip.jpg","/wiki/Las_Vegas,_Nevada","/wiki/File:Portland_and_Mt_Hood.jpg","//upload.wikimedia.org/wikipedia/commons/thumb/f/fa/Portland_and_Mt_Hood.jpg/120px-Portland_and_Mt_Hood.jpg","/wiki/Portland,_Oregon","/wiki/File:Skyline_of_Cleveland,_Ohio.jpg","//upload.wikimedia.org/wikipedia/commons/thumb/d/d9/Skyline_of_Cleveland%2C_Ohio.jpg/120px-Skyline_of_Cleveland%2C_Ohio.jpg","/wiki/Cleveland","/wiki/File:Downtown_San_Antonio_View.JPG","//upload.wikimedia.org/wikipedia/commons/thumb/f/ff/Downtown_San_Antonio_View.JPG/120px-Downtown_San_Antonio_View.JPG","/wiki/San_Antonio","/wiki/File:DowntownPittsburghChristmas.jpg","//upload.wikimedia.org/wikipedia/commons/thumb/1/19/DowntownPittsburghChristmas.jpg/120px-DowntownPittsburghChristmas.jpg","/wiki/Pittsburgh,_Pennsylvania","/wiki/File:Sacramento_Riverfront.jpg","//upload.wikimedia.org/wikipedia/commons/thumb/f/fe/Sacramento_Riverfront.jpg/120px-Sacramento_Riverfront.jpg","/wiki/Sacramento,_California","/wiki/File:San_Jose,_California,_USA.jpg","//upload.wikimedia.org/wikipedia/commons/thumb/c/c2/San_Jose%2C_California%2C_USA.jpg/120px-San_Jose%2C_California%2C_USA.jpg","/wiki/San_Jose,_California","/wiki/File:Cincinnati_from_Lytle_Place.JPG","//upload.wikimedia.org/wikipedia/commons/thumb/d/d2/Cincinnati_from_Lytle_Place.JPG/120px-Cincinnati_from_Lytle_Place.JPG","/wiki/Cincinnati","/wiki/File:Kcskylinebridge.jpg","//upload.wikimedia.org/wikipedia/commons/thumb/3/30/Kcskylinebridge.jpg/120px-Kcskylinebridge.jpg","/wiki/Kansas_City,_Missouri","/wiki/File:Orlando_Skyline.jpg","//upload.wikimedia.org/wikipedia/commons/thumb/e/e3/Orlando_Skyline.jpg/120px-Orlando_Skyline.jpg","/wiki/Orlando,_Florida","/wiki/File:Downtown_indy_from_parking_garage_zoom.JPG","//upload.wikimedia.org/wikipedia/commons/thumb/1/16/Downtown_indy_from_parking_garage_zoom.JPG/120px-Downtown_indy_from_parking_garage_zoom.JPG","/wiki/Indianapolis","/wiki/File:VA_Beach_Town_Center.jpg","//upload.wikimedia.org/wikipedia/commons/thumb/a/a3/VA_Beach_Town_Center.jpg/120px-VA_Beach_Town_Center.jpg","/wiki/Virginia_Beach,_Virginia","/wiki/File:Milwaukee_at_night.jpg","//upload.wikimedia.org/wikipedia/commons/thumb/2/27/Milwaukee_at_night.jpg/120px-Milwaukee_at_night.jpg","/wiki/Milwaukee","/wiki/File:ColumbusOH.JPG","//upload.wikimedia.org/wikipedia/commons/thumb/0/08/ColumbusOH.JPG/120px-ColumbusOH.JPG","/wiki/Columbus,_Ohio","/wiki/File:AustinSkyline.jpeg","//upload.wikimedia.org/wikipedia/commons/thumb/6/62/AustinSkyline.jpeg/120px-AustinSkyline.jpeg","/wiki/Austin,_Texas","/wiki/File:Skylinecharlotte2.jpg","//upload.wikimedia.org/wikipedia/commons/thumb/b/be/Skylinecharlotte2.jpg/120px-Skylinecharlotte2.jpg","/wiki/Charlotte,_North_Carolina","/wiki/File:Providence_RI_skyline2.jpg","//upload.wikimedia.org/wikipedia/commons/thumb/2/2c/Providence_RI_skyline2.jpg/120px-Providence_RI_skyline2.jpg","/wiki/Providence,_Rhode_Island","/wiki/File:Jacksonville_Skyline_Panorama_4.jpg","//upload.wikimedia.org/wikipedia/commons/thumb/1/11/Jacksonville_Skyline_Panorama_4.jpg/120px-Jacksonville_Skyline_Panorama_4.jpg","/wiki/Jacksonville,_Florida","/wiki/File:Memphis_Skyline_from_Poplar_Ave.jpg","//upload.wikimedia.org/wikipedia/commons/thumb/b/b4/Memphis_Skyline_from_Poplar_Ave.jpg/120px-Memphis_Skyline_from_Poplar_Ave.jpg","/wiki/Memphis,_Tennessee","/wiki/File:SLC_Main_Street_19_August_2009.jpg","//upload.wikimedia.org/wikipedia/commons/thumb/d/df/SLC_Main_Street_19_August_2009.jpg/120px-SLC_Main_Street_19_August_2009.jpg","/wiki/Salt_Lake_City","/wiki/File:Driving_into_Louisville_on_64_west.jpg","//upload.wikimedia.org/wikipedia/commons/thumb/f/f4/Driving_into_Louisville_on_64_west.jpg/120px-Driving_into_Louisville_on_64_west.jpg","/wiki/Louisville,_Kentucky","/wiki/File:Nashville_panorama_Kaldari_02.jpg","//upload.wikimedia.org/wikipedia/commons/thumb/2/2e/Nashville_panorama_Kaldari_02.jpg/120px-Nashville_panorama_Kaldari_02.jpg","/wiki/Nashville,_Tennessee","/wiki/File:Richmond,_Virginia_skyline.jpg","//upload.wikimedia.org/wikipedia/commons/thumb/f/fa/Richmond%2C_Virginia_skyline.jpg/120px-Richmond%2C_Virginia_skyline.jpg","/wiki/Richmond,_Virginia","/wiki/File:BuffaloSkyline.jpg","//upload.wikimedia.org/wikipedia/commons/thumb/9/96/BuffaloSkyline.jpg/120px-BuffaloSkyline.jpg","/wiki/Buffalo,_New_York","/wiki/File:Hartford_CT.JPG","//upload.wikimedia.org/wikipedia/commons/thumb/1/1c/Hartford_CT.JPG/120px-Hartford_CT.JPG","/wiki/Hartford,_Connecticut","/wiki/File:Bridgeport1.jpg","//upload.wikimedia.org/wikipedia/en/thumb/e/ef/Bridgeport1.jpg/120px-Bridgeport1.jpg","/wiki/Bridgeport,_Connecticut","/wiki/File:New_Orleans_Skyline_from_Uptown.jpg","//upload.wikimedia.org/wikipedia/commons/thumb/d/d3/New_Orleans_Skyline_from_Uptown.jpg/120px-New_Orleans_Skyline_from_Uptown.jpg","/wiki/New_Orleans","/wiki/File:Downtown-Raleigh-from-Western-Boulevard-Overpass-20081012.jpeg","//upload.wikimedia.org/wikipedia/commons/thumb/5/5c/Downtown-Raleigh-from-Western-Boulevard-Overpass-20081012.jpeg/120px-Downtown-Raleigh-from-Western-Boulevard-Overpass-20081012.jpeg","/wiki/Raleigh,_North_Carolina","/wiki/File:Oklahomacity_downtown_skyline.JPG","//upload.wikimedia.org/wikipedia/commons/thumb/4/43/Oklahomacity_downtown_skyline.JPG/120px-Oklahomacity_downtown_skyline.JPG","/wiki/Oklahoma_City","/wiki/File:CatalinasAndTucsonAZ.jpg","//upload.wikimedia.org/wikipedia/commons/thumb/2/2c/CatalinasAndTucsonAZ.jpg/120px-CatalinasAndTucsonAZ.jpg","/wiki/Tucson,_Arizona","/w/index.php?title=List_of_United_States_urban_areas&action=edit&section=3","/wiki/New_York_City","/wiki/Newark,_New_Jersey","/wiki/Philadelphia,_Pennsylvania","/wiki/Allentown,_Pennsylvania","/wiki/Bethlehem,_Pennsylvania","/wiki/Lancaster,_Pennsylvania","/wiki/Pottstown,_Pennsylvania","/wiki/Reading,_Pennsylvania","/wiki/Trenton,_New_Jersey","/wiki/Hightstown,_New_Jersey","/wiki/Vineland,_New_Jersey","/wiki/Poughkeepsie,_New_York","/wiki/Newburgh,_New_York","/wiki/Bridgeport,_Connecticut","/wiki/Stamford,_Connecticut","/wiki/Danbury,_Connecticut","/wiki/Hartford,_Connecticut","/wiki/New_Haven,_Connecticut","/wiki/Norwich,_Connecticut","/wiki/New_London,_Connecticut","/wiki/Waterbury,_Connecticut","/wiki/Springfield,_Massachusetts","/wiki/Los_Angeles,_California","/wiki/Long_Beach,_California","/wiki/Santa_Ana,_California","/wiki/Riverside,_California","/wiki/San_Bernardino,_California","/wiki/Camarillo,_California","/wiki/Hemet,_California","/wiki/Oxnard,_California","/wiki/Santa_Barbara,_California","/wiki/Santa_Clarita,_California","/wiki/Simi_Valley,_California","/wiki/Temecula,_California","/wiki/Murrieta,_California","/wiki/Thousand_Oaks,_California","/wiki/Chicago","/wiki/Kenosha,_Wisconsin","/wiki/Round_Lake_Beach,_Illinois","/wiki/McHenry,_Illinois","/wiki/Grayslake,_Illinois","/wiki/Racine,_Wisconsin","/wiki/Boston","/wiki/Providence,_Rhode_Island","/wiki/Worcester,_Massachusetts","/wiki/Barnstable_Town,_Massachusetts","/wiki/Leominster,_Massachusetts","/wiki/Fitchburg,_Massachusetts","/wiki/New_Bedford,_Massachusetts","/wiki/Dover,_New_Hampshire","/wiki/Rochester,_New_Hampshire","/wiki/Manchester,_New_Hampshire","/wiki/Nashua,_New_Hampshire","/wiki/Portsmouth,_New_Hampshire","/wiki/Aberdeen,_Maryland","/wiki/Baltimore,_Maryland","/wiki/Washington,_DC","/wiki/St._Charles,_Maryland","/wiki/San_Francisco,_California","/wiki/Oakland,_California","/wiki/San_Jose,_California","/wiki/Antioch,_California","/wiki/Concord,_California","/wiki/Livermore,_California","/wiki/Vallejo,_California","/wiki/Dallas,_Texas","/wiki/Fort_Worth,_Texas","/wiki/Arlington,_Texas","/wiki/Denton,_Texas","/wiki/Lewisville,_Texas","/wiki/McKinney,_Texas","/wiki/Houston,_Texas","/wiki/Texas_City,_Texas","/wiki/Galveston,_Texas","/wiki/The_Woodlands,_Texas","/wiki/Detroit,_Michigan","/wiki/Ann_Arbor,_Michigan","/wiki/Port_Huron,_Michigan","/wiki/South_Lyon,_Michigan","/wiki/Howell,_Michigan","/wiki/Brighton,_Michigan","/wiki/Atlanta,_Georgia","/wiki/Gainesville,_Georgia","/wiki/San_Juan,_Puerto_Rico","/wiki/Aguadilla,_Puerto_Rico","/wiki/Isabela,_Puerto_Rico","/wiki/San_Sebastian,_Puerto_Rico","/wiki/Arecibo,_Puerto_Rico","/wiki/Fajardo,_Puerto_Rico","/wiki/Florida,_Puerto_Rico","/wiki/Barceloneta,_Puerto_Rico","/wiki/Bajadero,_Puerto_Rico","/wiki/Guayama,_Puerto_Rico","/wiki/Juana_Diaz,_Puerto_Rico","/wiki/Mayaguez,_Puerto_Rico","/wiki/Ponce,_Puerto_Rico","/wiki/San_German,_Puerto_Rico","/wiki/Cabo_Rojo,_Puerto_Rico","/wiki/Sabana_Grande,_Puerto_Rico","/wiki/Yauco,_Puerto_Rico","/wiki/Phoenix,_Arizona","/wiki/Mesa,_Arizona","/wiki/Avondale,_Arizona","/wiki/San_Diego,_California","/wiki/Mission_Viejo,_California","/wiki/Seattle,_Washington","/wiki/Bremerton,_Washington","/wiki/Marysville,_Washington","/wiki/Cleveland,_Ohio","/wiki/Akron,_Ohio","/wiki/Canton,_Ohio","/wiki/Lorain,_Ohio","/wiki/Elyria,_Ohio","/wiki/Tampa,_Florida","/wiki/St._Petersburg,_Florida","/wiki/Lakeland,_Florida","/wiki/Winter_Haven,_Florida","/wiki/Brooksville,_Florida","/wiki/Cincinnati,_Ohio","/wiki/Dayton,_Ohio","/wiki/Middletown,_Ohio","/wiki/Springfield,_Ohio","/wiki/Denver,_Colorado","/wiki/Aurora,_Colorado","/wiki/Boulder,_Colorado","/wiki/Longmont,_Colorado","/wiki/Lafayette,_Colorado","/wiki/Louisville,_Colorado","/wiki/St._Louis,_Missouri","/wiki/Alton,_Illinois","/wiki/Orlando,_Florida","/wiki/Ocala,_Florida","/wiki/Kissimmee,_Florida","/wiki/Lady_Lake,_Florida","/wiki/Leesburg,_Florida","/wiki/Eustis,_Florida","/wiki/Pittsburgh,_Pennsylvania","/wiki/Uniontown,_Pennsylvania","/wiki/Connellsville,_Pennsylvania","/wiki/Monessen,_Pennsylvania","/wiki/Kansas_City,_Missouri","/wiki/Lee%27s_Summit,_Missouri","/wiki/Salt_Lake_City,_Utah","/wiki/Ogden,_Utah","/wiki/Layton,_Utah","/wiki/Indianapolis,_Indiana","/wiki/Anderson,_Indiana","/wiki/Charlotte,_North_Carolina","/wiki/Gastonia,_North_Carolina","/wiki/Concord,_North_Carolina","/wiki/Rock_Hill,_South_Carolina","/wiki/Nashville,_Tennessee","/wiki/Davidson_County,_Tennessee","/wiki/Murfreesboro,_Tennessee","/w/index.php?title=List_of_United_States_urban_areas&action=edit&section=4","/wiki/File:Terrestrial_globe.svg","//upload.wikimedia.org/wikipedia/en/thumb/6/6b/Terrestrial_globe.svg/29px-Terrestrial_globe.svg.png","/wiki/Portal:Geography","/wiki/File:North_America_368x348.png","//upload.wikimedia.org/wikipedia/commons/thumb/8/8f/North_America_368x348.png/30px-North_America_368x348.png","/wiki/Portal:North_America","/wiki/File:Flag_of_the_United_States.svg","//upload.wikimedia.org/wikipedia/en/thumb/a/a4/Flag_of_the_United_States.svg/32px-Flag_of_the_United_States.svg.png","/wiki/Portal:United_States","/wiki/Outline_of_the_United_States","/wiki/Index_of_United_States-related_articles","/wiki/Book:United_States","/wiki/Geography","/wiki/Human_geography","/wiki/Demography","/wiki/United_States","/wiki/United_States_Census_Bureau","/wiki/Demographics_of_the_United_States","/wiki/List_of_U.S._states_and_territories_by_population","/wiki/List_of_United_States_cities_by_population","/wiki/Cities_and_metropolitan_areas_of_the_United_States","/wiki/Office_of_Management_and_Budget","/wiki/Table_of_United_States_primary_census_statistical_areas","/wiki/Table_of_United_States_primary_census_statistical_areas","/wiki/Combined_statistical_area","/wiki/Table_of_United_States_Combined_Statistical_Areas","/wiki/Core_Based_Statistical_Area","/wiki/Table_of_United_States_Core_Based_Statistical_Areas","/wiki/Metropolitan_Statistical_Area","/wiki/Table_of_United_States_Metropolitan_Statistical_Areas","/wiki/List_of_U.S._metropolitan_areas_by_GDP","#cite_note-3","#cite_note-4","/wiki/Micropolitan_Statistical_Area","/wiki/Table_of_United_States_Micropolitan_Statistical_Areas","/wiki/United_States_urban_area","/w/index.php?title=List_of_United_States_urban_areas&action=edit&section=5","#cite_ref-2","/wiki/List_of_U.S._states","/w/index.php?title=List_of_United_States_urban_areas&action=edit&section=6","#cite_ref-1","/wiki/United_States_Census_Bureau","http://www2.census.gov/geo/ua/ua_list_ua.xls","/wiki/Help:CS1_errors#citation_missing_title","#cite_ref-3","http://www.bls.gov/sae/saemd.htm","#cite_ref-4","http://www.bls.gov/oes/current/msa_def.htm","/w/index.php?title=List_of_United_States_urban_areas&action=edit&section=7","http://www.census.gov/geo/www/ua/ua2k.txt","http://www.census.gov/geo/www/ua/2010urbanruralclass.html","http://www.census.gov/geo/www/ua/fedregv75n163.pdf","/w/index.php?title=List_of_United_States_urban_areas&action=edit&section=8","/wiki/Wikipedia:Wikimedia_sister_projects","//en.wiktionary.org/wiki/Special:Search/United_States","//upload.wikimedia.org/wikipedia/commons/thumb/f/f8/Wiktionary-logo-en.svg/23px-Wiktionary-logo-en.svg.png","//en.wiktionary.org/wiki/Special:Search/United_States","//commons.wikimedia.org/wiki/Special:Search/United_States","//upload.wikimedia.org/wikipedia/en/thumb/4/4a/Commons-logo.svg/18px-Commons-logo.svg.png","//commons.wikimedia.org/wiki/Special:Search/United_States","//en.wikiversity.org/wiki/Special:Search/United_States","//upload.wikimedia.org/wikipedia/commons/thumb/1/1b/Wikiversity-logo-en.svg/25px-Wikiversity-logo-en.svg.png","//en.wikiversity.org/wiki/Special:Search/United_States","//en.wikiquote.org/wiki/Special:Search/United_States","//upload.wikimedia.org/wikipedia/commons/thumb/f/fa/Wikiquote-logo.svg/21px-Wikiquote-logo.svg.png","//en.wikiquote.org/wiki/Special:Search/United_States","//en.wikisource.org/wiki/Special:Search/United_States","//upload.wikimedia.org/wikipedia/commons/thumb/4/4c/Wikisource-logo.svg/24px-Wikisource-logo.svg.png","//en.wikisource.org/wiki/Special:Search/United_States","//en.wikibooks.org/wiki/Special:Search/United_States","//upload.wikimedia.org/wikipedia/commons/thumb/f/fa/Wikibooks-logo.svg/25px-Wikibooks-logo.svg.png","//en.wikibooks.org/wiki/Special:Search/United_States","http://www.census.gov/","http://www.census.gov/popest/data/index.html","http://www.census.gov/geo/www/ua/ua_2k.html","http://www.census.gov/geo/www/maps/ua2kmaps.htm","/wiki/Template:USCensus","/wiki/Template_talk:USCensus","//en.wikipedia.org/w/index.php?title=Template:USCensus&action=edit","/wiki/United_States_Census","/wiki/1790_United_States_Census","/wiki/1800_United_States_Census","/wiki/1810_United_States_Census","/wiki/1820_United_States_Census","/wiki/1830_United_States_Census","/wiki/1840_United_States_Census","/wiki/1850_United_States_Census","/wiki/1860_United_States_Census","/wiki/1870_United_States_Census","/wiki/1880_United_States_Census","/wiki/1890_United_States_Census","/wiki/1900_United_States_Census","/wiki/1910_United_States_Census","/wiki/1920_United_States_Census","/wiki/1930_United_States_Census","/wiki/1940_United_States_Census","/wiki/1950_United_States_Census","/wiki/1960_United_States_Census","/wiki/1970_United_States_Census","/wiki/1980_United_States_Census","/wiki/1990_United_States_Census","/wiki/2000_United_States_Census","/wiki/2010_United_States_Census","/wiki/File:Census_Bureau_seal.svg","//upload.wikimedia.org/wikipedia/commons/thumb/6/6b/Census_Bureau_seal.svg/80px-Census_Bureau_seal.svg.png","/wiki/United_States_Census_Bureau","/wiki/Census_of_Agriculture","//en.wikipedia.org/w/index.php?title=Special:CentralAutoLogin/start&type=1x1&from=enwiki","http://en.wikipedia.org/w/index.php?title=List_of_United_States_urban_areas&oldid=566076512","/wiki/Help:Categories","/wiki/Category:Lists_of_places_in_the_United_States","/wiki/Category:United_States_demography-related_lists","/wiki/Category:Urban_areas","/wiki/Category:United_States_Census_Bureau_geography","/wiki/Category:Pages_with_citations_lacking_titles","/wiki/Category:Pages_with_citations_having_bare_URLs","/w/index.php?title=Special:UserLogin&returnto=List+of+United+States+urban+areas&type=signup","/w/index.php?title=Special:UserLogin&returnto=List+of+United+States+urban+areas","/wiki/List_of_United_States_urban_areas","/wiki/Talk:List_of_United_States_urban_areas","#","/wiki/List_of_United_States_urban_areas","/w/index.php?title=List_of_United_States_urban_areas&action=edit","/w/index.php?title=List_of_United_States_urban_areas&action=history","#","/w/index.php","//bits.wikimedia.org/static-1.22wmf11/skins/vector/images/search-ltr.png?303-4","/wiki/Main_Page","/wiki/Main_Page","/wiki/Portal:Contents","/wiki/Portal:Featured_content","/wiki/Portal:Current_events","/wiki/Special:Random","//donate.wikimedia.org/wiki/Special:FundraiserRedirector?utm_source=donate&utm_medium=sidebar&utm_campaign=C13_en.wikipedia.org&uselang=en","/wiki/Help:Contents","/wiki/Wikipedia:About","/wiki/Wikipedia:Community_portal","/wiki/Special:RecentChanges","//en.wikipedia.org/wiki/Wikipedia:Contact_us","/wiki/Special:WhatLinksHere/List_of_United_States_urban_areas","/wiki/Special:RecentChangesLinked/List_of_United_States_urban_areas","/wiki/Wikipedia:File_Upload_Wizard","/wiki/Special:SpecialPages","/w/index.php?title=List_of_United_States_urban_areas&oldid=566076512","/w/index.php?title=List_of_United_States_urban_areas&action=info","//www.wikidata.org/wiki/Q5961240","/w/index.php?title=Special:Cite&page=List_of_United_States_urban_areas&id=566076512","/w/index.php?title=Special:Book&bookcmd=book_creator&referer=List+of+United+States+urban+areas","/w/index.php?title=Special:Book&bookcmd=render_article&arttitle=List+of+United+States+urban+areas&oldid=566076512&writer=rl","/w/index.php?title=List_of_United_States_urban_areas&printable=yes","//fa.wikipedia.org/wiki/%D9%81%D9%87%D8%B1%D8%B3%D8%AA_%D9%BE%D8%B1%D8%AC%D9%85%D8%B9%DB%8C%D8%AA%E2%80%8C%D8%AA%D8%B1%DB%8C%D9%86_%D9%85%D9%86%D8%A7%D8%B7%D9%82_%D8%B4%D9%87%D8%B1%DB%8C_%D8%A2%D9%85%D8%B1%DB%8C%DA%A9%D8%A7","//ja.wikipedia.org/wiki/%E3%82%A2%E3%83%A1%E3%83%AA%E3%82%AB%E5%90%88%E8%A1%86%E5%9B%BD%E9%83%BD%E5%B8%82%E7%9A%84%E5%9C%B0%E5%9F%9F%E3%81%AE%E4%B8%80%E8%A6%A7","#","//www.wikidata.org/wiki/Q5961240#sitelinks-wikipedia","//en.wikipedia.org/wiki/Wikipedia:Text_of_Creative_Commons_Attribution-ShareAlike_3.0_Unported_License","//creativecommons.org/licenses/by-sa/3.0/","//wikimediafoundation.org/wiki/Terms_of_Use","//wikimediafoundation.org/wiki/Privacy_policy","//www.wikimediafoundation.org/","//wikimediafoundation.org/wiki/Privacy_policy","/wiki/Wikipedia:About","/wiki/Wikipedia:General_disclaimer","//en.wikipedia.org/wiki/Wikipedia:Contact_us","//en.m.wikipedia.org/wiki/List_of_United_States_urban_areas","//wikimediafoundation.org/","//bits.wikimedia.org/images/wikimedia-button.png","//www.mediawiki.org/","//bits.wikimedia.org/static-1.22wmf11/skins/common/images/poweredby_mediawiki_88x31.png","//bits.wikimedia.org/en.wikipedia.org/load.php?debug=false&lang=en&modules=site&only=scripts&skin=vector&*"],"instances":[],"pdf":["http://www.census.gov/geo/www/ua/fedregv75n163.pdf"],"categories":["Lists of places in the United States|Urban areas","United States demography-related lists|United States urban areas","Urban areas","United States Census Bureau geography"],"headings":["2010 Urban Areas","Images","2010 Urban Agglomerations","See also","Notes","References","Works cited","External links"],"image":["//upload.wikimedia.org/wikipedia/commons/thumb/8/8d/Pano_Manhattan2007_amk.jpg/250px-Pano_Manhattan2007_amk.jpg","//upload.wikimedia.org/wikipedia/commons/thumb/c/c1/USA-Urban-Areas.svg/400px-USA-Urban-Areas.svg.png","//bits.wikimedia.org/static-1.22wmf11/skins/common/images/magnify-clip.png","//upload.wikimedia.org/wikipedia/commons/thumb/5/51/N.Y.C._skyline_from_Ellis_Island.jpg/120px-N.Y.C._skyline_from_Ellis_Island.jpg","//upload.wikimedia.org/wikipedia/commons/thumb/5/50/Los_Angeles_downtown_sunset_cityscape.jpg/120px-Los_Angeles_downtown_sunset_cityscape.jpg","//upload.wikimedia.org/wikipedia/commons/thumb/0/0f/2010-02-19_3000x2000_chicago_skyline.jpg/120px-2010-02-19_3000x2000_chicago_skyline.jpg","//upload.wikimedia.org/wikipedia/commons/thumb/9/92/Miami_skyline_from_rusty_pelican_1.JPG/120px-Miami_skyline_from_rusty_pelican_1.JPG","//upload.wikimedia.org/wikipedia/commons/thumb/9/9f/Philadelphia_skyline_August_2007.jpg/120px-Philadelphia_skyline_August_2007.jpg","//upload.wikimedia.org/wikipedia/commons/thumb/f/f6/Downtown_Dallas_from_Belmont_Hotel_in_Oak_Cliff%2C_2.jpg/120px-Downtown_Dallas_from_Belmont_Hotel_in_Oak_Cliff%2C_2.jpg","//upload.wikimedia.org/wikipedia/commons/thumb/4/44/Panoramic_Houston_skyline.jpg/120px-Panoramic_Houston_skyline.jpg","//upload.wikimedia.org/wikipedia/commons/thumb/d/d2/US_Navy_030926-F-2828D-307_Aerial_view_of_the_Washington_Monument.jpg/120px-US_Navy_030926-F-2828D-307_Aerial_view_of_the_Washington_Monument.jpg","//upload.wikimedia.org/wikipedia/commons/thumb/4/49/Midtownatlanta.jpg/120px-Midtownatlanta.jpg","//upload.wikimedia.org/wikipedia/commons/thumb/0/07/Boston_downtown_skyline.jpg/120px-Boston_downtown_skyline.jpg","//upload.wikimedia.org/wikipedia/commons/thumb/a/a0/DetroitSkyline.jpg/120px-DetroitSkyline.jpg","//upload.wikimedia.org/wikipedia/commons/thumb/4/4c/Phoenix.skyline.750pix.jpg/120px-Phoenix.skyline.750pix.jpg","//upload.wikimedia.org/wikipedia/commons/thumb/d/da/SF_From_Marin_Highlands3.jpg/120px-SF_From_Marin_Highlands3.jpg","//upload.wikimedia.org/wikipedia/commons/thumb/1/16/Seattle_4.jpg/120px-Seattle_4.jpg","//upload.wikimedia.org/wikipedia/commons/thumb/4/4c/SanDiegoNightSkyline.jpg/120px-SanDiegoNightSkyline.jpg","//upload.wikimedia.org/wikipedia/commons/thumb/1/15/I-35W_and_Minneapolis_skyline_5.jpg/120px-I-35W_and_Minneapolis_skyline_5.jpg","//upload.wikimedia.org/wikipedia/commons/thumb/6/6f/Tampaaa_061.JPG/120px-Tampaaa_061.JPG","//upload.wikimedia.org/wikipedia/commons/thumb/a/a9/DenverColoradoSkylineViewFromtheSouth.jpg/120px-DenverColoradoSkylineViewFromtheSouth.jpg","//upload.wikimedia.org/wikipedia/commons/thumb/d/df/Baltimore_Skyline.jpg/120px-Baltimore_Skyline.jpg","//upload.wikimedia.org/wikipedia/commons/thumb/d/de/St_Louis_night_expblend.jpg/120px-St_Louis_night_expblend.jpg","//upload.wikimedia.org/wikipedia/commons/thumb/e/eb/Skyline_of_San_Juan%2C_Puerto_Rico.jpg/120px-Skyline_of_San_Juan%2C_Puerto_Rico.jpg","//upload.wikimedia.org/wikipedia/commons/thumb/6/69/Descending_Mt._Rubidoux.jpg/120px-Descending_Mt._Rubidoux.jpg","//upload.wikimedia.org/wikipedia/commons/thumb/7/76/Las_Vegas_strip.jpg/120px-Las_Vegas_strip.jpg","//upload.wikimedia.org/wikipedia/commons/thumb/f/fa/Portland_and_Mt_Hood.jpg/120px-Portland_and_Mt_Hood.jpg","//upload.wikimedia.org/wikipedia/commons/thumb/d/d9/Skyline_of_Cleveland%2C_Ohio.jpg/120px-Skyline_of_Cleveland%2C_Ohio.jpg","//upload.wikimedia.org/wikipedia/commons/thumb/f/ff/Downtown_San_Antonio_View.JPG/120px-Downtown_San_Antonio_View.JPG","//upload.wikimedia.org/wikipedia/commons/thumb/1/19/DowntownPittsburghChristmas.jpg/120px-DowntownPittsburghChristmas.jpg","//upload.wikimedia.org/wikipedia/commons/thumb/f/fe/Sacramento_Riverfront.jpg/120px-Sacramento_Riverfront.jpg","//upload.wikimedia.org/wikipedia/commons/thumb/c/c2/San_Jose%2C_California%2C_USA.jpg/120px-San_Jose%2C_California%2C_USA.jpg","//upload.wikimedia.org/wikipedia/commons/thumb/d/d2/Cincinnati_from_Lytle_Place.JPG/120px-Cincinnati_from_Lytle_Place.JPG","//upload.wikimedia.org/wikipedia/commons/thumb/3/30/Kcskylinebridge.jpg/120px-Kcskylinebridge.jpg","//upload.wikimedia.org/wikipedia/commons/thumb/e/e3/Orlando_Skyline.jpg/120px-Orlando_Skyline.jpg","//upload.wikimedia.org/wikipedia/commons/thumb/1/16/Downtown_indy_from_parking_garage_zoom.JPG/120px-Downtown_indy_from_parking_garage_zoom.JPG","//upload.wikimedia.org/wikipedia/commons/thumb/a/a3/VA_Beach_Town_Center.jpg/120px-VA_Beach_Town_Center.jpg","//upload.wikimedia.org/wikipedia/commons/thumb/2/27/Milwaukee_at_night.jpg/120px-Milwaukee_at_night.jpg","//upload.wikimedia.org/wikipedia/commons/thumb/0/08/ColumbusOH.JPG/120px-ColumbusOH.JPG","//upload.wikimedia.org/wikipedia/commons/thumb/6/62/AustinSkyline.jpeg/120px-AustinSkyline.jpeg","//upload.wikimedia.org/wikipedia/commons/thumb/b/be/Skylinecharlotte2.jpg/120px-Skylinecharlotte2.jpg","//upload.wikimedia.org/wikipedia/commons/thumb/2/2c/Providence_RI_skyline2.jpg/120px-Providence_RI_skyline2.jpg","//upload.wikimedia.org/wikipedia/commons/thumb/1/11/Jacksonville_Skyline_Panorama_4.jpg/120px-Jacksonville_Skyline_Panorama_4.jpg","//upload.wikimedia.org/wikipedia/commons/thumb/b/b4/Memphis_Skyline_from_Poplar_Ave.jpg/120px-Memphis_Skyline_from_Poplar_Ave.jpg","//upload.wikimedia.org/wikipedia/commons/thumb/d/df/SLC_Main_Street_19_August_2009.jpg/120px-SLC_Main_Street_19_August_2009.jpg","//upload.wikimedia.org/wikipedia/commons/thumb/f/f4/Driving_into_Louisville_on_64_west.jpg/120px-Driving_into_Louisville_on_64_west.jpg","//upload.wikimedia.org/wikipedia/commons/thumb/2/2e/Nashville_panorama_Kaldari_02.jpg/120px-Nashville_panorama_Kaldari_02.jpg","//upload.wikimedia.org/wikipedia/commons/thumb/f/fa/Richmond%2C_Virginia_skyline.jpg/120px-Richmond%2C_Virginia_skyline.jpg","//upload.wikimedia.org/wikipedia/commons/thumb/9/96/BuffaloSkyline.jpg/120px-BuffaloSkyline.jpg","//upload.wikimedia.org/wikipedia/commons/thumb/1/1c/Hartford_CT.JPG/120px-Hartford_CT.JPG","//upload.wikimedia.org/wikipedia/en/thumb/e/ef/Bridgeport1.jpg/120px-Bridgeport1.jpg","//upload.wikimedia.org/wikipedia/commons/thumb/d/d3/New_Orleans_Skyline_from_Uptown.jpg/120px-New_Orleans_Skyline_from_Uptown.jpg","//upload.wikimedia.org/wikipedia/commons/thumb/5/5c/Downtown-Raleigh-from-Western-Boulevard-Overpass-20081012.jpeg/120px-Downtown-Raleigh-from-Western-Boulevard-Overpass-20081012.jpeg","//upload.wikimedia.org/wikipedia/commons/thumb/4/43/Oklahomacity_downtown_skyline.JPG/120px-Oklahomacity_downtown_skyline.JPG","//upload.wikimedia.org/wikipedia/commons/thumb/2/2c/CatalinasAndTucsonAZ.jpg/120px-CatalinasAndTucsonAZ.jpg","//upload.wikimedia.org/wikipedia/en/thumb/6/6b/Terrestrial_globe.svg/29px-Terrestrial_globe.svg.png","//upload.wikimedia.org/wikipedia/commons/thumb/8/8f/North_America_368x348.png/30px-North_America_368x348.png","//upload.wikimedia.org/wikipedia/en/thumb/a/a4/Flag_of_the_United_States.svg/32px-Flag_of_the_United_States.svg.png","//upload.wikimedia.org/wikipedia/commons/thumb/f/f8/Wiktionary-logo-en.svg/23px-Wiktionary-logo-en.svg.png","//upload.wikimedia.org/wikipedia/en/thumb/4/4a/Commons-logo.svg/18px-Commons-logo.svg.png","//upload.wikimedia.org/wikipedia/commons/thumb/1/1b/Wikiversity-logo-en.svg/25px-Wikiversity-logo-en.svg.png","//upload.wikimedia.org/wikipedia/commons/thumb/f/fa/Wikiquote-logo.svg/21px-Wikiquote-logo.svg.png","//upload.wikimedia.org/wikipedia/commons/thumb/4/4c/Wikisource-logo.svg/24px-Wikisource-logo.svg.png","//upload.wikimedia.org/wikipedia/commons/thumb/f/fa/Wikibooks-logo.svg/25px-Wikibooks-logo.svg.png","//upload.wikimedia.org/wikipedia/commons/thumb/6/6b/Census_Bureau_seal.svg/80px-Census_Bureau_seal.svg.png","//en.wikipedia.org/w/index.php?title=Special:CentralAutoLogin/start&type=1x1&from=enwiki","//bits.wikimedia.org/static-1.22wmf11/skins/vector/images/search-ltr.png?303-4","//bits.wikimedia.org/images/wikimedia-button.png","//bits.wikimedia.org/static-1.22wmf11/skins/common/images/poweredby_mediawiki_88x31.png"],"tags":[["newburgh","city,_new_york"],["kailua","honolulu_county--kaneohe,_hawaii"],["el_paso_de_robles","paso_robles--atascadero,_california"],["watertown","city,_new_york"]],"members":["newburgh","el_paso_de_robles","kailua","watertown"],"related":["United_States","U.S._Census_Bureau","2010_United_States_Census","U.S._Census_Bureau","List_of_U.S._states","New_York_City","Newark,_New_Jersey","Los_Angeles","Long_Beach,_California","Anaheim,_California","Chicago","Gary,_Indiana","Miami","Philadelphia","Dallas","Fort_Worth,_Texas","Arlington,_Texas","Houston","Washington,_D.C.","Atlanta","Boston","Detroit","Phoenix,_Arizona","Mesa,_Arizona","San_Francisco","Oakland,_California","Seattle","San_Diego","MinneapolisSaint_Paul","Tampa,_Florida","St._Petersburg,_Florida","Denver","Aurora,_Colorado","Baltimore","St._Louis,_Missouri","San_Juan,_Puerto_Rico","Riverside,_California","San_Bernardino,_California","Las_Vegas","Henderson,_Nevada","Portland,_Oregon","Cleveland","San_Antonio","Pittsburgh","Sacramento,_California","San_Jose,_California","Cincinnati","Kansas_City,_Missouri","Orlando,_Florida","Indianapolis","Virginia_Beach,_Virginia","Milwaukee","Columbus,_Ohio","Austin,_Texas","Charlotte,_North_Carolina","Providence,_Rhode_Island","Jacksonville,_Florida","Memphis,_Tennessee","Salt_Lake_City","West_Valley_City,_Utah","Louisville,_Kentucky","Jefferson_County,_Kentucky","Nashville-Davidson,_Tennessee","Richmond,_Virginia","Buffalo,_New_York","Hartford,_Connecticut","Bridgeport,_Connecticut","Stamford,_Connecticut","New_Orleans","Raleigh,_North_Carolina","Oklahoma_City","Tucson,_Arizona","El_Paso,_Texas","Honolulu","Birmingham,_Alabama","Albuquerque,_New_Mexico","McAllen,_Texas","Omaha,_Nebraska","Dayton,_Ohio","Rochester,_New_York","Allentown,_Pennsylvania","Tulsa,_Oklahoma","Fresno,_California","Sarasota,_Florida","Bradenton,_Florida","Springfield,_Massachusetts","Concord,_California","Albany,_New_York","Schenectady,_New_York","Baton_Rouge,_Louisiana","Mission_Viejo,_California","Lake_Forest,_California","San_Clemente,_California","Grand_Rapids,_Michigan","Akron,_Ohio","New_Haven,_Connecticut","Colorado_Springs,_Colorado","Knoxville,_Tennessee","Columbia,_South_Carolina","Charleston,_South_Carolina","North_Charleston,_South_Carolina","Ogden,_Utah","Layton,_Utah","Cape_Coral,_Florida","Bakersfield,_California","Toledo,_Ohio","Worcester,_Massachusetts","Provo,_Utah","Orem,_Utah","Wichita,_Kansas","Palm_Bay,_Florida","Melbourne,_Florida","Des_Moines,_Iowa","Harrisburg,_Pennsylvania","Murrieta,_California","Temecula,_California","Menifee,_California","Little_Rock,_Arkansas","Poughkeepsie,_New_York","Newburgh_(city),_New_York","Syracuse,_New_York","Lancaster,_Pennsylvania","Madison,_Wisconsin","Greenville,_South_Carolina","Reno,_Nevada","Winston-Salem,_North_Carolina","Spokane,_Washington","Youngstown,_Ohio","Augusta-Richmond_County,_Georgia","Scranton,_Pennsylvania","Chattanooga,_Tennessee","Port_St._Lucie,_Florida","Stockton,_California","Oxnard,_California","Denton,_Texas","Lewisville,_Texas","Modesto,_California","Flint,_Michigan","Jackson,_Mississippi","Boise,_Idaho","Palm_Coast,_Florida","Daytona_Beach,_Florida","Port_Orange,_Florida","Durham,_North_Carolina","Indio,_California","Cathedral_City,_California","Lancaster,_California","Palmdale,_California","Pensacola,_Florida","Victorville,_California","Hesperia,_California","Mobile,_Alabama","Corpus_Christi,_Texas","Kissimmee,_Florida","Lansing,_Michigan","Fort_Wayne,_Indiana","Greensboro,_North_Carolina","Bonita_Springs,_Florida","Fayetteville,_North_Carolina","Santa_Rosa,_California","Aguadilla--Isabela--San_Sebastian,_Puerto_Rico","Ann_Arbor,_Michigan","Shreveport,_Louisiana","Rockford,_Illinois","Trenton,_New_Jersey","Fayetteville--Springdale--Rogers,_Arkansas","Round_Lake_Beach--McHenry--Grayslake,_Illinois","Lexington,_Kentucky","Huntsville,_Alabama","Asheville,_North_Carolina","Davenport,_Iowa","Canton,_Ohio","South_Bend,_Indiana","Antioch,_California","Springfield,_Missouri","Peoria,_Illinois","Reading,_Pennsylvania","Fort_Collins,_Colorado","Montgomery,_Alabama","Lakeland,_Florida","Savannah,_Georgia","Lincoln,_Nebraska","Santa_Clarita,_California","Columbus,_Georgia","Lafayette,_Louisiana","Anchorage,_Alaska","Atlantic_City,_New_Jersey","Eugene,_Oregon","Barnstable,_Massachusetts","Tallahassee,_Florida","Conroe--The_Woodlands,_Texas","Lubbock,_Texas","Salem,_Oregon","Laredo,_Texas","York,_Pennsylvania","Evansville,_Indiana","Nashua,_New_Hampshire","Wilmington,_North_Carolina","Visalia,_California","Killeen,_Texas","Brownsville,_Texas","Appleton,_Wisconsin","Myrtle_Beach--Socastee,_South_Carolina","Concord,_North_Carolina","Thousand_Oaks,_California","Aberdeen--Bel_Air_South--Bel_Air_North,_Maryland","Hickory,_North_Carolina","Kennewick--Pasco,_Washington","Roanoke,_Virginia","Kalamazoo,_Michigan","Norwich--New_London,_Connecticut","Gulfport,_Mississippi","Green_Bay,_Wisconsin","Portland,_Maine","Huntington,_West_Virginia","Winter_Haven,_Florida","Bremerton,_Washington","Avondale--Goodyear,_Arizona","Amarillo,_Texas","Erie,_Pennsylvania","Santa_Barbara,_California","Waterbury,_Connecticut","Fort_Walton_Beach--Navarre--Wright,_Florida","Gainesville,_Florida","Salinas,_California","Hagerstown,_Maryland","Deltona,_Florida","Lorain--Elyria,_Ohio","Spartanburg,_South_Carolina","Cedar_Rapids,_Iowa","Fargo,_North_Dakota","Olympia--Lacey,_Washington","Waco,_Texas","Bryan-College_Station_metropolitan_area","McKinney,_Texas","North_Port--Port_Charlotte,_Florida","Gastonia,_North_Carolina","Danbury,_Connecticut","High_Point,_North_Carolina","Vallejo,_California","Santa_Cruz,_California","Hemet,_California","Springfield,_Illinois","Muskegon,_Michigan","Clarksville,_Tennessee","Manchester,_New_Hampshire","Binghamton,_New_York","Ocala,_Florida","Sioux_Falls,_South_Dakota","Medford,_Oregon","Charleston,_West_Virginia","Port_Arthur,_Texas","Nampa,_Idaho","Topeka,_Kansas","Ponce,_Puerto_Rico","New_Bedford,_Massachusetts","Sebastian--Vero_Beach_South--Florida_Ridge,_Florida","Spring_Hill,_Florida","Beaumont,_Texas","Lafayette,_Indiana","Champaign,_Illinois","Marysville,_Washington","Houma,_Louisiana","Elkhart,_Indiana","Lake_Charles,_Louisiana","Panama_City,_Florida","Frederick,_Maryland","Fredericksburg,_Virginia","Arecibo,_Puerto_Rico","Tuscaloosa,_Alabama","Macon,_Georgia","Merced,_California","Pueblo,_Colorado","Harlingen,_Texas","Yuma,_Arizona","Racine,_Wisconsin","Fairfield,_California","Murfreesboro,_Tennessee","Warner_Robins,_Georgia","BloomingtonNormal,_Illinois","Leesburg--Eustis--Tavares,_Florida","Gainesville,_Georgia","Santa_Maria,_California","Tyler,_Texas","Yakima,_Washington","Athens-Clarke_County,_Georgia","Las_Cruces,_New_Mexico","Grand_Junction,_Colorado","Odessa,_Texas","Saginaw,_Michigan","Simi_Valley,_California","Columbia,_Missouri","Kenosha,_Wisconsin","Fort_Smith,_Arkansas","Mauldin--Simpsonville,_South_Carolina","Johnson_City,_Tennessee","Duluth,_Minnesota","Burlington,_North_Carolina","South_Lyon--Howell,_Michigan","San_German--Cabo_Rojo--Sabana_Grande,_Puerto_Rico","Greeley,_Colorado","Midland,_Texas","Greenville,_North_Carolina","Redding,_California","Utica,_New_York","Leominster--Fitchburg,_Massachusetts","Yuba_City,_California","Lynchburg,_Virginia","Monroe,_Louisiana","Billings,_Montana","Boulder,_Colorado","Bellingham,_Washington","Seaside--Monterey,_California","Kailua_(Honolulu_County)--Kaneohe,_Hawaii","Waterloo,_Iowa","Lady_Lake--The_Villages,_Florida","Dover,_Delaware","St._Cloud,_Minnesota","Abilene,_Texas","Waldorf,_Maryland","Mayagez,_Puerto_Rico","Burlington,_Vermont","Bloomington,_Indiana","Pottstown,_Pennsylvania","Rochester,_Minnesota","El_Centro--Calexico,_California","Iowa_City,_Iowa","Kingsport,_Tennessee","Sioux_City,_Iowa","Texas_City,_Texas","Jacksonville,_North_Carolina","Rock_Hill,_South_Carolina","Norman,_Oklahoma","Eau_Claire,_Wisconsin","La_Crosse,_Wisconsin","Holland,_Michigan","Turlock,_California","Wichita_Falls,_Texas","Longview,_Texas","Gilroy--Morgan_Hill,_California","Coeur_d'Alene,_Idaho","St._George,_Utah","Chico,_California","Salisbury,_Maryland","Middletown,_Ohio","Albany,_Georgia","Vineland,_New_Jersey","Logan,_Utah","Lawton,_Oklahoma","Decatur,_Illinois","Vacaville,_California","San_Angelo,_Texas","Terre_Haute,_Indiana","Charlottesville,_Virginia","Slidell,_Louisiana","Yauco,_Puerto_Rico","Longmont,_Colorado","Idaho_Falls,_Idaho","Muncie,_Indiana","Temple,_Texas","Jackson,_Michigan","Florence,_South_Carolina","Santa_Fe,_New_Mexico","Mandeville--Covington,_Louisiana","Blacksburg,_Virginia","Portsmouth,_New_Hampshire","Anderson,_Indiana","Dover--Rochester,_New_Hampshire","Lawrence,_Kansas","Hanford,_California","Tracy,_California","State_College,_Pennsylvania","Port_Huron,_Michigan","Springfield,_Ohio","Dalton,_Georgia","Fajardo,_Puerto_Rico","Lee's_Summit,_Missouri","Prescott_Valley--Prescott,_Arizona","Napa,_California","Alton,_Illinois","Bend,_Oregon","Manteca,_California","Alexandria,_Louisiana","Joplin,_Missouri","Missoula,_Montana","Bismarck,_North_Dakota","Kankakee,_Illinois","Livermore,_California","Rapid_City,_South_Dakota","Wheeling,_West_Virginia","Saint_Joseph,_Missouri","Homosassa_Springs--Beverly_Hills--Citrus_Springs,_Florida","Juana_Daz,_Puerto_Rico","Hattiesburg,_Mississippi","Guayama,_Puerto_Rico","Altoona,_Pennsylvania","Anniston--Oxford,_Alabama","Lafayette--Louisville--Erie,_Colorado","Madera,_California","Battle_Creek,_Michigan","Bowling_Green,_Kentucky","Texarkana,_Texas","Texarkana,_Arkansas","Lebanon,_Pennsylvania","Valdosta,_Georgia","Florence,_Alabama","Newark,_Ohio","Anderson,_South_Carolina","Williamsburg,_Virginia","Mansfield,_Ohio","Lake_Jackson--Angleton,_Texas","Auburn,_Alabama","Wausau,_Wisconsin","Oshkosh,_Wisconsin","Cheyenne,_Wyoming","Watsonville,_California","Elizabethtown--Radcliff,_Kentucky","Sumter,_South_Carolina","Lima,_Ohio","Davis,_California","Westminster--Eldersburg,_Maryland","Flagstaff,_Arizona","Jackson,_Tennessee","Camarillo,_California","Florida--Imbery--Barceloneta,_Puerto_Rico","Sheboygan,_Wisconsin","Weirton--Steubenville,_West_Virginia","Bay_City,_Michigan","Owensboro,_Kentucky","Decatur,_Alabama","Morgantown,_West_Virginia","Porterville,_California","Pocatello,_Idaho","Janesville,_Wisconsin","Bristol--Bristol,_Tennessee","Winchester,_Virginia","St._Augustine,_Florida","Johnstown,_Pennsylvania","Hilton_Head_Island,_South_Carolina","Dothan,_Alabama","Lodi,_California","DeKalb,_Illinois","West_Bend,_Wisconsin","Rocky_Mount,_North_Carolina","Elmira,_New_York","Carbondale,_Illinois","Dubuque,_Iowa","Hammond,_Louisiana","Parkersburg,_West_Virginia","Wenatchee,_Washington","Harrisonburg,_Virginia","Cleveland,_Tennessee","Zephyrhills,_Florida","Hanover,_Pennsylvania","Monessen--California,_Pennsylvania","Michigan_City--La_Porte,_Indiana","Glens_Falls,_New_York","Jonesboro,_Arkansas","Conway,_Arkansas","Great_Falls,_Montana","El_Paso_de_Robles_(Paso_Robles)--Atascadero,_California","Casper,_Wyoming","Fairbanks,_Alaska","Gadsden,_Alabama","Saratoga_Springs,_New_York","Petaluma,_California","Twin_Rivers--Hightstown,_New_Jersey","Beckley,_West_Virginia","Longview,_Washington","Beloit,_Wisconsin","Los_Lunas,_New_Mexico","Victoria,_Texas","Mount_Vernon,_Washington","Corvallis,_Oregon","Kokomo,_Indiana","Sherman,_Texas","Sebring--Avon_Park,_Florida","Grand_Forks,_North_Dakota","Bangor,_Maine","Goldsboro,_North_Carolina","Benton_Harbor--St._Joseph--Fair_Plain,_Michigan","Rome,_Georgia","Ames,_Iowa","Lewiston,_Maine","San_Luis_Obispo,_California","Pittsfield,_Massachusetts","Morristown,_Tennessee","Midland,_Michigan","Lexington_Park--California--Chesapeake_Ranch_Estates,_Maryland","Jefferson_City,_Missouri","Middletown,_Orange_County,_New_York","Carson_City,_Nevada","Watertown_(city),_New_York","Mankato,_Minnesota","Kingston,_New_York","Daphne--Fairhope,_Alabama","Albany,_Oregon","Hazleton,_Pennsylvania","Staunton--Waynesboro,_Virginia","Williamsport,_Pennsylvania","Kahului,_Hawaii","Walla_Walla,_Washington","Woodland,_California","Hot_Springs,_Arkansas","Columbus,_Indiana","Fond_du_Lac,_Wisconsin","Manhattan,_Kansas","Titusville,_Florida","Delano,_California","East_Stroudsburg,_Pennsylvania","Ithaca,_New_York","Bloomsburg--Berwick,_Pennsylvania","Pine_Bluff,_Arkansas","Lake_Havasu_City,_Arizona","Farmington,_New_Mexico","Cape_Girardeau,_Missouri","San_Marcos,_Texas","Sierra_Vista,_Arizona","Cartersville,_Georgia","Arroyo_Grande--Grover_Beach,_California","Lewiston,_Idaho","Cumberland,_Maryland","Lompoc,_California","Hinesville,_Georgia","Uniontown--Connellsville,_Pennsylvania","Casa_Grande,_Arizona","Villas,_New_Jersey","Monroe,_Michigan","Brunswick,_Georgia","Danville,_Illinois","Chambersburg,_Pennsylvania","Grants_Pass,_Oregon","New_Bern,_North_Carolina","Grand_Island,_Nebraska","Pascagoula,_Mississippi","New_York_City","Los_Angeles","Chicago","Miami","Philadelphia","Dallas","Houston","Washington,_D.C","Atlanta","Boston","Detroit","Phoenix,_Arizona","San_Francisco","Seattle","San_Diego","Minneapolis","Tampa","Denver","Baltimore","St_Louis","San_Juan,_Puerto_Rico","Riverside,_California","Las_Vegas,_Nevada","Portland,_Oregon","Cleveland","San_Antonio","Pittsburgh,_Pennsylvania","Sacramento,_California","San_Jose,_California","Cincinnati","Kansas_City,_Missouri","Orlando,_Florida","Indianapolis","Virginia_Beach,_Virginia","Milwaukee","Columbus,_Ohio","Austin,_Texas","Charlotte,_North_Carolina","Providence,_Rhode_Island","Jacksonville,_Florida","Memphis,_Tennessee","Salt_Lake_City","Louisville,_Kentucky","Nashville,_Tennessee","Richmond,_Virginia","Buffalo,_New_York","Hartford,_Connecticut","Bridgeport,_Connecticut","New_Orleans","Raleigh,_North_Carolina","Oklahoma_City","Tucson,_Arizona","New_York_City","Newark,_New_Jersey","Philadelphia,_Pennsylvania","Allentown,_Pennsylvania","Bethlehem,_Pennsylvania","Lancaster,_Pennsylvania","Pottstown,_Pennsylvania","Reading,_Pennsylvania","Trenton,_New_Jersey","Hightstown,_New_Jersey","Vineland,_New_Jersey","Poughkeepsie,_New_York","Newburgh,_New_York","Bridgeport,_Connecticut","Stamford,_Connecticut","Danbury,_Connecticut","Hartford,_Connecticut","New_Haven,_Connecticut","Norwich,_Connecticut","New_London,_Connecticut","Waterbury,_Connecticut","Springfield,_Massachusetts","Los_Angeles,_California","Long_Beach,_California","Santa_Ana,_California","Riverside,_California","San_Bernardino,_California","Camarillo,_California","Hemet,_California","Oxnard,_California","Santa_Barbara,_California","Santa_Clarita,_California","Simi_Valley,_California","Temecula,_California","Murrieta,_California","Thousand_Oaks,_California","Chicago","Kenosha,_Wisconsin","Round_Lake_Beach,_Illinois","McHenry,_Illinois","Grayslake,_Illinois","Racine,_Wisconsin","Boston","Providence,_Rhode_Island","Worcester,_Massachusetts","Barnstable_Town,_Massachusetts","Leominster,_Massachusetts","Fitchburg,_Massachusetts","New_Bedford,_Massachusetts","Dover,_New_Hampshire","Rochester,_New_Hampshire","Manchester,_New_Hampshire","Nashua,_New_Hampshire","Portsmouth,_New_Hampshire","Aberdeen,_Maryland","Baltimore,_Maryland","Washington,_DC","St._Charles,_Maryland","San_Francisco,_California","Oakland,_California","San_Jose,_California","Antioch,_California","Concord,_California","Livermore,_California","Vallejo,_California","Dallas,_Texas","Fort_Worth,_Texas","Arlington,_Texas","Denton,_Texas","Lewisville,_Texas","McKinney,_Texas","Houston,_Texas","Texas_City,_Texas","Galveston,_Texas","The_Woodlands,_Texas","Detroit,_Michigan","Ann_Arbor,_Michigan","Port_Huron,_Michigan","South_Lyon,_Michigan","Howell,_Michigan","Brighton,_Michigan","Atlanta,_Georgia","Gainesville,_Georgia","Phoenix,_Arizona","Mesa,_Arizona","Avondale,_Arizona","San_Diego,_California","Mission_Viejo,_California","Seattle,_Washington","Bremerton,_Washington","Marysville,_Washington","Cleveland,_Ohio","Akron,_Ohio","Canton,_Ohio","Lorain,_Ohio","Elyria,_Ohio","Tampa,_Florida","St._Petersburg,_Florida","Lakeland,_Florida","Winter_Haven,_Florida","Brooksville,_Florida","Cincinnati,_Ohio","Dayton,_Ohio","Middletown,_Ohio","Springfield,_Ohio","Denver,_Colorado","Aurora,_Colorado","Boulder,_Colorado","Longmont,_Colorado","Lafayette,_Colorado","Louisville,_Colorado","St._Louis,_Missouri","Alton,_Illinois","Orlando,_Florida","Ocala,_Florida","Kissimmee,_Florida","Lady_Lake,_Florida","Leesburg,_Florida","Eustis,_Florida","Pittsburgh,_Pennsylvania","Uniontown,_Pennsylvania","Connellsville,_Pennsylvania","Monessen,_Pennsylvania","Kansas_City,_Missouri","Lee's_Summit,_Missouri","Salt_Lake_City,_Utah","Ogden,_Utah","Layton,_Utah","Indianapolis,_Indiana","Anderson,_Indiana","Charlotte,_North_Carolina","Gastonia,_North_Carolina","Concord,_North_Carolina","Rock_Hill,_South_Carolina","Nashville,_Tennessee","Davidson_County,_Tennessee","Murfreesboro,_Tennessee","Outline_of_the_United_States","Index_of_United_States-related_articles","Geography","Human_geography","Demography","United_States","United_States_Census_Bureau","Demographics_of_the_United_States","List_of_U.S._states_and_territories_by_population","List_of_United_States_cities_by_population","Cities_and_metropolitan_areas_of_the_United_States","Office_of_Management_and_Budget","Table_of_United_States_primary_census_statistical_areas","Table_of_United_States_primary_census_statistical_areas","Combined_statistical_area","Table_of_United_States_Combined_Statistical_Areas","Core_Based_Statistical_Area","Table_of_United_States_Core_Based_Statistical_Areas","Metropolitan_Statistical_Area","Table_of_United_States_Metropolitan_Statistical_Areas","List_of_U.S._metropolitan_areas_by_GDP","Micropolitan_Statistical_Area","Table_of_United_States_Micropolitan_Statistical_Areas","United_States_urban_area"]}