{"cursor":"43486","size":15,"audio":[],"currentlang":"en","article":"List of the 326 districts of England by population, reported as the 2011 mid-\nyear estimates from the Office for National Statistics\n\nAll listed below are non-metropolitan districts (201), except for the London\nboroughs (32), metropolitan boroughs (36), unitary authorities (55) and those\nthat are labelled as [[sui generis]] (2).\n","linknr":1034,"url":"List_of_English_districts_by_population","recorded":1374762961,"links":["/w/index.php?title=List_of_English_districts_by_population&action=edit","/w/index.php?title=List_of_English_districts_by_population&action=edit","//bits.wikimedia.org/favicon/wikipedia.ico","/w/opensearch_desc.php","//en.wikipedia.org/w/api.php?action=rsd","//creativecommons.org/licenses/by-sa/3.0/","/w/index.php?title=Special:RecentChanges&feed=atom","//bits.wikimedia.org/en.wikipedia.org/load.php?debug=false&lang=en&modules=ext.gadget.DRN-wizard%2CReferenceTooltips%2Ccharinsert%2Cteahouse%7Cext.rtlcite%2Cwikihiero%7Cext.uls.nojs%7Cmediawiki.legacy.commonPrint%2Cshared%7Cmw.PopUpMediaTransform%7Cskins.vector&only=styles&skin=vector&*","//bits.wikimedia.org/en.wikipedia.org/load.php?debug=false&lang=en&modules=site&only=styles&skin=vector&*","//bits.wikimedia.org/en.wikipedia.org/load.php?debug=false&lang=en&modules=startup&only=scripts&skin=vector&*","//bits.wikimedia.org/geoiplookup","//meta.wikimedia.org","#mw-navigation","#p-search","/wiki/Districts_of_England","/wiki/Office_for_National_Statistics","/wiki/Non-metropolitan_district","/wiki/London_borough","/wiki/Metropolitan_borough","/wiki/Unitary_authorities_of_England","/wiki/Sui_generis","#More_than_300.2C000","#250.2C000_to_300.2C000","#200.2C000_to_250.2C000","#150.2C000_to_200.2C000","#125.2C000_to_150.2C000","#100.2C000_to_125.2C000","#75.2C000_to_100.2C000","#50.2C000_to_75.2C000","#Below_50.2C000","#See_also","#References","/w/index.php?title=List_of_English_districts_by_population&action=edit&section=1","/wiki/Ceremonial_counties_of_England","/wiki/Birmingham","/wiki/Metropolitan_borough","/wiki/West_Midlands_(county)","/wiki/City_of_Leeds","/wiki/Metropolitan_borough","/wiki/West_Yorkshire","/wiki/Sheffield","/wiki/Metropolitan_borough","/wiki/South_Yorkshire","/wiki/Cornwall","/wiki/Unitary_authorities_of_England","/wiki/Cornwall","/wiki/City_of_Bradford","/wiki/Metropolitan_borough","/wiki/West_Yorkshire","/wiki/County_Durham","/wiki/Unitary_authorities_of_England","/wiki/County_Durham","/wiki/Manchester","/wiki/Metropolitan_borough","/wiki/Greater_Manchester","/wiki/Wiltshire","/wiki/Unitary_authorities_of_England","/wiki/Wiltshire","/wiki/Liverpool","/wiki/Metropolitan_borough","/wiki/Merseyside","/wiki/Bristol","/wiki/Unitary_authorities_of_England","/wiki/Bristol","/wiki/Kirklees","/wiki/Metropolitan_borough","/wiki/West_Yorkshire","/wiki/Cheshire_East","/wiki/Unitary_authorities_of_England","/wiki/Cheshire","/wiki/London_Borough_of_Croydon","/wiki/London_borough","/wiki/Greater_London","/wiki/London_Borough_of_Barnet","/wiki/London_borough","/wiki/Greater_London","/wiki/London_Borough_of_Ealing","/wiki/London_borough","/wiki/Greater_London","/wiki/East_Riding_of_Yorkshire","/wiki/Unitary_authorities_of_England","/wiki/East_Riding_of_Yorkshire","/wiki/Leicester","/wiki/Unitary_authorities_of_England","/wiki/Leicestershire","/wiki/Cheshire_West_and_Chester","/wiki/Unitary_authorities_of_England","/wiki/Cheshire","/wiki/City_of_Wakefield","/wiki/Metropolitan_borough","/wiki/West_Yorkshire","/wiki/Coventry","/wiki/Metropolitan_borough","/wiki/West_Midlands_(county)","/wiki/Metropolitan_Borough_of_Wigan","/wiki/Metropolitan_borough","/wiki/Greater_Manchester","/wiki/Metropolitan_Borough_of_Wirral","/wiki/Metropolitan_borough","/wiki/Merseyside","/wiki/Northumberland","/wiki/Unitary_authorities_of_England","/wiki/Northumberland","/wiki/London_Borough_of_Enfield","/wiki/London_borough","/wiki/Greater_London","/wiki/Metropolitan_Borough_of_Dudley","/wiki/Metropolitan_borough","/wiki/West_Midlands_(county)","/wiki/London_Borough_of_Brent","/wiki/London_borough","/wiki/Greater_London","/wiki/London_Borough_of_Bromley","/wiki/London_borough","/wiki/Greater_London","/wiki/London_Borough_of_Newham","/wiki/London_borough","/wiki/Greater_London","/wiki/Sandwell","/wiki/Metropolitan_borough","/wiki/West_Midlands_(county)","/wiki/London_Borough_of_Wandsworth","/wiki/London_borough","/wiki/Greater_London","/wiki/Shropshire","/wiki/Unitary_authorities_of_England","/wiki/Shropshire","/wiki/London_Borough_of_Lambeth","/wiki/London_borough","/wiki/Greater_London","/wiki/Nottingham","/wiki/Unitary_authorities_of_England","/wiki/Nottinghamshire","/wiki/Metropolitan_Borough_of_Doncaster","/wiki/Metropolitan_borough","/wiki/South_Yorkshire","/w/index.php?title=List_of_English_districts_by_population&action=edit&section=2","/wiki/Ceremonial_counties_of_England","/wiki/London_Borough_of_Southwark","/wiki/London_borough","/wiki/Greater_London","/wiki/Metropolitan_Borough_of_Stockport","/wiki/Metropolitan_borough","/wiki/Greater_Manchester","/wiki/London_Borough_of_Redbridge","/wiki/London_borough","/wiki/Greater_London","/wiki/Newcastle_upon_Tyne","/wiki/Metropolitan_borough","/wiki/Tyne_and_Wear","/wiki/Metropolitan_Borough_of_Bolton","/wiki/Metropolitan_borough","/wiki/Greater_Manchester","/wiki/London_Borough_of_Lewisham","/wiki/London_borough","/wiki/Greater_London","/wiki/London_Borough_of_Hillingdon","/wiki/London_borough","/wiki/Greater_London","/wiki/City_of_Sunderland","/wiki/Metropolitan_borough","/wiki/Tyne_and_Wear","/wiki/Metropolitan_Borough_of_Sefton","/wiki/Metropolitan_borough","/wiki/Merseyside","/wiki/Brighton_%26_Hove","/wiki/Unitary_authorities_of_England","/wiki/East_Sussex","/wiki/Metropolitan_Borough_of_Walsall","/wiki/Metropolitan_borough","/wiki/West_Midlands_(county)","/wiki/Medway","/wiki/Unitary_authorities_of_England","/wiki/Borough_status_in_the_United_Kingdom","/wiki/Kent","/wiki/South_Gloucestershire","/wiki/Unitary_authorities_of_England","/wiki/Gloucestershire","/wiki/London_Borough_of_Waltham_Forest","/wiki/London_borough","/wiki/Greater_London","/wiki/Metropolitan_Borough_of_Rotherham","/wiki/Metropolitan_borough","/wiki/South_Yorkshire","/wiki/Plymouth","/wiki/Unitary_authorities_of_England","/wiki/Devon","/wiki/Kingston_upon_Hull","/wiki/Unitary_authorities_of_England","/wiki/East_Riding_of_Yorkshire","/wiki/London_Borough_of_Tower_Hamlets","/wiki/London_borough","/wiki/Greater_London","/wiki/Central_Bedfordshire","/wiki/Unitary_authorities_of_England","/wiki/Bedfordshire","/wiki/Royal_Borough_of_Greenwich","/wiki/London_borough","/wiki/Royal_Borough","/wiki/Greater_London","/wiki/London_Borough_of_Haringey","/wiki/London_borough","/wiki/Greater_London","/wiki/London_Borough_of_Hounslow","/wiki/London_borough","/wiki/Greater_London","/w/index.php?title=List_of_English_districts_by_population&action=edit&section=3","/wiki/Ceremonial_counties_of_England","/wiki/Milton_Keynes_(borough)","/wiki/Unitary_authorities_of_England","/wiki/Borough_status_in_the_United_Kingdom","/wiki/Buckinghamshire","/wiki/Wolverhampton","/wiki/Metropolitan_borough","/wiki/West_Midlands_(county)","/wiki/Derby","/wiki/Unitary_authorities_of_England","/wiki/Derbyshire","/wiki/Stoke-on-Trent","/wiki/Unitary_authorities_of_England","/wiki/Staffordshire","/wiki/London_Borough_of_Hackney","/wiki/London_borough","/wiki/Greater_London","/wiki/London_Borough_of_Harrow","/wiki/London_borough","/wiki/Greater_London","/wiki/London_Borough_of_Havering","/wiki/London_borough","/wiki/Greater_London","/wiki/Southampton","/wiki/Unitary_authorities_of_England","/wiki/Hampshire","/wiki/City_of_Salford","/wiki/Metropolitan_borough","/wiki/Greater_Manchester","/wiki/London_Borough_of_Bexley","/wiki/London_borough","/wiki/Greater_London","/wiki/Metropolitan_Borough_of_Barnsley","/wiki/Metropolitan_borough","/wiki/South_Yorkshire","/wiki/Trafford","/wiki/Metropolitan_borough","/wiki/Greater_Manchester","/wiki/Metropolitan_Borough_of_Oldham","/wiki/Metropolitan_borough","/wiki/Greater_Manchester","/wiki/London_Borough_of_Camden","/wiki/London_borough","/wiki/Greater_London","/wiki/Tameside","/wiki/Metropolitan_borough","/wiki/Greater_Manchester","/wiki/City_of_Westminster","/wiki/London_borough","/wiki/Greater_London","/wiki/Northampton","/wiki/Borough_status_in_the_United_Kingdom","/wiki/Northamptonshire","/wiki/Metropolitan_Borough_of_Rochdale","/wiki/Metropolitan_borough","/wiki/Greater_Manchester","/wiki/Swindon_(borough)","/wiki/Unitary_authorities_of_England","/wiki/Borough_status_in_the_United_Kingdom","/wiki/Wiltshire","/wiki/Metropolitan_Borough_of_Solihull","/wiki/Metropolitan_borough","/wiki/West_Midlands_(county)","/wiki/London_Borough_of_Islington","/wiki/London_borough","/wiki/Greater_London","/wiki/Portsmouth","/wiki/Unitary_authorities_of_England","/wiki/Hampshire","/wiki/Calderdale","/wiki/Metropolitan_borough","/wiki/West_Yorkshire","/wiki/Luton","/wiki/Unitary_authorities_of_England","/wiki/Borough_status_in_the_United_Kingdom","/wiki/Bedfordshire","/wiki/North_Somerset","/wiki/Unitary_authorities_of_England","/wiki/Somerset","/wiki/Warrington","/wiki/Unitary_authorities_of_England","/wiki/Borough_status_in_the_United_Kingdom","/wiki/Cheshire","/wiki/North_Tyneside","/wiki/Metropolitan_borough","/wiki/Tyne_and_Wear","/wiki/London_Borough_of_Merton","/wiki/London_borough","/wiki/Greater_London","/wiki/Metropolitan_Borough_of_Gateshead","/wiki/Metropolitan_borough","/wiki/Tyne_and_Wear","/w/index.php?title=List_of_English_districts_by_population&action=edit&section=4","/wiki/Ceremonial_counties_of_England","/wiki/York","/wiki/Unitary_authorities_of_England","/wiki/Time_immemorial","/wiki/North_Yorkshire","/wiki/Stockton-on-Tees_(borough)","/wiki/Unitary_authorities_of_England","/wiki/Borough_status_in_the_United_Kingdom","/wiki/County_Durham","/wiki/North_Yorkshire","/wiki/London_Borough_of_Sutton","/wiki/London_borough","/wiki/Greater_London","/wiki/London_Borough_of_Richmond_upon_Thames","/wiki/London_borough","/wiki/Greater_London","/wiki/London_Borough_of_Barking_and_Dagenham","/wiki/London_borough","/wiki/Greater_London","/wiki/Metropolitan_Borough_of_Bury","/wiki/Metropolitan_borough","/wiki/Greater_Manchester","/wiki/Peterborough","/wiki/Unitary_authorities_of_England","/wiki/Cambridgeshire","/wiki/Herefordshire","/wiki/Unitary_authorities_of_England","/wiki/Herefordshire","/wiki/Bournemouth","/wiki/Unitary_authorities_of_England","/wiki/Borough_status_in_the_United_Kingdom","/wiki/Dorset","/wiki/London_Borough_of_Hammersmith_and_Fulham","/wiki/London_borough","/wiki/Greater_London","/wiki/New_Forest_(district)","/wiki/Hampshire","/wiki/Bath_and_North_East_Somerset","/wiki/Unitary_authorities_of_England","/wiki/Somerset","/wiki/Metropolitan_Borough_of_St_Helens","/wiki/Metropolitan_borough","/wiki/Merseyside","/wiki/Basildon_(district)","/wiki/Borough_status_in_the_United_Kingdom","/wiki/Essex,_England","/wiki/Aylesbury_Vale","/wiki/Buckinghamshire","/wiki/Southend-on-Sea","/wiki/Unitary_authorities_of_England","/wiki/Borough_status_in_the_United_Kingdom","/wiki/Essex,_England","/wiki/Colchester_(borough)","/wiki/Borough_status_in_the_United_Kingdom","/wiki/Essex,_England","/wiki/Wycombe_(district)","/wiki/Buckinghamshire","/wiki/Huntingdonshire","/wiki/Cambridgeshire","/wiki/Basingstoke_and_Deane","/wiki/Borough_status_in_the_United_Kingdom","/wiki/Hampshire","/wiki/City_of_Chelmsford","/wiki/Essex,_England","/wiki/North_Lincolnshire","/wiki/Unitary_authorities_of_England","/wiki/Borough_status_in_the_United_Kingdom","/wiki/Lincolnshire","/wiki/Telford_and_Wrekin","/wiki/Unitary_authorities_of_England","/wiki/Borough_status_in_the_United_Kingdom","/wiki/Shropshire","/wiki/Charnwood_(borough)","/wiki/Borough_status_in_the_United_Kingdom","/wiki/Leicestershire","/wiki/South_Somerset","/wiki/Somerset","/wiki/Royal_Borough_of_Kingston_upon_Thames","/wiki/London_borough","/wiki/Royal_Borough","/wiki/Greater_London","/wiki/North_East_Lincolnshire","/wiki/Unitary_authorities_of_England","/wiki/Borough_status_in_the_United_Kingdom","/wiki/Lincolnshire","/wiki/Harrogate_(borough)","/wiki/Borough_status_in_the_United_Kingdom","/wiki/North_Yorkshire","/wiki/Thurrock","/wiki/Unitary_authorities_of_England","/wiki/Borough_status_in_the_United_Kingdom","/wiki/Essex,_England","/wiki/Royal_Borough_of_Kensington_and_Chelsea","/wiki/London_borough","/wiki/Royal_Borough","/wiki/Greater_London","/wiki/Bedford_(borough)","/wiki/Unitary_authorities_of_England","/wiki/Borough_status_in_the_United_Kingdom","/wiki/Bedfordshire","/wiki/Maidstone_(borough)","/wiki/Borough_status_in_the_United_Kingdom","/wiki/Kent","/wiki/Borough_of_Reading","/wiki/Unitary_authorities_of_England","/wiki/Borough_status_in_the_United_Kingdom","/wiki/Berkshire","/wiki/Wokingham_(district)","/wiki/Unitary_authorities_of_England","/wiki/Berkshire","/wiki/West_Berkshire","/wiki/Unitary_authorities_of_England","/wiki/Berkshire","/wiki/City_of_Canterbury","/wiki/Time_immemorial","/wiki/Kent","/wiki/Oxford","/wiki/Oxfordshire","/w/index.php?title=List_of_English_districts_by_population&action=edit&section=5","/wiki/Ceremonial_counties_of_England","/wiki/South_Cambridgeshire","/wiki/Cambridgeshire","/wiki/Arun","/wiki/West_Sussex","/wiki/Wealden","/wiki/East_Sussex","/wiki/South_Tyneside","/wiki/Metropolitan_borough","/wiki/Tyne_and_Wear","/wiki/Poole","/wiki/Unitary_authorities_of_England","/wiki/Borough_status_in_the_United_Kingdom","/wiki/Dorset","/wiki/King%27s_Lynn_and_West_Norfolk","/wiki/Borough_status_in_the_United_Kingdom","/wiki/Norfolk","/wiki/Blackburn_with_Darwen","/wiki/Unitary_authorities_of_England","/wiki/Borough_status_in_the_United_Kingdom","/wiki/Lancashire","/wiki/Braintree_(district)","/wiki/Essex,_England","/wiki/Metropolitan_Borough_of_Knowsley","/wiki/Metropolitan_borough","/wiki/Merseyside","/wiki/Dacorum","/wiki/Borough_status_in_the_United_Kingdom","/wiki/Hertfordshire","/wiki/Royal_Borough_of_Windsor_and_Maidenhead","/wiki/Unitary_authorities_of_England","/wiki/Royal_Borough","/wiki/Berkshire","/wiki/Cherwell_(district)","/wiki/Oxfordshire","/wiki/Blackpool","/wiki/Unitary_authorities_of_England","/wiki/Borough_status_in_the_United_Kingdom","/wiki/Lancashire","/wiki/City_and_District_of_St_Albans","/wiki/Hertfordshire","/wiki/Slough","/wiki/Unitary_authorities_of_England","/wiki/Borough_status_in_the_United_Kingdom","/wiki/Berkshire","/wiki/Mid_Sussex","/wiki/West_Sussex","/wiki/City_of_Preston,_Lancashire","/wiki/Lancashire","/wiki/Isle_of_Wight","/wiki/Unitary_authorities_of_England","/wiki/Isle_of_Wight","/wiki/Reigate_and_Banstead","/wiki/Borough_status_in_the_United_Kingdom","/wiki/Surrey","/wiki/Middlesbrough_(borough)","/wiki/Unitary_authorities_of_England","/wiki/Borough_status_in_the_United_Kingdom","/wiki/North_Yorkshire","/wiki/East_Hertfordshire","/wiki/Hertfordshire","/wiki/Tendring","/wiki/Essex,_England","/wiki/City_of_Lancaster","/wiki/Lancashire","/wiki/Warwick_(district)","/wiki/Warwickshire","/wiki/Guildford_(borough)","/wiki/Borough_status_in_the_United_Kingdom","/wiki/Surrey","/wiki/East_Lindsey","/wiki/Lincolnshire","/wiki/Swale","/wiki/Borough_status_in_the_United_Kingdom","/wiki/Kent","/wiki/Redcar_and_Cleveland","/wiki/Unitary_authorities_of_England","/wiki/Borough_status_in_the_United_Kingdom","/wiki/North_Yorkshire","/wiki/South_Oxfordshire","/wiki/Oxfordshire","/wiki/Thanet_(district)","/wiki/Kent","/wiki/South_Kesteven","/wiki/Lincolnshire","/wiki/Ipswich_(borough)","/wiki/Borough_status_in_the_United_Kingdom","/wiki/Suffolk","/wiki/East_Devon","/wiki/Devon","/wiki/Norwich","/wiki/Norfolk","/wiki/Elmbridge","/wiki/Borough_status_in_the_United_Kingdom","/wiki/Surrey","/wiki/Horsham_(district)","/wiki/West_Sussex","/wiki/Torbay","/wiki/Unitary_authorities_of_England","/wiki/Borough_status_in_the_United_Kingdom","/wiki/Devon","/wiki/Breckland_(district)","/wiki/Norfolk","/wiki/Stafford_(borough)","/wiki/Staffordshire","/wiki/North_Hertfordshire","/wiki/Hertfordshire","/wiki/Eastleigh_(borough)","/wiki/Borough_status_in_the_United_Kingdom","/wiki/Hampshire","/wiki/Halton_(borough)","/wiki/Unitary_authorities_of_England","/wiki/Borough_status_in_the_United_Kingdom","/wiki/Cheshire","/wiki/Nuneaton_and_Bedworth","/wiki/Borough_status_in_the_United_Kingdom","/wiki/Warwickshire","/w/index.php?title=List_of_English_districts_by_population&action=edit&section=6","/wiki/Ceremonial_counties_of_England","/wiki/Epping_Forest_(district)","/wiki/Essex,_England","/wiki/Broadland","/wiki/Norfolk","/wiki/Suffolk_Coastal","/wiki/Suffolk","/wiki/South_Norfolk","/wiki/Norfolk","/wiki/Teignbridge","/wiki/Devon","/wiki/Newcastle-under-Lyme_(borough)","/wiki/Borough_status_in_the_United_Kingdom","/wiki/Staffordshire","/wiki/Cambridge","/wiki/Cambridgeshire","/wiki/Amber_Valley","/wiki/Borough_status_in_the_United_Kingdom","/wiki/Derbyshire","/wiki/Vale_of_White_Horse","/wiki/Oxfordshire","/wiki/Gloucester","/wiki/Gloucestershire","/wiki/Waverley,_Surrey","/wiki/Borough_status_in_the_United_Kingdom","/wiki/Surrey","/wiki/Tonbridge_and_Malling","/wiki/Borough_status_in_the_United_Kingdom","/wiki/Kent","/wiki/Stratford-on-Avon_(district)","/wiki/Warwickshire","/wiki/Havant_(borough)","/wiki/Borough_status_in_the_United_Kingdom","/wiki/Hampshire","/wiki/Ashfield","/wiki/Nottinghamshire","/wiki/Ashford_(borough)","/wiki/Borough_status_in_the_United_Kingdom","/wiki/Kent","/wiki/Wychavon","/wiki/Worcestershire","/wiki/Exeter","/wiki/Time_immemorial","/wiki/Devon","/wiki/City_of_Winchester","/wiki/Time_immemorial","/wiki/Hampshire","/wiki/Test_Valley","/wiki/Borough_status_in_the_United_Kingdom","/wiki/Hampshire","/wiki/East_Hampshire","/wiki/Hampshire","/wiki/Cheltenham","/wiki/Borough_status_in_the_United_Kingdom","/wiki/Gloucestershire","/wiki/Waveney","/wiki/Suffolk","/wiki/Sevenoaks_(district)","/wiki/Kent","/wiki/Tunbridge_Wells_(borough)","/wiki/Borough_status_in_the_United_Kingdom","/wiki/Kent","/wiki/Newark_and_Sherwood","/wiki/Nottinghamshire","/wiki/Sedgemoor","/wiki/Somerset","/wiki/Chichester_(district)","/wiki/West_Sussex","/wiki/East_Staffordshire","/wiki/Borough_status_in_the_United_Kingdom","/wiki/Staffordshire","/wiki/Gedling","/wiki/Borough_status_in_the_United_Kingdom","/wiki/Nottinghamshire","/wiki/Bracknell_Forest","/wiki/Unitary_authorities_of_England","/wiki/Borough_status_in_the_United_Kingdom","/wiki/Berkshire","/wiki/Stroud_(district)","/wiki/Gloucestershire","/wiki/Bassetlaw","/wiki/Nottinghamshire","/wiki/Erewash","/wiki/Borough_status_in_the_United_Kingdom","/wiki/Derbyshire","/wiki/Fareham_(borough)","/wiki/Borough_status_in_the_United_Kingdom","/wiki/Hampshire","/wiki/Dover_(district)","/wiki/Kent","/wiki/St_Edmundsbury_(borough)","/wiki/Borough_status_in_the_United_Kingdom","/wiki/Suffolk","/wiki/Rushcliffe","/wiki/Borough_status_in_the_United_Kingdom","/wiki/Nottinghamshire","/wiki/Welwyn_Hatfield","/wiki/Hertfordshire","/wiki/Taunton_Deane","/wiki/Borough_status_in_the_United_Kingdom","/wiki/Somerset","/wiki/West_Lancashire","/wiki/Lancashire","/wiki/Broxtowe","/wiki/Borough_status_in_the_United_Kingdom","/wiki/Nottinghamshire","/wiki/Mendip","/wiki/Somerset","/wiki/South_Ribble","/wiki/Borough_status_in_the_United_Kingdom","/wiki/Lancashire","/wiki/Scarborough_(borough)","/wiki/Borough_status_in_the_United_Kingdom","/wiki/North_Yorkshire","/wiki/North_Kesteven","/wiki/Lincolnshire","/wiki/South_Staffordshire","/wiki/Staffordshire","/wiki/Shepway","/wiki/Kent","/wiki/Wyre","/wiki/Borough_status_in_the_United_Kingdom","/wiki/Lancashire","/wiki/Chorley_(borough)","/wiki/Borough_status_in_the_United_Kingdom","/wiki/Lancashire","/wiki/City_of_Carlisle","/wiki/Time_immemorial","/wiki/Cumbria","/wiki/Crawley","/wiki/Borough_status_in_the_United_Kingdom","/wiki/West_Sussex","/wiki/Darlington_(borough)","/wiki/Unitary_authorities_of_England","/wiki/Borough_status_in_the_United_Kingdom","/wiki/County_Durham","/wiki/West_Oxfordshire","/wiki/Oxfordshire","/wiki/Hinckley_and_Bosworth","/wiki/Borough_status_in_the_United_Kingdom","/wiki/Leicestershire","/wiki/Worthing","/wiki/Borough_status_in_the_United_Kingdom","/wiki/West_Sussex","/wiki/Mansfield_(district)","/wiki/Nottinghamshire","/wiki/Chesterfield","/wiki/Borough_status_in_the_United_Kingdom","/wiki/Derbyshire","/wiki/South_Lakeland","/wiki/Cumbria","/wiki/Gravesham","/wiki/Borough_status_in_the_United_Kingdom","/wiki/Kent","/wiki/North_Norfolk","/wiki/Norfolk","/wiki/Lichfield_(district)","/wiki/Staffordshire","/wiki/Rugby_(borough)","/wiki/Borough_status_in_the_United_Kingdom","/wiki/Warwickshire","/wiki/Hertsmere","/wiki/Borough_status_in_the_United_Kingdom","/wiki/Hertfordshire","/w/index.php?title=List_of_English_districts_by_population&action=edit&section=7","/wiki/Ceremonial_counties_of_England","/wiki/Woking","/wiki/Borough_status_in_the_United_Kingdom","/wiki/Surrey","/wiki/West_Dorset","/wiki/Dorset","/wiki/Eastbourne","/wiki/Borough_status_in_the_United_Kingdom","/wiki/East_Sussex","/wiki/North_East_Derbyshire","/wiki/Derbyshire","/wiki/Worcester","/wiki/Worcestershire","/wiki/Wyre_Forest_(district)","/wiki/Worcestershire","/wiki/Lewes_(district)","/wiki/East_Sussex","/wiki/Cannock_Chase_(district)","/wiki/Staffordshire","/wiki/Dartford_(borough)","/wiki/Borough_status_in_the_United_Kingdom","/wiki/Kent","/wiki/Great_Yarmouth_(borough)","/wiki/Borough_status_in_the_United_Kingdom","/wiki/Norfolk","/wiki/Staffordshire_Moorlands","/wiki/Staffordshire","/wiki/Mid_Suffolk","/wiki/Suffolk","/wiki/Allerdale","/wiki/Borough_status_in_the_United_Kingdom","/wiki/Cumbria","/wiki/Spelthorne","/wiki/Borough_status_in_the_United_Kingdom","/wiki/Surrey","/wiki/Fenland","/wiki/Cambridgeshire","/wiki/South_Derbyshire","/wiki/Derbyshire","/wiki/Rushmoor","/wiki/Borough_status_in_the_United_Kingdom","/wiki/Hampshire","/wiki/Blaby_(district)","/wiki/Leicestershire","/wiki/North_Devon","/wiki/Devon","/wiki/Kettering_(borough)","/wiki/Borough_status_in_the_United_Kingdom","/wiki/Northamptonshire","/wiki/North_West_Leicestershire","/wiki/Leicestershire","/wiki/Bromsgrove_(district)","/wiki/Worcestershire","/wiki/Broxbourne_(borough)","/wiki/Borough_status_in_the_United_Kingdom","/wiki/Hertfordshire","/wiki/Lincoln,_Lincolnshire","/wiki/Time_immemorial","/wiki/Lincolnshire","/wiki/Chiltern_(district)","/wiki/Buckinghamshire","/wiki/Hartlepool_(borough)","/wiki/Unitary_authorities_of_England","/wiki/Borough_status_in_the_United_Kingdom","/wiki/County_Durham","/wiki/Hart_(district)","/wiki/Hampshire","/wiki/High_Peak,_Derbyshire","/wiki/Borough_status_in_the_United_Kingdom","/wiki/Derbyshire","/wiki/Rother","/wiki/East_Sussex","/wiki/Watford","/wiki/Borough_status_in_the_United_Kingdom","/wiki/Hertfordshire","/wiki/Hastings","/wiki/Borough_status_in_the_United_Kingdom","/wiki/East_Sussex","/wiki/Hambleton","/wiki/North_Yorkshire","/wiki/Pendle","/wiki/Borough_status_in_the_United_Kingdom","/wiki/Lancashire","/wiki/West_Lindsey","/wiki/Lincolnshire","/wiki/South_Holland,_Lincolnshire","/wiki/Lincolnshire","/wiki/Castle_Point","/wiki/Borough_status_in_the_United_Kingdom","/wiki/Essex,_England","/wiki/Babergh","/wiki/Suffolk","/wiki/Three_Rivers_(district)","/wiki/Hertfordshire","/wiki/East_Dorset","/wiki/Dorset","/wiki/Burnley_(borough)","/wiki/Borough_status_in_the_United_Kingdom","/wiki/Lancashire","/wiki/East_Northamptonshire","/wiki/Northamptonshire","/wiki/Surrey_Heath","/wiki/Borough_status_in_the_United_Kingdom","/wiki/Surrey","/wiki/Harborough","/wiki/Leicestershire","/wiki/Mole_Valley","/wiki/Surrey","/wiki/South_Northamptonshire","/wiki/Northamptonshire","/wiki/Redditch","/wiki/Borough_status_in_the_United_Kingdom","/wiki/Worcestershire","/wiki/East_Cambridgeshire","/wiki/Cambridgeshire","/wiki/Stevenage","/wiki/Borough_status_in_the_United_Kingdom","/wiki/Hertfordshire","/wiki/South_Hams","/wiki/Devon","/wiki/Selby_(district)","/wiki/North_Yorkshire","/wiki/Rochford_(district)","/wiki/Essex,_England","/wiki/Cotswold_(district)","/wiki/Gloucestershire","/wiki/Tandridge_(district)","/wiki/Surrey","/wiki/Gosport","/wiki/Borough_status_in_the_United_Kingdom","/wiki/Hampshire","/wiki/Tewkesbury_(borough)","/wiki/Borough_status_in_the_United_Kingdom","/wiki/Gloucestershire","/wiki/Forest_of_Dean_(district)","/wiki/Gloucestershire","/wiki/Harlow","/wiki/Essex,_England","/wiki/Runnymede_(borough)","/wiki/Borough_status_in_the_United_Kingdom","/wiki/Surrey","/wiki/Hyndburn","/wiki/Borough_status_in_the_United_Kingdom","/wiki/Lancashire","/wiki/Uttlesford","/wiki/Essex,_England","/wiki/Daventry_(district)","/wiki/Northamptonshire","/wiki/Mid_Devon","/wiki/Devon","/wiki/Tamworth_(borough)","/wiki/Borough_status_in_the_United_Kingdom","/wiki/Staffordshire","/wiki/Fylde_(borough)","/wiki/Borough_status_in_the_United_Kingdom","/wiki/Lancashire","/wiki/Bolsover_(district)","/wiki/Derbyshire","/wiki/Wellingborough_(borough)","/wiki/Borough_status_in_the_United_Kingdom","/wiki/Northamptonshire","/wiki/Epsom_and_Ewell","/wiki/Borough_status_in_the_United_Kingdom","/wiki/Surrey","/w/index.php?title=List_of_English_districts_by_population&action=edit&section=8","/wiki/Ceremonial_counties_of_England","/wiki/Malvern_Hills_(district)","/wiki/Worcestershire","/wiki/Brentwood_(borough)","/wiki/Borough_status_in_the_United_Kingdom","/wiki/Essex,_England","/wiki/Derbyshire_Dales","/wiki/Derbyshire","/wiki/Copeland,_Cumbria","/wiki/Borough_status_in_the_United_Kingdom","/wiki/Cumbria","/wiki/Barrow-in-Furness_(borough)","/wiki/Borough_status_in_the_United_Kingdom","/wiki/Cumbria","/wiki/North_Dorset","/wiki/Dorset","/wiki/Rossendale","/wiki/Borough_status_in_the_United_Kingdom","/wiki/Lancashire","/wiki/South_Bucks","/wiki/Buckinghamshire","/wiki/Weymouth_and_Portland","/wiki/Borough_status_in_the_United_Kingdom","/wiki/Dorset","/wiki/Boston_(borough)","/wiki/Borough_status_in_the_United_Kingdom","/wiki/Lincolnshire","/wiki/Torridge","/wiki/Devon","/wiki/North_Warwickshire","/wiki/Borough_status_in_the_United_Kingdom","/wiki/Warwickshire","/wiki/Maldon_(district)","/wiki/Essex,_England","/wiki/Corby","/wiki/Borough_status_in_the_United_Kingdom","/wiki/Northamptonshire","/wiki/Adur_(district)","/wiki/West_Sussex","/wiki/Forest_Heath","/wiki/Suffolk","/wiki/Ribble_Valley","/wiki/Borough_status_in_the_United_Kingdom","/wiki/Lancashire","/wiki/Oadby_and_Wigston","/wiki/Borough_status_in_the_United_Kingdom","/wiki/Leicestershire","/wiki/Craven","/wiki/North_Yorkshire","/wiki/West_Devon","/wiki/Borough_status_in_the_United_Kingdom","/wiki/Devon","/wiki/Richmondshire","/wiki/North_Yorkshire","/wiki/Eden,_Cumbria","/wiki/Cumbria","/wiki/Ryedale","/wiki/North_Yorkshire","/wiki/Melton_(borough)","/wiki/Borough_status_in_the_United_Kingdom","/wiki/Leicestershire","/w/index.php?title=List_of_English_districts_by_population&action=edit&section=9","/wiki/Ceremonial_counties_of_England","/wiki/Christchurch,_Dorset","/wiki/Borough_status_in_the_United_Kingdom","/wiki/Dorset","/wiki/Purbeck_(district)","/wiki/Dorset","/wiki/Rutland","/wiki/Unitary_authorities_of_England","/wiki/Rutland","/wiki/West_Somerset","/wiki/Somerset","/wiki/City_of_London","/wiki/Time_immemorial","/wiki/Sui_generis","/wiki/City_of_London","/wiki/Isles_of_Scilly","/wiki/Sui_generis","/wiki/Cornwall","/w/index.php?title=List_of_English_districts_by_population&action=edit&section=10","/wiki/List_of_English_counties_by_population","/wiki/List_of_ceremonial_counties_of_England_by_population","/wiki/List_of_English_districts_by_area","/wiki/List_of_English_districts_and_their_ethnic_composition","/wiki/List_of_English_districts_by_population_density","/wiki/List_of_districts_in_south_east_England_by_population","/w/index.php?title=List_of_English_districts_by_population&action=edit&section=11","http://www.ons.gov.uk/ons/rel/pop-estimate/population-estimates-for-england-and-wales/mid-2011--2011-census-based-/rft---mid-2011--census-based--population-estimates-for-england-and-wales.zip","/wiki/Office_for_National_Statistics","/wiki/Template:List_of_Settlements_in_the_UK","/w/index.php?title=Template_talk:List_of_Settlements_in_the_UK&action=edit&redlink=1","//en.wikipedia.org/w/index.php?title=Template:List_of_Settlements_in_the_UK&action=edit","/wiki/United_Kingdom","/wiki/List_of_urban_areas_in_the_United_Kingdom","/wiki/List_of_metropolitan_areas_in_the_United_Kingdom","/wiki/List_of_cities_in_the_United_Kingdom","/wiki/England","/wiki/List_of_localities_in_England_by_population","/wiki/Wales","/wiki/List_of_localities_in_Wales_by_population","/wiki/List_of_Welsh_principal_areas_by_population","/wiki/Scotland","/wiki/List_of_localities_in_Scotland_by_population","/wiki/List_of_Scottish_council_areas_by_population","/wiki/Northern_Ireland","/wiki/List_of_localities_in_Northern_Ireland_by_population","/wiki/List_of_districts_in_Northern_Ireland_by_population","http://en.wikipedia.org/w/index.php?title=List_of_English_districts_by_population&oldid=564581266","/wiki/Help:Categories","/wiki/Category:Demographics_of_England","/wiki/Category:Districts_of_England","/wiki/Category:England_geography-related_lists","/wiki/Category:United_Kingdom_lists_by_population","/w/index.php?title=Special:UserLogin&returnto=List+of+English+districts+by+population&type=signup","/w/index.php?title=Special:UserLogin&returnto=List+of+English+districts+by+population","/wiki/List_of_English_districts_by_population","/wiki/Talk:List_of_English_districts_by_population","#","/wiki/List_of_English_districts_by_population","/w/index.php?title=List_of_English_districts_by_population&action=edit","/w/index.php?title=List_of_English_districts_by_population&action=history","#","/w/index.php","//bits.wikimedia.org/static-1.22wmf9/skins/vector/images/search-ltr.png?303-4","/wiki/Main_Page","/wiki/Main_Page","/wiki/Portal:Contents","/wiki/Portal:Featured_content","/wiki/Portal:Current_events","/wiki/Special:Random","//donate.wikimedia.org/wiki/Special:FundraiserRedirector?utm_source=donate&utm_medium=sidebar&utm_campaign=C13_en.wikipedia.org&uselang=en","/wiki/Help:Contents","/wiki/Wikipedia:About","/wiki/Wikipedia:Community_portal","/wiki/Special:RecentChanges","//en.wikipedia.org/wiki/Wikipedia:Contact_us","/wiki/Special:WhatLinksHere/List_of_English_districts_by_population","/wiki/Special:RecentChangesLinked/List_of_English_districts_by_population","/wiki/Wikipedia:File_Upload_Wizard","/wiki/Special:SpecialPages","/w/index.php?title=List_of_English_districts_by_population&oldid=564581266","/w/index.php?title=List_of_English_districts_by_population&action=info","//www.wikidata.org/wiki/Q3246814","/w/index.php?title=Special:Cite&page=List_of_English_districts_by_population&id=564581266","/w/index.php?title=Special:Book&bookcmd=book_creator&referer=List+of+English+districts+by+population","/w/index.php?title=Special:Book&bookcmd=render_article&arttitle=List+of+English+districts+by+population&oldid=564581266&writer=rl","/w/index.php?title=List_of_English_districts_by_population&printable=yes","//fr.wikipedia.org/wiki/Liste_des_districts_anglais_par_population","//id.wikipedia.org/wiki/Daftar_distrik_di_Inggris_menurut_populasi","//simple.wikipedia.org/wiki/List_of_English_districts_by_population","#","//www.wikidata.org/wiki/Q3246814#sitelinks-wikipedia","//en.wikipedia.org/wiki/Wikipedia:Text_of_Creative_Commons_Attribution-ShareAlike_3.0_Unported_License","//creativecommons.org/licenses/by-sa/3.0/","//wikimediafoundation.org/wiki/Terms_of_Use","//wikimediafoundation.org/wiki/Privacy_policy","//www.wikimediafoundation.org/","//wikimediafoundation.org/wiki/Privacy_policy","/wiki/Wikipedia:About","/wiki/Wikipedia:General_disclaimer","//en.wikipedia.org/wiki/Wikipedia:Contact_us","//en.m.wikipedia.org/wiki/List_of_English_districts_by_population","//wikimediafoundation.org/","//bits.wikimedia.org/images/wikimedia-button.png","//www.mediawiki.org/","//bits.wikimedia.org/static-1.22wmf9/skins/common/images/poweredby_mediawiki_88x31.png","//bits.wikimedia.org/en.wikipedia.org/load.php?debug=false&lang=en&modules=site&only=scripts&skin=vector&*"],"instances":["borough","borough","district","borough","district","borough","district","district","borough","district","district","borough","borough","district","borough","district","borough","borough","borough","borough","borough","district","district","borough","borough","borough","district","district","borough","borough","borough","borough","borough","district","district","district","district","borough","borough","county","district","district","district","district","borough","borough","district","district","borough","district","borough","borough","district","district","district","borough","borough","district","district","district","district","district","district","district","borough","district","district","borough","borough","district","borough","borough","borough","borough","borough","district","borough"],"pdf":[],"categories":["Demographics of England","Districts of England","England geography-related lists|Districts by population","United Kingdom lists by population"],"headings":["More than 300,000","250,000 to 300,000","200,000 to 250,000","150,000 to 200,000","125,000 to 150,000","100,000 to 125,000","75,000 to 100,000","50,000 to 75,000","Below 50,000","See also","References"],"image":["//bits.wikimedia.org/static-1.22wmf9/skins/vector/images/search-ltr.png?303-4","//bits.wikimedia.org/images/wikimedia-button.png","//bits.wikimedia.org/static-1.22wmf9/skins/common/images/poweredby_mediawiki_88x31.png"],"tags":[["west_midlands","county"],["west_midlands","county"],["west_midlands","county"],["west_midlands","county"],["west_midlands","county"],["milton_keynes","borough"],["west_midlands","county"],["swindon","borough"],["west_midlands","county"],["stockton-on-tees","borough"],["new_forest","district"],["basildon","district"],["colchester","borough"],["wycombe","district"],["charnwood","borough"],["harrogate","borough"],["bedford","borough"],["maidstone","borough"],["wokingham","district"],["braintree","district"],["cherwell","district"],["middlesbrough","borough"],["warwick","district"],["guildford","borough"],["thanet","district"],["ipswich","borough"],["horsham","district"],["breckland","district"],["stafford","borough"],["eastleigh","borough"],["halton","borough"],["epping_forest","district"],["newcastle-under-lyme","borough"],["stratford-on-avon","district"],["havant","borough"],["ashford","borough"],["sevenoaks","district"],["tunbridge_wells","borough"],["chichester","district"],["stroud","district"],["fareham","borough"],["dover","district"],["st_edmundsbury","borough"],["scarborough","borough"],["chorley","borough"],["darlington","borough"],["mansfield","district"],["lichfield","district"],["rugby","borough"],["wyre_forest","district"],["lewes","district"],["cannock_chase","district"],["dartford","borough"],["great_yarmouth","borough"],["blaby","district"],["kettering","borough"],["bromsgrove","district"],["broxbourne","borough"],["chiltern","district"],["hartlepool","borough"],["hart","district"],["three_rivers","district"],["burnley","borough"],["selby","district"],["rochford","district"],["cotswold","district"],["tandridge","district"],["tewkesbury","borough"],["forest_of_dean","district"],["runnymede","borough"],["daventry","district"],["tamworth","borough"],["fylde","borough"],["bolsover","district"],["wellingborough","borough"],["malvern_hills","district"],["brentwood","borough"],["barrow-in-furness","borough"],["boston","borough"],["maldon","district"],["adur","district"],["melton","borough"],["purbeck","district"]],"members":["runnymede","swindon","stroud","eastleigh","horsham","havant","forest_of_dean","sevenoaks","harrogate","breckland","purbeck","brentwood","scarborough","bromsgrove","ashford","thanet","fareham","boston","chorley","melton","colchester","wokingham","malvern_hills","tewkesbury","kettering","guildford","basildon","cherwell","charnwood","fylde","burnley","broxbourne","darlington","new_forest","blaby","three_rivers","chiltern","great_yarmouth","tamworth","west_midlands","chichester","lewes","wyre_forest","braintree","milton_keynes","bedford","tandridge","dover","rugby","bolsover","maidstone","hartlepool","hart","rochford","daventry","middlesbrough","stafford","cannock_chase","wycombe","lichfield","maldon","cotswold","adur","mansfield","tunbridge_wells","warwick","halton","wellingborough","epping_forest","ipswich","st_edmundsbury","dartford","selby"],"related":["Districts_of_England","Office_for_National_Statistics","Non-metropolitan_district","London_borough","Metropolitan_borough","Unitary_authorities_of_England","Birmingham","Metropolitan_borough","West_Midlands_(county)","City_of_Leeds","Metropolitan_borough","West_Yorkshire","Sheffield","Metropolitan_borough","South_Yorkshire","Cornwall","Unitary_authorities_of_England","Cornwall","City_of_Bradford","Metropolitan_borough","West_Yorkshire","County_Durham","Unitary_authorities_of_England","County_Durham","Manchester","Metropolitan_borough","Greater_Manchester","Wiltshire","Unitary_authorities_of_England","Wiltshire","Liverpool","Metropolitan_borough","Merseyside","Bristol","Unitary_authorities_of_England","Bristol","Kirklees","Metropolitan_borough","West_Yorkshire","Cheshire_East","Unitary_authorities_of_England","Cheshire","London_Borough_of_Croydon","London_borough","Greater_London","London_Borough_of_Barnet","London_borough","Greater_London","London_Borough_of_Ealing","London_borough","Greater_London","East_Riding_of_Yorkshire","Unitary_authorities_of_England","East_Riding_of_Yorkshire","Leicester","Unitary_authorities_of_England","Leicestershire","Cheshire_West_and_Chester","Unitary_authorities_of_England","Cheshire","City_of_Wakefield","Metropolitan_borough","West_Yorkshire","Coventry","Metropolitan_borough","West_Midlands_(county)","Metropolitan_Borough_of_Wigan","Metropolitan_borough","Greater_Manchester","Metropolitan_Borough_of_Wirral","Metropolitan_borough","Merseyside","Northumberland","Unitary_authorities_of_England","Northumberland","London_Borough_of_Enfield","London_borough","Greater_London","Metropolitan_Borough_of_Dudley","Metropolitan_borough","West_Midlands_(county)","London_Borough_of_Brent","London_borough","Greater_London","London_Borough_of_Bromley","London_borough","Greater_London","London_Borough_of_Newham","London_borough","Greater_London","Sandwell","Metropolitan_borough","West_Midlands_(county)","London_Borough_of_Wandsworth","London_borough","Greater_London","Shropshire","Unitary_authorities_of_England","Shropshire","London_Borough_of_Lambeth","London_borough","Greater_London","Nottingham","Unitary_authorities_of_England","Nottinghamshire","Metropolitan_Borough_of_Doncaster","Metropolitan_borough","South_Yorkshire","London_Borough_of_Southwark","London_borough","Greater_London","Metropolitan_Borough_of_Stockport","Metropolitan_borough","Greater_Manchester","London_Borough_of_Redbridge","London_borough","Greater_London","Newcastle_upon_Tyne","Metropolitan_borough","Tyne_and_Wear","Metropolitan_Borough_of_Bolton","Metropolitan_borough","Greater_Manchester","London_Borough_of_Lewisham","London_borough","Greater_London","London_Borough_of_Hillingdon","London_borough","Greater_London","City_of_Sunderland","Metropolitan_borough","Tyne_and_Wear","Metropolitan_Borough_of_Sefton","Metropolitan_borough","Merseyside","Brighton_&_Hove","Unitary_authorities_of_England","East_Sussex","Metropolitan_Borough_of_Walsall","Metropolitan_borough","West_Midlands_(county)","Medway","Unitary_authorities_of_England","Borough_status_in_the_United_Kingdom","Kent","South_Gloucestershire","Unitary_authorities_of_England","Gloucestershire","London_Borough_of_Waltham_Forest","London_borough","Greater_London","Metropolitan_Borough_of_Rotherham","Metropolitan_borough","South_Yorkshire","Plymouth","Unitary_authorities_of_England","Devon","Kingston_upon_Hull","Unitary_authorities_of_England","East_Riding_of_Yorkshire","London_Borough_of_Tower_Hamlets","London_borough","Greater_London","Central_Bedfordshire","Unitary_authorities_of_England","Bedfordshire","Royal_Borough_of_Greenwich","London_borough","Royal_Borough","Greater_London","London_Borough_of_Haringey","London_borough","Greater_London","London_Borough_of_Hounslow","London_borough","Greater_London","Milton_Keynes_(borough)","Unitary_authorities_of_England","Borough_status_in_the_United_Kingdom","Buckinghamshire","Wolverhampton","Metropolitan_borough","West_Midlands_(county)","Derby","Unitary_authorities_of_England","Derbyshire","Stoke-on-Trent","Unitary_authorities_of_England","Staffordshire","London_Borough_of_Hackney","London_borough","Greater_London","London_Borough_of_Harrow","London_borough","Greater_London","London_Borough_of_Havering","London_borough","Greater_London","Southampton","Unitary_authorities_of_England","Hampshire","City_of_Salford","Metropolitan_borough","Greater_Manchester","London_Borough_of_Bexley","London_borough","Greater_London","Metropolitan_Borough_of_Barnsley","Metropolitan_borough","South_Yorkshire","Trafford","Metropolitan_borough","Greater_Manchester","Metropolitan_Borough_of_Oldham","Metropolitan_borough","Greater_Manchester","London_Borough_of_Camden","London_borough","Greater_London","Tameside","Metropolitan_borough","Greater_Manchester","City_of_Westminster","London_borough","Greater_London","Northampton","Borough_status_in_the_United_Kingdom","Northamptonshire","Metropolitan_Borough_of_Rochdale","Metropolitan_borough","Greater_Manchester","Swindon_(borough)","Unitary_authorities_of_England","Borough_status_in_the_United_Kingdom","Wiltshire","Metropolitan_Borough_of_Solihull","Metropolitan_borough","West_Midlands_(county)","London_Borough_of_Islington","London_borough","Greater_London","Portsmouth","Unitary_authorities_of_England","Hampshire","Calderdale","Metropolitan_borough","West_Yorkshire","Luton","Unitary_authorities_of_England","Borough_status_in_the_United_Kingdom","Bedfordshire","North_Somerset","Unitary_authorities_of_England","Somerset","Warrington","Unitary_authorities_of_England","Borough_status_in_the_United_Kingdom","Cheshire","North_Tyneside","Metropolitan_borough","Tyne_and_Wear","London_Borough_of_Merton","London_borough","Greater_London","Metropolitan_Borough_of_Gateshead","Metropolitan_borough","Tyne_and_Wear","York","Unitary_authorities_of_England","North_Yorkshire","Stockton-on-Tees_(borough)","Unitary_authorities_of_England","Borough_status_in_the_United_Kingdom","County_Durham","North_Yorkshire","London_Borough_of_Sutton","London_borough","Greater_London","London_Borough_of_Richmond_upon_Thames","London_borough","Greater_London","London_Borough_of_Barking_and_Dagenham","London_borough","Greater_London","Metropolitan_Borough_of_Bury","Metropolitan_borough","Greater_Manchester","Peterborough","Unitary_authorities_of_England","Cambridgeshire","Herefordshire","Unitary_authorities_of_England","Herefordshire","Bournemouth","Unitary_authorities_of_England","Borough_status_in_the_United_Kingdom","Dorset","London_Borough_of_Hammersmith_and_Fulham","London_borough","Greater_London","New_Forest_(district)","Hampshire","Bath_and_North_East_Somerset","Unitary_authorities_of_England","Somerset","Metropolitan_Borough_of_St_Helens","Metropolitan_borough","Merseyside","Basildon_(district)","Borough_status_in_the_United_Kingdom","Essex,_England","Aylesbury_Vale","Buckinghamshire","Southend-on-Sea","Unitary_authorities_of_England","Borough_status_in_the_United_Kingdom","Essex,_England","Colchester_(borough)","Borough_status_in_the_United_Kingdom","Essex,_England","Wycombe_(district)","Buckinghamshire","Huntingdonshire","Cambridgeshire","Basingstoke_and_Deane","Borough_status_in_the_United_Kingdom","Hampshire","City_of_Chelmsford","Essex,_England","North_Lincolnshire","Unitary_authorities_of_England","Borough_status_in_the_United_Kingdom","Lincolnshire","Telford_and_Wrekin","Unitary_authorities_of_England","Borough_status_in_the_United_Kingdom","Shropshire","Charnwood_(borough)","Borough_status_in_the_United_Kingdom","Leicestershire","South_Somerset","Somerset","Royal_Borough_of_Kingston_upon_Thames","London_borough","Royal_Borough","Greater_London","North_East_Lincolnshire","Unitary_authorities_of_England","Borough_status_in_the_United_Kingdom","Lincolnshire","Harrogate_(borough)","Borough_status_in_the_United_Kingdom","North_Yorkshire","Thurrock","Unitary_authorities_of_England","Borough_status_in_the_United_Kingdom","Essex,_England","Royal_Borough_of_Kensington_and_Chelsea","London_borough","Royal_Borough","Greater_London","Bedford_(borough)","Unitary_authorities_of_England","Borough_status_in_the_United_Kingdom","Bedfordshire","Maidstone_(borough)","Borough_status_in_the_United_Kingdom","Kent","Borough_of_Reading","Unitary_authorities_of_England","Borough_status_in_the_United_Kingdom","Berkshire","Wokingham_(district)","Unitary_authorities_of_England","Berkshire","West_Berkshire","Unitary_authorities_of_England","Berkshire","City_of_Canterbury","Kent","Oxford","Oxfordshire","South_Cambridgeshire","Cambridgeshire","Arun","West_Sussex","Wealden","East_Sussex","South_Tyneside","Metropolitan_borough","Tyne_and_Wear","Poole","Unitary_authorities_of_England","Borough_status_in_the_United_Kingdom","Dorset","King's_Lynn_and_West_Norfolk","Borough_status_in_the_United_Kingdom","Norfolk","Blackburn_with_Darwen","Unitary_authorities_of_England","Borough_status_in_the_United_Kingdom","Lancashire","Braintree_(district)","Essex,_England","Metropolitan_Borough_of_Knowsley","Metropolitan_borough","Merseyside","Dacorum","Borough_status_in_the_United_Kingdom","Hertfordshire","Royal_Borough_of_Windsor_and_Maidenhead","Unitary_authorities_of_England","Royal_Borough","Berkshire","Cherwell_(district)","Oxfordshire","Blackpool","Unitary_authorities_of_England","Borough_status_in_the_United_Kingdom","Lancashire","City_and_District_of_St_Albans","Hertfordshire","Slough","Unitary_authorities_of_England","Borough_status_in_the_United_Kingdom","Berkshire","Mid_Sussex","West_Sussex","City_of_Preston,_Lancashire","Lancashire","Isle_of_Wight","Unitary_authorities_of_England","Isle_of_Wight","Reigate_and_Banstead","Borough_status_in_the_United_Kingdom","Surrey","Middlesbrough_(borough)","Unitary_authorities_of_England","Borough_status_in_the_United_Kingdom","North_Yorkshire","East_Hertfordshire","Hertfordshire","Tendring","Essex,_England","City_of_Lancaster","Lancashire","Warwick_(district)","Warwickshire","Guildford_(borough)","Borough_status_in_the_United_Kingdom","Surrey","East_Lindsey","Lincolnshire","Swale","Borough_status_in_the_United_Kingdom","Kent","Redcar_and_Cleveland","Unitary_authorities_of_England","Borough_status_in_the_United_Kingdom","North_Yorkshire","South_Oxfordshire","Oxfordshire","Thanet_(district)","Kent","South_Kesteven","Lincolnshire","Ipswich_(borough)","Borough_status_in_the_United_Kingdom","Suffolk","East_Devon","Devon","Norwich","Norfolk","Elmbridge","Borough_status_in_the_United_Kingdom","Surrey","Horsham_(district)","West_Sussex","Torbay","Unitary_authorities_of_England","Borough_status_in_the_United_Kingdom","Devon","Breckland_(district)","Norfolk","Stafford_(borough)","Staffordshire","North_Hertfordshire","Hertfordshire","Eastleigh_(borough)","Borough_status_in_the_United_Kingdom","Hampshire","Halton_(borough)","Unitary_authorities_of_England","Borough_status_in_the_United_Kingdom","Cheshire","Nuneaton_and_Bedworth","Borough_status_in_the_United_Kingdom","Warwickshire","Epping_Forest_(district)","Essex,_England","Broadland","Norfolk","Suffolk_Coastal","Suffolk","South_Norfolk","Norfolk","Teignbridge","Devon","Newcastle-under-Lyme_(borough)","Borough_status_in_the_United_Kingdom","Staffordshire","Cambridge","Cambridgeshire","Amber_Valley","Borough_status_in_the_United_Kingdom","Derbyshire","Vale_of_White_Horse","Oxfordshire","Gloucester","Gloucestershire","Waverley,_Surrey","Borough_status_in_the_United_Kingdom","Surrey","Tonbridge_and_Malling","Borough_status_in_the_United_Kingdom","Kent","Stratford-on-Avon_(district)","Warwickshire","Havant_(borough)","Borough_status_in_the_United_Kingdom","Hampshire","Ashfield","Nottinghamshire","Ashford_(borough)","Borough_status_in_the_United_Kingdom","Kent","Wychavon","Worcestershire","Exeter","Devon","City_of_Winchester","Hampshire","Test_Valley","Borough_status_in_the_United_Kingdom","Hampshire","East_Hampshire","Hampshire","Cheltenham","Borough_status_in_the_United_Kingdom","Gloucestershire","Waveney","Suffolk","Sevenoaks_(district)","Kent","Tunbridge_Wells_(borough)","Borough_status_in_the_United_Kingdom","Kent","Newark_and_Sherwood","Nottinghamshire","Sedgemoor","Somerset","Chichester_(district)","West_Sussex","East_Staffordshire","Borough_status_in_the_United_Kingdom","Staffordshire","Gedling","Borough_status_in_the_United_Kingdom","Nottinghamshire","Bracknell_Forest","Unitary_authorities_of_England","Borough_status_in_the_United_Kingdom","Berkshire","Stroud_(district)","Gloucestershire","Bassetlaw","Nottinghamshire","Erewash","Borough_status_in_the_United_Kingdom","Derbyshire","Fareham_(borough)","Borough_status_in_the_United_Kingdom","Hampshire","Dover_(district)","Kent","St_Edmundsbury_(borough)","Borough_status_in_the_United_Kingdom","Suffolk","Rushcliffe","Borough_status_in_the_United_Kingdom","Nottinghamshire","Welwyn_Hatfield","Hertfordshire","Taunton_Deane","Borough_status_in_the_United_Kingdom","Somerset","West_Lancashire","Lancashire","Broxtowe","Borough_status_in_the_United_Kingdom","Nottinghamshire","Mendip","Somerset","South_Ribble","Borough_status_in_the_United_Kingdom","Lancashire","Scarborough_(borough)","Borough_status_in_the_United_Kingdom","North_Yorkshire","North_Kesteven","Lincolnshire","South_Staffordshire","Staffordshire","Shepway","Kent","Wyre","Borough_status_in_the_United_Kingdom","Lancashire","Chorley_(borough)","Borough_status_in_the_United_Kingdom","Lancashire","City_of_Carlisle","Cumbria","Crawley","Borough_status_in_the_United_Kingdom","West_Sussex","Darlington_(borough)","Unitary_authorities_of_England","Borough_status_in_the_United_Kingdom","County_Durham","West_Oxfordshire","Oxfordshire","Hinckley_and_Bosworth","Borough_status_in_the_United_Kingdom","Leicestershire","Worthing","Borough_status_in_the_United_Kingdom","West_Sussex","Mansfield_(district)","Nottinghamshire","Chesterfield","Borough_status_in_the_United_Kingdom","Derbyshire","South_Lakeland","Cumbria","Gravesham","Borough_status_in_the_United_Kingdom","Kent","North_Norfolk","Norfolk","Lichfield_(district)","Staffordshire","Rugby_(borough)","Borough_status_in_the_United_Kingdom","Warwickshire","Hertsmere","Borough_status_in_the_United_Kingdom","Hertfordshire","Woking","Borough_status_in_the_United_Kingdom","Surrey","West_Dorset","Dorset","Eastbourne","Borough_status_in_the_United_Kingdom","East_Sussex","North_East_Derbyshire","Derbyshire","Worcester","Worcestershire","Wyre_Forest_(district)","Worcestershire","Lewes_(district)","East_Sussex","Cannock_Chase_(district)","Staffordshire","Dartford_(borough)","Borough_status_in_the_United_Kingdom","Kent","Great_Yarmouth_(borough)","Borough_status_in_the_United_Kingdom","Norfolk","Staffordshire_Moorlands","Staffordshire","Mid_Suffolk","Suffolk","Allerdale","Borough_status_in_the_United_Kingdom","Cumbria","Spelthorne","Borough_status_in_the_United_Kingdom","Surrey","Fenland","Cambridgeshire","South_Derbyshire","Derbyshire","Rushmoor","Borough_status_in_the_United_Kingdom","Hampshire","Blaby_(district)","Leicestershire","North_Devon","Devon","Kettering_(borough)","Borough_status_in_the_United_Kingdom","Northamptonshire","North_West_Leicestershire","Leicestershire","Bromsgrove_(district)","Worcestershire","Broxbourne_(borough)","Borough_status_in_the_United_Kingdom","Hertfordshire","Lincoln,_Lincolnshire","Lincolnshire","Chiltern_(district)","Buckinghamshire","Hartlepool_(borough)","Unitary_authorities_of_England","Borough_status_in_the_United_Kingdom","County_Durham","Hart_(district)","Hampshire","High_Peak,_Derbyshire","Borough_status_in_the_United_Kingdom","Derbyshire","Rother","East_Sussex","Watford","Borough_status_in_the_United_Kingdom","Hertfordshire","Hastings","Borough_status_in_the_United_Kingdom","East_Sussex","Hambleton","North_Yorkshire","Pendle","Borough_status_in_the_United_Kingdom","Lancashire","West_Lindsey","Lincolnshire","South_Holland,_Lincolnshire","Lincolnshire","Castle_Point","Borough_status_in_the_United_Kingdom","Essex,_England","Babergh","Suffolk","Three_Rivers_(district)","Hertfordshire","East_Dorset","Dorset","Burnley_(borough)","Borough_status_in_the_United_Kingdom","Lancashire","East_Northamptonshire","Northamptonshire","Surrey_Heath","Borough_status_in_the_United_Kingdom","Surrey","Harborough","Leicestershire","Mole_Valley","Surrey","South_Northamptonshire","Northamptonshire","Redditch","Borough_status_in_the_United_Kingdom","Worcestershire","East_Cambridgeshire","Cambridgeshire","Stevenage","Borough_status_in_the_United_Kingdom","Hertfordshire","South_Hams","Devon","Selby_(district)","North_Yorkshire","Rochford_(district)","Essex,_England","Cotswold_(district)","Gloucestershire","Tandridge_(district)","Surrey","Gosport","Borough_status_in_the_United_Kingdom","Hampshire","Tewkesbury_(borough)","Borough_status_in_the_United_Kingdom","Gloucestershire","Forest_of_Dean_(district)","Gloucestershire","Harlow","Essex,_England","Runnymede_(borough)","Borough_status_in_the_United_Kingdom","Surrey","Hyndburn","Borough_status_in_the_United_Kingdom","Lancashire","Uttlesford","Essex,_England","Daventry_(district)","Northamptonshire","Mid_Devon","Devon","Tamworth_(borough)","Borough_status_in_the_United_Kingdom","Staffordshire","Fylde_(borough)","Borough_status_in_the_United_Kingdom","Lancashire","Bolsover_(district)","Derbyshire","Wellingborough_(borough)","Borough_status_in_the_United_Kingdom","Northamptonshire","Epsom_and_Ewell","Borough_status_in_the_United_Kingdom","Surrey","Malvern_Hills_(district)","Worcestershire","Brentwood_(borough)","Borough_status_in_the_United_Kingdom","Essex,_England","Derbyshire_Dales","Derbyshire","Copeland,_Cumbria","Borough_status_in_the_United_Kingdom","Cumbria","Barrow-in-Furness_(borough)","Borough_status_in_the_United_Kingdom","Cumbria","North_Dorset","Dorset","Rossendale","Borough_status_in_the_United_Kingdom","Lancashire","South_Bucks","Buckinghamshire","Weymouth_and_Portland","Borough_status_in_the_United_Kingdom","Dorset","Boston_(borough)","Borough_status_in_the_United_Kingdom","Lincolnshire","Torridge","Devon","North_Warwickshire","Borough_status_in_the_United_Kingdom","Warwickshire","Maldon_(district)","Essex,_England","Corby","Borough_status_in_the_United_Kingdom","Northamptonshire","Adur_(district)","West_Sussex","Forest_Heath","Suffolk","Ribble_Valley","Borough_status_in_the_United_Kingdom","Lancashire","Oadby_and_Wigston","Borough_status_in_the_United_Kingdom","Leicestershire","Craven","North_Yorkshire","West_Devon","Borough_status_in_the_United_Kingdom","Devon","Richmondshire","North_Yorkshire","Eden,_Cumbria","Cumbria","Ryedale","North_Yorkshire","Melton_(borough)","Borough_status_in_the_United_Kingdom","Leicestershire","Christchurch,_Dorset","Borough_status_in_the_United_Kingdom","Dorset","Purbeck_(district)","Dorset","Rutland","Unitary_authorities_of_England","Rutland","West_Somerset","Somerset","City_of_London","City_of_London","Isles_of_Scilly","Cornwall","List_of_English_counties_by_population","List_of_ceremonial_counties_of_England_by_population","List_of_English_districts_by_area","List_of_English_districts_and_their_ethnic_composition","List_of_English_districts_by_population_density","List_of_districts_in_south_east_England_by_population"]}