{"cursor":"52335","size":15,"audio":[],"currentlang":"en","article":"The following is a list of amusement parks and theme parks that have been\nclosed, demolished, or abandoned:\n","linknr":1452,"url":"List_of_abandoned_amusement_parks","recorded":1364217879,"links":["/w/index.php?title=List_of_defunct_amusement_parks&action=edit","/w/index.php?title=List_of_defunct_amusement_parks&action=edit","//en.wikipedia.org/apple-touch-icon.png","//bits.wikimedia.org/favicon/wikipedia.ico","/w/opensearch_desc.php","//en.wikipedia.org/w/api.php?action=rsd","//creativecommons.org/licenses/by-sa/3.0/","/w/index.php?title=Special:RecentChanges&feed=atom","/wiki/List_of_defunct_amusement_parks","//bits.wikimedia.org/en.wikipedia.org/load.php?debug=false&lang=en&modules=ext.gadget.DRN-wizard%2CReferenceTooltips%2Ccharinsert%2Cteahouse%7Cext.wikihiero%7Cmediawiki.legacy.commonPrint%2Cshared%7Cmw.PopUpMediaTransform%7Cskins.vector&only=styles&skin=vector&*","//bits.wikimedia.org/en.wikipedia.org/load.php?debug=false&lang=en&modules=site&only=styles&skin=vector&*","//bits.wikimedia.org/en.wikipedia.org/load.php?debug=false&lang=en&modules=startup&only=scripts&skin=vector&*","//bits.wikimedia.org/geoiplookup","//meta.wikimedia.org","/w/index.php?title=List_of_abandoned_amusement_parks&redirect=no","#mw-head","#p-search","/wiki/Amusement_park","/wiki/Amusement_park","#Africa","#Egypt","#Tanzania","#Asia","#People.27s_Republic_of_China","#Hong_Kong","#Iran","#Japan","#Malaysia","#Singapore","#Taiwan","#Europe","#Belgium","#Bulgaria","#Denmark","#England","#Finland","#France","#Germany","#Isle_of_Man","#Italy","#Netherlands","#Portugal","#Russian_Federation","#Scotland","#Spain","#Switzerland","#Ukraine","#Wales","#North_America","#Canada","#Mexico","#Mexico_City","#Monterrey","#United_States_of_America","#Alabama","#Arizona","#Arkansas","#California","#Colorado","#Connecticut","#Florida","#Georgia","#Illinois","#Indiana","#Iowa","#Kansas","#Kentucky","#Louisiana","#Maine","#Maryland","#Massachusetts","#Michigan","#Minnesota","#Missouri","#Nebraska","#Nevada","#New_Hampshire","#New_Jersey","#New_Mexico","#New_York","#North_Carolina","#Ohio","#Oklahoma","#Oregon","#Pennsylvania","#Rhode_Island","#South_Carolina","#Tennessee","#Texas","#Utah","#Virginia","#Washington","#West_Virginia","#Wisconsin","#Oceania","#Australia","#Australian_Capital_Territory","#New_South_Wales","#Queensland","#South_Australia","#Victoria","#Western_Australia","#Tasmania","#New_Zealand","#South_America","#See_also","#References","#External_links","/w/index.php?title=List_of_defunct_amusement_parks&action=edit&section=1","/wiki/File:Derelict_amusement_park_in_Pemba,_Tanzania.JPG","//upload.wikimedia.org/wikipedia/commons/thumb/8/87/Derelict_amusement_park_in_Pemba%2C_Tanzania.JPG/220px-Derelict_amusement_park_in_Pemba%2C_Tanzania.JPG","/wiki/File:Derelict_amusement_park_in_Pemba,_Tanzania.JPG","//bits.wikimedia.org/static-1.21wmf11/skins/common/images/magnify-clip.png","/w/index.php?title=List_of_defunct_amusement_parks&action=edit&section=2","/wiki/Luna_Park,_Cairo","/w/index.php?title=List_of_defunct_amusement_parks&action=edit&section=3","/w/index.php?title=Umoja_Children%27s_Park&action=edit&redlink=1","/wiki/Chake-Chake","/wiki/Zanzibar","/w/index.php?title=List_of_defunct_amusement_parks&action=edit&section=4","/w/index.php?title=List_of_defunct_amusement_parks&action=edit&section=5","/wiki/Wonderland_Amusement_Park_(Beijing)","/wiki/Guilin","/w/index.php?title=List_of_defunct_amusement_parks&action=edit&section=6","/w/index.php?title=Green_Ville_Amusement_Park&action=edit&redlink=1","/wiki/Tai_Po","/w/index.php?title=Kai_Tak_Amusement_Park&action=edit&redlink=1","/wiki/Kowloon","/wiki/Lai_Chi_Kok_Amusement_Park","/wiki/Lai_Chi_Kok","/w/index.php?title=Luna_Park,_Hong_Kong&action=edit&redlink=1","/wiki/North_Point","/wiki/Tiger_Balm_Garden_(Hong_Kong)","/wiki/Wan_Chai","/w/index.php?title=List_of_defunct_amusement_parks&action=edit&section=7","/wiki/Shahr-e_Bazi","/wiki/Tehran","/wiki/Luna_Park,_Tehran","/w/index.php?title=List_of_defunct_amusement_parks&action=edit&section=8","/wiki/File:Nara_dreamland_castle.jpg","//upload.wikimedia.org/wikipedia/commons/thumb/7/70/Nara_dreamland_castle.jpg/220px-Nara_dreamland_castle.jpg","/wiki/File:Nara_dreamland_castle.jpg","//bits.wikimedia.org/static-1.21wmf11/skins/common/images/magnify-clip.png","/wiki/Nara_Dreamland","/wiki/Expoland","/wiki/Osaka","/wiki/Shinsekai","http://abandonedplaces.tumblr.com/post/1694548082/takakanonuma-greenland","http://weburbanist.com/2011/06/05/big-in-japan-gullivers-kingdom-abandoned-theme-park/","/w/index.php?title=Kawaguchi-machi&action=edit&redlink=1","/wiki/Yamanashi_prefecture","/w/index.php?title=Kappapia,_Takasaki_Kannon-yama_Recreational_Park&action=edit&redlink=1","/wiki/Takasaki","/wiki/Gunma_Prefecture","/wiki/Shiga_Prefecture","/wiki/Luna_Park,_Osaka","/wiki/Shinsekai","/wiki/Luna_Park,_Tokyo","/wiki/Asakusa","/wiki/Nara_Dreamland","/wiki/Nara,_Nara","/wiki/Nara_Prefecture","/wiki/Yokohama_Dreamland","/wiki/Yokohama","/wiki/Kanagawa_Prefecture","/w/index.php?title=List_of_defunct_amusement_parks&action=edit&section=9","/wiki/The_Mall_(Kuala_Lumpur)","/wiki/Mimaland","/w/index.php?title=List_of_defunct_amusement_parks&action=edit&section=10","/w/index.php?title=Gay_World_Amusement_Park&action=edit&redlink=1","/wiki/Great_World_Amusement_Park","/wiki/New_World_Amusement_Park","/w/index.php?title=List_of_defunct_amusement_parks&action=edit&section=11","/wiki/Dakeng","/wiki/921_earthquake","/wiki/Dakeng","/wiki/921_earthquake","/w/index.php?title=List_of_defunct_amusement_parks&action=edit&section=12","/w/index.php?title=List_of_defunct_amusement_parks&action=edit&section=13","/wiki/File:Dadizele_-_Dadipark_1.jpg","//upload.wikimedia.org/wikipedia/commons/thumb/4/4c/Dadizele_-_Dadipark_1.jpg/220px-Dadizele_-_Dadipark_1.jpg","/wiki/File:Dadizele_-_Dadipark_1.jpg","//bits.wikimedia.org/static-1.21wmf11/skins/common/images/magnify-clip.png","/w/index.php?title=Dadipark&action=edit&redlink=1","/w/index.php?title=Dadizele&action=edit&redlink=1","/wiki/Expo_58","/wiki/Brussels","#cite_note-1","/w/index.php?title=Land_van_Ooit&action=edit&redlink=1","/wiki/Tongeren","/wiki/Antwerp","#cite_note-2","/wiki/Antwerp","#cite_note-3","/w/index.php?title=List_of_defunct_amusement_parks&action=edit&section=14","/wiki/File:Sofia_land_entrance.JPG","//upload.wikimedia.org/wikipedia/commons/thumb/5/58/Sofia_land_entrance.JPG/220px-Sofia_land_entrance.JPG","/wiki/File:Sofia_land_entrance.JPG","//bits.wikimedia.org/static-1.21wmf11/skins/common/images/magnify-clip.png","/wiki/Sofia_Land","/wiki/Sofia_Land","/wiki/Sofia","/wiki/Balkans","/w/index.php?title=List_of_defunct_amusement_parks&action=edit&section=15","/wiki/Aarup","/wiki/Karolinelund","/wiki/Aalborg","#cite_note-4","/w/index.php?title=Nordsj%C3%A6llands_Sommerpark&action=edit&redlink=1","/wiki/Ulstrup_Castle","/w/index.php?title=Ulstrup&action=edit&redlink=1","/w/index.php?title=List_of_defunct_amusement_parks&action=edit&section=16","/wiki/File:American_Adventure.jpg","//upload.wikimedia.org/wikipedia/commons/thumb/b/be/American_Adventure.jpg/220px-American_Adventure.jpg","/wiki/File:American_Adventure.jpg","//bits.wikimedia.org/static-1.21wmf11/skins/common/images/magnify-clip.png","/wiki/File:Granada_Studios.jpg","//upload.wikimedia.org/wikipedia/commons/thumb/f/f0/Granada_Studios.jpg/220px-Granada_Studios.jpg","/wiki/File:Granada_Studios.jpg","//bits.wikimedia.org/static-1.21wmf11/skins/common/images/magnify-clip.png","/wiki/Granada_Studios_Tour","/wiki/The_American_Adventure_Theme_Park","/wiki/Derbyshire","/wiki/Belle_Vue_Zoological_Gardens","/wiki/Manchester","/wiki/Zoo","/wiki/Somerset","http://www.dailymail.co.uk/news/article-1220390/Pictured-The-abandoned-ruins-Mr-Blobby-theme-park-ravers-trash-site.html","/wiki/Camelot_Theme_Park","/wiki/Lancashire","/wiki/Dobwalls_Adventure_Park","/wiki/Cornwall","/wiki/Dreamland_Margate","/wiki/Margate","/wiki/The_Scenic_Railway","/wiki/Frontierland,_Morecambe","/wiki/Granada_Studios_Tour","/wiki/Manchester","/wiki/Mortehoe_and_Woolacombe_railway_station#.22Once_Upon_a_Time.22","/wiki/Ilfracombe","/wiki/Devon","/wiki/Mortehoe_and_Woolacombe_railway_station","/wiki/Watermouth_Castle","/wiki/Pleasureland_Southport","/wiki/Southport","/wiki/Liverpool","/wiki/Tucktonia","/wiki/Dorset","/w/index.php?title=List_of_defunct_amusement_parks&action=edit&section=17","/wiki/%C3%85landsparken","/wiki/Mariehamn","/wiki/%C3%85land_Islands","/wiki/Planet_FunFun","/wiki/Kerava","/w/index.php?title=List_of_defunct_amusement_parks&action=edit&section=18","/w/index.php?title=A%C3%A9rocity&action=edit&redlink=1","/wiki/Aubenas","/w/index.php?title=Arch%C3%A9odrome_de_Beaune&action=edit&redlink=1","#cite_note-5","/w/index.php?title=La_vall%C3%A9e_des_Peaux_Rouges&action=edit&redlink=1","/wiki/%C3%8Ele-de-France_(region)","/wiki/Lillom","/wiki/Lomme","/wiki/Luna_Park,_Paris","/wiki/Mirapolis","/wiki/Cergy-Pontoise","/w/index.php?title=Nautiparc&action=edit&redlink=1","/wiki/Chamb%C3%A9ry","/wiki/Savoie","/wiki/Dijon","/wiki/Burgundy_(French_region)","#cite_note-6","/w/index.php?title=Toon%27s_Land&action=edit&redlink=1","/wiki/Cap_d%27Agde","/wiki/Languedoc_Roussillon","/w/index.php?title=Zygofolis&action=edit&redlink=1","/wiki/Nice","/wiki/Provence-Alpes-C%C3%B4te_d%27Azur","#cite_note-7","/w/index.php?title=List_of_defunct_amusement_parks&action=edit&section=19","/wiki/File:Bundesarchiv_Bild_102-00075,_Berlin,_Drehbares_Haus_im_Luna_Park.jpg","//upload.wikimedia.org/wikipedia/commons/thumb/4/49/Bundesarchiv_Bild_102-00075%2C_Berlin%2C_Drehbares_Haus_im_Luna_Park.jpg/220px-Bundesarchiv_Bild_102-00075%2C_Berlin%2C_Drehbares_Haus_im_Luna_Park.jpg","/wiki/File:Bundesarchiv_Bild_102-00075,_Berlin,_Drehbares_Haus_im_Luna_Park.jpg","//bits.wikimedia.org/static-1.21wmf11/skins/common/images/magnify-clip.png","/wiki/Lunapark,_Berlin","/wiki/Luna_Park,_Berlin","/wiki/Luna_Park,_Hamburg-Altona","/wiki/Luna_Park,_Leipzig","/wiki/Safariland","/w/index.php?title=Gro%C3%9F-Gerau_Wallerst%C3%A4dten&action=edit&redlink=1","/wiki/Spreepark","/wiki/Berlin","/w/index.php?title=Tivoli_Berlin&action=edit&redlink=1","/wiki/Kreuzberg_(Tempelhofer_Berge)","/w/index.php?title=List_of_defunct_amusement_parks&action=edit&section=20","/w/index.php?title=White_City_(Isle_of_Man)&action=edit&redlink=1","/wiki/Onchan_Head_railway_station","/w/index.php?title=List_of_defunct_amusement_parks&action=edit&section=21","/wiki/LunEur","/wiki/Luna_Park_Permanente_di_Roma","/w/index.php?title=List_of_defunct_amusement_parks&action=edit&section=22","/w/index.php?title=Het_Land_van_Ooit&action=edit&redlink=1","/wiki/Drunen","/w/index.php?title=List_of_defunct_amusement_parks&action=edit&section=23","/w/index.php?title=Feira_Popular_de_Lisboa&action=edit&redlink=1","/wiki/Lisbon","/w/index.php?title=List_of_defunct_amusement_parks&action=edit&section=24","/wiki/Luna_Park,_St._Petersburg","/w/index.php?title=List_of_defunct_amusement_parks&action=edit&section=25","/wiki/Loudoun_Castle_(theme_park)","/w/index.php?title=List_of_defunct_amusement_parks&action=edit&section=26","/w/index.php?title=Parque_de_atracciones_de_Montjuic&action=edit&redlink=1","/wiki/Barcelona","/w/index.php?title=Parque_de_Atracciones_de_Vizcaya_(Artxanda)&action=edit&redlink=1","/wiki/Bilbao","/wiki/File:Pripyat01.jpg","//upload.wikimedia.org/wikipedia/commons/thumb/5/5b/Pripyat01.jpg/220px-Pripyat01.jpg","/wiki/File:Pripyat01.jpg","//bits.wikimedia.org/static-1.21wmf11/skins/common/images/magnify-clip.png","/wiki/Prypiat_amusement_park","/w/index.php?title=List_of_defunct_amusement_parks&action=edit&section=27","/wiki/Interlaken","/wiki/Jungfrau_Park","/w/index.php?title=List_of_defunct_amusement_parks&action=edit&section=28","/wiki/Prypiat_amusement_park","/wiki/Prypiat_(city)","/wiki/Chernobyl","/wiki/Standing_but_not_operating","#cite_note-8","#cite_note-9","/w/index.php?title=List_of_defunct_amusement_parks&action=edit&section=29","/wiki/Barry_Island_Pleasure_Park","/wiki/Barry_Island","/wiki/Ocean_Beach,_Rhyl","/wiki/Rhyl","/w/index.php?title=List_of_defunct_amusement_parks&action=edit&section=30","/wiki/File:Boblo.jpg","//upload.wikimedia.org/wikipedia/commons/thumb/e/e0/Boblo.jpg/220px-Boblo.jpg","/wiki/File:Boblo.jpg","//bits.wikimedia.org/static-1.21wmf11/skins/common/images/magnify-clip.png","/wiki/Boblo_Island_Amusement_Park","/wiki/File:Sunnyside_Boardwalk_Toronto_1931.jpg","//upload.wikimedia.org/wikipedia/commons/thumb/7/73/Sunnyside_Boardwalk_Toronto_1931.jpg/220px-Sunnyside_Boardwalk_Toronto_1931.jpg","/wiki/File:Sunnyside_Boardwalk_Toronto_1931.jpg","//bits.wikimedia.org/static-1.21wmf11/skins/common/images/magnify-clip.png","/wiki/Sunnyside_Amusement_Park","/w/index.php?title=List_of_defunct_amusement_parks&action=edit&section=31","/wiki/Kelowna","/wiki/British_Columbia","/wiki/Belmont_Park,_Montreal","/wiki/Quebec","/wiki/Boblo_Island_Amusement_Park","/wiki/Amherstburg,_Ontario","/wiki/Crystal_Beach,_Ontario","/wiki/Fort_Erie,_Ontario","/w/index.php?title=Encounter_Creek&action=edit&redlink=1","/w/index.php?title=New_Haven,_Prince_Edward_Island&action=edit&redlink=1","/wiki/Maple_Leaf_Village","/wiki/Niagara_Falls,_Ontario","/wiki/Casino_Niagara","/wiki/Leeds_and_the_Thousand_Islands","/wiki/Ontario","/wiki/Ontario_Place_(theme_park)","/wiki/Toronto","/wiki/Ontario","/wiki/Cavendish,_Prince_Edward_Island","/wiki/Prince_Edward_Island","/w/index.php?title=Scarboro_Beach_Amusement_Park&action=edit&redlink=1","/wiki/Toronto","/wiki/Ontario","/wiki/Sunnyside_Amusement_Park","/wiki/Toronto","/wiki/Ontario","/w/index.php?title=List_of_defunct_amusement_parks&action=edit&section=32","/w/index.php?title=List_of_defunct_amusement_parks&action=edit&section=33","/w/index.php?title=List_of_defunct_amusement_parks&action=edit&section=34","/w/index.php?title=List_of_defunct_amusement_parks&action=edit&section=35","/w/index.php?title=List_of_defunct_amusement_parks&action=edit&section=36","/wiki/Splash_Adventure","/wiki/Bessemer,_Alabama","/w/index.php?title=Canyon_Land_Park&action=edit&redlink=1","/wiki/Fort_Payne,_Alabama","/wiki/Space_City_USA","/wiki/Huntsville,_Alabama","/w/index.php?title=Styx_River_Water_World&action=edit&redlink=1","/wiki/Loxley,_Alabama","/w/index.php?title=List_of_defunct_amusement_parks&action=edit&section=37","/wiki/Legend_City","/wiki/Phoenix,_Arizona","/wiki/File:Dogpatch_USA.JPG","//upload.wikimedia.org/wikipedia/commons/thumb/d/dd/Dogpatch_USA.JPG/220px-Dogpatch_USA.JPG","/wiki/File:Dogpatch_USA.JPG","//bits.wikimedia.org/static-1.21wmf11/skins/common/images/magnify-clip.png","/wiki/Dogpatch_USA","/w/index.php?title=List_of_defunct_amusement_parks&action=edit&section=38","/wiki/Dinosaur_World_(Arkansas)","/wiki/Beaver,_Arkansas","/wiki/Dogpatch_USA","/wiki/Marble_Falls,_Arkansas","/w/index.php?title=List_of_defunct_amusement_parks&action=edit&section=39","/wiki/Busch_Gardens#Busch_Gardens_in_California","/wiki/Van_Nuys,_Los_Angeles","/wiki/Chutes_Park","/wiki/Los_Angeles","/wiki/Frontier_Village","/wiki/San_Jose,_California","/wiki/Idora_Park","/wiki/Oakland,_California","/wiki/J%27s_Amusement_Park","/wiki/Guerneville,_California","/wiki/Japanese_Village_and_Deer_Park","/wiki/Buena_Park,_California","/wiki/Jungleland_USA","/wiki/Thousand_Oaks,_California","/wiki/Lake_Dolores_Waterpark","/wiki/Newberry_Springs,_California","/wiki/Lion_Country_Safari","/wiki/Irvine,_California","/wiki/West_Palm_Beach,_Florida","/wiki/Luna_Park,_Los_Angeles","/wiki/Chutes_Park","/w/index.php?title=Luna_Park,_San_Jose&action=edit&redlink=1","/wiki/San_Jose,_California","/wiki/Marine_World/Africa_U.S.A.,_California","/wiki/Redwood_City,_California","/wiki/Vallejo,_California","/wiki/Six_Flags_Discovery_Kingdom","/wiki/Marineland_of_the_Pacific","/wiki/Rancho_Palos_Verdes,_California","/wiki/Marshal_Scotty%27s_Playland_Park","/wiki/El_Cajon,_California","/wiki/Neptune_Beach,_California","/wiki/Alameda,_California","/wiki/Neverland_Ranch","/wiki/Santa_Barbara_County,_California","/w/index.php?title=Pacific_City_(amusement_park)&action=edit&redlink=1","/wiki/Coyote_Point_Park","/wiki/San_Mateo,_California","/wiki/Pacific_Ocean_Park","/wiki/Santa_Monica,_California","/wiki/The_Pike","/wiki/Long_Beach,_California","/wiki/Playland_(San_Francisco)","/wiki/San_Francisco","/wiki/Lake_Dolores_Waterpark","/wiki/Newberry_Springs,_California","/wiki/Santa%27s_Village_(Lake_Arrowhead)","/wiki/Lake_Arrowhead,_California","/w/index.php?title=Santa%27s_Village_(Scotts_Valley,_California)&action=edit&redlink=1","/wiki/Scotts_Valley,_California","/w/index.php?title=Tahoe_Amusement_Park_(South_Lake_Tahoe,_California)&action=edit&redlink=1","/wiki/South_Lake_Tahoe,_California","/w/index.php?title=Venice_Amusement_Pier_(amusement_park)&action=edit&redlink=1","#cite_note-10","/wiki/Venice,_Los_Angeles","/wiki/Wild_Rivers_(water_park)","/wiki/Irvine,_California","/wiki/Wonderland_Amusement_Park_(San_Diego)","/wiki/San_Diego","/wiki/California","/w/index.php?title=List_of_defunct_amusement_parks&action=edit&section=40","/w/index.php?title=Guyton%27s_Fun_Junction&action=edit&redlink=1","/wiki/Grand_Junction,_Colorado","/wiki/Luna_Park,_Denver","/wiki/Manhattan_Beach_(Denver)","/w/index.php?title=Magic_Mountain,_Golden&action=edit&redlink=1","/wiki/Golden,_Colorado","/wiki/Six_Flags_Over_Texas","/wiki/Manhattan_Beach_(Denver)","/wiki/Edgewater,_Colorado","/wiki/Mississippi_River","/wiki/Luna_Park,_Denver","/w/index.php?title=List_of_defunct_amusement_parks&action=edit&section=41","/wiki/Pleasure_Beach","/wiki/Bridgeport,_Connecticut","/wiki/Savin_Rock","/wiki/West_Haven,_Connecticut","/wiki/File:WIKI_CG_03.jpg","//upload.wikimedia.org/wikipedia/commons/thumb/3/37/WIKI_CG_03.jpg/220px-WIKI_CG_03.jpg","/wiki/File:WIKI_CG_03.jpg","//bits.wikimedia.org/static-1.21wmf11/skins/common/images/magnify-clip.png","/wiki/Cypress_Gardens","/w/index.php?title=List_of_defunct_amusement_parks&action=edit&section=42","/wiki/Africa_U.S.A._Park","/wiki/Boca_Raton,_Florida","/wiki/The_Aquatarium","/wiki/St._Pete_Beach,_Florida","/wiki/Boardwalk_and_Baseball","/wiki/Haines_City,_Florida","/wiki/Circus_World_(theme_park)","/wiki/Haines_City,_Florida","/wiki/Cypress_Gardens","/wiki/Winter_Haven,_Florida","/wiki/Legoland_Florida","/wiki/Chiefland,_Florida","/wiki/Disney%27s_River_Country","/wiki/Walt_Disney_World_Resort","/wiki/Orlando,_Florida","/wiki/Marco_Polo_Park","/wiki/Bunnell,_Florida","/wiki/Miracle_Strip_Amusement_Park","/wiki/Panama_City_Beach,_Florida","/wiki/Mystery_Fun_House","/wiki/Orlando,_Florida","#cite_note-11","/wiki/Jacksonville_Beach,_Florida","/w/index.php?title=Petticoat_Junction_Amusement_Park&action=edit&redlink=1","/wiki/Panama_City_Beach,_Florida","/wiki/Pirate%27s_World","/wiki/Dania_Beach,_Florida","/wiki/Six_Flags_Atlantis","/wiki/Hollywood,_Florida","/wiki/Kmart","/wiki/Six_Gun_Territory","/wiki/Ocala,_Florida","/wiki/Splendid_China_(Florida)","/wiki/Citrus_Ridge,_Florida","http://www.bigfloridacountry.com/wonderland.htm","#cite_note-12","/wiki/Titusville,_Florida","#cite_note-13","/wiki/Kissimmee,_Florida","/w/index.php?title=List_of_defunct_amusement_parks&action=edit&section=43","/wiki/Ponce_de_Leon_amusement_park","/wiki/Atlanta,_Georgia","/w/index.php?title=List_of_defunct_amusement_parks&action=edit&section=44","/wiki/Adventureland_(Illinois)","/wiki/Addison,_Illinois","/w/index.php?title=Dispensa%27s_Kiddie_Kingdom&action=edit&redlink=1","/wiki/Oakbrook_Terrace,_Illinois","/wiki/Ebenezer_Floppen_Slopper%27s_Wonderful_Water_slides","/wiki/Oakbrook_Terrace,_Illinois","/w/index.php?title=Electric_Park,_Plainfield&action=edit&redlink=1","/wiki/Plainfield,_Illinois","/wiki/Chicago","/wiki/Forest_Park,_Illinois","/w/index.php?title=Fun_Harbor&action=edit&redlink=1","/wiki/Waukegan,_Illinois","/wiki/South_Side,_Chicago","/wiki/South_Side,_Chicago","/wiki/Kiddieland_Amusement_Park","/wiki/Melrose_Park,_Illinois","/wiki/Luna_Park,_Chicago","/wiki/Farmers%27_market","/wiki/Old_Chicago","/wiki/Bolingbrook,_Illinois","/wiki/Paul_Boyton","/wiki/South_Side,_Chicago","/wiki/Riverview_Park_(Chicago)","/wiki/Chicago","/wiki/South_Side,_Chicago","/wiki/Santa%27s_Village_(Illinois)","/wiki/East_Dundee,_Illinois","/wiki/White_City_(Chicago)","/wiki/Chicago","/w/index.php?title=List_of_defunct_amusement_parks&action=edit&section=45","/wiki/Enchanted_Forest_(Indiana)","/wiki/Chesterton,_Indiana","/wiki/Old_Indiana_Fun_Park","/wiki/Thorntown,_Indiana","/wiki/Playland_Park_(Indiana)","/wiki/South_Bend,_Indiana","/wiki/Riverside_Amusement_Park_(Indianapolis)","/wiki/Indianapolis","/w/index.php?title=Sauzers_Kiddie_Land_(Schererville)&action=edit&redlink=1","/wiki/Schererville,_Indiana","/wiki/White_City_(Indianapolis)","/wiki/Indianapolis","/wiki/Wonderland_Amusement_Park_(Indianapolis)","/wiki/Indianapolis","/w/index.php?title=List_of_defunct_amusement_parks&action=edit&section=46","/w/index.php?title=Electric_Park,_Waterloo&action=edit&redlink=1","/wiki/Waterloo,_Iowa","/wiki/Riverview_Park_(Iowa)","/wiki/Des_Moines,_Iowa","/wiki/File:Joyland_Wichita_Sign_2003.jpg","//upload.wikimedia.org/wikipedia/en/thumb/4/47/Joyland_Wichita_Sign_2003.jpg/220px-Joyland_Wichita_Sign_2003.jpg","/wiki/File:Joyland_Wichita_Sign_2003.jpg","//bits.wikimedia.org/static-1.21wmf11/skins/common/images/magnify-clip.png","/wiki/Joyland_Amusement_Park_(Wichita)","/w/index.php?title=List_of_defunct_amusement_parks&action=edit&section=47","/w/index.php?title=Boyle%27s_Joyland_Kiddie_Park&action=edit&redlink=1","/wiki/Topeka,_Kansas","/wiki/Joyland_Amusement_Park_(Wichita)","/wiki/Wichita,_Kansas","/w/index.php?title=Kiddieland_Amusement_Park_(Wichita)&action=edit&redlink=1","/wiki/Wichita,_Kansas","/wiki/Salina,_Kansas","/wiki/Wild_West_World","/wiki/Park_City,_Kansas","/w/index.php?title=Wonderland_Park_(Wichita)&action=edit&redlink=1","/wiki/Wichita,_Kansas","/w/index.php?title=List_of_defunct_amusement_parks&action=edit&section=48","/wiki/Joyland,_Lexington","/wiki/Lexington,_Kentucky","/wiki/Kentucky_Kingdom","/w/index.php?title=State_Fair_Grounds_Louisville,_Kentucky&action=edit&redlink=1","/wiki/Fontaine_Ferry_Park","/wiki/Louisville,_Kentucky","/wiki/Tombstone_Junction","/wiki/Cumberland_Falls","/wiki/File:6FlagsTowerFromParisHwy.jpg","//upload.wikimedia.org/wikipedia/commons/thumb/8/86/6FlagsTowerFromParisHwy.jpg/220px-6FlagsTowerFromParisHwy.jpg","/wiki/File:6FlagsTowerFromParisHwy.jpg","//bits.wikimedia.org/static-1.21wmf11/skins/common/images/magnify-clip.png","/wiki/Six_Flags_New_Orleans","/wiki/Hurricane_Katrina","/w/index.php?title=List_of_defunct_amusement_parks&action=edit&section=49","/w/index.php?title=Critter%27s_Creek&action=edit&redlink=1","/wiki/Monroe,_Louisiana","/wiki/Delta_Village","/wiki/Tallulah,_Louisiana","/w/index.php?title=Fun_Fair_Park&action=edit&redlink=1","/wiki/Baton_Rouge,_Louisiana","/wiki/Hamel%27s_Amusement_Park","/wiki/Shreveport,_Louisiana","http://maps.google.com/maps?hl=en&t=k&ll=32.46105400,-93.68722200&q=United%20States&spn=0.007482,0.014453","/wiki/Lincoln_Beach_amusement_park","/wiki/New_Orleans","http://www.surrealcoconut.com/urban_ruins/gulf/lincoln_beach.htm","/wiki/Pontchartrain_Beach","/wiki/New_Orleans","/wiki/Six_Flags_New_Orleans","/wiki/New_Orleans","/wiki/Hurricane_Katrina","/wiki/White_City_(New_Orleans)","/wiki/New_Orleans","/w/index.php?title=List_of_defunct_amusement_parks&action=edit&section=50","/w/index.php?title=Riverton_Park&action=edit&redlink=1","/wiki/Portland,_Maine","/w/index.php?title=List_of_defunct_amusement_parks&action=edit&section=51","/wiki/Bay_Shore_Park","/wiki/Edgemere,_Maryland","/wiki/Bethlehem_Steel","/wiki/Carlin%27s_Park","/wiki/Baltimore","/wiki/Electric_Park,_Baltimore","/wiki/Enchanted_Forest_(Maryland)","/wiki/Ellicott_City,_Maryland","/wiki/Glen_Echo_Park,_Maryland","/wiki/Glen_Echo,_Maryland","/wiki/National_Park_Service","/wiki/Gwynn_Oak_Park","/wiki/Woodlawn,_Baltimore_County,_Maryland","/wiki/Hurricane_Agnes","/wiki/Baltimore_County,_Maryland","/wiki/National_Mall","/wiki/Washington,_D.C.","/wiki/Marshall_Hall_(amusement_park)","/wiki/Charles_County,_Maryland","/w/index.php?title=Pleasure_Island_(Edgemere,_Maryland)&action=edit&redlink=1","/wiki/Edgemere,_Maryland","/wiki/Riverview_Park_(Baltimore)","/wiki/Baltimore","/wiki/Western_Electric","/wiki/File:White_city_amusement_park_1.jpg","//upload.wikimedia.org/wikipedia/commons/thumb/3/33/White_city_amusement_park_1.jpg/220px-White_city_amusement_park_1.jpg","/wiki/File:White_city_amusement_park_1.jpg","//bits.wikimedia.org/static-1.21wmf11/skins/common/images/magnify-clip.png","/wiki/White_City_(Shrewsbury,_Massachusetts)","/w/index.php?title=List_of_defunct_amusement_parks&action=edit&section=52","/wiki/North_Attleborough,_Massachusetts","/w/index.php?title=King%27s_Castle_Land&action=edit&redlink=1","/wiki/Whitman,_Massachusetts","/wiki/Dracut,_Massachusetts","/wiki/Lincoln_Park_(Dartmouth,_Massachusetts)","/wiki/Dartmouth,_Massachusetts","/w/index.php?title=Lincoln_Park_(Worcester,_Massachusetts)&action=edit&redlink=1","/wiki/Worcester,_Massachusetts","/w/index.php?title=Merrimac_Park_(Methuen,_Massachusetts))&action=edit&redlink=1","/wiki/Methuen,_Massachusetts","/wiki/Mountain_Park_(Holyoke,_Massachusetts)","/wiki/Holyoke,_Massachusetts","/wiki/Norumbega_Park","/wiki/Auburndale,_Massachusetts","/wiki/Paragon_Park","/wiki/Hull,_Massachusetts","/w/index.php?title=Pirate%27s_Park_(Salisbury_Beach,_Massachusetts)&action=edit&redlink=1","/wiki/Salisbury_Beach,_Massachusetts","/wiki/Pleasure_Island_(Massachusetts_amusement_park)","/wiki/Wakefield,_Massachusetts","/w/index.php?title=Shaheen%27s_Fun-O-Rama_(Salisbury_Beach,_Massachusetts)&action=edit&redlink=1","/wiki/Salisbury_Beach,_Massachusetts","/wiki/Whalom_Park","/wiki/Lunenburg,_Massachusetts","#cite_note-coasterstop-14","/wiki/White_City_(Shrewsbury,_Massachusetts)","/wiki/Shrewsbury,_Massachusetts","/wiki/Wonderland_Amusement_Park_(Revere)","/wiki/Revere,_Massachusetts","/w/index.php?title=List_of_defunct_amusement_parks&action=edit&section=53","/w/index.php?title=Edgewater_Park_(Detroit)&action=edit&redlink=1","/wiki/Detroit","/wiki/Electric_Park,_Detroit","/wiki/Luna_Park","/wiki/House_of_David_(commune)","/wiki/Benton_Harbor,_Michigan","/w/index.php?title=Jefferson_Beach&action=edit&redlink=1","/wiki/St._Clair_Shores,_Michigan","/w/index.php?title=Jenison_Electric_Park&action=edit&redlink=1","/wiki/Holland,_Michigan","/w/index.php?title=Lake_Lansing_Amusement_Park&action=edit&redlink=1","/wiki/Ingham_County,_Michigan","/w/index.php?title=Park_Island_(amusement_park)&action=edit&redlink=1","/wiki/Lake_Orion,_Michigan","/w/index.php?title=Pleasure_Island_Water_Theme_Park&action=edit&redlink=1","/wiki/Muskegon,_Michigan","/wiki/Ramona_Park","/wiki/Grand_Rapids,_Michigan","/w/index.php?title=Riverland_Amusement_Park&action=edit&redlink=1","/wiki/Sterling_Heights,_Michigan","/wiki/Silver_Beach_Amusement_Park","/wiki/St._Joseph,_Michigan","/wiki/Six_Flags_Autoworld","/wiki/Flint,_Michigan","/w/index.php?title=Walled_Lake_Park&action=edit&redlink=1","/wiki/Walled_Lake,_Michigan","/wiki/File:Wyer_House_2.JPG","//upload.wikimedia.org/wikipedia/commons/thumb/1/1f/Wyer_House_2.JPG/220px-Wyer_House_2.JPG","/wiki/File:Wyer_House_2.JPG","//bits.wikimedia.org/static-1.21wmf11/skins/common/images/magnify-clip.png","/wiki/Wyer_House","/wiki/Excelsior_Amusement_Park","/w/index.php?title=List_of_defunct_amusement_parks&action=edit&section=54","/wiki/Excelsior_Amusement_Park","/wiki/Excelsior,_Minnesota","/wiki/Wonderland_Amusement_Park_(Minneapolis)","/wiki/Minneapolis","/wiki/File:Celebration_City_Gate.jpg","//upload.wikimedia.org/wikipedia/commons/thumb/5/53/Celebration_City_Gate.jpg/220px-Celebration_City_Gate.jpg","/wiki/File:Celebration_City_Gate.jpg","//bits.wikimedia.org/static-1.21wmf11/skins/common/images/magnify-clip.png","/wiki/Celebration_City","/w/index.php?title=List_of_defunct_amusement_parks&action=edit&section=55","/w/index.php?title=Branson_USA&action=edit&redlink=1","/wiki/Branson,_Missouri","/wiki/Celebration_City","/wiki/Branson,_Missouri","/wiki/Chain_of_Rocks_Park","/wiki/St._Louis,_Missouri","http://www.forestparkhighlands.com/chainofrocks.html","/wiki/Wild_Mouse_roller_coaster","/w/index.php?title=Delmar_Garden&action=edit&redlink=1","/wiki/St._Louis,_Missouri","/wiki/Electric_Park,_Kansas_City","/wiki/Kansas_City,_Missouri","/wiki/Walt_Disney","/wiki/Disneyland","/wiki/Fairyland_Park","/wiki/Kansas_City,_Missouri","http://www.kchistory.org/cdm4/document.php?CISOROOT=/Mrs&CISOPTR=1364&REC=3","/wiki/Kansas_City,_Missouri","/w/index.php?title=Forest_Park_Highlands&action=edit&redlink=1","/wiki/St._Louis,_Missouri","http://www.forestparkhighlands.com/earlyyears.html","http://www.forestparkhighlands.com/comet.html","http://www.forestparkhighlands.com/flyingturns.html","/w/index.php?title=The_Fort_(Osage_Beach)&action=edit&redlink=1","/wiki/Osage_Beach,_Missouri","/w/index.php?title=Holiday_Hill&action=edit&redlink=1","/wiki/St._Louis,_Missouri","/w/index.php?title=Mannion%27s_Park&action=edit&redlink=1","/wiki/St._Louis,_Missouri","/w/index.php?title=West_End_Heights&action=edit&redlink=1","/wiki/St._Louis,_Missouri","/w/index.php?title=Westlake_Park_(St._Louis)&action=edit&redlink=1","/wiki/St._Louis,_Missouri","/w/index.php?title=List_of_defunct_amusement_parks&action=edit&section=56","/wiki/Peony_Park","/wiki/Omaha,_Nebraska","/w/index.php?title=List_of_defunct_amusement_parks&action=edit&section=57","/w/index.php?title=Coney_Island_(Reno)&action=edit&redlink=1","/wiki/Reno,_Nevada","http://books.google.com/books?id=xSEEAAAAMBAJ&pg=PA40&lpg=PA40&dq=funland+amusement+park+1955+las+vegas&source=bl&ots=qLgVMvWa-K&sig=BO6meWqeegZJ7AMn2AYaO5wysMU&hl=en&sa=X&ei=WFnuUODqK6qsiAK34YGoAg&ved=0CD8Q6AEwAg#v=onepage&q&f=false","/wiki/Las_Vegas,_Nevada","/wiki/MGM_Grand_Adventures_Theme_Park","/wiki/Las_Vegas,_Nevada","/w/index.php?title=Old_Vegas&action=edit&redlink=1","/wiki/Henderson,_Nevada","/wiki/Westworld","#cite_note-15","#cite_note-16","#cite_note-17","/wiki/Ponderosa_Ranch","/wiki/Incline_Village,_Nevada","/wiki/Wet_%27n_Wild_(brand)","/wiki/Las_Vegas,_Nevada","/wiki/Wet%27n%27Wild_Las_Vegas","/wiki/Summerlin,_Nevada","/w/index.php?title=List_of_defunct_amusement_parks&action=edit&section=58","http://www.manchesternh.gov/website/Departments/ParksandRecreation/ParksFacilities/Parks/PineIslandPark/tabid/1487/Default.aspx","/wiki/Manchester,_New_Hampshire","/wiki/Weirs_Beach,_New_Hampshire","/wiki/Benson%27s_Wild_Animal_Farm","/wiki/Hudson,_New_Hampshire","/w/index.php?title=List_of_defunct_amusement_parks&action=edit&section=59","/wiki/Pine_Hill,_New_Jersey","/wiki/Pine_Hill_Golf_Club","/wiki/Action_Park","/wiki/Vernon_Township,_New_Jersey","/wiki/Mountain_Creek_Waterpark","/wiki/Bertrand_Island_Amusement_Park","/wiki/Mount_Arlington,_New_Jersey","/wiki/Woody_Allen","/wiki/The_Purple_Rose_of_Cairo","/wiki/Wildwood,_New_Jersey","/wiki/Oak_Ridge,_New_Jersey","/wiki/Springfield,_New_Jersey","/wiki/Jungle_Habitat","/wiki/West_Milford,_New_Jersey","/wiki/Kid%27s_World_(Amusement_Park)","/wiki/Long_Branch,_New_Jersey","/wiki/Pier_Village","/wiki/Irvington,_New_Jersey","/wiki/Maplewood,_New_Jersey","#cite_note-18","#cite_note-19","/wiki/Palace_Amusements","/wiki/Asbury_Park,_New_Jersey","/wiki/Palisades_Amusement_Park","/wiki/Bergen_County,_New_Jersey","/wiki/Palisades_Park_(song)","/w/index.php?title=Tivoli_Pier&action=edit&redlink=1","/wiki/Tropicana_Casino_and_Resort_Atlantic_City","/wiki/Atlantic_City,_New_Jersey","/w/index.php?title=List_of_defunct_amusement_parks&action=edit&section=60","/wiki/President%27s_Park","/wiki/Carlsbad,_New_Mexico","/wiki/File:Dreamland_tower_1907.jpg","//upload.wikimedia.org/wikipedia/commons/thumb/b/b6/Dreamland_tower_1907.jpg/220px-Dreamland_tower_1907.jpg","/wiki/File:Dreamland_tower_1907.jpg","//bits.wikimedia.org/static-1.21wmf11/skins/common/images/magnify-clip.png","/wiki/Dreamland_(amusement_park)","/wiki/File:Nyc10795u.jpg","//upload.wikimedia.org/wikipedia/commons/thumb/3/3f/Nyc10795u.jpg/220px-Nyc10795u.jpg","/wiki/File:Nyc10795u.jpg","//bits.wikimedia.org/static-1.21wmf11/skins/common/images/magnify-clip.png","/wiki/Luna_Park,_Coney_Island","/wiki/File:Steeplechase_ride_LC-USZ62-78291.jpg","//upload.wikimedia.org/wikipedia/commons/thumb/c/cd/Steeplechase_ride_LC-USZ62-78291.jpg/220px-Steeplechase_ride_LC-USZ62-78291.jpg","/wiki/File:Steeplechase_ride_LC-USZ62-78291.jpg","//bits.wikimedia.org/static-1.21wmf11/skins/common/images/magnify-clip.png","/wiki/Steeplechase_Park","/w/index.php?title=List_of_defunct_amusement_parks&action=edit&section=61","/wiki/Al-Tro_Island_Park","/wiki/Albany,_New_York","/wiki/Astroland","/wiki/Brooklyn","/wiki/Monticello","/wiki/Olean,_New_York","/wiki/Dreamland_(amusement_park)","/wiki/Brooklyn","/wiki/Freedomland_U.S.A.","/wiki/Bronx","/w/index.php?title=Frontier_Town&action=edit&redlink=1","/wiki/North_Hudson,_New_York","/wiki/Gaslight_Village","/wiki/Lake_George_(town),_New_York","/w/index.php?title=Golden_City_(amusement_park)&action=edit&redlink=1","/wiki/Canarsie,_Brooklyn","/w/index.php?title=Kiddie-Park&action=edit&redlink=1","/wiki/Howard_Beach,_Queens","/wiki/Land_of_Makebelieve","/wiki/Jay,_New_York","/wiki/Luna_Park,_Coney_Island","/wiki/Luna_Park,_Olcott_Beach","/wiki/Luna_Amusement_Park","/wiki/Luna_Park,_Schenectady","/w/index.php?title=Dolle%27s_Park&action=edit&redlink=1","/w/index.php?title=Colonnade_Park&action=edit&redlink=1","/w/index.php?title=Palisades_Park,_Schenectady&action=edit&redlink=1","/wiki/Rexford_Park","/wiki/Nunley%27s","/wiki/Baldwin,_Nassau_County,_New_York","/wiki/Nunley%27s_Happyland","/wiki/Bethpage,_New_York","/wiki/Rockaways%27_Playland","/wiki/Queens","/wiki/Roseland_Park","/wiki/Canandaigua_(city),_New_York","/wiki/Sea_Lion_Park","/wiki/Coney_Island","/wiki/Steeplechase_Park","/wiki/Coney_Island","/w/index.php?title=Suburban_Park&action=edit&redlink=1","/wiki/Manlius_(town),_New_York","/w/index.php?title=Time_Town&action=edit&redlink=1","/wiki/Bolton_Landing,_New_York","/wiki/Orleans,_New_York","/w/index.php?title=List_of_defunct_amusement_parks&action=edit&section=62","/w/index.php?title=Dowdy%27s_Park&action=edit&redlink=1","/wiki/Nags_Head,_North_Carolina","/wiki/Land_of_Oz_(theme_park)","/wiki/Beech_Mountain,_North_Carolina","/wiki/File:Chippewa_Lake_ferris_wheel_2007.jpg","//upload.wikimedia.org/wikipedia/en/thumb/a/a1/Chippewa_Lake_ferris_wheel_2007.jpg/220px-Chippewa_Lake_ferris_wheel_2007.jpg","/wiki/File:Chippewa_Lake_ferris_wheel_2007.jpg","//bits.wikimedia.org/static-1.21wmf11/skins/common/images/magnify-clip.png","/wiki/Chippewa_Lake_Park","/wiki/File:Euclid_Beach_Park_Causeway.jpg","//upload.wikimedia.org/wikipedia/commons/thumb/f/fa/Euclid_Beach_Park_Causeway.jpg/220px-Euclid_Beach_Park_Causeway.jpg","/wiki/File:Euclid_Beach_Park_Causeway.jpg","//bits.wikimedia.org/static-1.21wmf11/skins/common/images/magnify-clip.png","/wiki/Euclid_Beach_Park","/w/index.php?title=List_of_defunct_amusement_parks&action=edit&section=63","/wiki/File:Lake_House_at_Olentangy_Park,_Columbus,_Ohio.jpg","//upload.wikimedia.org/wikipedia/commons/thumb/8/84/Lake_House_at_Olentangy_Park%2C_Columbus%2C_Ohio.jpg/220px-Lake_House_at_Olentangy_Park%2C_Columbus%2C_Ohio.jpg","/wiki/File:Lake_House_at_Olentangy_Park,_Columbus,_Ohio.jpg","//bits.wikimedia.org/static-1.21wmf11/skins/common/images/magnify-clip.png","/wiki/Americana/Lesourdesville_Lake_Amusement_Park","/wiki/Monroe,_Ohio","/wiki/The_Beach_Water_Park","/wiki/Mason,_Ohio","/w/index.php?title=Buckeye_Lake_Amusement_Park&action=edit&redlink=1","/w/index.php?title=Buckey_Lake,_Ohio&action=edit&redlink=1","/wiki/Chippewa_Lake_Park","/wiki/Chippewa_Lake,_Ohio","/w/index.php?title=Dover_Lake_Water_Park&action=edit&redlink=1","/wiki/Sagamore_Hills_Township,_Summit_County,_Ohio","/wiki/Euclid_Beach_Park","/wiki/Euclid,_Ohio","/wiki/Monroe,_Ohio","/wiki/Geauga_Lake_(amusement_park)","/wiki/Aurora,_Ohio","/wiki/Water_park","/wiki/Wildwater_Kingdom_(Aurora,_Ohio)","/wiki/Idora_Park,_Youngstown","/wiki/Youngstown,_Ohio","/wiki/Indianola_Park","/wiki/Columbus,_Ohio","/w/index.php?title=Lakeside_Park_(Dayton,_Ohio)&action=edit&redlink=1","/wiki/Dayton,_Ohio","/wiki/Luna_Park,_Cleveland","/wiki/Cleveland","/w/index.php?title=Luna_Park,_Mansfield&action=edit&redlink=1","/wiki/Mansfield,_Ohio","/w/index.php?title=Luna_Casino_Park&action=edit&redlink=1","/w/index.php?title=Meyers_Lake_Park&action=edit&redlink=1","/wiki/Canton,_Ohio","/wiki/Olentangy_Park","/wiki/Columbus,_Ohio","/wiki/Paradise_Lake","/wiki/Quaker_City,_Ohio","/w/index.php?title=Sandy_Beach_Amusement_Park&action=edit&redlink=1","/w/index.php?title=San_Juan_Amusement_Park&action=edit&redlink=1","/wiki/Indian_Lake_(Ohio)","/w/index.php?title=Playland_Park_(Ohio)&action=edit&redlink=1","/wiki/Russells_Point,_Ohio","/wiki/SeaWorld_Ohio","/wiki/Aurora,_Ohio","/wiki/Shady_Lake_Park","/wiki/Streetsboro,_Ohio","/w/index.php?title=Surf_Cincinnati&action=edit&redlink=1","/wiki/Cincinnati,_Ohio","/wiki/Perrysburg,_Ohio","/wiki/Grand_Rapids,_Ohio","/w/index.php?title=List_of_defunct_amusement_parks&action=edit&section=64","/wiki/Bell%27s_Amusement_Park","/wiki/Tulsa,_Oklahoma","/w/index.php?title=Electric_Park,_Blackwell&action=edit&redlink=1","/wiki/Blackwell,_Oklahoma","/wiki/National_Register_of_Historic_Places","/w/index.php?title=Lakeview_Amusement_Park&action=edit&redlink=1","/wiki/Tulsa,_Oklahoma","/wiki/Springlake_Amusement_Park","/wiki/Oklahoma_City","/wiki/Wedgewood_Village","/wiki/Oklahoma_City","/w/index.php?title=List_of_defunct_amusement_parks&action=edit&section=65","/wiki/Jantzen_Beach","/wiki/Portland,_Oregon","/wiki/Pixieland_(Oregon)","/wiki/Otis_Junction,_Oregon","/wiki/Thrill-Ville_USA","/wiki/Turner,_Oregon","/w/index.php?title=List_of_defunct_amusement_parks&action=edit&section=66","/w/index.php?title=Alameda_Park_(Pennsylvania)&action=edit&redlink=1","/wiki/Butler,_Pennsylvania","/wiki/Angela_Park_(amusement_park)","/wiki/Hazleton,_Pennsylvania","/wiki/Beechwood_Amusement_Park","/wiki/Havertown,_Pennsylvania","/w/index.php?title=Burkes_Glen_Park&action=edit&redlink=1","/wiki/Monroeville,_Pennsylvania","/w/index.php?title=Calhoun_Park&action=edit&redlink=1","/w/index.php?title=Lincoln_Place,_Pennsylvania&action=edit&redlink=1","/wiki/Cascade_Park,_New_Castle,_Pennsylvania","/wiki/New_Castle,_Pennsylvania","/w/index.php?title=Coney_Island_(Pennsylvania)&action=edit&redlink=1","/wiki/Neville_Township,_Allegheny_County,_Pennsylvania","/w/index.php?title=Dream_City_(amusement_park)&action=edit&redlink=1","/wiki/Wilkinsburg,_Pennsylvania","/w/index.php?title=Dreamland_Park&action=edit&redlink=1","/wiki/Ruscombmanor_Township,_Berks_County,_Pennsylvania","/wiki/Eldora_Park","/w/index.php?title=Eldora,_Pennsylvania&action=edit&redlink=1","/w/index.php?title=Harmarville_Park&action=edit&redlink=1","/wiki/Blawnox,_Pennsylvania","/wiki/Homestead,_Pennsylvania","/w/index.php?title=Junction_Park&action=edit&redlink=1","/wiki/New_Brighton,_Pennsylvania","/wiki/Lakeview_Park","/wiki/Royersford,_Pennsylvania","/w/index.php?title=Lenape_Park&action=edit&redlink=1","/wiki/Chester_County,_Pennsylvania","/wiki/Philadelphia","/wiki/Luna_Park,_Johnstown","/wiki/Johnstown,_Pennsylvania","/wiki/Luna_Park,_Pittsburgh","/wiki/Pittsburgh","/wiki/Luna_Park,_Scranton","/wiki/Scranton,_Pennsylvania","/wiki/Interstate_81","/w/index.php?title=Magic_Valley_(amusement_park)&action=edit&redlink=1","/wiki/Bushkill,_Pennsylvania","/w/index.php?title=Maple_Grove_Park_(Pennsylvania)&action=edit&redlink=1","/wiki/Pittsburgh","/w/index.php?title=Mapleview_Park&action=edit&redlink=1","/wiki/Canonsburg,_Pennsylvania","/w/index.php?title=Oakford_Park_(Pennsylvania)&action=edit&redlink=1","/wiki/Jeannette,_Pennsylvania","/w/index.php?title=Oakwood_Amusement_Park_(Pennsylvania)&action=edit&redlink=1","/wiki/Crafton,_Pennsylvania","/w/index.php?title=Olympia_Park_(Pennsylvania)&action=edit&redlink=1","/wiki/McKeesport,_Pennsylvania","/wiki/Paxtang_Park","/wiki/Harrisburg,_Pennsylvania","/w/index.php?title=Playtown_Park&action=edit&redlink=1","/wiki/Springfield_Township,_Delaware_County,_Pennsylvania","/w/index.php?title=Rainbow_Gardens&action=edit&redlink=1","/wiki/White_Oak,_Pennsylvania","/w/index.php?title=Rock_Point_Park&action=edit&redlink=1","/wiki/Ellwood_City,_Pennsylvania","/wiki/Rocky_Glen_Park","/wiki/Moosic,_Pennsylvania","/w/index.php?title=Rocky_Springs&action=edit&redlink=1","/wiki/Lancaster,_Pennsylvania","/w/index.php?title=Sans_Souci_Park&action=edit&redlink=1","/wiki/Hanover_Township,_Luzerne_County,_Pennsylvania","/wiki/Wilkes-Barre,_Pennsylvania","/wiki/Nanticoke,_Pennsylvania","/w/index.php?title=Southern_Park&action=edit&redlink=1","/w/index.php?title=Carrick,_Pennsylvania&action=edit&redlink=1","/wiki/West_View_Park","/wiki/Pittsburgh","/wiki/White_Swan_Park","/wiki/Moon_Township,_Pennsylvania","/wiki/Williams_Grove_Amusement_Park","/wiki/Mechanicsburg,_Pennsylvania","/wiki/Willow_Grove_Park","/wiki/Willow_Grove,_Pennsylvania","/w/index.php?title=Willow_Mill_Park&action=edit&redlink=1","/wiki/Mechanicsburg,_Pennsylvania","/wiki/File:Ferris_Wheel,_Rocky_Point,_RI.jpg","//upload.wikimedia.org/wikipedia/commons/thumb/d/df/Ferris_Wheel%2C_Rocky_Point%2C_RI.jpg/220px-Ferris_Wheel%2C_Rocky_Point%2C_RI.jpg","/wiki/File:Ferris_Wheel,_Rocky_Point,_RI.jpg","//bits.wikimedia.org/static-1.21wmf11/skins/common/images/magnify-clip.png","/wiki/Rocky_Point_Amusement_Park","/w/index.php?title=List_of_defunct_amusement_parks&action=edit&section=67","/wiki/Crescent_Park_(defunct_amusement_park)","/wiki/East_Providence,_Rhode_Island","/wiki/Enchanted_Forest_(Rhode_Island)","/wiki/Hope_Valley,_Rhode_Island","/wiki/Rocky_Point_Amusement_Park","/wiki/Warwick,_Rhode_Island","http://maps.google.com/maps?hl=en&t=k&ll=41.68913800,-71.36726300&q=United%20States&spn=0.003878,0.010815","/w/index.php?title=Vanity_Fair_(amusement_park)&action=edit&redlink=1","/wiki/East_Providence,_Rhode_Island","/w/index.php?title=List_of_defunct_amusement_parks&action=edit&section=68","/wiki/Myrtle_Beach,_South_Carolina","/wiki/Myrtle_Beach,_South_Carolina","/wiki/North_Myrtle_Beach,_South_Carolina","/wiki/Myrtle_Beach,_South_Carolina","/wiki/Freestyle_Music_Park","/wiki/Myrtle_Beach,_South_Carolina","/wiki/Freestyle_Music_Park","/wiki/Heritage_USA","/wiki/Fort_Mill,_South_Carolina","/wiki/Surfside_Beach,_South_Carolina","/wiki/Myrtle_Beach_Pavilion","/wiki/Myrtle_Beach,_South_Carolina","/wiki/Lancaster,_South_Carolina","/wiki/North_Myrtle_Beach,_South_Carolina","/wiki/File:Skyride_Opryland_1.jpg","//upload.wikimedia.org/wikipedia/commons/thumb/9/9a/Skyride_Opryland_1.jpg/220px-Skyride_Opryland_1.jpg","/wiki/File:Skyride_Opryland_1.jpg","//bits.wikimedia.org/static-1.21wmf11/skins/common/images/magnify-clip.png","/wiki/Opryland_USA","/w/index.php?title=List_of_defunct_amusement_parks&action=edit&section=69","/wiki/Libertyland","/wiki/Memphis,_Tennessee","/w/index.php?title=Magic_World&action=edit&redlink=1","/wiki/Pigeon_Forge,_Tennessee","/wiki/Opryland_USA","/wiki/Nashville,_Tennessee","/wiki/File:TexasCycloneHeaven.jpg","//upload.wikimedia.org/wikipedia/commons/thumb/f/fc/TexasCycloneHeaven.jpg/220px-TexasCycloneHeaven.jpg","/wiki/File:TexasCycloneHeaven.jpg","//bits.wikimedia.org/static-1.21wmf11/skins/common/images/magnify-clip.png","/wiki/Six_Flags_Astroworld","/w/index.php?title=List_of_defunct_amusement_parks&action=edit&section=70","/wiki/Aquarena_Springs","/wiki/San_Marcos,_Texas","/wiki/Boardwalk_Fun_Park","/wiki/Grand_Prairie,_Texas","/wiki/Castle_Golf_and_Games","/wiki/Houston","/w/index.php?title=Clown_Around&action=edit&redlink=1","/wiki/Grand_Prairie,_Texas","/w/index.php?title=Fame_City&action=edit&redlink=1","/wiki/Houston","/w/index.php?title=Fame_City_Water_Works&action=edit&redlink=1","/wiki/Houston","/w/index.php?title=Games_People_Play_(Houston)&action=edit&redlink=1","/wiki/Houston","/wiki/Hanna%E2%80%93Barbera_Land","/wiki/Spring,_Texas","/wiki/Magic_Landing","/wiki/El_Paso,_Texas","/w/index.php?title=Penny_Whistle_Park&action=edit&redlink=1","/wiki/Dallas,_Texas","/wiki/Peppermint_Park","/wiki/Houston","/wiki/Playland_Park_(Texas)","/wiki/San_Antonio","/wiki/Pleasure_Island_(Borger,_Texas_amusement_park)","/wiki/Borger,_Texas","/w/index.php?title=Pleasure_Pier&action=edit&redlink=1","/wiki/Port_Arthur,_Texas","/w/index.php?title=Sea_Arama&action=edit&redlink=1","/wiki/Galveston,_Texas","/wiki/Sesame_Place","/wiki/Irving,_Texas","/wiki/Seven_Seas_Marine_Life_Park","/wiki/Arlington,_Texas","/wiki/Six_Flags_AstroWorld","/wiki/Houston","/wiki/Wet_%27n_Wild_(United_States_water_park_chain)","/wiki/Garland,_Texas","/w/index.php?title=White_Water_(amusement_park)&action=edit&redlink=1","/wiki/Grand_Prairie,_Texas","/w/index.php?title=List_of_defunct_amusement_parks&action=edit&section=71","/wiki/Saltair,_Utah","/wiki/Magna,_Utah","/w/index.php?title=Saratoga_Resort&action=edit&redlink=1","/wiki/Lehi,_Utah","/w/index.php?title=List_of_defunct_amusement_parks&action=edit&section=72","/w/index.php?title=Buckroe_Beach_Amusement_Park&action=edit&redlink=1","/wiki/Hampton,_Virginia","/wiki/Lakeside_Amusement_Park_(Salem,_Virginia)","/wiki/Salem,_Virginia","/wiki/Luna_Park,_Arlington","/wiki/Ocean_View_Amusement_Park","/wiki/Norfolk,_Virginia","/wiki/File:Seattle_-_Luna_Park_-_1910.jpg","//upload.wikimedia.org/wikipedia/commons/thumb/b/b9/Seattle_-_Luna_Park_-_1910.jpg/220px-Seattle_-_Luna_Park_-_1910.jpg","/wiki/File:Seattle_-_Luna_Park_-_1910.jpg","//bits.wikimedia.org/static-1.21wmf11/skins/common/images/magnify-clip.png","/wiki/Luna_Park_(Seattle)","/w/index.php?title=List_of_defunct_amusement_parks&action=edit&section=73","/wiki/Luna_Park,_Seattle","/wiki/Seattle","/wiki/Santafair","/wiki/Federal_Way,_Washington","/w/index.php?title=List_of_defunct_amusement_parks&action=edit&section=74","/wiki/Luna_Park,_Charleston","/wiki/Rock_Springs_Park","/wiki/Chester,_West_Virginia","/wiki/Jennings_Randolph_Bridge","/wiki/Ohio_River","/w/index.php?title=List_of_defunct_amusement_parks&action=edit&section=75","/wiki/Electric_Park","/wiki/Oshkosh,_Wisconsin","/wiki/Kenosha%27s_Lake_Front_Stadium","#cite_note-20","/w/index.php?title=Muskego_Beach_Amusement_Park&action=edit&redlink=1","/wiki/Muskego,_Wisconsin","/w/index.php?title=Dandelion_Park&action=edit&redlink=1","/w/index.php?title=Rainbow_Falls_Family_Amusement_Park&action=edit&redlink=1","/wiki/Plover,_Wisconsin","/w/index.php?title=Riverview_Park_%26_Waterworld&action=edit&redlink=1","/wiki/Wisconsin_Dells,_Wisconsin","/w/index.php?title=List_of_defunct_amusement_parks&action=edit&section=76","/wiki/File:Sega-world.gif","//upload.wikimedia.org/wikipedia/commons/thumb/e/ee/Sega-world.gif/220px-Sega-world.gif","/wiki/File:Sega-world.gif","//bits.wikimedia.org/static-1.21wmf11/skins/common/images/magnify-clip.png","/wiki/SegaWorld_Sydney","/wiki/File:Robsons_figure_eight_st_kilda.jpg","//upload.wikimedia.org/wikipedia/en/thumb/5/50/Robsons_figure_eight_st_kilda.jpg/220px-Robsons_figure_eight_st_kilda.jpg","/wiki/File:Robsons_figure_eight_st_kilda.jpg","//bits.wikimedia.org/static-1.21wmf11/skins/common/images/magnify-clip.png","/wiki/Dreamland_(Melbourne_amusement_park)","/wiki/File:Leasurelandpic2.jpg","//upload.wikimedia.org/wikipedia/commons/thumb/2/2a/Leasurelandpic2.jpg/220px-Leasurelandpic2.jpg","/wiki/File:Leasurelandpic2.jpg","//bits.wikimedia.org/static-1.21wmf11/skins/common/images/magnify-clip.png","/wiki/Leisureland_Fair","/wiki/File:Wobbies_World_Helicopter_Monorail_and_Airplane.jpg","//upload.wikimedia.org/wikipedia/commons/thumb/1/11/Wobbies_World_Helicopter_Monorail_and_Airplane.jpg/220px-Wobbies_World_Helicopter_Monorail_and_Airplane.jpg","/wiki/File:Wobbies_World_Helicopter_Monorail_and_Airplane.jpg","//bits.wikimedia.org/static-1.21wmf11/skins/common/images/magnify-clip.png","/wiki/Wobbies_World","/w/index.php?title=List_of_defunct_amusement_parks&action=edit&section=77","/w/index.php?title=List_of_defunct_amusement_parks&action=edit&section=78","/w/index.php?title=Canberry_Fair&action=edit&redlink=1","/wiki/Canberra,_Australian_Capital_Territory","/w/index.php?title=List_of_defunct_amusement_parks&action=edit&section=79","/wiki/African_Lion_Safari_(Warragamba)","/wiki/Warragamba,_New_South_Wales","/wiki/Bullen%27s_Animal_World","/wiki/Wallacia,_New_South_Wales","/wiki/El_Caballo_Blanco","/wiki/Catherine_Field,_New_South_Wales","/wiki/Fantasy_Glades","/wiki/Port_Macquarie,_New_South_Wales","/wiki/Leyland_Brothers_World","/wiki/Karuah,_New_South_Wales","/wiki/Magic_Kingdom,_Sydney","/wiki/Lansvale,_New_South_Wales","/wiki/Manly_Fun_Pier","/wiki/Manly,_New_South_Wales","/wiki/Mount_Druitt_Waterworks","/wiki/Old_Sydney_Town","/wiki/Somersby,_New_South_Wales","/wiki/O%60Neills_Adventure_Land","/wiki/Leppington,_New_South_Wales","/w/index.php?title=Paradise_Gardens&action=edit&redlink=1","/wiki/Cattai,_New_South_Wales","/wiki/Sega_World_Sydney","/wiki/Wonderland_Sydney","/w/index.php?title=List_of_defunct_amusement_parks&action=edit&section=80","/wiki/Marineland","//toolserver.org/%7Edispenser/cgi-bin/dab_solver.py?page=List_of_defunct_amusement_parks&editintro=Template:Disambiguation_needed/editintro&client=Template:Dn","/w/index.php?title=Main_Beach,_Gold_Coast,_Queensland&action=edit&redlink=1","/w/index.php?title=Adventure_Parc&action=edit&redlink=1","/w/index.php?title=Mt_Tamborine,_Queensland&action=edit&redlink=1","/w/index.php?title=Amazon%27s_Water_Park&action=edit&redlink=1","/wiki/Jindalee,_Queensland","/w/index.php?title=Aquatic_Adventureland&action=edit&redlink=1","/w/index.php?title=North_Rockhampton,_Queensland&action=edit&redlink=1","/w/index.php?title=Grundy%27s_Entertainment_Centre&action=edit&redlink=1","/wiki/Surfers_Paradise,_Queensland","/wiki/Magic_Mountain,_Nobby_Beach","/wiki/Nobby_Beach,_Queensland","/w/index.php?title=Mirage_Grand_Prix&action=edit&redlink=1","/wiki/Oxley,_Queensland","/w/index.php?title=Nostalgia_Town&action=edit&redlink=1","/w/index.php?title=Pacific_Paradise&action=edit&redlink=1","/wiki/Sunshine_Coast,_Queensland","/w/index.php?title=Olympia_Theme_Park&action=edit&redlink=1","/wiki/Alexandra_Headland,_Queensland","/wiki/Sunshine_Coast,_Queensland","/w/index.php?title=List_of_defunct_amusement_parks&action=edit&section=81","/wiki/Dazzleland,_Adelaide","/wiki/Myer_Centre,_Adelaide","/wiki/Luna_Park","/wiki/Glenelg,_South_Australia","/w/index.php?title=List_of_defunct_amusement_parks&action=edit&section=82","/w/index.php?title=African_Lion_Safari_(Rockbank)&action=edit&redlink=1","/wiki/Rockbank,_Victoria","/wiki/Dinosaur_World_(Creswick)","/wiki/Creswick,_Victoria","/wiki/Dreamland_(Melbourne_amusement_park)","/wiki/St_Kilda,_Victoria","/wiki/Hi-Lite_Park","/wiki/Geelong,_Victoria","/wiki/Leisureland_Fair","/wiki/Langwarrin,_Victoria","/w/index.php?title=Rosebud_Fun_and_Picnic_Park&action=edit&redlink=1","/wiki/Rosebud,_Victoria","/w/index.php?title=The_Swagmans_Hat_Amusement_Park&action=edit&redlink=1","/wiki/Corinella,_Victoria","/w/index.php?title=Wirth%27s_Olympia_Circus&action=edit&redlink=1","/w/index.php?title=St_Kilda_Rd,_Melbourne,_Victoria&action=edit&redlink=1","/wiki/Wobbies_World","/wiki/Forest_Hill,_Victoria","/w/index.php?title=List_of_defunct_amusement_parks&action=edit&section=83","/w/index.php?title=Action_Park_(Perth)&action=edit&redlink=1","/wiki/Mirrabooka,_Western_Australia","/wiki/Atlantis_Marine_Park","/wiki/Two_Rocks,_Western_Australia","/w/index.php?title=Bullen%E2%80%99s_African_Lion_Safari_Park&action=edit&redlink=1","/wiki/Wanneroo,_Western_Australia","#cite_note-21","/w/index.php?title=Dizzylamb_Park&action=edit&redlink=1","/wiki/Carabooda,_Western_Australia","/w/index.php?title=Elizabethan_Village&action=edit&redlink=1","/wiki/Armadale,_Western_Australia","/w/index.php?title=Luna_Park,_Scarborough&action=edit&redlink=1","/wiki/Scarborough,_Western_Australia","/w/index.php?title=Pioneer_World&action=edit&redlink=1","/wiki/Armadale,_Western_Australia","/wiki/White_City,_Perth","/wiki/Perth,_Western_Australia","#cite_note-22","/w/index.php?title=List_of_defunct_amusement_parks&action=edit&section=84","/w/index.php?title=Serendipity_Park&action=edit&redlink=1","/wiki/Devonport,_Tasmania","/w/index.php?title=List_of_defunct_amusement_parks&action=edit&section=85","/wiki/Footrot_Flats","/wiki/Te_Atatu_Peninsula","/wiki/Auckland","/wiki/Auckland","#cite_note-23","/wiki/Luna_Park","/wiki/Quay_Street","/wiki/Auckland","/w/index.php?title=List_of_defunct_amusement_parks&action=edit&section=86","/wiki/Terra_Encantada","/wiki/Rio_de_Janeiro,_Brazil","/w/index.php?title=Playcenter&action=edit&redlink=1","/wiki/S%C3%A3o_Paulo,_Brazil","/w/index.php?title=List_of_defunct_amusement_parks&action=edit&section=87","/wiki/Amusement_park","/wiki/Standing_but_not_operating","/wiki/Electric_Park","/wiki/Luna_Park","/wiki/White_City_(amusement_parks)","/wiki/Amusement_park_accidents","/wiki/List_of_amusement_parks","/wiki/List_of_closed_rides_and_attractions","/wiki/List_of_world%27s_fairs","/w/index.php?title=List_of_defunct_amusement_parks&action=edit&section=88","#cite_ref-1","http://www.rcdb.com/5748.htm","#cite_ref-2","http://www.rcdb.com/9396.htm","#cite_ref-3","http://www.rcdb.com/9386.htm","#cite_ref-4","http://www.aalborgkommune.dk/Om_kommunen/Byplanlaegning/Byomdannelse-og-byudvikling/Sider/Karolinelund.aspx","#cite_ref-5","//fr.wikipedia.org/wiki/Arch%C3%A9odrome_de_Beaune","#cite_ref-6","http://www.rcdb.com/5915.htm","#cite_ref-7","http://www.rcdb.com/5223.htm","#cite_ref-8","http://www.detnews.com/2005/nation/0510/07/A14-338779.htm","http://www.detnews.com/2005/nation/0510/07/A14-338779.htm","#cite_ref-9","http://www.panoramio.com/photo/53816","http://www.panoramio.com/photo/53816","#cite_ref-10","http://www.westland.net/venicehistory/articles/venicepier.htm","#cite_ref-11","https://www.facebook.com/media/set/?set=a.10151458744063277.435402.311571493276&type=1","#cite_ref-12","http://www.bigfloridacountry.com/wonderland.htm","#cite_ref-13","http://www.watermania-florida.com/","#cite_ref-coasterstop_14-0","#cite_ref-15","http://www.flickr.com/photos/54177448@N00/191276974/in/set-72157594183024357/","#cite_ref-16","http://www.flickr.com/photos/54177448@N00/191431967/in/set-72157594183024357/","#cite_ref-17","http://www.city-data.com/neighborhood/Old-Vegas-Henderson-NV.html","#cite_ref-18","http://www.irvingtonremembered.org/html/siegel__olympic.html","#cite_ref-19","http://photos.nj.com/star-ledger/2012/08/monument_memorializes_the_site_8.html","#cite_ref-20","http://drumcorpswiki.com/Lake_Front_Stadium","#cite_ref-21","https://creditorwatch.com.au/express/asic/organisation/008742201","#cite_ref-22","http://www.slwa.wa.gov.au/swan_river/living_with_the_land/white_city","#cite_ref-23","http://www.localhistoryonline.org.nz/cgi-bin/PUI?e=-----------1-0-0&a=d&c=supercol&cl=CL2.L.Leisureland%20Theme%20Park&d=wanw-WNI-AAA-4965","/w/index.php?title=List_of_defunct_amusement_parks&action=edit&section=89","http://www.defunctparks.com/","http://wbgu.org/amusementparks","http://www.moderndayruins.com/search/label/Amusement%20Parks","http://forum.aboutnewjersey.com/showthread.php?t=190","/wiki/Template:Amusement_parks","/wiki/Template_talk:Amusement_parks","//en.wikipedia.org/w/index.php?title=Template:Amusement_parks&action=edit","/wiki/Amusement_park","/wiki/Amusement_park","/wiki/Animal_theme_park","/wiki/Family_entertainment_center","/wiki/Funfair","/wiki/Safari_park","/wiki/Water_park","/wiki/Exclusive_Ride_Time","/wiki/Show_building","/wiki/Single_rider","/wiki/Standing_but_not_operating","/wiki/List_of_amusement_park_rankings","/wiki/List_of_roller_coaster_rankings","/wiki/List_of_closed_rides_and_attractions","/wiki/Category:Amusement_parks","/wiki/Portal:Amusement_parks","/wiki/Wikipedia:APARKS","http://en.wikipedia.org/w/index.php?title=List_of_defunct_amusement_parks&oldid=546218981","/wiki/Help:Categories","/wiki/Category:Defunct_amusement_parks","/wiki/Category:Lists_of_former_buildings_and_structures","/wiki/Category:Lists_of_amusement_parks","/wiki/Category:Articles_with_links_needing_disambiguation_from_May_2012","/w/index.php?title=Special:UserLogin&returnto=List+of+defunct+amusement+parks&type=signup","/w/index.php?title=Special:UserLogin&returnto=List+of+defunct+amusement+parks","/wiki/List_of_defunct_amusement_parks","/wiki/Talk:List_of_defunct_amusement_parks","#","/wiki/List_of_defunct_amusement_parks","/w/index.php?title=List_of_defunct_amusement_parks&action=edit","/w/index.php?title=List_of_defunct_amusement_parks&action=history","#","/w/index.php","//bits.wikimedia.org/static-1.21wmf11/skins/vector/images/search-ltr.png?303-4","/wiki/Main_Page","/wiki/Main_Page","/wiki/Portal:Contents","/wiki/Portal:Featured_content","/wiki/Portal:Current_events","/wiki/Special:Random","//donate.wikimedia.org/wiki/Special:FundraiserRedirector?utm_source=donate&utm_medium=sidebar&utm_campaign=C13_en.wikipedia.org&uselang=en","/wiki/Help:Contents","/wiki/Wikipedia:About","/wiki/Wikipedia:Community_portal","/wiki/Special:RecentChanges","/wiki/Wikipedia:Contact_us","/wiki/Special:WhatLinksHere/List_of_defunct_amusement_parks","/wiki/Special:RecentChangesLinked/List_of_defunct_amusement_parks","/wiki/Wikipedia:File_Upload_Wizard","/wiki/Special:SpecialPages","/w/index.php?title=List_of_defunct_amusement_parks&oldid=546218981","/w/index.php?title=List_of_defunct_amusement_parks&action=info","/w/index.php?title=Special:Cite&page=List_of_defunct_amusement_parks&id=546218981","/w/index.php?title=Special:Book&bookcmd=book_creator&referer=List+of+defunct+amusement+parks","/w/index.php?title=Special:Book&bookcmd=render_article&arttitle=List+of+defunct+amusement+parks&oldid=546218981&writer=rl","/w/index.php?title=List_of_defunct_amusement_parks&printable=yes","//nl.wikipedia.org/wiki/Lijst_van_gesloten_attractieparken","//www.wikidata.org/wiki/Special:ItemByTitle/enwiki/List of defunct amusement parks","//en.wikipedia.org/wiki/Wikipedia:Text_of_Creative_Commons_Attribution-ShareAlike_3.0_Unported_License","//creativecommons.org/licenses/by-sa/3.0/","//wikimediafoundation.org/wiki/Terms_of_Use","//www.wikimediafoundation.org/","//en.wikipedia.org/wiki/Wikipedia:Contact_us","//wikimediafoundation.org/wiki/Privacy_policy","/wiki/Wikipedia:About","/wiki/Wikipedia:General_disclaimer","http://en.m.wikipedia.org/wiki/List_of_defunct_amusement_parks","//wikimediafoundation.org/","//bits.wikimedia.org/images/wikimedia-button.png","//www.mediawiki.org/","//bits.wikimedia.org/static-1.21wmf11/skins/common/images/poweredby_mediawiki_88x31.png","//bits.wikimedia.org/en.wikipedia.org/load.php?debug=false&lang=en&modules=skins.vector&only=scripts&skin=vector&*","/w/index.php?title=MediaWiki:Gadget-ReferenceTooltips.js&action=raw&ctype=text/javascript&508635914","//bits.wikimedia.org/en.wikipedia.org/load.php?debug=false&lang=en&modules=site&only=scripts&skin=vector&*"],"instances":["creswick","artxanda","wichita","amusement_park","water_park","texas","osage_beach","pennsylvania","french_region","amusement_parks","rockbank","amusement_park","detroit","pennsylvania","melbourne_amusement_park","san_francisco","united_states_water_park_chain","region","pennsylvania","illinois","perth","kuala_lumpur","indianapolis","minneapolis","oregon","rhode_island","city","pennsylvania","amusement_park","song","theme_park","schererville","commune","amusement_park","amusement_park","amusement_park","tempelhofer_berge","baltimore","hong_kong","ohio","houston","amusement_park","berlin","amusement_park","florida","amusement_park","amusement_park","pennsylvania","wichita","pennsylvania","amusement_park","defunct_amusement_park","denver","illinois","wichita","amusement_park","theme_park","theme_park","theme_park"],"pdf":[],"categories":["Defunct amusement parks|","Lists of former buildings and structures|Amusement parks","Lists of amusement parks|Defunct"],"headings":["Africa","Asia","Europe","North America","Oceania","South America","See also","References","External links"],"image":["//upload.wikimedia.org/wikipedia/commons/thumb/8/87/Derelict_amusement_park_in_Pemba%2C_Tanzania.JPG/220px-Derelict_amusement_park_in_Pemba%2C_Tanzania.JPG","//bits.wikimedia.org/static-1.21wmf11/skins/common/images/magnify-clip.png","//upload.wikimedia.org/wikipedia/commons/thumb/7/70/Nara_dreamland_castle.jpg/220px-Nara_dreamland_castle.jpg","//bits.wikimedia.org/static-1.21wmf11/skins/common/images/magnify-clip.png","//upload.wikimedia.org/wikipedia/commons/thumb/4/4c/Dadizele_-_Dadipark_1.jpg/220px-Dadizele_-_Dadipark_1.jpg","//bits.wikimedia.org/static-1.21wmf11/skins/common/images/magnify-clip.png","//upload.wikimedia.org/wikipedia/commons/thumb/5/58/Sofia_land_entrance.JPG/220px-Sofia_land_entrance.JPG","//bits.wikimedia.org/static-1.21wmf11/skins/common/images/magnify-clip.png","//upload.wikimedia.org/wikipedia/commons/thumb/b/be/American_Adventure.jpg/220px-American_Adventure.jpg","//bits.wikimedia.org/static-1.21wmf11/skins/common/images/magnify-clip.png","//upload.wikimedia.org/wikipedia/commons/thumb/f/f0/Granada_Studios.jpg/220px-Granada_Studios.jpg","//bits.wikimedia.org/static-1.21wmf11/skins/common/images/magnify-clip.png","//upload.wikimedia.org/wikipedia/commons/thumb/4/49/Bundesarchiv_Bild_102-00075%2C_Berlin%2C_Drehbares_Haus_im_Luna_Park.jpg/220px-Bundesarchiv_Bild_102-00075%2C_Berlin%2C_Drehbares_Haus_im_Luna_Park.jpg","//bits.wikimedia.org/static-1.21wmf11/skins/common/images/magnify-clip.png","//upload.wikimedia.org/wikipedia/commons/thumb/5/5b/Pripyat01.jpg/220px-Pripyat01.jpg","//bits.wikimedia.org/static-1.21wmf11/skins/common/images/magnify-clip.png","//upload.wikimedia.org/wikipedia/commons/thumb/e/e0/Boblo.jpg/220px-Boblo.jpg","//bits.wikimedia.org/static-1.21wmf11/skins/common/images/magnify-clip.png","//upload.wikimedia.org/wikipedia/commons/thumb/7/73/Sunnyside_Boardwalk_Toronto_1931.jpg/220px-Sunnyside_Boardwalk_Toronto_1931.jpg","//bits.wikimedia.org/static-1.21wmf11/skins/common/images/magnify-clip.png","//upload.wikimedia.org/wikipedia/commons/thumb/d/dd/Dogpatch_USA.JPG/220px-Dogpatch_USA.JPG","//bits.wikimedia.org/static-1.21wmf11/skins/common/images/magnify-clip.png","//upload.wikimedia.org/wikipedia/commons/thumb/3/37/WIKI_CG_03.jpg/220px-WIKI_CG_03.jpg","//bits.wikimedia.org/static-1.21wmf11/skins/common/images/magnify-clip.png","//upload.wikimedia.org/wikipedia/en/thumb/4/47/Joyland_Wichita_Sign_2003.jpg/220px-Joyland_Wichita_Sign_2003.jpg","//bits.wikimedia.org/static-1.21wmf11/skins/common/images/magnify-clip.png","//upload.wikimedia.org/wikipedia/commons/thumb/8/86/6FlagsTowerFromParisHwy.jpg/220px-6FlagsTowerFromParisHwy.jpg","//bits.wikimedia.org/static-1.21wmf11/skins/common/images/magnify-clip.png","//upload.wikimedia.org/wikipedia/commons/thumb/3/33/White_city_amusement_park_1.jpg/220px-White_city_amusement_park_1.jpg","//bits.wikimedia.org/static-1.21wmf11/skins/common/images/magnify-clip.png","//upload.wikimedia.org/wikipedia/commons/thumb/1/1f/Wyer_House_2.JPG/220px-Wyer_House_2.JPG","//bits.wikimedia.org/static-1.21wmf11/skins/common/images/magnify-clip.png","//upload.wikimedia.org/wikipedia/commons/thumb/5/53/Celebration_City_Gate.jpg/220px-Celebration_City_Gate.jpg","//bits.wikimedia.org/static-1.21wmf11/skins/common/images/magnify-clip.png","//upload.wikimedia.org/wikipedia/commons/thumb/b/b6/Dreamland_tower_1907.jpg/220px-Dreamland_tower_1907.jpg","//bits.wikimedia.org/static-1.21wmf11/skins/common/images/magnify-clip.png","//upload.wikimedia.org/wikipedia/commons/thumb/3/3f/Nyc10795u.jpg/220px-Nyc10795u.jpg","//bits.wikimedia.org/static-1.21wmf11/skins/common/images/magnify-clip.png","//upload.wikimedia.org/wikipedia/commons/thumb/c/cd/Steeplechase_ride_LC-USZ62-78291.jpg/220px-Steeplechase_ride_LC-USZ62-78291.jpg","//bits.wikimedia.org/static-1.21wmf11/skins/common/images/magnify-clip.png","//upload.wikimedia.org/wikipedia/en/thumb/a/a1/Chippewa_Lake_ferris_wheel_2007.jpg/220px-Chippewa_Lake_ferris_wheel_2007.jpg","//bits.wikimedia.org/static-1.21wmf11/skins/common/images/magnify-clip.png","//upload.wikimedia.org/wikipedia/commons/thumb/f/fa/Euclid_Beach_Park_Causeway.jpg/220px-Euclid_Beach_Park_Causeway.jpg","//bits.wikimedia.org/static-1.21wmf11/skins/common/images/magnify-clip.png","//upload.wikimedia.org/wikipedia/commons/thumb/8/84/Lake_House_at_Olentangy_Park%2C_Columbus%2C_Ohio.jpg/220px-Lake_House_at_Olentangy_Park%2C_Columbus%2C_Ohio.jpg","//bits.wikimedia.org/static-1.21wmf11/skins/common/images/magnify-clip.png","//upload.wikimedia.org/wikipedia/commons/thumb/d/df/Ferris_Wheel%2C_Rocky_Point%2C_RI.jpg/220px-Ferris_Wheel%2C_Rocky_Point%2C_RI.jpg","//bits.wikimedia.org/static-1.21wmf11/skins/common/images/magnify-clip.png","//upload.wikimedia.org/wikipedia/commons/thumb/9/9a/Skyride_Opryland_1.jpg/220px-Skyride_Opryland_1.jpg","//bits.wikimedia.org/static-1.21wmf11/skins/common/images/magnify-clip.png","//upload.wikimedia.org/wikipedia/commons/thumb/f/fc/TexasCycloneHeaven.jpg/220px-TexasCycloneHeaven.jpg","//bits.wikimedia.org/static-1.21wmf11/skins/common/images/magnify-clip.png","//upload.wikimedia.org/wikipedia/commons/thumb/b/b9/Seattle_-_Luna_Park_-_1910.jpg/220px-Seattle_-_Luna_Park_-_1910.jpg","//bits.wikimedia.org/static-1.21wmf11/skins/common/images/magnify-clip.png","//upload.wikimedia.org/wikipedia/commons/thumb/e/ee/Sega-world.gif/220px-Sega-world.gif","//bits.wikimedia.org/static-1.21wmf11/skins/common/images/magnify-clip.png","//upload.wikimedia.org/wikipedia/en/thumb/5/50/Robsons_figure_eight_st_kilda.jpg/220px-Robsons_figure_eight_st_kilda.jpg","//bits.wikimedia.org/static-1.21wmf11/skins/common/images/magnify-clip.png","//upload.wikimedia.org/wikipedia/commons/thumb/2/2a/Leasurelandpic2.jpg/220px-Leasurelandpic2.jpg","//bits.wikimedia.org/static-1.21wmf11/skins/common/images/magnify-clip.png","//upload.wikimedia.org/wikipedia/commons/thumb/1/11/Wobbies_World_Helicopter_Monorail_and_Airplane.jpg/220px-Wobbies_World_Helicopter_Monorail_and_Airplane.jpg","//bits.wikimedia.org/static-1.21wmf11/skins/common/images/magnify-clip.png","//bits.wikimedia.org/static-1.21wmf11/skins/vector/images/search-ltr.png?303-4","//bits.wikimedia.org/images/wikimedia-button.png","//bits.wikimedia.org/static-1.21wmf11/skins/common/images/poweredby_mediawiki_88x31.png"],"tags":[["wonderland_amusement_park","beijing"],["tiger_balm_garden","hong_kong"],["the_mall","kuala_lumpur"],["le-de-france","region"],["burgundy","french_region"],["lunarpark","berlin"],["kreuzberg","tempelhofer_berge"],["white_city","isle_of_man"],["loudoun_castle","theme_park"],["parque_de_atracciones_de_vizcaya","artxanda"],["prypiat","city"],["ontario_place","theme_park"],["dinosaur_world","arkansas"],["pacific_city","amusement_park"],["playland","san_francisco"],["santa's_village","lake_arrowhead"],["santa's_village","scotts_valley,_california"],["tahoe_amusement_park","south_lake_tahoe,_california"],["venice_amusement_pier","amusement_park"],["wild_rivers","water_park"],["wonderland_amusement_park","san_diego"],["manhattan_beach","denver"],["manhattan_beach","denver"],["circus_world","theme_park"],["splendid_china","florida"],["adventureland","illinois"],["riverview_park","chicago"],["santa's_village","illinois"],["white_city","chicago"],["enchanted_forest","indiana"],["playland_park","indiana"],["riverside_amusement_park","indianapolis"],["sauzers_kiddie_land","schererville"],["white_city","indianapolis"],["wonderland_amusement_park","indianapolis"],["riverview_park","iowa"],["joyland_amusement_park","wichita"],["kiddieland_amusement_park","wichita"],["wonderland_park","wichita"],["white_city","new_orleans"],["enchanted_forest","maryland"],["marshall_hall","amusement_park"],["pleasure_island","edgemere,_maryland"],["riverview_park","baltimore"],["lincoln_park","dartmouth,_massachusetts"],["lincoln_park","worcester,_massachusetts"],["merrimac_park","methuen,_massachusetts"],["mountain_park","holyoke,_massachusetts"],["pirate's_park","salisbury_beach,_massachusetts"],["pleasure_island","massachusetts_amusement_park"],["shaheen's_fun-o-rama","salisbury_beach,_massachusetts"],["white_city","shrewsbury,_massachusetts"],["wonderland_amusement_park","revere"],["edgewater_park","detroit"],["house_of_david","commune"],["park_island","amusement_park"],["wonderland_amusement_park","minneapolis"],["the_fort","osage_beach"],["westlake_park","st._louis"],["coney_island","reno"],["wet_'n_wild","brand"],["kid's_world","amusement_park"],["palisades_park","song"],["dreamland","amusement_park"],["lake_george","town,_new_york"],["golden_city","amusement_park"],["canandaigua","city,_new_york"],["manlius","town,_new_york"],["land_of_oz","theme_park"],["geauga_lake","amusement_park"],["wildwater_kingdom","aurora,_ohio"],["lakeside_park","dayton,_ohio"],["indian_lake","ohio"],["playland_park","ohio"],["pixieland","oregon"],["alameda_park","pennsylvania"],["angela_park","amusement_park"],["coney_island","pennsylvania"],["dream_city","amusement_park"],["magic_valley","amusement_park"],["maple_grove_park","pennsylvania"],["oakford_park","pennsylvania"],["oakwood_amusement_park","pennsylvania"],["olympia_park","pennsylvania"],["crescent_park","defunct_amusement_park"],["enchanted_forest","rhode_island"],["vanity_fair","amusement_park"],["games_people_play","houston"],["playland_park","texas"],["pleasure_island","borger,_texas_amusement_park"],["wet_'n_wild","united_states_water_park_chain"],["white_water","amusement_park"],["lakeside_amusement_park","salem,_virginia"],["african_lion_safari","warragamba"],["african_lion_safari","rockbank"],["dinosaur_world","creswick"],["dreamland","melbourne_amusement_park"],["action_park","perth"],["white_city","amusement_parks"]],"members":["dinosaur_world","parque_de_atracciones_de_vizcaya","joyland_amusement_park","wild_rivers","playland_park","the_fort","tahoe_amusement_park","oakford_park","burgundy","white_city","african_lion_safari","dream_city","edgewater_park","coney_island","dreamland","manlius","playland","wildwater_kingdom","oakwood_amusement_park","adventureland","action_park","the_mall","riverside_amusement_park","wonderland_amusement_park","pixieland","enchanted_forest","prypiat","alameda_park","magic_valley","palisades_park","mountain_park","land_of_oz","sauzers_kiddie_land","house_of_david","angela_park","white_water","golden_city","kreuzberg","lake_george","riverview_park","tiger_balm_garden","indian_lake","games_people_play","park_island","lunarpark","pacific_city","splendid_china","venice_amusement_pier","westlake_park","pleasure_island","geauga_lake","lincoln_park","maple_grove_park","kiddieland_amusement_park","olympia_park","vanity_fair","canandaigua","merrimac_park","lakeside_park","crescent_park","manhattan_beach","wonderland_park","marshall_hall","circus_world","ontario_place","lakeside_amusement_park","loudoun_castle"],"related":["Amusement_park","Amusement_park","Luna_Park,_Cairo","Umoja_Children's_Park","Chake-Chake","Zanzibar","Wonderland_Amusement_Park_(Beijing)","Guilin","Green_Ville_Amusement_Park","Tai_Po","Kai_Tak_Amusement_Park","Kowloon","Lai_Chi_Kok_Amusement_Park","Lai_Chi_Kok","Luna_Park,_Hong_Kong","North_Point","Tiger_Balm_Garden_(Hong_Kong)","Wan_Chai","Shahr-e_Bazi","Tehran","Luna_Park,_Tehran","Expoland","Osaka","Shinsekai","Kawaguchi-machi","Yamanashi_prefecture","Kappapia,_Takasaki_Kannon-yama_Recreational_Park","Takasaki","Gunma_Prefecture","Shiga_Prefecture","Luna_Park,_Osaka","Shinsekai","Luna_Park,_Tokyo","Asakusa","Nara_Dreamland","Nara,_Nara","Nara_Prefecture","Yokohama_Dreamland","Yokohama","Kanagawa_Prefecture","The_Mall_(Kuala_Lumpur)","Mimaland","Gay_World_Amusement_Park","Great_World_Amusement_Park","New_World_Amusement_Park","Dakeng","921_earthquake","Dakeng","921_earthquake","Dadipark","Dadizele","Expo_58","Brussels","Land_van_Ooit","Tongeren","Antwerp","Antwerp","Sofia_Land","Sofia","Balkans","Aarup","Karolinelund","Aalborg","Nordsjllands_Sommerpark","Ulstrup_Castle","Ulstrup","The_American_Adventure_Theme_Park","Derbyshire","Belle_Vue_Zoological_Gardens","Manchester","Zoo","Somerset","Camelot_Theme_Park","Lancashire","Dobwalls_Adventure_Park","Cornwall","Dreamland_Margate","Margate","The_Scenic_Railway","Frontierland,_Morecambe","Granada_Studios_Tour","Manchester","Ilfracombe","Devon","Mortehoe_and_Woolacombe_railway_station","Watermouth_Castle","Pleasureland_Southport","Southport","Liverpool","Tucktonia","Dorset","landsparken","Mariehamn","land_Islands","Planet_FunFun","Kerava","Arocity","Aubenas","Archodrome_de_Beaune","La_valle_des_Peaux_Rouges","le-de-France_(region)","Lillom","Lomme","Luna_Park,_Paris","Mirapolis","Cergy-Pontoise","Nautiparc","Chambry","Savoie","Dijon","Burgundy_(French_region)","Toon's_Land","Cap_d'Agde","Languedoc_Roussillon","Zygofolis","Nice","Provence-Alpes-Cte_d'Azur","Luna_Park,_Berlin","Lunarpark_(Berlin)","Luna_Park,_Hamburg-Altona","Lunarpark_Hamburg-Altona","Luna_Park,_Leipzig","Luna-Park_am_Auensee","Safariland","Gro-Gerau_Wallerstdten","Spreepark","Berlin","Tivoli_Berlin","Kreuzberg_(Tempelhofer_Berge)","White_City_(Isle_of_Man)","Onchan_Head_railway_station","LunEur","Luna_Park_Permanente_di_Roma","LunEur","Het_Land_van_Ooit","Drunen","Feira_Popular_de_Lisboa","Lisbon","Luna_Park,_St._Petersburg","Loudoun_Castle_(theme_park)","Parque_de_atracciones_de_Montjuic","Barcelona","Parque_de_Atracciones_de_Vizcaya_(Artxanda)","Bilbao","Interlaken","Jungfrau_Park","Prypiat_amusement_park","Prypiat_(city)","Chernobyl","Standing_but_not_operating","Barry_Island_Pleasure_Park","Barry_Island","Ocean_Beach,_Rhyl","Rhyl","Kelowna","British_Columbia","Belmont_Park,_Montreal","Quebec","Boblo_Island_Amusement_Park","Amherstburg,_Ontario","Crystal_Beach,_Ontario","Fort_Erie,_Ontario","Encounter_Creek","New_Haven,_Prince_Edward_Island","Maple_Leaf_Village","Niagara_Falls,_Ontario","Casino_Niagara","Leeds_and_the_Thousand_Islands","Ontario","Ontario_Place_(theme_park)","Toronto","Ontario","Cavendish,_Prince_Edward_Island","Prince_Edward_Island","Scarboro_Beach_Amusement_Park","Toronto","Ontario","Sunnyside_Amusement_Park","Toronto","Ontario","Splash_Adventure","Bessemer,_Alabama","Canyon_Land_Park","Fort_Payne,_Alabama","Space_City_USA","Huntsville,_Alabama","Styx_River_Water_World","Loxley,_Alabama","Legend_City","Phoenix,_Arizona","Dinosaur_World_(Arkansas)","Beaver,_Arkansas","Dogpatch_USA","Marble_Falls,_Arkansas","Van_Nuys,_Los_Angeles","Chutes_Park","Los_Angeles","Frontier_Village","San_Jose,_California","Idora_Park","Oakland,_California","J's_Amusement_Park","Guerneville,_California","Japanese_Village_and_Deer_Park","Buena_Park,_California","Jungleland_USA","Thousand_Oaks,_California","Lake_Dolores_Waterpark","Newberry_Springs,_California","Lion_Country_Safari","Irvine,_California","West_Palm_Beach,_Florida","Luna_Park,_Los_Angeles","Chutes_Park","Luna_Park,_San_Jose","San_Jose,_California","Marine_World/Africa_U.S.A.,_California","Redwood_City,_California","Vallejo,_California","Six_Flags_Discovery_Kingdom","Marineland_of_the_Pacific","Rancho_Palos_Verdes,_California","Marshal_Scotty's_Playland_Park","El_Cajon,_California","Neptune_Beach,_California","Alameda,_California","Neverland_Ranch","Santa_Barbara_County,_California","Pacific_City_(amusement_park)","Coyote_Point_Park","San_Mateo,_California","Pacific_Ocean_Park","Santa_Monica,_California","The_Pike","Long_Beach,_California","Playland_(San_Francisco)","San_Francisco","Lake_Dolores_Waterpark","Newberry_Springs,_California","Santa's_Village_(Lake_Arrowhead)","Lake_Arrowhead,_California","Santa's_Village_(Scotts_Valley,_California)","Scotts_Valley,_California","Tahoe_Amusement_Park_(South_Lake_Tahoe,_California)","South_Lake_Tahoe,_California","Venice_Amusement_Pier_(amusement_park)","Venice,_Los_Angeles","Wild_Rivers_(water_park)","Irvine,_California","Wonderland_Amusement_Park_(San_Diego)","San_Diego","California","Guyton's_Fun_Junction","Grand_Junction,_Colorado","Luna_Park,_Denver","Manhattan_Beach_(Denver)","Magic_Mountain,_Golden","Golden,_Colorado","Six_Flags_Over_Texas","Manhattan_Beach_(Denver)","Edgewater,_Colorado","Mississippi_River","Luna_Park,_Denver","Pleasure_Beach","Bridgeport,_Connecticut","Savin_Rock","West_Haven,_Connecticut","Africa_U.S.A._Park","Boca_Raton,_Florida","The_Aquatarium","St._Pete_Beach,_Florida","Boardwalk_and_Baseball","Haines_City,_Florida","Circus_World_(theme_park)","Haines_City,_Florida","Cypress_Gardens","Winter_Haven,_Florida","Legoland_Florida","Chiefland,_Florida","Disney's_River_Country","Walt_Disney_World_Resort","Orlando,_Florida","Marco_Polo_Park","Bunnell,_Florida","Miracle_Strip_Amusement_Park","Panama_City_Beach,_Florida","Mystery_Fun_House","Orlando,_Florida","Jacksonville_Beach,_Florida","Petticoat_Junction_Amusement_Park","Panama_City_Beach,_Florida","Pirate's_World","Dania_Beach,_Florida","Six_Flags_Atlantis","Hollywood,_Florida","Kmart","Six_Gun_Territory","Ocala,_Florida","Splendid_China_(Florida)","Citrus_Ridge,_Florida","Titusville,_Florida","Kissimmee,_Florida","Ponce_de_Leon_amusement_park","Atlanta,_Georgia","Adventureland_(Illinois)","Addison,_Illinois","Dispensa's_Kiddie_Kingdom","Oakbrook_Terrace,_Illinois","Ebenezer_Floppen_Slopper's_Wonderful_Water_slides","Oakbrook_Terrace,_Illinois","Electric_Park,_Plainfield","Plainfield,_Illinois","Chicago","Forest_Park,_Illinois","Fun_Harbor","Waukegan,_Illinois","South_Side,_Chicago","South_Side,_Chicago","Kiddieland_Amusement_Park","Melrose_Park,_Illinois","Luna_Park,_Chicago","Farmers'_market","Old_Chicago","Bolingbrook,_Illinois","Paul_Boyton","South_Side,_Chicago","Riverview_Park_(Chicago)","Chicago","South_Side,_Chicago","Santa's_Village_(Illinois)","East_Dundee,_Illinois","White_City_(Chicago)","Chicago","Enchanted_Forest_(Indiana)","Chesterton,_Indiana","Old_Indiana_Fun_Park","Thorntown,_Indiana","Playland_Park_(Indiana)","South_Bend,_Indiana","Riverside_Amusement_Park_(Indianapolis)","Indianapolis","Sauzers_Kiddie_Land_(Schererville)","Schererville,_Indiana","White_City_(Indianapolis)","Indianapolis","Wonderland_Amusement_Park_(Indianapolis)","Indianapolis","Electric_Park,_Waterloo","Waterloo,_Iowa","Riverview_Park_(Iowa)","Des_Moines,_Iowa","Boyle's_Joyland_Kiddie_Park","Topeka,_Kansas","Joyland_Amusement_Park_(Wichita)","Wichita,_Kansas","Kiddieland_Amusement_Park_(Wichita)","Wichita,_Kansas","Salina,_Kansas","Wild_West_World","Park_City,_Kansas","Wonderland_Park_(Wichita)","Wichita,_Kansas","Joyland,_Lexington","Lexington,_Kentucky","Kentucky_Kingdom","State_Fair_Grounds_Louisville,_Kentucky","Fontaine_Ferry_Park","Louisville,_Kentucky","Tombstone_Junction","Cumberland_Falls","Hurricane_Katrina","Critter's_Creek","Monroe,_Louisiana","Delta_Village","Tallulah,_Louisiana","Fun_Fair_Park","Baton_Rouge,_Louisiana","Hamel's_Amusement_Park","Shreveport,_Louisiana","Lincoln_Beach_amusement_park","New_Orleans","Pontchartrain_Beach","New_Orleans","Six_Flags_New_Orleans","New_Orleans","Hurricane_Katrina","White_City_(New_Orleans)","New_Orleans","Riverton_Park","Portland,_Maine","Bay_Shore_Park","Edgemere,_Maryland","Bethlehem_Steel","Carlin's_Park","Baltimore","Electric_Park,_Baltimore","Enchanted_Forest_(Maryland)","Ellicott_City,_Maryland","Glen_Echo_Park,_Maryland","Glen_Echo,_Maryland","National_Park_Service","Gwynn_Oak_Park","Woodlawn,_Baltimore_County,_Maryland","Hurricane_Agnes","Baltimore_County,_Maryland","National_Mall","Washington,_D.C.","Marshall_Hall_(amusement_park)","Charles_County,_Maryland","Pleasure_Island_(Edgemere,_Maryland)","Edgemere,_Maryland","Riverview_Park_(Baltimore)","Baltimore","Western_Electric","North_Attleborough,_Massachusetts","King's_Castle_Land","Whitman,_Massachusetts","Dracut,_Massachusetts","Lincoln_Park_(Dartmouth,_Massachusetts)","Dartmouth,_Massachusetts","Lincoln_Park_(Worcester,_Massachusetts)","Worcester,_Massachusetts","Merrimac_Park_(Methuen,_Massachusetts))","Methuen,_Massachusetts","Mountain_Park_(Holyoke,_Massachusetts)","Holyoke,_Massachusetts","Norumbega_Park","Auburndale,_Massachusetts","Paragon_Park","Hull,_Massachusetts","Pirate's_Park_(Salisbury_Beach,_Massachusetts)","Salisbury_Beach,_Massachusetts","Pleasure_Island_(Massachusetts_amusement_park)","Wakefield,_Massachusetts","Shaheen's_Fun-O-Rama_(Salisbury_Beach,_Massachusetts)","Salisbury_Beach,_Massachusetts","Whalom_Park","Lunenburg,_Massachusetts","White_City_(Shrewsbury,_Massachusetts)","Shrewsbury,_Massachusetts","Wonderland_Amusement_Park_(Revere)","Revere,_Massachusetts","Edgewater_Park_(Detroit)","Detroit","Electric_Park,_Detroit","Luna_Park","House_of_David_(commune)","Benton_Harbor,_Michigan","Jefferson_Beach","St._Clair_Shores,_Michigan","Jenison_Electric_Park","Holland,_Michigan","Lake_Lansing_Amusement_Park","Ingham_County,_Michigan","Park_Island_(amusement_park)","Lake_Orion,_Michigan","Pleasure_Island_Water_Theme_Park","Muskegon,_Michigan","Ramona_Park","Grand_Rapids,_Michigan","Riverland_Amusement_Park","Sterling_Heights,_Michigan","Silver_Beach_Amusement_Park","St._Joseph,_Michigan","Six_Flags_Autoworld","Flint,_Michigan","Walled_Lake_Park","Walled_Lake,_Michigan","Excelsior_Amusement_Park","Excelsior_Amusement_Park","Excelsior,_Minnesota","Wonderland_Amusement_Park_(Minneapolis)","Minneapolis","Branson_USA","Branson,_Missouri","Celebration_City","Branson,_Missouri","Chain_of_Rocks_Park","St._Louis,_Missouri","Wild_Mouse_roller_coaster","Delmar_Garden","St._Louis,_Missouri","Electric_Park,_Kansas_City","Kansas_City,_Missouri","Walt_Disney","Disneyland","Fairyland_Park","Kansas_City,_Missouri","Kansas_City,_Missouri","Forest_Park_Highlands","St._Louis,_Missouri","The_Fort_(Osage_Beach)","Osage_Beach,_Missouri","Holiday_Hill","St._Louis,_Missouri","Mannion's_Park","St._Louis,_Missouri","West_End_Heights","St._Louis,_Missouri","Westlake_Park_(St._Louis)","St._Louis,_Missouri","Peony_Park","Omaha,_Nebraska","Coney_Island_(Reno)","Reno,_Nevada","Las_Vegas,_Nevada","MGM_Grand_Adventures_Theme_Park","Las_Vegas,_Nevada","Old_Vegas","Henderson,_Nevada","Westworld","Ponderosa_Ranch","Incline_Village,_Nevada","Wet_'n_Wild_(brand)","Las_Vegas,_Nevada","Wet'n'Wild_Las_Vegas","Summerlin,_Nevada","Manchester,_New_Hampshire","Weirs_Beach,_New_Hampshire","Benson's_Wild_Animal_Farm","Hudson,_New_Hampshire","Pine_Hill,_New_Jersey","Pine_Hill_Golf_Club","Action_Park","Vernon_Township,_New_Jersey","Mountain_Creek_Waterpark","Bertrand_Island_Amusement_Park","Mount_Arlington,_New_Jersey","Woody_Allen","Wildwood,_New_Jersey","Oak_Ridge,_New_Jersey","Springfield,_New_Jersey","Jungle_Habitat","West_Milford,_New_Jersey","Kid's_World_(Amusement_Park)","Long_Branch,_New_Jersey","Pier_Village","Irvington,_New_Jersey","Maplewood,_New_Jersey","Palace_Amusements","Asbury_Park,_New_Jersey","Palisades_Amusement_Park","Bergen_County,_New_Jersey","Palisades_Park_(song)","Tivoli_Pier","Tropicana_Casino_and_Resort_Atlantic_City","Atlantic_City,_New_Jersey","President's_Park","Carlsbad,_New_Mexico","Al-Tro_Island_Park","Albany,_New_York","Astroland","Brooklyn","Monticello","Olean,_New_York","Dreamland_(amusement_park)","Brooklyn","Freedomland_U.S.A.","Bronx","Frontier_Town","North_Hudson,_New_York","Gaslight_Village","Lake_George_(town),_New_York","Golden_City_(amusement_park)","Canarsie,_Brooklyn","Kiddie-Park","Howard_Beach,_Queens","Land_of_Makebelieve","Jay,_New_York","Luna_Park,_Coney_Island","Luna_Park,_Olcott_Beach","Luna_Amusement_Park","Luna_Park,_Schenectady","Dolle's_Park","Colonnade_Park","Palisades_Park,_Schenectady","Rexford_Park","Nunley's","Baldwin,_Nassau_County,_New_York","Nunley's_Happyland","Bethpage,_New_York","Rockaways'_Playland","Queens","Roseland_Park","Canandaigua_(city),_New_York","Sea_Lion_Park","Coney_Island","Steeplechase_Park","Coney_Island","Suburban_Park","Manlius_(town),_New_York","Time_Town","Bolton_Landing,_New_York","Orleans,_New_York","Dowdy's_Park","Nags_Head,_North_Carolina","Land_of_Oz_(theme_park)","Beech_Mountain,_North_Carolina","Americana/Lesourdesville_Lake_Amusement_Park","Monroe,_Ohio","The_Beach_Water_Park","Mason,_Ohio","Buckeye_Lake_Amusement_Park","Buckey_Lake,_Ohio","Chippewa_Lake_Park","Chippewa_Lake,_Ohio","Dover_Lake_Water_Park","Sagamore_Hills_Township,_Summit_County,_Ohio","Euclid_Beach_Park","Euclid,_Ohio","Monroe,_Ohio","Geauga_Lake_(amusement_park)","Aurora,_Ohio","Water_park","Wildwater_Kingdom_(Aurora,_Ohio)","Idora_Park,_Youngstown","Youngstown,_Ohio","Indianola_Park","Columbus,_Ohio","Lakeside_Park_(Dayton,_Ohio)","Dayton,_Ohio","Luna_Park,_Cleveland","Cleveland","Luna_Park,_Mansfield","Mansfield,_Ohio","Luna_Casino_Park","Meyers_Lake_Park","Canton,_Ohio","Olentangy_Park","Columbus,_Ohio","Paradise_Lake","Quaker_City,_Ohio","Sandy_Beach_Amusement_Park","San_Juan_Amusement_Park","Indian_Lake_(Ohio)","Playland_Park_(Ohio)","Russells_Point,_Ohio","SeaWorld_Ohio","Aurora,_Ohio","Shady_Lake_Park","Streetsboro,_Ohio","Surf_Cincinnati","Cincinnati,_Ohio","Perrysburg,_Ohio","Grand_Rapids,_Ohio","Bell's_Amusement_Park","Tulsa,_Oklahoma","Electric_Park,_Blackwell","Blackwell,_Oklahoma","National_Register_of_Historic_Places","Lakeview_Amusement_Park","Tulsa,_Oklahoma","Springlake_Amusement_Park","Oklahoma_City","Wedgewood_Village","Oklahoma_City","Jantzen_Beach","Portland,_Oregon","Pixieland_(Oregon)","Otis_Junction,_Oregon","Thrill-Ville_USA","Turner,_Oregon","Alameda_Park_(Pennsylvania)","Butler,_Pennsylvania","Angela_Park_(amusement_park)","Hazleton,_Pennsylvania","Beechwood_Amusement_Park","Havertown,_Pennsylvania","Burkes_Glen_Park","Monroeville,_Pennsylvania","Calhoun_Park","Lincoln_Place,_Pennsylvania","Cascade_Park,_New_Castle,_Pennsylvania","New_Castle,_Pennsylvania","Coney_Island_(Pennsylvania)","Neville_Township,_Allegheny_County,_Pennsylvania","Dream_City_(amusement_park)","Wilkinsburg,_Pennsylvania","Dreamland_Park","Ruscombmanor_Township,_Berks_County,_Pennsylvania","Eldora_Park","Eldora,_Pennsylvania","Harmarville_Park","Blawnox,_Pennsylvania","Homestead,_Pennsylvania","Junction_Park","New_Brighton,_Pennsylvania","Lakeview_Park","Royersford,_Pennsylvania","Lenape_Park","Chester_County,_Pennsylvania","Philadelphia","Luna_Park,_Johnstown","Johnstown,_Pennsylvania","Luna_Park,_Pittsburgh","Pittsburgh","Luna_Park,_Scranton","Scranton,_Pennsylvania","Interstate_81","Magic_Valley_(amusement_park)","Bushkill,_Pennsylvania","Maple_Grove_Park_(Pennsylvania)","Pittsburgh","Mapleview_Park","Canonsburg,_Pennsylvania","Oakford_Park_(Pennsylvania)","Jeannette,_Pennsylvania","Oakwood_Amusement_Park_(Pennsylvania)","Crafton,_Pennsylvania","Olympia_Park_(Pennsylvania)","McKeesport,_Pennsylvania","Paxtang_Park","Harrisburg,_Pennsylvania","Playtown_Park","Springfield_Township,_Delaware_County,_Pennsylvania","Rainbow_Gardens","White_Oak,_Pennsylvania","Rock_Point_Park","Ellwood_City,_Pennsylvania","Rocky_Glen_Park","Moosic,_Pennsylvania","Rocky_Springs","Lancaster,_Pennsylvania","Sans_Souci_Park","Hanover_Township,_Luzerne_County,_Pennsylvania","Wilkes-Barre,_Pennsylvania","Nanticoke,_Pennsylvania","Southern_Park","Carrick,_Pennsylvania","West_View_Park","Pittsburgh","White_Swan_Park","Moon_Township,_Pennsylvania","Williams_Grove_Amusement_Park","Mechanicsburg,_Pennsylvania","Willow_Grove_Park","Willow_Grove,_Pennsylvania","Willow_Mill_Park","Mechanicsburg,_Pennsylvania","Crescent_Park_(defunct_amusement_park)","East_Providence,_Rhode_Island","Enchanted_Forest_(Rhode_Island)","Hope_Valley,_Rhode_Island","Rocky_Point_Amusement_Park","Warwick,_Rhode_Island","Vanity_Fair_(amusement_park)","East_Providence,_Rhode_Island","Myrtle_Beach,_South_Carolina","Myrtle_Beach,_South_Carolina","North_Myrtle_Beach,_South_Carolina","Myrtle_Beach,_South_Carolina","Freestyle_Music_Park","Myrtle_Beach,_South_Carolina","Freestyle_Music_Park","Heritage_USA","Fort_Mill,_South_Carolina","Surfside_Beach,_South_Carolina","Myrtle_Beach_Pavilion","Myrtle_Beach,_South_Carolina","Lancaster,_South_Carolina","North_Myrtle_Beach,_South_Carolina","Libertyland","Memphis,_Tennessee","Magic_World","Pigeon_Forge,_Tennessee","Opryland_USA","Nashville,_Tennessee","Aquarena_Springs","San_Marcos,_Texas","Boardwalk_Fun_Park","Grand_Prairie,_Texas","Castle_Golf_and_Games","Houston","Clown_Around","Grand_Prairie,_Texas","Fame_City","Houston","Fame_City_Water_Works","Houston","Games_People_Play_(Houston)","Houston","HannaBarbera_Land","Spring,_Texas","Magic_Landing","El_Paso,_Texas","Penny_Whistle_Park","Dallas,_Texas","Peppermint_Park","Houston","Playland_Park_(Texas)","San_Antonio","Pleasure_Island_(Borger,_Texas_amusement_park)","Borger,_Texas","Pleasure_Pier","Port_Arthur,_Texas","Sea_Arama","Galveston,_Texas","Sesame_Place","Irving,_Texas","Seven_Seas_Marine_Life_Park","Arlington,_Texas","Six_Flags_AstroWorld","Houston","Wet_'n_Wild_(United_States_water_park_chain)","Garland,_Texas","White_Water_(amusement_park)","Grand_Prairie,_Texas","Saltair,_Utah","Magna,_Utah","Saratoga_Resort","Lehi,_Utah","Buckroe_Beach_Amusement_Park","Hampton,_Virginia","Lakeside_Amusement_Park_(Salem,_Virginia)","Salem,_Virginia","Luna_Park,_Arlington","Ocean_View_Amusement_Park","Norfolk,_Virginia","Luna_Park,_Seattle","Seattle","Santafair","Federal_Way,_Washington","Luna_Park,_Charleston","Rock_Springs_Park","Chester,_West_Virginia","Jennings_Randolph_Bridge","Ohio_River","Electric_Park","Oshkosh,_Wisconsin","Kenosha's_Lake_Front_Stadium","Muskego_Beach_Amusement_Park","Muskego,_Wisconsin","Dandelion_Park","Rainbow_Falls_Family_Amusement_Park","Plover,_Wisconsin","Riverview_Park_&_Waterworld","Wisconsin_Dells,_Wisconsin","Canberry_Fair","Canberra,_Australian_Capital_Territory","African_Lion_Safari_(Warragamba)","Warragamba,_New_South_Wales","Bullen's_Animal_World","Wallacia,_New_South_Wales","El_Caballo_Blanco","Catherine_Field,_New_South_Wales","Fantasy_Glades","Port_Macquarie,_New_South_Wales","Leyland_Brothers_World","Karuah,_New_South_Wales","Magic_Kingdom,_Sydney","Lansvale,_New_South_Wales","Manly_Fun_Pier","Manly,_New_South_Wales","Mount_Druitt_Waterworks","Old_Sydney_Town","Somersby,_New_South_Wales","O`Neills_Adventure_Land","Leppington,_New_South_Wales","Paradise_Gardens","Cattai,_New_South_Wales","Sega_World_Sydney","Wonderland_Sydney","Main_Beach,_Gold_Coast,_Queensland","Adventure_Parc","Mt_Tamborine,_Queensland","Amazon's_Water_Park","Jindalee,_Queensland","Aquatic_Adventureland","North_Rockhampton,_Queensland","Grundy's_Entertainment_Centre","Surfers_Paradise,_Queensland","Magic_Mountain,_Nobby_Beach","Nobby_Beach,_Queensland","Mirage_Grand_Prix","Oxley,_Queensland","Nostalgia_Town","Pacific_Paradise","Sunshine_Coast,_Queensland","Olympia_Theme_Park","Alexandra_Headland,_Queensland","Sunshine_Coast,_Queensland","Dazzleland,_Adelaide","Myer_Centre,_Adelaide","Luna_Park","Glenelg,_South_Australia","African_Lion_Safari_(Rockbank)","Rockbank,_Victoria","Dinosaur_World_(Creswick)","Creswick,_Victoria","Dreamland_(Melbourne_amusement_park)","St_Kilda,_Victoria","Hi-Lite_Park","Geelong,_Victoria","Leisureland_Fair","Langwarrin,_Victoria","Rosebud_Fun_and_Picnic_Park","Rosebud,_Victoria","The_Swagmans_Hat_Amusement_Park","Corinella,_Victoria","Wirth's_Olympia_Circus","St_Kilda_Rd,_Melbourne,_Victoria","Wobbies_World","Forest_Hill,_Victoria","Action_Park_(Perth)","Mirrabooka,_Western_Australia","Atlantis_Marine_Park","Two_Rocks,_Western_Australia","Bullens_African_Lion_Safari_Park","Wanneroo,_Western_Australia","Dizzylamb_Park","Carabooda,_Western_Australia","Elizabethan_Village","Armadale,_Western_Australia","Luna_Park,_Scarborough","Scarborough,_Western_Australia","Pioneer_World","Armadale,_Western_Australia","White_City,_Perth","Perth,_Western_Australia","Serendipity_Park","Devonport,_Tasmania","Footrot_Flats","Te_Atatu_Peninsula","Auckland","Auckland","Luna_Park","Quay_Street","Auckland","Terra_Encantada","Rio_de_Janeiro,_Brazil","Playcenter","So_Paulo,_Brazil","Amusement_park","Standing_but_not_operating","Electric_Park","Luna_Park","White_City_(amusement_parks)","Amusement_park_accidents","List_of_amusement_parks","List_of_closed_rides_and_attractions","List_of_world's_fairs"]}