{"cursor":"23097","size":15,"audio":[],"currentlang":"en","article":" This is a 'list of television and radio stations of [[ABS-CBN\nCorporation|ABS-CBN]]'.\n","linknr":553,"url":"List_of_ABS-CBN_Corporation_channels_and_stations","recorded":1375054712,"links":["/w/index.php?title=List_of_ABS-CBN_Corporation_channels_and_stations&action=edit","/w/index.php?title=List_of_ABS-CBN_Corporation_channels_and_stations&action=edit","//bits.wikimedia.org/favicon/wikipedia.ico","/w/opensearch_desc.php","//en.wikipedia.org/w/api.php?action=rsd","//creativecommons.org/licenses/by-sa/3.0/","/w/index.php?title=Special:RecentChanges&feed=atom","//bits.wikimedia.org/en.wikipedia.org/load.php?debug=false&lang=en&modules=ext.gadget.DRN-wizard%2CReferenceTooltips%2Ccharinsert%2Cteahouse%7Cext.rtlcite%2Cwikihiero%7Cext.uls.nojs%7Cmediawiki.legacy.commonPrint%2Cshared%7Cmw.PopUpMediaTransform%7Cskins.vector&only=styles&skin=vector&*","//bits.wikimedia.org/en.wikipedia.org/load.php?debug=false&lang=en&modules=site&only=styles&skin=vector&*","//bits.wikimedia.org/en.wikipedia.org/load.php?debug=false&lang=en&modules=startup&only=scripts&skin=vector&*","//bits.wikimedia.org/geoiplookup","//meta.wikimedia.org","#mw-navigation","#p-search","/wiki/ABS-CBN_Corporation","#Terrestrial_and_regional_television_stations","#ABS-CBN_VHF_television_stations","#Owned_and_operated_stations","#Via_cable_and_satellite","#ABS-CBN_UHF_television_stations","#Studio_23_television_stations","#Via_cable_and_satellite_2","#Cable_and_satellite_channels","#International_subsidiaries","#ABS-CBN_radio_networks","#ABS-CBN_AM_radio_networks_.28Radyo_Patrol.29","#Mega_Manila","#Regional","#ABS-CBN_FM_radio_networks_.28My_Only_Radio.29","#Mega_Manila_2","#Regional_2","/w/index.php?title=List_of_ABS-CBN_Corporation_channels_and_stations&action=edit&section=1","/w/index.php?title=List_of_ABS-CBN_Corporation_channels_and_stations&action=edit&section=2","/w/index.php?title=List_of_ABS-CBN_Corporation_channels_and_stations&action=edit&section=3","/wiki/DWWX-TV","/wiki/Quezon_City","/wiki/DZRR-TV","/wiki/Tuba,_Benguet","/wiki/DWMP-TV","/wiki/Barlig,_Mountain_Province","/wiki/DWRD-TV","/wiki/San_Nicolas,_Ilocos_Norte","/wiki/DZMM-TV","/wiki/Basco,_Batanes","/wiki/DZVC-TV","/wiki/Bantay,_Ilocos_Sur","/wiki/DWAF-TV","/wiki/Tuguegarao,_Cagayan","/wiki/DWAT-TV","/wiki/Santiago_City","/wiki/DWAD-TV","/wiki/Bayombong,_Nueva_Vizcaya","/wiki/DWZT-TV","/wiki/Olongapo_City","/wiki/DWZA-TV","/wiki/Botolan,_Zambales","/wiki/DZAD-TV","/wiki/Batangas","/wiki/ABS-CBN_Occidental_Mindoro_(DWEF-TV)","/wiki/San_Jose,_Occidental_Mindoro","/wiki/DYPR-TV","/wiki/Puerto_Princesa_City","/wiki/DZNC-TV","/wiki/Naga_City,_Camarines_Sur","/wiki/DZDT-TV","/wiki/Daet,_Camarines_Norte","/wiki/DZAE-TV","/wiki/Legazpi_City","/wiki/DZTC-TV","/wiki/Tabaco,_Albay","/wiki/DYME-TV","/wiki/Masbate_City","/wiki/DZSC-TV","/wiki/Sorsogon_City","/wiki/DZAC-TV","/wiki/Virac,_Catanduanes","/wiki/DYKA-TV","/wiki/Kalibo,_Aklan","/wiki/DYAF-TV","/wiki/Jordan,_Guimaras","/wiki/DYXL-TV","/wiki/Murcia,_Negros_Occidental","/wiki/DYCB-TV","/wiki/Cebu_City","/wiki/DYBH-TV","/wiki/Jagna,_Bohol","/wiki/ABS-CBN_Dumaguete_(DYMA-TV)","/wiki/Valencia,_Negros_Oriental","/wiki/ABS-CBN_Tacloban_(DYAB-TV)","/wiki/Tacloban_City","/wiki/DYDI-TV","/wiki/Calbayog_City","/wiki/DYSB-TV","/wiki/Catbalogan_City","/wiki/DXLL-TV","/wiki/Zamboanga_City","/wiki/DXLM-TV","/wiki/Pagadian_City","/wiki/DXEC-TV","/wiki/Cagayan_de_Oro_City","/wiki/DXXB-TV","/wiki/Mt._Kitanglad,_Bukidnon","/wiki/DXMT-TV","/wiki/Ozamis_City","/wiki/DXAG-TV","/wiki/Iligan_City","/wiki/DXAS-TV","/wiki/Davao_City","/wiki/ABS-CBN_General_Santos_(DXZT-TV)","/wiki/General_Santos_City","/wiki/DXAP-TV","/wiki/Koronadal,_South_Cotabato","/wiki/DXKW-TV","/wiki/Kidapawan_City","/wiki/DXAJ-TV","/wiki/Butuan_City","/wiki/DXSJ-TV","/wiki/Surigao_City","/wiki/DXAI-TV","/wiki/Cotabato_City","/wiki/DXMM-TV","/wiki/Jolo,_Sulu","/w/index.php?title=List_of_ABS-CBN_Corporation_channels_and_stations&action=edit&section=4","/wiki/DWWX-TV","/wiki/Cablelink","/wiki/Metro_Manila","/wiki/Dream_Satellite_TV","/wiki/Destiny_Cable","/wiki/Metro_Manila","/wiki/SkyCable","/wiki/Metro_Manila","/wiki/Telmarc_Cable","/wiki/Rizal","/wiki/Tarlac","/wiki/Laguna_(province)","/wiki/Royal_Cable","/wiki/Santa_Rosa_City","/wiki/Calamba_City","/wiki/Cable_Star_Iloilo","/wiki/Iloilo_City","/wiki/SkyCable","/wiki/Caloocan","/wiki/Malabon","/wiki/Navotas","/wiki/Valenzuela,_Philippines","/wiki/Cignal_Digital_TV","/wiki/G_Sat","/w/index.php?title=List_of_ABS-CBN_Corporation_channels_and_stations&action=edit&section=5","/wiki/ABS-CBN","/wiki/DWTL-TV","/wiki/San_Fernando,_La_Union","/wiki/DWEC-TV","/wiki/Dagupan_City","/wiki/DWCI-TV","/wiki/Cabanatuan_City","/wiki/DWTC-TV","/wiki/Tarlac_City","/wiki/DZBA-TV","/wiki/Baler,_Aurora","/wiki/DWIN-TV","/wiki/San_Fernando,_Pampanga","/wiki/DWBY-TV","/wiki/San_Miguel,_Bulacan","/wiki/DWAM-TV","/wiki/Jala-Jala,_Rizal","/wiki/DWTY-TV","/wiki/Tagaytay_City","/wiki/DWJA-TV","/wiki/Lipa_City","/wiki/DWEW-TV","/wiki/Lucena_City","/wiki/DWLY-TV","/wiki/San_Pablo_City","/wiki/DWDE-TV","/wiki/Calapan_City","/wiki/DYRC-TV","/wiki/Roxas_City","/wiki/DYLY-TV","/wiki/San_Jose,_Antique","/wiki/DYXS-TV","/wiki/Sipalay,_Negros_Occidental","/wiki/ABS-CBN_Dipolog_(DXMG-TV)","/wiki/Dipolog_City","/wiki/DXJT-TV","/wiki/Mati,_Davao_Oriental","/wiki/DXVD-TV","/wiki/Tandag_City","/w/index.php?title=List_of_ABS-CBN_Corporation_channels_and_stations&action=edit&section=6","/wiki/DWAC-TV","/wiki/Metro_Manila","/wiki/DWZO-TV","/wiki/Baguio_City","/w/index.php?title=DWGF-TV&action=edit&redlink=1","/wiki/Barlig,_Mountain_Province","/wiki/DWLC-TV","/wiki/Laoag_City","/wiki/DWCV-TV","/wiki/Vigan_City","/w/index.php?title=DWUN-TV&action=edit&redlink=1","/wiki/San_Fernando,_La_Union","/wiki/DWGE-TV","/wiki/Dagupan_City","/w/index.php?title=DWFH-TV&action=edit&redlink=1","/wiki/Basco,_Batanes","/wiki/DWST-TV","/wiki/Tuguegarao_City","/wiki/DWWA-TV","/wiki/Santiago_City","/w/index.php?title=DWXW-TV&action=edit&redlink=1","/wiki/Bayombong,_Nueva_Vizcaya","/wiki/DZAM-TV","/wiki/Botolan,_Zambales","/w/index.php?title=DWIP-TV&action=edit&redlink=1","/wiki/San_Fernando,_Pampanga","/wiki/DWAS-TV","/wiki/Olongapo_City","/w/index.php?title=DWBU-TV&action=edit&redlink=1","/wiki/San_Miguel,_Bulacan","/w/index.php?title=DWBA-TV&action=edit&redlink=1","/wiki/Baler,_Aurora","/wiki/DWJR-TV","/wiki/Batangas_City","/w/index.php?title=DZLC-TV&action=edit&redlink=1","/wiki/Lucena_City","/w/index.php?title=DWJJ-TV&action=edit&redlink=1","/wiki/Jala-Jala,_Rizal","/w/index.php?title=DWSP-TV&action=edit&redlink=1","/wiki/San_Pablo,_Laguna","/w/index.php?title=DZOM-TV&action=edit&redlink=1","/wiki/San_Jose,_Occidental_Mindoro","/wiki/DZEL-TV","/wiki/Puerto_Princesa_City","/wiki/DWMC-TV","/wiki/Naga_City,_Camarines_Sur","/wiki/DWDR-TV","/wiki/Legazpi_City","/w/index.php?title=DWTD-TV&action=edit&redlink=1","/wiki/Tabaco_City","/wiki/DWRC-TV","/wiki/Daet,_Camarines_Norte","/w/index.php?title=DYMV-TV&action=edit&redlink=1","/wiki/Masbate_City","/w/index.php?title=DZSO-TV&action=edit&redlink=1","/wiki/Sorsogon_City","/wiki/DYCG-TV","/wiki/Kalibo,_Aklan","/w/index.php?title=DYRY-TV&action=edit&redlink=1","/wiki/Roxas_City","/wiki/DYAJ-TV","/wiki/Iloilo_City","/wiki/DYEC-TV","/wiki/Bacolod_City","/wiki/DYAC-TV","/wiki/Cebu_City","/wiki/DYEL-TV","/wiki/Dumaguete_City","/w/index.php?title=DYJN-TV&action=edit&redlink=1","/wiki/Jagna,_Bohol","/wiki/DYTC-TV","/wiki/Tacloban_City","/w/index.php?title=DYZX-TV&action=edit&redlink=1","/wiki/Catbalogan_City","/w/index.php?title=DYCO-TV&action=edit&redlink=1","/wiki/Calbayog_City","/wiki/DXFH-TV","/wiki/Zamboanga_City","/w/index.php?title=DXDI-TV&action=edit&redlink=1","/wiki/Dipolog_City","/wiki/DXAE-TV","/wiki/Pagadian_City","/wiki/DXCE-TV","/wiki/Cagayan_de_Oro_City","/w/index.php?title=DXBI-TV&action=edit&redlink=1","/wiki/Mt._Kitanglad,_Bukidnon","/w/index.php?title=DXOZ-TV&action=edit&redlink=1","/wiki/Ozamiz_City","/wiki/DXAM-TV","/wiki/Iligan_City","/wiki/DXAB-TV","/wiki/Davao_City","/w/index.php?title=DXEK-TV&action=edit&redlink=1","/wiki/Mati,_Davao_Oriental","/wiki/DXAC-TV","/wiki/General_Santos_City","/wiki/ABS-CBN_Koronadal","/wiki/Koronadal_City","/w/index.php?title=DXKI-TV&action=edit&redlink=1","/wiki/Kidapawan_City","/wiki/DXBU-TV","/wiki/Butuan_City","/wiki/DXIT-TV","/wiki/Surigao_City","/wiki/DXPR-TV","/wiki/Cotabato_City","/w/index.php?title=DXJO-TV&action=edit&redlink=1","/wiki/Jolo,_Sulu","/w/index.php?title=List_of_ABS-CBN_Corporation_channels_and_stations&action=edit&section=7","/wiki/DWAC-TV","/wiki/NTSC","/wiki/ISDB-T","/wiki/Cablelink","/wiki/Metro_Manila","/wiki/Dream_Satellite_TV","/wiki/Destiny_Cable","/wiki/Metro_Manila","/wiki/SkyCable","/wiki/Metro_Manila","/wiki/SkyCable_CAMANAVA","/wiki/Caloocan","/wiki/Malabon","/wiki/Navotas","/wiki/Valenzuela,_Philippines","/wiki/Telmarc_Cable","/wiki/Rizal","/wiki/Tarlac","/wiki/Laguna_(province)","/wiki/Cignal_Digital_TV","/wiki/Royal_Cable","/wiki/Santa_Rosa_City","/wiki/G_Sat","/w/index.php?title=List_of_ABS-CBN_Corporation_channels_and_stations&action=edit&section=8","/wiki/ABS-CBN_News_Channel","/wiki/Balls_(TV_channel)","/wiki/Cinema_One","/wiki/DZMM_TeleRadyo","/wiki/Hero_(TV_channel)","/wiki/Jeepney_TV","/wiki/ABS-CBN","/wiki/Knowledge_Channel_(Philippines)","/wiki/Lifestyle_Network","/wiki/Myx","/wiki/Velvet_(TV_channel)","/w/index.php?title=List_of_ABS-CBN_Corporation_channels_and_stations&action=edit&section=9","/wiki/ABS-CBN_Global_Ltd.","/wiki/ABS-CBN_International","/wiki/ABS-CBN_News_Channel","/wiki/BRO_(TV_channel)","/wiki/Cinema_One","/wiki/Myx_TV","/wiki/The_Filipino_Channel","/w/index.php?title=List_of_ABS-CBN_Corporation_channels_and_stations&action=edit&section=10","/w/index.php?title=List_of_ABS-CBN_Corporation_channels_and_stations&action=edit&section=11","/w/index.php?title=List_of_ABS-CBN_Corporation_channels_and_stations&action=edit&section=12","/wiki/DZMM","/wiki/Metro_Manila","/w/index.php?title=List_of_ABS-CBN_Corporation_channels_and_stations&action=edit&section=13","/wiki/DYAP_(Palawan)","/wiki/Puerto_Princesa","/wiki/DYIL","/wiki/Iloilo_City","/wiki/Panay","/wiki/Guimaras","/wiki/DYAB","/wiki/Cebu_City","/wiki/DYRV","/wiki/Catbalogan_City","/wiki/DXAB","/wiki/Davao_City","/wiki/My_Only_Radio","/w/index.php?title=List_of_ABS-CBN_Corporation_channels_and_stations&action=edit&section=14","/w/index.php?title=List_of_ABS-CBN_Corporation_channels_and_stations&action=edit&section=15","/wiki/DWRR-FM","/wiki/Mega_Manila","/w/index.php?title=List_of_ABS-CBN_Corporation_channels_and_stations&action=edit&section=16","/wiki/DZRR","/wiki/Baguio_City","/wiki/DWEL-FM","/wiki/Laoag_City","/wiki/DWEC","/wiki/Dagupan_City","/wiki/DYCU","/wiki/Puerto_Princesa_City","/wiki/DYEA","/wiki/Sofronio_Espa%C3%B1ola,_Palawan","/wiki/DWAC-FM","/wiki/Naga_City","/wiki/DWRD","/wiki/Legazpi_City","/wiki/DYMC","/wiki/Iloilo_City","/wiki/DYOO","/wiki/Bacolod_City","/wiki/DYLS-FM","/wiki/Cebu_City","/wiki/DYTC-FM","/wiki/Tacloban_City","/wiki/DXFH","/wiki/Zamboanga_City","/wiki/DXEC","/wiki/Cagayan_De_Oro_City","/wiki/DXRR_(Davao_City)","/wiki/Davao_City","/wiki/DXBC","/wiki/General_Santos_City","/wiki/DXPS","/wiki/Cotabato_City","/wiki/Template:ABS-CBN","/wiki/Template_talk:ABS-CBN","//en.wikipedia.org/w/index.php?title=Template:ABS-CBN&action=edit","/wiki/ABS-CBN_Corporation","/wiki/Entrepreneur","/wiki/James_Lindenberg","/wiki/Chairman","/wiki/Eugenio_Lopez_III","/wiki/Vice_chairman","/wiki/President","/wiki/Chief_executive_officer","/wiki/Chief_operating_officer","/wiki/Charo_Santos-Concio","/wiki/Chief_financial_officer","/wiki/Division_(business)","/wiki/ABS-CBN_Film_Archive","/wiki/ABS-CBN_News_and_Current_Affairs","/wiki/ABS-CBN_Sports","/wiki/Regional_Network_Group","/wiki/Subsidiaries","/wiki/Star_Magic","/wiki/Star_Cinema","/wiki/ABS-CBN_Foundation,_Inc.","/wiki/ABS-CBN_Global_Ltd.","/wiki/ABS-CBN_International","/wiki/ABS-CBN_Interactive","/wiki/ABS-CBN_Publishing,_Inc.","/wiki/Creative_Programs,_Inc.","/wiki/Roadrunner_Network,_Inc.","/wiki/ABS-CBN_News_Channel","/wiki/Sky_Cable_Corporation","/wiki/Star_Records","/wiki/Star_Records","/wiki/Studio_23","/wiki/List_of_assets_owned_by_ABS-CBN_Corporation","/wiki/Flagship","/wiki/Radio_stations","/wiki/DZMM","/wiki/DWRR-FM","/wiki/HD_Radio","/wiki/Radio_networks","/wiki/DYAP_(Palawan)","/wiki/DYAB","/wiki/DXAB","/wiki/My_Only_Radio","/wiki/Terrestrial_television","/wiki/Television_networks","/wiki/ABS-CBN","/wiki/List_of_ABS-CBN_Corporation_channels_and_stations#ABS-CBN_VHF_television_stations","/wiki/Studio_23","/wiki/List_of_ABS-CBN_Corporation_channels_and_stations#Studio_23_television_stations","/wiki/Cable_television","/wiki/ABS-CBN_News_Channel","/wiki/Balls_(TV_channel)","/wiki/Cinema_One","/wiki/DYAB","/wiki/DXAB","/wiki/DZMM_TeleRadyo","/wiki/Hero_(TV_channel)","/wiki/Jeepney_TV","/wiki/Knowledge_Channel_(Philippines)","/wiki/Lifestyle_Network","/wiki/Myx","/wiki/Velvet_(TV_channel)","/wiki/International","/wiki/ABS-CBN_News_Channel","/wiki/Bro_(TV_channel)","/wiki/Cinema_One","/wiki/Myx_TV","/wiki/The_Filipino_Channel","/wiki/Internet_TV","/wiki/Video_on_demand","/wiki/Web_TV","/wiki/DWRR-FM","/wiki/Filipino_On_Demand","/wiki/TFC_Now","/wiki/ABS-CBN_Philharmonic_Orchestra","/wiki/AGB_Nielsen_Philippine_TV_ratings_controversy","/wiki/ASAP_Music","/wiki/Banahaw_Broadcasting_Corporation","/wiki/Bayan_Productions,_Inc.","/wiki/CgeTV","/wiki/Hello_Pappy_scandal","/wiki/Himig_Handog","/wiki/List_of_most_watched_television_broadcasts#Philippines","/wiki/L%C3%B3pez_family_of_Iloilo","/wiki/Lopez_Group_of_Companies","/wiki/LVN_Pictures","/wiki/Manila_Chronicle","/wiki/Maxxx","/wiki/Millennium_Transmitter","/wiki/Metropolitan_Basketball_Association","/wiki/Myx_Music_Awards","/wiki/PhilSports_Stadium_stampede","//upload.wikimedia.org/wikipedia/commons/thumb/b/b0/Increase2.svg/11px-Increase2.svg.png","/wiki/Philippine_peso","/wiki/Fiscal_year","http://www.pse.com.ph/resource/disclosures/2013/pdf/dc2013-2426_ABS.pdf","//upload.wikimedia.org/wikipedia/commons/thumb/e/ed/Decrease2.svg/11px-Decrease2.svg.png","http://www.pse.com.ph/resource/disclosures/2013/pdf/dc2013-2426_ABS.pdf","http://pse.com.ph/resource/corpt/2013/ABS_17A_Dec2012.pdf","/wiki/Philippine_Stock_Exchange","http://www.bloomberg.com/quote/ABS:PM","http://www.bloomberg.com/quote/ABSP:PM","http://ir.abs-cbn.com","//en.wikipedia.org/w/index.php?title=Special:CentralAutoLogin/start&type=1x1&from=enwiki","http://en.wikipedia.org/w/index.php?title=List_of_ABS-CBN_Corporation_channels_and_stations&oldid=566138371","/wiki/Help:Categories","/wiki/Category:ABS-CBN_Corporation","/w/index.php?title=Special:UserLogin&returnto=List+of+ABS-CBN+Corporation+channels+and+stations&type=signup","/w/index.php?title=Special:UserLogin&returnto=List+of+ABS-CBN+Corporation+channels+and+stations","/wiki/List_of_ABS-CBN_Corporation_channels_and_stations","/wiki/Talk:List_of_ABS-CBN_Corporation_channels_and_stations","#","/wiki/List_of_ABS-CBN_Corporation_channels_and_stations","/w/index.php?title=List_of_ABS-CBN_Corporation_channels_and_stations&action=edit","/w/index.php?title=List_of_ABS-CBN_Corporation_channels_and_stations&action=history","#","/w/index.php","//bits.wikimedia.org/static-1.22wmf11/skins/vector/images/search-ltr.png?303-4","/wiki/Main_Page","/wiki/Main_Page","/wiki/Portal:Contents","/wiki/Portal:Featured_content","/wiki/Portal:Current_events","/wiki/Special:Random","//donate.wikimedia.org/wiki/Special:FundraiserRedirector?utm_source=donate&utm_medium=sidebar&utm_campaign=C13_en.wikipedia.org&uselang=en","/wiki/Help:Contents","/wiki/Wikipedia:About","/wiki/Wikipedia:Community_portal","/wiki/Special:RecentChanges","//en.wikipedia.org/wiki/Wikipedia:Contact_us","/wiki/Special:WhatLinksHere/List_of_ABS-CBN_Corporation_channels_and_stations","/wiki/Special:RecentChangesLinked/List_of_ABS-CBN_Corporation_channels_and_stations","/wiki/Wikipedia:File_Upload_Wizard","/wiki/Special:SpecialPages","/w/index.php?title=List_of_ABS-CBN_Corporation_channels_and_stations&oldid=566138371","/w/index.php?title=List_of_ABS-CBN_Corporation_channels_and_stations&action=info","/w/index.php?title=Special:Cite&page=List_of_ABS-CBN_Corporation_channels_and_stations&id=566138371","/w/index.php?title=Special:Book&bookcmd=book_creator&referer=List+of+ABS-CBN+Corporation+channels+and+stations","/w/index.php?title=Special:Book&bookcmd=render_article&arttitle=List+of+ABS-CBN+Corporation+channels+and+stations&oldid=566138371&writer=rl","/w/index.php?title=List_of_ABS-CBN_Corporation_channels_and_stations&printable=yes","#","//en.wikipedia.org/wiki/Wikipedia:Text_of_Creative_Commons_Attribution-ShareAlike_3.0_Unported_License","//creativecommons.org/licenses/by-sa/3.0/","//wikimediafoundation.org/wiki/Terms_of_Use","//wikimediafoundation.org/wiki/Privacy_policy","//www.wikimediafoundation.org/","//wikimediafoundation.org/wiki/Privacy_policy","/wiki/Wikipedia:About","/wiki/Wikipedia:General_disclaimer","//en.wikipedia.org/wiki/Wikipedia:Contact_us","//en.m.wikipedia.org/wiki/List_of_ABS-CBN_Corporation_channels_and_stations","//wikimediafoundation.org/","//bits.wikimedia.org/images/wikimedia-button.png","//www.mediawiki.org/","//bits.wikimedia.org/static-1.22wmf11/skins/common/images/poweredby_mediawiki_88x31.png","//bits.wikimedia.org/en.wikipedia.org/load.php?debug=false&lang=en&modules=site&only=scripts&skin=vector&*"],"instances":["tv_channel","tv_channel","palawan","tv_channel","davao_city","province","tv_channel","philippines"],"pdf":["http://www.pse.com.ph/resource/disclosures/2013/pdf/dc2013-2426_ABS.pdf","http://www.pse.com.ph/resource/disclosures/2013/pdf/dc2013-2426_ABS.pdf","http://pse.com.ph/resource/corpt/2013/ABS_17A_Dec2012.pdf"],"categories":["ABS-CBN Corporation"],"headings":["Terrestrial and regional television stations","Cable and satellite channels","International subsidiaries","ABS-CBN radio networks"],"image":["//upload.wikimedia.org/wikipedia/commons/thumb/b/b0/Increase2.svg/11px-Increase2.svg.png","//upload.wikimedia.org/wikipedia/commons/thumb/e/ed/Decrease2.svg/11px-Decrease2.svg.png","//en.wikipedia.org/w/index.php?title=Special:CentralAutoLogin/start&type=1x1&from=enwiki","//bits.wikimedia.org/static-1.22wmf11/skins/vector/images/search-ltr.png?303-4","//bits.wikimedia.org/images/wikimedia-button.png","//bits.wikimedia.org/static-1.22wmf11/skins/common/images/poweredby_mediawiki_88x31.png"],"tags":[["abs-cbn_occidental_mindoro","dwef-tv"],["abs-cbn_dumaguete","dyma-tv"],["abs-cbn_tacloban","dyab-tv"],["abs-cbn_general_santos","dxzt-tv"],["laguna","province"],["abs-cbn_dipolog","dxmg-tv"],["laguna","province"],["balls","tv_channel"],["hero","tv_channel"],["knowledge_channel","philippines"],["velvet","tv_channel"],["bro","tv_channel"],["dyap","palawan"],["dxrr","davao_city"]],"members":["balls","velvet","dyap","bro","dxrr","laguna","hero","knowledge_channel"],"related":["DWWX-TV","Quezon_City","DZRR-TV","Tuba,_Benguet","DWMP-TV","Barlig,_Mountain_Province","DWRD-TV","San_Nicolas,_Ilocos_Norte","DZMM-TV","Basco,_Batanes","DZVC-TV","Bantay,_Ilocos_Sur","DWAF-TV","Tuguegarao,_Cagayan","DWAT-TV","Santiago_City","DWAD-TV","Bayombong,_Nueva_Vizcaya","DWZT-TV","Olongapo_City","DWZA-TV","Botolan,_Zambales","DZAD-TV","Batangas","ABS-CBN_Occidental_Mindoro_(DWEF-TV)","San_Jose,_Occidental_Mindoro","DYPR-TV","Puerto_Princesa_City","DZNC-TV","Naga_City,_Camarines_Sur","DZDT-TV","Daet,_Camarines_Norte","DZAE-TV","Legazpi_City","DZTC-TV","Tabaco,_Albay","DYME-TV","Masbate_City","DZSC-TV","Sorsogon_City","DZAC-TV","Virac,_Catanduanes","DYKA-TV","Kalibo,_Aklan","DYAF-TV","Jordan,_Guimaras","DYXL-TV","Murcia,_Negros_Occidental","DYCB-TV","Cebu_City","DYBH-TV","Jagna,_Bohol","ABS-CBN_Dumaguete_(DYMA-TV)","Valencia,_Negros_Oriental","ABS-CBN_Tacloban_(DYAB-TV)","Tacloban_City","DYDI-TV","Calbayog_City","DYSB-TV","Catbalogan_City","DXLL-TV","Zamboanga_City","DXLM-TV","Pagadian_City","DXEC-TV","Cagayan_de_Oro_City","DXXB-TV","Mt._Kitanglad,_Bukidnon","DXMT-TV","Ozamis_City","DXAG-TV","Iligan_City","DXAS-TV","Davao_City","ABS-CBN_General_Santos_(DXZT-TV)","General_Santos_City","DXAP-TV","Koronadal,_South_Cotabato","DXKW-TV","Kidapawan_City","DXAJ-TV","Butuan_City","DXSJ-TV","Surigao_City","DXAI-TV","Cotabato_City","DXMM-TV","Jolo,_Sulu","DWWX-TV","Cablelink","Metro_Manila","Dream_Satellite_TV","Destiny_Cable","Metro_Manila","SkyCable","Metro_Manila","Telmarc_Cable","Rizal","Tarlac","Laguna_(province)","Royal_Cable","Santa_Rosa_City","Calamba_City","Cable_Star_Iloilo","Iloilo_City","SkyCable","Caloocan","Malabon","Navotas","Valenzuela,_Philippines","Cignal_Digital_TV","G_Sat","ABS-CBN","DWTL-TV","San_Fernando,_La_Union","DWEC-TV","Dagupan_City","DWCI-TV","Cabanatuan_City","DWTC-TV","Tarlac_City","DZBA-TV","Baler,_Aurora","DWIN-TV","San_Fernando,_Pampanga","DWBY-TV","San_Miguel,_Bulacan","DWAM-TV","Jala-Jala,_Rizal","DWTY-TV","Tagaytay_City","DWJA-TV","Lipa_City","DWEW-TV","Lucena_City","DWLY-TV","San_Pablo_City","DWDE-TV","Calapan_City","DYRC-TV","Roxas_City","DYLY-TV","San_Jose,_Antique","DYXS-TV","Sipalay,_Negros_Occidental","ABS-CBN_Dipolog_(DXMG-TV)","Dipolog_City","DXJT-TV","Mati,_Davao_Oriental","DXVD-TV","Tandag_City","DWAC-TV","Metro_Manila","DWZO-TV","Baguio_City","DWGF-TV","Barlig,_Mountain_Province","DWLC-TV","Laoag_City","DWCV-TV","Vigan_City","DWUN-TV","San_Fernando,_La_Union","DWGE-TV","Dagupan_City","DWFH-TV","Basco,_Batanes","DWST-TV","Tuguegarao_City","DWWA-TV","Santiago_City","DWXW-TV","Bayombong,_Nueva_Vizcaya","DZAM-TV","Botolan,_Zambales","DWIP-TV","San_Fernando,_Pampanga","DWAS-TV","Olongapo_City","DWBU-TV","San_Miguel,_Bulacan","DWBA-TV","Baler,_Aurora","DWJR-TV","Batangas_City","DZLC-TV","Lucena_City","DWJJ-TV","Jala-Jala,_Rizal","DWSP-TV","San_Pablo,_Laguna","DZOM-TV","San_Jose,_Occidental_Mindoro","DZEL-TV","Puerto_Princesa_City","DWMC-TV","Naga_City,_Camarines_Sur","DWDR-TV","Legazpi_City","DWTD-TV","Tabaco_City","DWRC-TV","Daet,_Camarines_Norte","DYMV-TV","Masbate_City","DZSO-TV","Sorsogon_City","DYCG-TV","Kalibo,_Aklan","DYRY-TV","Roxas_City","DYAJ-TV","Iloilo_City","DYEC-TV","Bacolod_City","DYAC-TV","Cebu_City","DYEL-TV","Dumaguete_City","DYJN-TV","Jagna,_Bohol","DYTC-TV","Tacloban_City","DYZX-TV","Catbalogan_City","DYCO-TV","Calbayog_City","DXFH-TV","Zamboanga_City","DXDI-TV","Dipolog_City","DXAE-TV","Pagadian_City","DXCE-TV","Cagayan_de_Oro_City","DXBI-TV","Mt._Kitanglad,_Bukidnon","DXOZ-TV","Ozamiz_City","DXAM-TV","Iligan_City","DXAB-TV","Davao_City","DXEK-TV","Mati,_Davao_Oriental","DXAC-TV","General_Santos_City","ABS-CBN_Koronadal","Koronadal_City","DXKI-TV","Kidapawan_City","DXBU-TV","Butuan_City","DXIT-TV","Surigao_City","DXPR-TV","Cotabato_City","DXJO-TV","Jolo,_Sulu","DWAC-TV","NTSC","ISDB-T","Cablelink","Metro_Manila","Dream_Satellite_TV","Destiny_Cable","Metro_Manila","SkyCable","Metro_Manila","SkyCable_CAMANAVA","Caloocan","Malabon","Navotas","Valenzuela,_Philippines","Telmarc_Cable","Rizal","Tarlac","Laguna_(province)","Cignal_Digital_TV","Royal_Cable","Santa_Rosa_City","G_Sat","ABS-CBN_News_Channel","Balls_(TV_channel)","Cinema_One","DZMM_TeleRadyo","Hero_(TV_channel)","Jeepney_TV","ABS-CBN","Knowledge_Channel_(Philippines)","Lifestyle_Network","Myx","Velvet_(TV_channel)","ABS-CBN_Global_Ltd.","ABS-CBN_International","ABS-CBN_News_Channel","BRO_(TV_channel)","Cinema_One","Myx_TV","The_Filipino_Channel","DZMM","Metro_Manila","DYAP_(Palawan)","Puerto_Princesa","DYIL","Iloilo_City","Panay","Guimaras","DYAB","Cebu_City","DYRV","Catbalogan_City","DXAB","Davao_City","DWRR-FM","Mega_Manila","DZRR","Baguio_City","DWEL-FM","Laoag_City","DWEC","Dagupan_City","DYCU","Puerto_Princesa_City","DYEA","Sofronio_Española,_Palawan","DWAC-FM","Naga_City","DWRD","Legazpi_City","DYMC","Iloilo_City","DYOO","Bacolod_City","DYLS-FM","Cebu_City","DYTC-FM","Tacloban_City","DXFH","Zamboanga_City","DXEC","Cagayan_De_Oro_City","DXRR_(Davao_City)","Davao_City","DXBC","General_Santos_City","DXPS","Cotabato_City"]}