{"cursor":"93779","size":15,"audio":[],"currentlang":"en","article":" of all of the U.S. states and their capitals.]] Washington, D.C. has been the\n capital of the United States since 1800. Eight other cities have served as the\n meeting place for the U.S. Congress and are therefore considered to have once\n been the capital of the United States. In addition, each of the fifty U.S.\n states and the five principal territories of the United States maintains its\n own capital. __TOC__\n","linknr":1958,"url":"List_of_capitals_in_the_United_States","recorded":1374763504,"links":["/w/index.php?title=List_of_capitals_in_the_United_States&action=edit","/w/index.php?title=List_of_capitals_in_the_United_States&action=edit","//bits.wikimedia.org/favicon/wikipedia.ico","/w/opensearch_desc.php","//en.wikipedia.org/w/api.php?action=rsd","//creativecommons.org/licenses/by-sa/3.0/","/w/index.php?title=Special:RecentChanges&feed=atom","//bits.wikimedia.org/en.wikipedia.org/load.php?debug=false&lang=en&modules=ext.gadget.DRN-wizard%2CReferenceTooltips%2Ccharinsert%2Cteahouse%7Cext.rtlcite%2Cwikihiero%7Cext.uls.nojs%7Cmediawiki.legacy.commonPrint%2Cshared%7Cmw.PopUpMediaTransform%7Cskins.vector&only=styles&skin=vector&*","//bits.wikimedia.org/en.wikipedia.org/load.php?debug=false&lang=en&modules=site&only=styles&skin=vector&*","//bits.wikimedia.org/en.wikipedia.org/load.php?debug=false&lang=en&modules=startup&only=scripts&skin=vector&*","//bits.wikimedia.org/geoiplookup","//meta.wikimedia.org","#mw-navigation","#p-search","/wiki/File:UnitedStatesStateCapitals.png","//upload.wikimedia.org/wikipedia/commons/thumb/1/15/UnitedStatesStateCapitals.png/500px-UnitedStatesStateCapitals.png","/wiki/File:UnitedStatesStateCapitals.png","//bits.wikimedia.org/static-1.22wmf10/skins/common/images/magnify-clip.png","/wiki/Map","/wiki/Washington,_D.C.","/wiki/Capital_city","/wiki/United_States","#Former_national_capitals","/wiki/U.S._Congress","/wiki/U.S._state","/wiki/Territories_of_the_United_States#Unincorporated_organized_territories","#State_capitals","#Insular_area_capitals","#Former_national_capitals","#United_States","#Vermont_Republic","#Kingdom_and_Republic_of_Hawaii","#Republic_of_Texas","#Unrecognized_national_capitals","#Confederate_States_of_America","#State_of_Franklin","#State_of_Muskogee","#Republic_of_West_Florida","#Republic_of_Indian_Stream","#California_Republic","#Historical_state_capitals","#See_also","#Notes","#References","#External_links","/w/index.php?title=List_of_capitals_in_the_United_States&action=edit&section=1","/wiki/Trenton,_New_Jersey","/wiki/Carson_City,_Nevada","/wiki/Juneau,_Alaska","/wiki/Canadian_province","/wiki/British_Columbia","#endnote_border","/wiki/List_of_capitals_in_the_United_States#Historical_state_capitals","/wiki/Alabama","/wiki/Montgomery,_Alabama","/wiki/Birmingham,_Alabama","/wiki/Alaska","/wiki/Juneau,_Alaska","/wiki/Anchorage,_Alaska","/wiki/Arizona","/wiki/Phoenix,_Arizona","/wiki/Arkansas","/wiki/Little_Rock,_Arkansas","/wiki/California","/wiki/Sacramento,_California","/wiki/Supreme_Court_of_California","/wiki/San_Francisco","/wiki/Los_Angeles","/wiki/Colorado","/wiki/Denver,_Colorado","/wiki/Connecticut","/wiki/Hartford,_Connecticut","/wiki/Bridgeport,_Connecticut","/wiki/Hartford","/wiki/Delaware","/wiki/Dover,_Delaware","/wiki/Wilmington,_Delaware","/wiki/Florida","/wiki/Tallahassee,_Florida","/wiki/Jacksonville,_Florida","/wiki/South_Florida_metropolitan_area","/wiki/Georgia_(U.S._state)","/wiki/Atlanta","/wiki/Hawaii","/wiki/Honolulu","/wiki/Idaho","/wiki/Boise,_Idaho","/wiki/Illinois","/wiki/Springfield,_Illinois","/wiki/Chicago","/wiki/Indiana","/wiki/Indianapolis","/wiki/Midwest","/wiki/Iowa","/wiki/Des_Moines,_Iowa","/wiki/Kansas","/wiki/Topeka,_Kansas","/wiki/Wichita,_Kansas","/wiki/Kentucky","/wiki/Frankfort,_Kentucky","/wiki/Frankfort,_Kentucky","/wiki/Louisiana","/wiki/Baton_Rouge,_Louisiana","/wiki/New_Orleans","/wiki/Maine","/wiki/Augusta,_Maine","/wiki/Portland,_Maine","/wiki/Maryland","/wiki/Annapolis,_Maryland","/wiki/Baltimore","/wiki/Massachusetts","/wiki/Boston","/wiki/Greater_Boston","/wiki/Massachusetts","/wiki/New_Hampshire","/wiki/Rhode_Island","/wiki/Michigan","/wiki/Lansing,_Michigan","/wiki/County_seat","/wiki/Wikipedia:Citation_needed","/wiki/Detroit","/wiki/Minnesota","/wiki/Saint_Paul,_Minnesota","/wiki/Minneapolis","/wiki/Minneapolis_%E2%80%93_Saint_Paul","/wiki/Mississippi","/wiki/Jackson,_Mississippi","/wiki/Missouri","/wiki/Jefferson_City,_Missouri","/wiki/Kansas_City,_Missouri","/wiki/Greater_St._Louis","/wiki/Montana","/wiki/Helena,_Montana","/wiki/Billings,_Montana","/wiki/Nebraska","/wiki/Lincoln,_Nebraska","/wiki/Omaha,_Nebraska","/wiki/Nevada","/wiki/Carson_City,_Nevada","/wiki/Las_Vegas,_Nevada","/wiki/New_Hampshire","/wiki/Concord,_New_Hampshire","/wiki/Manchester,_New_Hampshire","/wiki/New_Jersey","/wiki/Trenton,_New_Jersey","/wiki/Newark,_New_Jersey","/wiki/Trenton,_New_Jersey","/wiki/New_Mexico","/wiki/Santa_Fe,_New_Mexico","/wiki/Ciudad_Ju%C3%A1rez#History","/wiki/Santa_Fe_de_Nuevo_M%C3%A9xico","/wiki/Pueblo_Revolt","/wiki/Albuquerque,_New_Mexico","/wiki/New_York","/wiki/Albany,_New_York","/wiki/New_York_City","/wiki/North_Carolina","/wiki/Raleigh,_North_Carolina","/wiki/Charlotte,_North_Carolina","/wiki/North_Dakota","/wiki/Bismarck,_North_Dakota","/wiki/Fargo,_North_Dakota","/wiki/Ohio","/wiki/Columbus,_Ohio","/wiki/Cincinnati-Northern_Kentucky_metropolitan_area","/wiki/Greater_Cleveland","/wiki/Oklahoma","/wiki/Oklahoma_City","/wiki/Oregon","/wiki/Salem,_Oregon","/wiki/Portland,_Oregon","/wiki/Pennsylvania","/wiki/Harrisburg,_Pennsylvania","/wiki/Philadelphia","/wiki/Rhode_Island","/wiki/Providence,_Rhode_Island","/wiki/South_Carolina","/wiki/Columbia,_South_Carolina","/wiki/South_Dakota","/wiki/Pierre,_South_Dakota","/wiki/Sioux_Falls,_South_Dakota","/wiki/Tennessee","/wiki/Nashville,_Tennessee","/wiki/Memphis,_Tennessee","/wiki/Nashville_Metropolitan_Statistical_Area","/wiki/Texas","/wiki/Austin,_Texas","/wiki/Houston","/wiki/Dallas%E2%80%93Fort_Worth_Metroplex","/wiki/Utah","/wiki/Salt_Lake_City","/wiki/Vermont","/wiki/Montpelier,_Vermont","/wiki/Burlington,_Vermont","/wiki/Virginia","/wiki/Richmond,_Virginia","/wiki/Virginia_Beach","/wiki/Northern_Virginia","/wiki/Washington_(U.S._state)","/wiki/Olympia,_Washington","/wiki/Seattle","/wiki/West_Virginia","/wiki/Charleston,_West_Virginia","/wiki/Wisconsin","/wiki/Madison,_Wisconsin","/wiki/Milwaukee","/wiki/Wyoming","/wiki/Cheyenne,_Wyoming","/w/index.php?title=List_of_capitals_in_the_United_States&action=edit&section=2","/wiki/Insular_area","/wiki/Territory_of_the_United_States","/wiki/American_Samoa","/wiki/Pago_Pago","/wiki/De_facto","/wiki/Fagatogo,_American_Samoa","/wiki/Seat_of_government","/wiki/Guam","/wiki/Hag%C3%A5t%C3%B1a,_Guam","/wiki/Dededo,_Guam","/wiki/Village","/wiki/Northern_Mariana_Islands","/wiki/Saipan","/wiki/Puerto_Rico","/wiki/San_Juan,_Puerto_Rico","/wiki/United_States_Virgin_Islands","/wiki/Charlotte_Amalie,_United_States_Virgin_Islands","/w/index.php?title=List_of_capitals_in_the_United_States&action=edit&section=3","/w/index.php?title=List_of_capitals_in_the_United_States&action=edit&section=4","#cite_note-1","/wiki/First_Continental_Congress","/wiki/Carpenters%27_Hall","/wiki/Philadelphia","/wiki/Pennsylvania","/wiki/Second_Continental_Congress","/wiki/Independence_Hall_(United_States)","/wiki/Henry_Fite_House","/wiki/Baltimore","/wiki/Maryland","/wiki/Lancaster,_Pennsylvania","/wiki/York,_Pennsylvania","/wiki/Articles_of_Confederation","#endnote_mutiny","/wiki/Nassau_Hall","/wiki/Princeton,_New_Jersey","/wiki/Maryland_State_House","/wiki/Annapolis,_Maryland","/wiki/French_Arms_Tavern","/wiki/Trenton,_New_Jersey","/wiki/New_Jersey","/wiki/Federal_Hall","/wiki/New_York_City","/wiki/New_York","/wiki/United_States_Constitution","/wiki/Federal_Hall","/wiki/Congress_Hall","/wiki/United_States_Capitol","/wiki/Washington,_D.C.","#endnote_dc","/wiki/Old_Capitol_Prison","/wiki/File:Flag_of_Vermont.svg","//upload.wikimedia.org/wikipedia/commons/thumb/4/49/Flag_of_Vermont.svg/32px-Flag_of_Vermont.svg.png","/w/index.php?title=List_of_capitals_in_the_United_States&action=edit&section=5","/wiki/Vermont_Republic","/wiki/Westminster_(town),_Vermont","/wiki/Windsor,_Vermont","/wiki/State_of_Vermont","/wiki/Montpelier,_Vermont","/wiki/File:Flag_of_Hawaii.svg","//upload.wikimedia.org/wikipedia/commons/thumb/e/ef/Flag_of_Hawaii.svg/32px-Flag_of_Hawaii.svg.png","/w/index.php?title=List_of_capitals_in_the_United_States&action=edit&section=6","/wiki/Waikiki","/wiki/Kingdom_of_Hawaii","/wiki/Hilo,_Hawaii","/wiki/Kingdom_of_Hawaii","/wiki/Kailua,_Hawaii_County,_Hawaii","/wiki/Kingdom_of_Hawaii","/wiki/Lahaina,_Hawaii","/wiki/Kingdom_of_Hawaii","/wiki/Honolulu","/wiki/Kingdom_of_Hawaii","/wiki/Kingdom_of_Hawaii","/wiki/Provisional_Government_of_Hawaii","/wiki/Overthrow_of_the_Kingdom_of_Hawaii","/wiki/Republic_of_Hawaii","/wiki/Newlands_Resolution","/wiki/Territory_of_Hawaii","/wiki/State_of_Hawaii","/wiki/File:Flag_of_Texas.svg","//upload.wikimedia.org/wikipedia/commons/thumb/f/f7/Flag_of_Texas.svg/32px-Flag_of_Texas.svg.png","/w/index.php?title=List_of_capitals_in_the_United_States&action=edit&section=7","/wiki/Texas_Annexation","/wiki/Republic_of_Texas","/wiki/Washington-on-the-Brazos,_Texas","/wiki/Harrisburg,_Houston","/wiki/Galveston,_Texas","/wiki/Velasco,_Texas","/wiki/West_Columbia,_Texas","/wiki/Houston","/wiki/Austin,_Texas","/w/index.php?title=List_of_capitals_in_the_United_States&action=edit&section=8","/wiki/De_facto","/wiki/File:Confederate_National_Flag_since_Mar_4_1865.svg","//upload.wikimedia.org/wikipedia/commons/thumb/e/e2/Confederate_National_Flag_since_Mar_4_1865.svg/32px-Confederate_National_Flag_since_Mar_4_1865.svg.png","/w/index.php?title=List_of_capitals_in_the_United_States&action=edit&section=9","/wiki/Confederate_States_of_America","/wiki/Montgomery,_Alabama","/wiki/Alabama","/wiki/Richmond,_Virginia","/wiki/Virginia","/wiki/Danville,_Virginia","/wiki/Virginia","/wiki/Montgomery,_Alabama","/wiki/Alabama","/wiki/South_Carolina","/wiki/Georgia_(U.S._state)","/wiki/Alabama","/wiki/Florida","/wiki/Mississippi","/wiki/Louisiana","/wiki/Texas","/wiki/Montgomery,_Alabama","/wiki/Richmond,_Virginia","/wiki/Virginia","/wiki/Army_of_Northern_Virginia","/wiki/Richmond,_Virginia","/wiki/Danville,_Virginia","/wiki/Union_(American_Civil_War)","/wiki/Robert_E._Lee","/wiki/Army_of_Northern_Virginia","/wiki/Appomattox_Court_House","/wiki/Virginia","/wiki/American_Civil_War","/wiki/Tennessee","/wiki/Arkansas","/wiki/Louisiana","/wiki/Florida","/wiki/North_Carolina","/wiki/South_Carolina","/wiki/Alabama","/wiki/Virginia","/wiki/Mississippi","/wiki/Texas","/wiki/Georgia_(U.S._state)","/wiki/Texas_v._White","#cite_note-2","#cite_note-3","/w/index.php?title=List_of_capitals_in_the_United_States&action=edit&section=10","/wiki/State_of_Franklin","/wiki/Jonesborough,_Tennessee","/wiki/Greeneville,_Tennessee","/w/index.php?title=List_of_capitals_in_the_United_States&action=edit&section=11","/wiki/State_of_Muskogee","/wiki/Native_Americans_in_the_United_States","/wiki/Muscogee_(Creek)","/wiki/Seminole","/wiki/Miccosukee,_Florida","#cite_note-4","/w/index.php?title=List_of_capitals_in_the_United_States&action=edit&section=12","/wiki/Republic_of_West_Florida#Short-lived_Republic","/wiki/Louisiana","/wiki/Mississippi","/wiki/Florida","/wiki/Alabama","/wiki/St._Francisville,_Louisiana","/w/index.php?title=List_of_capitals_in_the_United_States&action=edit&section=13","/wiki/Republic_of_Indian_Stream","/wiki/New_Hampshire","/wiki/Pittsburg,_New_Hampshire","/wiki/File:1stBearFlag.svg","//upload.wikimedia.org/wikipedia/commons/thumb/4/4b/1stBearFlag.svg/32px-1stBearFlag.svg.png","/w/index.php?title=List_of_capitals_in_the_United_States&action=edit&section=14","/wiki/Mexican%E2%80%93American_War","/wiki/California_Republic","/wiki/Bear_Flag_Revolt","/wiki/De_facto","/wiki/Sonoma,_California","/w/index.php?title=List_of_capitals_in_the_United_States&action=edit&section=15","/wiki/Thirteen_Colonies","/wiki/American_Revolution","/wiki/City_of_New_York","/wiki/British_Armed_Forces","/wiki/War_of_1812","/wiki/American_Civil_War","/wiki/Confederate_States_of_America","/wiki/Pueblo_Revolt","/wiki/New_Mexico","/wiki/Boston","/wiki/Santa_Fe,_New_Mexico","/wiki/Pueblo_Revolt","/wiki/Alabama","#cite_note-5","/wiki/History_of_Alabama","/wiki/St._Augustine,_Florida","/wiki/Spain","/wiki/Spanish_Florida","#cite_note-Florida-6","/wiki/Savannah,_Georgia","/wiki/United_Kingdom","/wiki/Proprietary_colony","/wiki/Colony_of_Georgia","/wiki/United_Kingdom","/wiki/Province_of_Georgia","/wiki/Georgia_(U.S._state)","/wiki/Augusta,_Georgia","/wiki/Heard%27s_Fort,_Georgia","/wiki/Augusta,_Georgia","/wiki/Savannah,_Georgia","/wiki/Ebenezer,_Georgia","/wiki/Savannah,_Georgia","/wiki/Augusta,_Georgia","/wiki/Louisville,_Georgia","/wiki/Natchez,_Mississippi","/wiki/Territory_of_Mississippi","/wiki/Washington,_Mississippi","/wiki/History_of_St._Stephens,_Alabama","/wiki/Territory_of_Alabama","/wiki/Huntsville,_Alabama","/wiki/State_of_Alabama","/wiki/Cahawba,_Alabama","/wiki/Tuscaloosa,_Alabama","/wiki/Montgomery,_Alabama","/wiki/Alabama","/wiki/Confederate_States_of_America","/wiki/Alaska","#cite_note-7","/wiki/History_of_Alaska","/wiki/Sitka,_Alaska","/wiki/Russia","/wiki/Russian_America","/wiki/Department_of_Alaska","/wiki/District_of_Alaska","/wiki/Juneau,_Alaska","/wiki/Territory_of_Alaska","/wiki/Alaska","/wiki/Arizona","#cite_note-8","/wiki/History_of_Arizona","/wiki/Santa_Fe,_New_Mexico#History","/wiki/New_Mexico#Territory","/wiki/Territory_of_New_Mexico","/wiki/Mesilla,_New_Mexico","/wiki/Confederate_States_of_America","/wiki/Arizona_Territory_(Confederate_States_of_America)","/wiki/San_Antonio","/wiki/Confederate_States_of_America","/wiki/Arizona_Territory_(Confederate_States_of_America)","/wiki/Fort_Whipple,_Arizona","/wiki/Territory_of_Arizona","/wiki/Prescott,_Arizona","/wiki/Tucson,_Arizona","/wiki/Prescott,_Arizona","/wiki/Phoenix,_Arizona","/wiki/Arizona","/wiki/Arkansas","#cite_note-9","/wiki/History_of_Arkansas","/wiki/St._Louis,_Missouri","/wiki/Spain","/wiki/Francophone","/wiki/History_of_Missouri","/wiki/France","/wiki/Louisiana_(New_France)","/wiki/District_of_Louisiana","/wiki/Indiana_Territory","/wiki/Territory_of_Louisiana","/wiki/Territory_of_Missouri","/wiki/Arkansas_Post","/wiki/Territory_of_Arkansaw","#cite_note-Arkansas-10","/wiki/Little_Rock,_Arkansas","/wiki/Arkansas","#cite_note-Arkansas-10","/wiki/Washington,_Arkansas","/wiki/Confederate_States_of_America","/wiki/California","#cite_note-11","/wiki/History_of_California","/wiki/Loreto,_Baja_California_Sur","/wiki/Spain","/wiki/Viceroyalty_of_New_Spain","/wiki/Las_Californias","/wiki/Presidio_of_Monterey,_California","/wiki/Spain","/wiki/Viceroyalty_of_New_Spain","/wiki/Alta_California","/wiki/Mexico","/wiki/Alta_California","/wiki/U.S._military_government_of_California","/wiki/Provisional_government_of_California","/wiki/San_Jose,_California","/wiki/California","/wiki/Vallejo,_California","/wiki/Benicia,_California","/wiki/Sacramento,_California","#endnote_San_Fran","/wiki/Colorado","#cite_note-12","/wiki/History_of_Colorado","/wiki/History_of_Denver","#cite_note-13","/wiki/Territory_of_Jefferson","/wiki/Golden,_Colorado#History","/wiki/History_of_Denver","/wiki/Territory_of_Colorado","/wiki/Old_Colorado_City","/wiki/Golden,_Colorado#History","/wiki/History_of_Denver","/wiki/Denver","#cite_note-14","/wiki/Colorado","/wiki/Connecticut","/wiki/History_of_Connecticut","/wiki/Fort_Amsterdam","/wiki/Netherlands","/wiki/Nieuw-Nederland","/wiki/Hartford,_Connecticut","/wiki/England","/wiki/Colony_of_Connecticut","/wiki/New_Haven,_Connecticut","/wiki/England","/wiki/Colony_of_New-Haven","/wiki/Boston","/wiki/England","/wiki/Dominion_of_New-England_in_America","/wiki/Hartford,_Connecticut","/wiki/England","/wiki/Colony_of_Connecticut","/wiki/Hartford,_Connecticut","/wiki/New_Haven,_Connecticut","/wiki/England","/wiki/Colony_of_Connecticut","/wiki/Hartford,_Connecticut","/wiki/New_Haven,_Connecticut","/wiki/United_Kingdom","/wiki/Colony_of_Connecticut","/wiki/Hartford,_Connecticut","/wiki/New_Haven,_Connecticut","/wiki/Connecticut","/wiki/Hartford,_Connecticut","/wiki/Connecticut","/wiki/Delaware","/wiki/History_of_Delaware","/wiki/Fort_Christina","/wiki/Sweden","/wiki/New_Sweden","/wiki/Fort_Amsterdam","/wiki/Netherlands","/wiki/Nieuw-Nederland","/wiki/England","/wiki/Colony_of_New-York","/wiki/Netherlands","/wiki/Nieuw-Nederland","/wiki/England","/wiki/Colony_of_New-York","/wiki/Philadelphia","/wiki/England","/wiki/Colony_of_Pennsylvania","/wiki/New_Castle,_Delaware","/wiki/England","/wiki/Delaware_Colony","/wiki/United_Kingdom","/wiki/Delaware_Colony","/wiki/Delaware","/wiki/Dover,_Delaware","/wiki/Florida","#cite_note-15","/wiki/History_of_Florida","/wiki/Fort_Caroline","/wiki/France","/wiki/Fort_Caroline","/wiki/St._Augustine,_Florida","/wiki/Spain","/wiki/Spanish_Florida","#cite_note-Florida-6","/wiki/United_Kingdom","/wiki/Colony_of_East_Florida","/wiki/Spain","/wiki/Florida_Oriental","/wiki/Pensacola,_Florida","/wiki/United_Kingdom","/wiki/Colony_of_West_Florida","/wiki/Spain","/wiki/Florida_Occidental","/wiki/Tallahassee,_Florida","/wiki/Territory_of_Florida","/wiki/Florida","/wiki/Georgia_(U.S._state)","#cite_note-16","/wiki/History_of_Georgia_(U.S._state)","/wiki/St._Augustine,_Florida","/wiki/Spain","/wiki/Spanish_Florida","#cite_note-Florida-6","/wiki/Savannah,_Georgia","/wiki/United_Kingdom","/wiki/Proprietary_colony","/wiki/Colony_of_Georgia","/wiki/United_Kingdom","/wiki/Province_of_Georgia","/wiki/Georgia_(U.S._state)","/wiki/Augusta,_Georgia","/wiki/Heard%27s_Fort,_Georgia","/wiki/Augusta,_Georgia","/wiki/Savannah,_Georgia","/wiki/Ebenezer,_Georgia","/wiki/Savannah,_Georgia","/wiki/Augusta,_Georgia","/wiki/Louisville,_Georgia","/wiki/Milledgeville,_Georgia","/wiki/Macon,_Georgia","/wiki/Milledgeville,_Georgia","/wiki/Atlanta","/wiki/Hawaii","/wiki/History_of_Hawaii","/wiki/Lahaina,_Hawaii","/wiki/Kingdom_of_Hawaii","/wiki/Honolulu","/wiki/Republic_of_Hawaii","/wiki/Territory_of_Hawaii","/wiki/Hawaii","/wiki/Idaho","#cite_note-17","/wiki/History_of_Idaho","/wiki/Fort_Vancouver,_Washington","/wiki/De_facto","/wiki/Oregon_Country","/wiki/Oregon_City,_Oregon","/wiki/Provisional_Government_of_Oregon","/wiki/Oregon_Country","#cite_note-PDoOH-18","/wiki/Territory_of_Oregon","/wiki/Salem,_Oregon","/wiki/Olympia,_Washington","/wiki/Territory_of_Washington","/wiki/Lewiston,_Idaho","/wiki/Territory_of_Idaho","/wiki/Boise,_Idaho","/wiki/Idaho","/wiki/Illinois","#cite_note-19","/wiki/History_of_Illinois","/wiki/Marietta,_Ohio","/wiki/Territory_Northwest_of_the_River_Ohio","/wiki/Vincennes,_Indiana","/wiki/Territory_of_Indiana","/wiki/Kaskaskia,_Illinois","/wiki/Territory_of_Illinois","/wiki/Illinois","/wiki/Vandalia,_Illinois","/wiki/Springfield,_Illinois","/wiki/Indiana","/wiki/History_of_Indiana","/wiki/Marietta,_Ohio","/wiki/Territory_Northwest_of_the_River_Ohio","/wiki/Vincennes,_Indiana","/wiki/Territory_of_Indiana","/wiki/Corydon,_Indiana","/wiki/Indiana","/wiki/Indianapolis","/wiki/Iowa","#cite_note-20","/wiki/History_of_Iowa","/wiki/St._Louis,_Missouri","/wiki/Spain","/wiki/Francophone","/wiki/History_of_Missouri","/wiki/France","/wiki/Louisiana_(New_France)","/wiki/District_of_Louisiana","/wiki/Indiana_Territory","/wiki/Territory_of_Louisiana","/wiki/Territory_of_Missouri","/wiki/Detroit","/wiki/Territory_of_Michigan","/wiki/Belmont,_Wisconsin","/wiki/Territory_of_Wisconsin","/wiki/Burlington,_Iowa","/wiki/Territory_of_Iowa","/wiki/Iowa_City,_Iowa","/wiki/Iowa","/wiki/Des_Moines,_Iowa","/wiki/Kansas","#cite_note-21","/wiki/History_of_Kansas","/wiki/St._Louis,_Missouri","/wiki/Spain","/wiki/Francophone","/wiki/History_of_Missouri","/wiki/France","/wiki/Louisiana_(New_France)","/wiki/District_of_Louisiana","/wiki/Indiana_Territory","/wiki/Territory_of_Louisiana","/wiki/Territory_of_Missouri","/wiki/Pawnee,_Kansas","/wiki/Territory_of_Kansas","/wiki/Shawnee_Methodist_Mission","/wiki/Territory_of_Kansas","/wiki/Lecompton,_Kansas","/wiki/De_jure","/wiki/Territory_of_Kansas","/wiki/Topeka,_Kansas","/wiki/De_facto","/wiki/Territory_of_Kansas","/wiki/Kansas","/wiki/Kentucky","#cite_note-22","/wiki/History_of_Kentucky","/wiki/Williamsburg,_Virginia","/wiki/England","/wiki/Colony_of_Virginia","/wiki/United_Kingdom","/wiki/Colony_of_Virginia","/wiki/Virginia","/wiki/Richmond,_Virginia","/wiki/Frankfort,_Kentucky","/wiki/Kentucky","/wiki/Bowling_Green,_Kentucky","/wiki/Confederate_States_of_America","/wiki/Louisiana","#cite_note-23","/wiki/History_of_Louisiana","/wiki/St._Augustine,_Florida","/wiki/Spain","/wiki/Spanish_Florida","#cite_note-Florida-6","/wiki/Mobile,_Alabama","/wiki/France","/wiki/Louisiana_(New_France)","/wiki/Biloxi,_Mississippi","/wiki/New_Orleans","/wiki/Spain","/wiki/History_of_Louisiana","/wiki/France","/wiki/Louisiana_(New_France)","/wiki/Territory_of_Orleans","/wiki/State_of_Louisiana","/wiki/Donaldsonville,_Louisiana","/wiki/New_Orleans","/wiki/Baton_Rouge,_Louisiana","/wiki/Opelousas,_Louisiana","/wiki/Shreveport,_Louisiana","/wiki/New_Orleans","/wiki/Baton_Rouge,_Louisiana","/wiki/Maine","#cite_note-24","/wiki/History_of_Maine","/wiki/Saint_Croix_Island,_Maine","/wiki/France","/wiki/L%27Acadie","/wiki/Port_Royal,_Annapolis_County,_Nova_Scotia","/wiki/Boston","/wiki/England","/wiki/Colony_of_Massachusetts_Bay","/wiki/England","/wiki/Dominion_of_New-England_in_America","/wiki/Colony_of_Massachusetts_Bay","/wiki/England","/wiki/Province_of_Massachusetts_Bay","/wiki/United_Kingdom","/wiki/Province_of_Massachusetts_Bay","/wiki/Province_of_Massachusetts_Bay","/wiki/State_of_Massachusetts_Bay","/wiki/Massachusetts","/wiki/Portland,_Maine","/wiki/Maine","/wiki/De_facto","/wiki/State_of_Maine","/wiki/Augusta,_Maine","/wiki/De_jure","/wiki/Maine","/wiki/Maine","/wiki/Maryland","#cite_note-25","/wiki/History_of_Maryland","/wiki/St._Mary%27s_City,_Maryland","/wiki/England","/wiki/Proprietary_colony","/wiki/Colony_of_Maryland","/wiki/Annapolis,_Maryland","/wiki/England","/wiki/Province_of_Maryland","/wiki/United_Kingdom","/wiki/Province_of_Maryland","/wiki/Maryland","/wiki/United_States_of_America","/wiki/Massachusetts","/wiki/History_of_Massachusetts","/wiki/Plymouth,_Massachusetts","/wiki/England","/wiki/Colony_of_New-Plimouth","/wiki/Boston","/wiki/England","/wiki/Colony_of_Massachusetts_Bay","/wiki/England","/wiki/Dominion_of_New-England_in_America","/wiki/Plymouth,_Massachusetts","/wiki/Colony_of_New-Plimouth","/wiki/Boston","/wiki/Colony_of_Massachusetts_Bay","/wiki/England","/wiki/Province_of_Massachusetts_Bay","/wiki/United_Kingdom","/wiki/Province_of_Massachusetts_Bay","/wiki/Province_of_Massachusetts_Bay","/wiki/State_of_Massachusetts_Bay","/wiki/Massachusetts","/wiki/Michigan","#cite_note-26","/wiki/History_of_Michigan","/wiki/Marietta,_Ohio","/wiki/Territory_Northwest_of_the_River_Ohio","/wiki/Chillicothe,_Ohio","/wiki/Vincennes,_Indiana","/wiki/Territory_of_Indiana","/wiki/Upper_Peninsula_of_Michigan","/wiki/Corydon,_Indiana","/wiki/Detroit","/wiki/Territory_of_Michigan","/wiki/Lower_Peninsula_of_Michigan","/wiki/British_Armed_Forces","/wiki/Michigan","/wiki/Lansing,_Michigan","/wiki/Minnesota","#cite_note-27","/wiki/History_of_Minnesota","/wiki/St._Louis,_Missouri","/wiki/Spain","/wiki/Francophone","/wiki/History_of_Missouri","/wiki/France","/wiki/Louisiana_(New_France)","/wiki/Mississippi_River","/wiki/District_of_Louisiana","/wiki/Mississippi_River","/wiki/Indiana_Territory","/wiki/Territory_of_Louisiana","/wiki/Mississippi_River","/wiki/Territory_of_Missouri","/wiki/Mississippi_River","/wiki/Marietta,_Ohio","/wiki/Territory_Northwest_of_the_River_Ohio","/wiki/Mississippi_River","/wiki/Vincennes,_Indiana","/wiki/Territory_of_Indiana","/wiki/Mississippi_River","/wiki/Kaskaskia,_Illinois","/wiki/Territory_of_Illinois","/wiki/Mississippi_River","/wiki/Detroit","/wiki/Territory_of_Michigan","/wiki/Mississippi_River","/wiki/Belmont,_Wisconsin","/wiki/Territory_of_Wisconsin","/wiki/Burlington,_Iowa","/wiki/Territory_of_Iowa","/wiki/Mississippi_River","/wiki/Madison,_Wisconsin","/wiki/Territory_of_Wisconsin","/wiki/Mississippi_River","/wiki/Iowa_City,_Iowa","/wiki/Territory_of_Iowa","/wiki/Mississippi_River","/wiki/Saint_Paul,_Minnesota","/wiki/Territory_of_Minnesota","/wiki/Minnesota","/wiki/Mississippi","#cite_note-28","/wiki/History_of_Mississippi","/wiki/St._Augustine,_Florida","/wiki/Spain","/wiki/Spanish_Florida","#cite_note-Florida-6","/wiki/Savannah,_Georgia","/wiki/United_Kingdom","/wiki/Proprietary_colony","/wiki/Colony_of_Georgia","/wiki/United_Kingdom","/wiki/Province_of_Georgia","/wiki/Georgia_(U.S._state)","/wiki/Augusta,_Georgia","/wiki/Heard%27s_Fort,_Georgia","/wiki/Augusta,_Georgia","/wiki/Savannah,_Georgia","/wiki/Ebenezer,_Georgia","/wiki/Savannah,_Georgia","/wiki/Augusta,_Georgia","/wiki/Louisville,_Georgia","/wiki/Natchez,_Mississippi","/wiki/Territory_of_Mississippi","/wiki/Washington,_Mississippi","/wiki/Natchez,_Mississippi","/wiki/Mississippi","/wiki/Jackson,_Mississippi","/wiki/Missouri","/wiki/History_of_Missouri","/wiki/St._Louis,_Missouri","/wiki/Spain","/wiki/Francophone","/wiki/History_of_Missouri","/wiki/France","/wiki/Louisiana_(New_France)","/wiki/District_of_Louisiana","/wiki/Indiana_Territory","/wiki/Territory_of_Louisiana","/wiki/Territory_of_Missouri","/wiki/Saint_Charles,_Missouri","/wiki/State_of_Missouri","/wiki/Confederate_States_of_America","/wiki/Neosho,_Missouri","/wiki/Marshall,_Texas","/wiki/Jefferson_City,_Missouri","/wiki/Montana","#cite_note-29","/wiki/History_of_Montana","/wiki/St._Louis,_Missouri","/wiki/Spain","/wiki/Francophone","/wiki/History_of_Missouri","/wiki/Continental_Divide","/wiki/France","/wiki/Louisiana_(New_France)","/wiki/Continental_Divide","/wiki/District_of_Louisiana","/wiki/Continental_Divide","/wiki/Indiana_Territory","/wiki/Territory_of_Louisiana","/wiki/Continental_Divide","/wiki/Territory_of_Missouri","/wiki/Continental_Divide","/wiki/Fort_Vancouver,_Washington","/wiki/De_facto","/wiki/Oregon_Country","/wiki/Continental_Divide","/wiki/Oregon_City,_Oregon","/wiki/Provisional_Government_of_Oregon","/wiki/Continental_Divide","/wiki/Territory_of_Oregon","/wiki/Continental_Divide","/wiki/Salem,_Oregon","/wiki/Olympia,_Washington","/wiki/Territory_of_Washington","/wiki/Continental_Divide","/wiki/Omaha,_Nebraska","/wiki/Territory_of_Nebraska","/wiki/Continental_Divide","/wiki/Yankton,_South_Dakota","/wiki/Territory_of_Dakota","/wiki/Continental_Divide","/wiki/Lewiston,_Idaho","/wiki/Territory_of_Idaho","/wiki/Bannack,_Montana","/wiki/Territory_of_Montana","/wiki/Virginia_City,_Montana","/wiki/Helena,_Montana","/wiki/Montana","/wiki/Nebraska","/wiki/Nebraska#History","/wiki/St._Louis,_Missouri","/wiki/Spain","/wiki/Francophone","/wiki/History_of_Missouri","/wiki/France","/wiki/Louisiana_(New_France)","/wiki/District_of_Louisiana","/wiki/Indiana_Territory","/wiki/Territory_of_Louisiana","/wiki/Territory_of_Missouri","/wiki/Omaha,_Nebraska","/wiki/Territory_of_Nebraska","/wiki/Lincoln,_Nebraska","/wiki/Nebraska","/wiki/Nevada","#cite_note-30","/wiki/Nevada#History","/wiki/Fillmore,_Utah","/wiki/Territory_of_Utah","/wiki/Salt_Lake_City","/wiki/Carson_City,_Nevada","/wiki/Territory_of_Nevada","/wiki/Nevada","/wiki/New_Hampshire","#cite_note-31","/wiki/History_of_New_Hampshire","/wiki/Boston","/wiki/England","/wiki/Colony_of_Massachusetts_Bay","/wiki/Portsmouth,_New_Hampshire","/wiki/England","/wiki/Province_of_New_Hampshire","/wiki/Boston","/wiki/England","/wiki/Dominion_of_New-England_in_America","/wiki/Portsmouth,_New_Hampshire","/wiki/Province_of_New_Hampshire","/wiki/England","/wiki/Province_of_New_Hampshire","/wiki/England","/wiki/Province_of_New_Hampshire","/wiki/Province_of_Massachusetts_Bay","/wiki/United_Kingdom","/wiki/Province_of_New_Hampshire","/wiki/Province_of_Massachusetts_Bay","/wiki/United_Kingdom","/wiki/Province_of_New_Hampshire","/wiki/Exeter,_New_Hampshire","/wiki/American_Revolutionary_War","/wiki/New_Hampshire","/wiki/New_Hampshire","/wiki/Concord,_New_Hampshire","/wiki/New_Jersey","/wiki/History_of_New_Jersey","/wiki/Fort_Amsterdam","/wiki/Netherlands","/wiki/Nieuw-Nederland","/wiki/Netherlands","/wiki/Nieuw-Nederland","/wiki/Elizabeth,_New_Jersey","/wiki/England","/wiki/Province_of_New_Jersey","/wiki/Perth_Amboy,_New_Jersey","/wiki/England","/wiki/Province_of_East_Jersey","/wiki/Burlington,_New_Jersey","/wiki/England","/wiki/Province_of_West_Jersey","/wiki/Boston","/wiki/England","/wiki/Dominion_of_New-England_in_America","/wiki/Perth_Amboy,_New_Jersey","/wiki/England","/wiki/Province_of_East_Jersey","/wiki/Burlington,_New_Jersey","/wiki/England","/wiki/Province_of_West_Jersey","/wiki/England","/wiki/Province_of_New_Jersey","/wiki/United_Kingdom","/wiki/Province_of_New_Jersey","/wiki/State_of_New_Jersey","/wiki/Trenton,_New_Jersey","/wiki/New_Jersey","/wiki/United_States_of_America","/wiki/New_Mexico","/wiki/History_of_New_Mexico","/wiki/San_Juan,_New_Mexico","/wiki/Spain","/wiki/Viceroyalty_of_New_Spain","/wiki/Santa_Fe_de_Nuevo_M%C3%A9xico","/wiki/Santa_Fe,_New_Mexico#History","/wiki/Ciudad_Ju%C3%A1rez#History","/wiki/Spain","/wiki/Viceroyalty_of_New_Spain","/wiki/Santa_Fe_de_Nuevo_M%C3%A9xico","/wiki/Pueblo_Revolt","/wiki/Santa_Fe,_New_Mexico","/wiki/Spain","/wiki/Viceroyalty_of_New_Spain","/wiki/Santa_Fe_de_Nuevo_M%C3%A9xico","/wiki/Mexico","/wiki/Santa_Fe_de_Nuevo_M%C3%A9xico","/wiki/Mexico","/wiki/Santa_Fe_de_Nuevo_M%C3%A9xico","/wiki/U.S._military_government_of_New_Mexico","/wiki/U.S._provisional_government_of_New_Mexico","/wiki/Territory_of_New_Mexico","/wiki/Mesilla,_New_Mexico","/wiki/Confederate_States_of_America","/wiki/Arizona_Territory_(Confederate_States_of_America)","/wiki/San_Antonio","/wiki/Confederate_States_of_America","/wiki/Arizona_Territory_(Confederate_States_of_America)","/wiki/Santa_Fe,_New_Mexico","/wiki/New_Mexico","/wiki/New_York","/wiki/History_of_New_York","/wiki/Fort_Amsterdam","/wiki/Netherlands","/wiki/Nieuw-Nederland","/wiki/Netherlands","/wiki/Nieuw-Nederland","/wiki/England","/wiki/Province_of_New_York","/wiki/Netherlands","/wiki/Nieuw-Nederland","/wiki/England","/wiki/Province_of_New_York","/wiki/Boston","/wiki/England","/wiki/Dominion_of_New-England_in_America","/wiki/New_York_City","/wiki/Leisler%27s_Rebellion","/wiki/England","/wiki/Province_of_New_York","/wiki/United_Kingdom","/wiki/Province_of_New_York","/wiki/New_York","/wiki/Kingston,_New_York","/wiki/Hurley_(town),_New_York","/wiki/Poughkeepsie,_New_York","/wiki/New_York_City","/wiki/New_York","/wiki/United_States_of_America","/wiki/Albany,_New_York","/wiki/New_York","/wiki/North_Carolina","/wiki/History_of_North_Carolina","/wiki/St._Augustine,_Florida","/wiki/Spain","/wiki/Spanish_Florida","#cite_note-Florida-6","/wiki/Charlestown,_South_Carolina","/wiki/England","/wiki/Province_of_Carolina","/wiki/United_Kingdom","/wiki/Province_of_Carolina","/wiki/New_Bern,_North_Carolina","/wiki/United_Kingdom","/wiki/Province_of_North_Carolina","/wiki/North_Carolina","/wiki/Fayetteville,_North_Carolina","/wiki/Raleigh,_North_Carolina","/wiki/North_Dakota","/wiki/History_of_North_Dakota","/wiki/St._Louis,_Missouri","/wiki/Spain","/wiki/Francophone","/wiki/History_of_Missouri","/wiki/France","/wiki/Louisiana_(New_France)","/wiki/District_of_Louisiana","/wiki/Indiana_Territory","/wiki/Territory_of_Louisiana","/wiki/Territory_of_Missouri","/wiki/Detroit","/wiki/Territory_of_Michigan","/wiki/Missouri_River","/wiki/White_Earth_River_(North_Dakota)","/wiki/Belmont,_Wisconsin","/wiki/Territory_of_Wisconsin","/wiki/Missouri_River","/wiki/White_Earth_River_(North_Dakota)","/wiki/Burlington,_Iowa","/wiki/Territory_of_Iowa","/wiki/Missouri_River","/wiki/White_Earth_River_(North_Dakota)","/wiki/Iowa_City,_Iowa","/wiki/Saint_Paul,_Minnesota","/wiki/Territory_of_Minnesota","/wiki/Missouri_River","/wiki/White_Earth_River_(North_Dakota)","/wiki/Omaha,_Nebraska","/wiki/Territory_of_Nebraska","/wiki/Missouri_River","/wiki/White_Earth_River_(North_Dakota)","/wiki/Yankton,_South_Dakota","/wiki/Territory_of_Dakota","/wiki/Bismarck,_North_Dakota","/wiki/North_Dakota","/wiki/Ohio","/wiki/History_of_Ohio","/wiki/Marietta,_Ohio","/wiki/Territory_Northwest_of_the_River_Ohio","/wiki/Chillicothe,_Ohio","/wiki/Ohio","/wiki/Zanesville,_Ohio","/wiki/Chillicothe,_Ohio","/wiki/Columbus,_Ohio","/wiki/Oklahoma","/wiki/History_of_Oklahoma","/wiki/St._Louis,_Missouri","/wiki/Spain","/wiki/Francophone","/wiki/History_of_Missouri","/wiki/France","/wiki/Louisiana_(New_France)","/wiki/District_of_Louisiana","/wiki/Indiana_Territory","/wiki/Territory_of_Louisiana","/wiki/Territory_of_Missouri","/wiki/Arkansas_Post","/wiki/Territory_of_Arkansaw","#cite_note-Arkansas-10","/wiki/Parallel_36%C2%B030%27_north","/wiki/Little_Rock,_Arkansas","/wiki/Tahlequah,_Oklahoma","/wiki/Cherokee_Nation","/wiki/Tuskahoma,_Oklahoma","/wiki/Choctaw_Nation_of_Oklahoma","/wiki/Tishomingo,_Oklahoma","/wiki/Chickasaw_Nation","/wiki/Wewoka,_Oklahoma","/wiki/Seminole_Nation","/wiki/Okmulgee,_Oklahoma","/wiki/Creek_Nation","/wiki/Pawhuska,_Oklahoma","/wiki/Osage_Nation","/wiki/Guthrie,_Oklahoma","/wiki/Territory_of_Oklahoma","/wiki/Oklahoma","/wiki/Oklahoma_City","/wiki/Oregon","#cite_note-32","/wiki/History_of_Oregon","/wiki/Champoeg,_Oregon","/wiki/Oregon_Country","/wiki/Oregon_City,_Oregon","/wiki/Provisional_Government_of_Oregon","/wiki/Oregon_Country","#cite_note-PDoOH-18","/wiki/Territory_of_Oregon","/wiki/Salem,_Oregon","/wiki/Corvallis,_Oregon","/wiki/Salem,_Oregon","/wiki/Oregon","/wiki/Pennsylvania","#cite_note-33","/wiki/History_of_Pennsylvania","/wiki/Philadelphia","/wiki/England","/wiki/Proprietary_colony","/wiki/Colony_of_Pennsylvania","/wiki/United_Kingdom","/wiki/Proprietary_colony","/wiki/Colony_of_Pennsylvania","/wiki/Commonwealth_of_Pennsylvania","/wiki/United_States_of_America","/wiki/Lancaster,_Pennsylvania","/wiki/Pennsylvania","/wiki/United_States_of_America","/wiki/Harrisburg,_Pennsylvania","/wiki/Pennsylvania","/wiki/Rhode_Island","/wiki/History_of_Rhode_Island","/wiki/Providence,_Rhode_Island","/wiki/England","/wiki/History_of_Rhode_Island","/wiki/Portsmouth,_Rhode_Island","/wiki/England","/wiki/History_of_Rhode_Island","/wiki/England","/wiki/Colony_of_Rhode_Island","/wiki/Providence,_Rhode_Island","/wiki/England","/wiki/Colony_of_Rhode_Island_and_Providence_Plantations","/wiki/Boston","/wiki/England","/wiki/Dominion_of_New-England_in_America","/wiki/Providence,_Rhode_Island","/wiki/England","/wiki/Colony_of_Rhode_Island_and_Providence_Plantations","/wiki/United_Kingdom","/wiki/Colony_of_Rhode_Island_and_Providence_Plantations","/wiki/Rhode_Island","/wiki/Providence,_Rhode_Island","/wiki/Newport,_Rhode_Island","/wiki/East_Greenwich,_Rhode_Island","/wiki/South_Kingstown,_Rhode_Island","/wiki/Bristol,_Rhode_Island","/wiki/Rhode_Island","/wiki/Providence,_Rhode_Island","/wiki/Rhode_Island","/wiki/South_Carolina","/wiki/History_of_South_Carolina","/wiki/St._Augustine,_Florida","/wiki/Spain","/wiki/Spanish_Florida","#cite_note-Florida-6","/wiki/Charlestown,_South_Carolina","/wiki/England","/wiki/Province_of_Carolina","/wiki/United_Kingdom","/wiki/Province_of_Carolina","/wiki/United_Kingdom","/wiki/Province_of_South_Carolina","/wiki/South_Carolina","/wiki/Columbia,_South_Carolina","/wiki/South_Dakota","/wiki/South_Dakota#History","/wiki/St._Louis,_Missouri","/wiki/Spain","/wiki/Francophone","/wiki/History_of_Missouri","/wiki/France","/wiki/Louisiana_(New_France)","/wiki/District_of_Louisiana","/wiki/Indiana_Territory","/wiki/Territory_of_Louisiana","/wiki/Territory_of_Missouri","/wiki/Detroit","/wiki/Territory_of_Michigan","/wiki/Missouri_River","/wiki/Belmont,_Wisconsin","/wiki/Territory_of_Wisconsin","/wiki/Missouri_River","/wiki/Burlington,_Iowa","/wiki/Territory_of_Iowa","/wiki/Missouri_River","/wiki/Iowa_City,_Iowa","/wiki/Saint_Paul,_Minnesota","/wiki/Territory_of_Minnesota","/wiki/Missouri_River","/wiki/Omaha,_Nebraska","/wiki/Territory_of_Nebraska","/wiki/Missouri_River","/wiki/Yankton,_South_Dakota","/wiki/Territory_of_Dakota","/wiki/Bismarck,_North_Dakota","/wiki/Pierre,_South_Dakota","/wiki/South_Dakota","/wiki/Tennessee","#cite_note-34","/wiki/History_of_Tennessee","/wiki/New_Bern,_North_Carolina","/wiki/United_Kingdom","/wiki/Province_of_North_Carolina","/wiki/North_Carolina","/wiki/Rocky_Mount,_Tennessee","/wiki/Territory_South_of_the_River_Ohio","/wiki/Knoxville,_Tennessee","/wiki/Tennessee","/wiki/Kingston,_Tennessee","/wiki/Tennessee","/wiki/Cherokee_Nation","/wiki/Knoxville,_Tennessee","/wiki/Tennessee","/wiki/Nashville,_Tennessee","/wiki/Knoxville,_Tennessee","/wiki/Murfreesboro,_Tennessee","/wiki/Nashville,_Tennessee","/wiki/Texas","/wiki/History_of_Texas","/wiki/Los_Adaes","/wiki/Spain","/wiki/History_of_Texas","/wiki/San_Antonio","/wiki/Saltillo","/wiki/Mexico","/wiki/Coahuila_y_Tejas","/wiki/Monclova","/wiki/Washington-on-the-Brazos,_Texas","/wiki/Republic_of_Texas","/wiki/Galveston,_Texas","/wiki/Harrisburg,_Houston,_Texas","/wiki/Velasco,_Texas","/wiki/West_Columbia,_Texas","/wiki/Houston","/wiki/Austin,_Texas","/wiki/Texas","/wiki/Utah","/wiki/History_of_Utah","/wiki/Salt_Lake_City","/wiki/State_of_Deseret","/wiki/Fillmore,_Utah","/wiki/Territory_of_Utah","/wiki/Salt_Lake_City","/wiki/Utah","/wiki/Vermont","#cite_note-35","/wiki/History_of_Vermont","/wiki/Westminster_(town),_Vermont","/wiki/Republic_of_New_Connecticut","/wiki/Windsor,_Vermont","/wiki/Vermont_Republic","/wiki/Vermont","/wiki/Montpelier,_Vermont","/wiki/Virginia","#cite_note-36","/wiki/History_of_Virginia","/wiki/Jamestown,_Virginia","/wiki/England","/wiki/Colony_of_Virginia","/wiki/Williamsburg,_Virginia","/wiki/United_Kingdom","/wiki/Colony_of_Virginia","/wiki/Virginia","/wiki/Richmond,_Virginia","/wiki/Virginia","/wiki/Confederate_States_of_America","/wiki/United_States","/wiki/Wheeling,_West_Virginia","/wiki/Alexandria,_Virginia","/wiki/Washington_(U.S._state)","#cite_note-37","/wiki/History_of_Washington_(U.S._state)","/wiki/Oregon_City,_Oregon","/wiki/Provisional_Government_of_Oregon","/wiki/Oregon_Country","#cite_note-PDoOH-18","/wiki/Territory_of_Oregon","/wiki/Salem,_Oregon","/wiki/Olympia,_Washington","/wiki/Territory_of_Washington","/wiki/Washington_(U.S._state)","/wiki/West_Virginia","/wiki/History_of_West_Virginia","/wiki/Jamestown,_Virginia","/wiki/England","/wiki/Colony_of_Virginia","/wiki/Williamsburg,_Virginia","/wiki/United_Kingdom","/wiki/Colony_of_Virginia","/wiki/Virginia","/wiki/Richmond,_Virginia","/wiki/Wheeling,_West_Virginia","/wiki/United_States","/wiki/Virginia","/wiki/West_Virginia","/wiki/Charleston,_West_Virginia","/wiki/Wheeling,_West_Virginia","/wiki/Charleston,_West_Virginia","/wiki/Wisconsin","#cite_note-38","/wiki/History_of_Wisconsin","/wiki/Marietta,_Ohio","/wiki/Territory_Northwest_of_the_River_Ohio","/wiki/Vincennes,_Indiana","/wiki/Territory_of_Indiana","/wiki/Kaskaskia,_Illinois","/wiki/Territory_of_Illinois","/wiki/Detroit","/wiki/Territory_of_Michigan","/wiki/Belmont,_Wisconsin","/wiki/Territory_of_Wisconsin","/wiki/Burlington,_Iowa","/wiki/Madison,_Wisconsin","/wiki/Wisconsin","/wiki/Wyoming","#cite_note-39","/wiki/Wyoming#History","/wiki/Lewiston,_Idaho","/wiki/Territory_of_Idaho","/wiki/Yankton,_South_Dakota","/wiki/Territory_of_Dakota","/wiki/Cheyenne,_Wyoming","/wiki/Territory_of_Wyoming","/wiki/Wyoming","/w/index.php?title=List_of_capitals_in_the_United_States&action=edit&section=16","/wiki/Historic_regions_of_the_United_States","/wiki/History_of_the_Philippines_(1898%E2%80%931946)","/wiki/History_of_the_United_States","/wiki/Lists_of_capitals","/wiki/Outline_of_United_States_history","/wiki/Political_divisions_of_the_United_States","/wiki/Territorial_evolution_of_the_United_States","/wiki/Timeline_of_country_and_capital_changes","/w/index.php?title=List_of_capitals_in_the_United_States&action=edit&section=17","#ref_border","http://www.britishcolumbia.com/regions/towns/?townID=4124","#ref_mutiny","/wiki/Pennsylvania_Mutiny_of_1783","#ref_dc","/wiki/James_Madison","/wiki/Caleb_Bentley","/wiki/Brookeville,_Maryland","/wiki/Burning_of_Washington","http://townofbrookevillemd.org/history.html","#ref_San_Fran","/wiki/Sacramento","/wiki/San_Francisco","http://capitolmuseum.ca.gov/uploadedFiles/Capitol_Museum/Teachers/statecaps.pdf","/w/index.php?title=List_of_capitals_in_the_United_States&action=edit&section=18","#cite_ref-1","http://www.senate.gov/reference/reference_item/Nine_Capitals_of_the_United_States.htm","#cite_ref-2","http://books.google.com/books?id=-IjHbPvp1W0C","#cite_ref-3","http://www.law.cornell.edu/supct/html/historics/USSC_CR_0074_0700_ZO.html","/wiki/Cornell_University_Law_School","#cite_ref-4","http://dhr.dos.state.fl.us/facts/symbols/flag.cfm?page=2&id=19","http://dhr.dos.state.fl.us/","/wiki/Florida_Department_of_State","/wiki/Government_of_Florida","#cite_ref-5","http://www.archives.state.al.us/capital/capitals.html","#cite_ref-Florida_6-0","#cite_ref-Florida_6-1","#cite_ref-Florida_6-2","#cite_ref-Florida_6-3","#cite_ref-Florida_6-4","#cite_ref-Florida_6-5","#cite_ref-Florida_6-6","/wiki/Spain","/wiki/Spanish_Florida","/wiki/North_America","/wiki/Mexico","/wiki/Europe","/wiki/Spanish_Florida","/wiki/United_States","#cite_ref-7","http://sled.alaska.edu/akfaq/akchron.html","http://www.explorenorth.com/library/communities/alaska/bl-Sitka.htm","#cite_ref-8","http://azcapitol.lib.az.us/before_capitol.htm","#cite_ref-9","http://www.sos.arkansas.gov/educational_facts.html","http://www.arkansasstateparks.com/oldwashingtonhistoric","#cite_ref-Arkansas_10-0","#cite_ref-Arkansas_10-1","#cite_ref-Arkansas_10-2","/wiki/Arkansas","/wiki/Territory_of_Arkansaw","/wiki/United_States","/wiki/State_of_Arkansas","/wiki/Help:IPA_for_English","/wiki/Help:IPA_for_English#Key","/wiki/Help:IPA_for_English#Key","/wiki/Help:IPA_for_English#Key","/wiki/Help:IPA_for_English#Key","/wiki/Help:IPA_for_English#Key","/wiki/Help:IPA_for_English#Key","/wiki/Help:IPA_for_English#Key","/wiki/Help:IPA_for_English","/wiki/Help:IPA_for_English","/wiki/Help:IPA_for_English#Key","/wiki/Help:IPA_for_English#Key","/wiki/Help:IPA_for_English#Key","/wiki/Help:IPA_for_English#Key","/wiki/Help:IPA_for_English#Key","/wiki/Help:IPA_for_English#Key","/wiki/Help:IPA_for_English#Key","/wiki/Help:IPA_for_English#Key","/wiki/Help:IPA_for_English","/wiki/Arkansas_General_Assembly","/wiki/State_of_Kansas","/wiki/Arkansas_River","/wiki/Help:IPA_for_English","/wiki/Help:IPA_for_English#Key","/wiki/Help:IPA_for_English#Key","/wiki/Help:IPA_for_English#Key","/wiki/Help:IPA_for_English#Key","/wiki/Help:IPA_for_English#Key","/wiki/Help:IPA_for_English#Key","/wiki/Help:IPA_for_English#Key","/wiki/Help:IPA_for_English#Key","/wiki/Help:IPA_for_English","#cite_ref-11","http://www.leginfo.ca.gov/pdf/caleg11.pdf","#cite_ref-12","http://www.colorado.gov/dpa/doit/archives/cap/locate.htm","#cite_ref-13","/wiki/History_of_Denver","/wiki/History_of_Denver","#cite_ref-14","/wiki/History_of_Denver","/wiki/Denver","#cite_ref-15","http://www.shgresources.com/fl/history/","#cite_ref-16","http://www.cviog.uga.edu/Projects/gainfo/capital.htm","#cite_ref-17","http://gov.idaho.gov/fyi/history/1863-89.htm","#cite_ref-PDoOH_18-0","#cite_ref-PDoOH_18-1","#cite_ref-PDoOH_18-2","#cite_ref-19","http://www.ilstatehouse.com/PastCapitols.htm","#cite_ref-20","http://iagenweb.org/history/moi/moi24.htm","#cite_ref-21","http://www.kshs.org/features/feat401j.htm","#cite_ref-22","http://www.kdla.ky.gov/resources/kycapitol.htm","#cite_ref-23","http://www.state.la.us/about_history2.htm","#cite_ref-24","http://www.state.me.us/legis/senate/about/generalinfo/Students/questions_students_ask-1.htm","#cite_ref-25","http://www.mdarchives.state.md.us/msa/mdmanual/01glance/chron/html/chron16.html","#cite_ref-26","http://www.michigan.gov/hal/0,1607,7-160-15481_20826_20829-56001--,00.html","#cite_ref-27","http://www.stpaul.gov/leisure/history/stpaul150.html","#cite_ref-28","http://mshistory.k12.ms.us/features/feature44/capitals_capitols.html","#cite_ref-29","http://www.gradewinner.com/p/articles/mi_qa3951/is_200207/ai_n9146543","#cite_ref-30","http://dmla.clan.lib.nv.us/docs/nsla/archives/myth/myth28.htm","#cite_ref-31","http://www.gencourt.state.nh.us/senate/misc/kids.html","http://www.nh.gov/markers/brief.html","#cite_ref-32","http://arcweb.sos.state.or.us/pages/records/legislative/recordsguides/legislative_guide/History.html","#cite_ref-33","http://www.statelibrary.state.pa.us/libraries/cwp/view.asp?a=11&Q=44089","#cite_ref-34","http://tennesseeencyclopedia.net/entry.php?rec=196","#cite_ref-35","http://www.vermonthistory.org/links/monthist.htm","#cite_ref-36","http://legis.state.va.us/cap_tours/about_our/cap_timeline.html","#cite_ref-37","http://www.ci.olympia.wa.us/information/history.asp","#cite_ref-38","http://www.legis.state.wi.us/lrb/pubs/feature/capitols2.pdf","http://www.legis.state.wi.us/lrb/bb/","#cite_ref-39","http://homepages.rootsweb.com/~sabthomp/wyoming/wysage.htm","/w/index.php?title=List_of_capitals_in_the_United_States&action=edit&section=19","/wiki/Wikipedia:Wikimedia_sister_projects","//en.wiktionary.org/wiki/Special:Search/state_capital","//upload.wikimedia.org/wikipedia/commons/thumb/f/f8/Wiktionary-logo-en.svg/23px-Wiktionary-logo-en.svg.png","//en.wiktionary.org/wiki/Special:Search/state_capital","//commons.wikimedia.org/wiki/Special:Search/state_capital","//upload.wikimedia.org/wikipedia/en/thumb/4/4a/Commons-logo.svg/18px-Commons-logo.svg.png","//commons.wikimedia.org/wiki/Special:Search/state_capital","//en.wikiversity.org/wiki/Special:Search/state_capital","//upload.wikimedia.org/wikipedia/commons/thumb/1/1b/Wikiversity-logo-en.svg/25px-Wikiversity-logo-en.svg.png","//en.wikiversity.org/wiki/Special:Search/state_capital","//en.wikiquote.org/wiki/Special:Search/state_capital","//upload.wikimedia.org/wikipedia/commons/thumb/f/fa/Wikiquote-logo.svg/21px-Wikiquote-logo.svg.png","//en.wikiquote.org/wiki/Special:Search/state_capital","//en.wikisource.org/wiki/Special:Search/state_capital","//upload.wikimedia.org/wikipedia/commons/thumb/4/4c/Wikisource-logo.svg/24px-Wikisource-logo.svg.png","//en.wikisource.org/wiki/Special:Search/state_capital","//en.wikibooks.org/wiki/Special:Search/state_capital","//upload.wikimedia.org/wikipedia/commons/thumb/f/fa/Wikibooks-logo.svg/25px-Wikibooks-logo.svg.png","//en.wikibooks.org/wiki/Special:Search/state_capital","http://dhr.dos.state.fl.us/flafacts/capitol.html","http://www.rootsweb.com/~gamacon/capitalization.htm","http://www.sec.state.la.us/museums/osc/exhibits/statehouse/stathse-bro.pdf","http://dmla.clan.lib.nv.us/docs/nsla/archives/myth/myth28.htm","http://www.gencourt.state.nh.us/senate/misc/kids.html","http://www.tshaonline.org/handbook/online/articles/view/CC/mzc1.html","http://www.ls.net/~newriver/va/colcap.htm","http://historytogo.utah.gov/utcapitol.html","/wiki/Template:US_state_capitals","/wiki/Template_talk:US_state_capitals","//en.wikipedia.org/w/index.php?title=Template:US_state_capitals&action=edit","/wiki/Alabama","/wiki/Montgomery,_Alabama","/wiki/Alaska","/wiki/Juneau,_Alaska","/wiki/Arizona","/wiki/Phoenix,_Arizona","/wiki/Arkansas","/wiki/Little_Rock,_Arkansas","/wiki/California","/wiki/Sacramento,_California","/wiki/Colorado","/wiki/Denver","/wiki/Connecticut","/wiki/Hartford,_Connecticut","/wiki/Delaware","/wiki/Dover,_Delaware","/wiki/Florida","/wiki/Tallahassee,_Florida","/wiki/Georgia_(U.S._state)","/wiki/Atlanta","/wiki/Hawaii","/wiki/Honolulu","/wiki/Idaho","/wiki/Boise,_Idaho","/wiki/Illinois","/wiki/Springfield,_Illinois","/wiki/Indiana","/wiki/Indianapolis","/wiki/Iowa","/wiki/Des_Moines,_Iowa","/wiki/Kansas","/wiki/Topeka,_Kansas","/wiki/Kentucky","/wiki/Frankfort,_Kentucky","/wiki/Louisiana","/wiki/Baton_Rouge,_Louisiana","/wiki/Maine","/wiki/Augusta,_Maine","/wiki/Maryland","/wiki/Annapolis,_Maryland","/wiki/Massachusetts","/wiki/Boston","/wiki/Michigan","/wiki/Lansing,_Michigan","/wiki/Minnesota","/wiki/Saint_Paul,_Minnesota","/wiki/Mississippi","/wiki/Jackson,_Mississippi","/wiki/Missouri","/wiki/Jefferson_City,_Missouri","/wiki/Montana","/wiki/Helena,_Montana","/wiki/Nebraska","/wiki/Lincoln,_Nebraska","/wiki/Nevada","/wiki/Carson_City,_Nevada","/wiki/New_Hampshire","/wiki/Concord,_New_Hampshire","/wiki/New_Jersey","/wiki/Trenton,_New_Jersey","/wiki/New_Mexico","/wiki/Santa_Fe,_New_Mexico","/wiki/New_York","/wiki/Albany,_New_York","/wiki/North_Carolina","/wiki/Raleigh,_North_Carolina","/wiki/North_Dakota","/wiki/Bismarck,_North_Dakota","/wiki/Ohio","/wiki/Columbus,_Ohio","/wiki/Oklahoma","/wiki/Oklahoma_City","/wiki/Oregon","/wiki/Salem,_Oregon","/wiki/Pennsylvania","/wiki/Harrisburg,_Pennsylvania","/wiki/Rhode_Island","/wiki/Providence,_Rhode_Island","/wiki/South_Carolina","/wiki/Columbia,_South_Carolina","/wiki/South_Dakota","/wiki/Pierre,_South_Dakota","/wiki/Tennessee","/wiki/Nashville,_Tennessee","/wiki/Texas","/wiki/Austin,_Texas","/wiki/Utah","/wiki/Salt_Lake_City","/wiki/Vermont","/wiki/Montpelier,_Vermont","/wiki/Virginia","/wiki/Richmond,_Virginia","/wiki/Washington_(state)","/wiki/Olympia,_Washington","/wiki/West_Virginia","/wiki/Charleston,_West_Virginia","/wiki/Wisconsin","/wiki/Madison,_Wisconsin","/wiki/Wyoming","/wiki/Cheyenne,_Wyoming","/wiki/Washington,_D.C.","/wiki/Washington,_D.C.","/wiki/American_Samoa","/wiki/Pago_Pago","/wiki/Guam","/wiki/Hag%C3%A5t%C3%B1a,_Guam","/wiki/Northern_Mariana_Islands","/wiki/Saipan","/wiki/Puerto_Rico","/wiki/San_Juan,_Puerto_Rico","/wiki/United_States_Virgin_Islands","/wiki/Charlotte_Amalie,_United_States_Virgin_Islands","/wiki/Federal_capital","/wiki/Template:USStateLists","/wiki/Template_talk:USStateLists","//en.wikipedia.org/w/index.php?title=Template:USStateLists&action=edit","/wiki/List_of_U.S._state_lists","/wiki/List_of_U.S._states_by_educational_attainment","/wiki/List_of_U.S._states%27_largest_cities_by_population","/wiki/List_of_the_most_populous_counties_by_U.S._state","/wiki/List_of_U.S._states_and_territories_by_population#States_and_territories","/wiki/List_of_U.S._states_by_population_density","/wiki/List_of_U.S._states_by_population_growth_rate","/wiki/List_of_U.S._states_by_historical_population","/wiki/List_of_U.S._states_by_African-American_population","/wiki/List_of_U.S._states_by_Amish_population","/wiki/List_of_U.S._states_by_Hispanic_and_Latino_population","/wiki/Spanish_language_in_the_United_States#Geographic_distribution","/wiki/File:Flag_of_the_United_States.svg","//upload.wikimedia.org/wikipedia/en/thumb/a/a4/Flag_of_the_United_States.svg/70px-Flag_of_the_United_States.svg.png","/wiki/List_of_U.S._states_by_the_number_of_billionaires","/wiki/Federal_tax_revenue_by_state","/wiki/Federal_taxation_and_spending_by_state","/wiki/List_of_U.S._states_by_GDP","/wiki/List_of_U.S._states_by_income","/wiki/List_of_U.S._states_by_income#States_ranked_by_median_household_income","/wiki/List_of_U.S._states_by_income#States_ranked_by_per_capita_income","/wiki/List_of_U.S._states_by_Gini_coefficient","/wiki/Union_affiliation_by_U.S._state","/wiki/List_of_U.S._state_minimum_wages","/wiki/List_of_U.S._states_by_poverty_rate","/wiki/Sales_taxes_in_the_United_States#By_jurisdiction","/wiki/State_tax_levels_in_the_United_States","/wiki/State_income_tax#U.S._States_with_a_flat_rate_individual_income_tax","/wiki/State_income_tax#U.S._States_with_no_individual_income_tax","/wiki/List_of_U.S._states_by_unemployment_rate","/wiki/List_of_U.S._states_by_carbon_dioxide_emissions","/wiki/List_of_U.S._states_by_electricity_production_from_renewable_sources","/wiki/List_of_Superfund_sites_in_the_United_States","/wiki/List_of_U.S._states_and_territories_by_area","/wiki/List_of_U.S._states_by_coastline","/wiki/List_of_U.S._states_by_elevation","/wiki/Wikipedia:List_of_U.S._state_portals","/wiki/State_attorney_general","/wiki/List_of_capitals_in_the_United_States#Historical_state_capitals","/wiki/List_of_state_capitols_in_the_United_States","/wiki/List_of_counties_by_U.S._state","/wiki/Index_of_U.S._counties","/wiki/County_(United_States)#Number_of_county_equivalents_per_state","/wiki/List_of_current_United_States_governors","/wiki/List_of_United_States_state_and_local_law_enforcement_agencies","/wiki/List_of_United_States_state_legislatures","/wiki/List_of_U.S._state_libraries_and_archives","/wiki/Languages_of_the_United_States#Official_language_status","/wiki/List_of_U.S._states%27_Poets_Laureate","/wiki/List_of_United_States_state_prisons","/wiki/List_of_U.S._states_by_incarceration_rate","/wiki/List_of_U.S._state_parks","/wiki/State_treasurer","/wiki/List_of_U.S._state_and_tribal_wilderness_areas","/wiki/Wikipedia:List_of_U.S._state_portals","/wiki/List_of_hospitals_in_the_United_States","/wiki/List_of_U.S._states_by_HDI","/wiki/List_of_U.S._states_by_American_Human_Development_Index","/wiki/List_of_U.S._states_by_life_expectancy","/wiki/Obesity_in_the_United_States#Prevalence_by_state","/wiki/List_of_U.S._states_and_territories_by_fertility_rate","/wiki/Historic_regions_of_the_United_States","/wiki/List_of_U.S._states_by_date_of_statehood","/wiki/List_of_capitals_in_the_United_States#Historical_state_capitals","/wiki/List_of_U.S._states_by_historical_population","/wiki/List_of_U.S._state_historical_societies_and_museums","/wiki/List_of_U.S._National_Historic_Landmarks_by_state","/wiki/List_of_U.S._states_that_were_never_U.S._territories","/wiki/List_of_U.S._state_partition_proposals","/wiki/List_of_U.S._states#Table","/wiki/List_of_U.S._states#Table","/wiki/List_of_U.S._states#Table","/wiki/List_of_U.S._state_name_etymologies","/wiki/Abortion_in_the_United_States_by_state#State_table","/wiki/Ages_of_consent_in_North_America#United_States","/wiki/List_of_alcohol_laws_of_the_United_States_by_state#List_by_state","/wiki/List_of_U.S._states_by_Alford_plea_usage#U.S._states","/wiki/Restrictions_on_cell_phone_use_by_US_drivers","/wiki/List_of_U.S._state_constitutions","/wiki/Gun_laws_in_the_United_States_by_state","/wiki/Gun_violence_in_the_United_States_by_state","/wiki/List_of_U.S._state_legal_codes","/wiki/Legality_of_cannabis_by_US_state","/wiki/United_States_Peace_Index","/wiki/Same-sex_marriage_in_the_United_States","/wiki/Same-sex_marriage_law_in_the_United_States_by_state","/wiki/Same-sex_marriage_status_in_the_United_States_by_state","/wiki/List_of_U.S._state_constitutional_amendments_banning_same-sex_unions_by_type","/wiki/Seat_belt_legislation_in_the_United_States#The_laws_by_state","/wiki/List_of_U.S._state_constitutional_provisions_allowing_self-representation_in_state_courts","/wiki/List_of_smoking_bans_in_the_United_States","/wiki/List_of_U.S._state_abbreviations","/wiki/List_of_U.S._state_abbreviations","/wiki/List_of_demonyms_for_U.S._states","/wiki/List_of_U.S._state,_district,_and_territorial_insignia","/wiki/Irreligion_in_the_United_States#Demographics","/wiki/List_of_U.S._states_by_vehicles_per_capita","/wiki/Wikipedia:List_of_U.S._state_portals","/wiki/Lists_of_United_States_state_insignia","/wiki/List_of_tallest_buildings_by_U.S._state","/wiki/List_of_time_zones_by_U.S._state","/wiki/Template:Location_of_US_capital","/wiki/Template_talk:Location_of_US_capital","//en.wikipedia.org/w/index.php?title=Template:Location_of_US_capital&action=edit","/wiki/First_Continental_Congress","/wiki/Philadelphia","/wiki/Second_Continental_Congress","/wiki/Philadelphia","/wiki/Baltimore","/wiki/Lancaster,_Pennsylvania","/wiki/York,_Pennsylvania","/wiki/Philadelphia","/wiki/Congress_of_the_Confederation","/wiki/Philadelphia","/wiki/Princeton,_New_Jersey","/wiki/Annapolis,_Maryland","/wiki/Trenton,_New_Jersey","/wiki/New_York_City","/wiki/Federal_government_of_the_United_States","/wiki/New_York_City","/wiki/Philadelphia","/wiki/Washington,_D.C.","//en.wikipedia.org/w/index.php?title=Special:CentralAutoLogin/start&type=1x1&from=enwiki","http://en.wikipedia.org/w/index.php?title=List_of_capitals_in_the_United_States&oldid=565653136","/wiki/Help:Categories","/wiki/Category:Former_United_States_state_capitals","/wiki/Category:State_capitals_in_the_United_States","/wiki/Category:Lists_of_cities_in_the_United_States","/wiki/Category:States_of_the_United_States-related_lists","/wiki/Category:Lists_of_capitals","/wiki/Category:Lists_of_capitals_of_country_subdivisions","/wiki/Category:All_articles_with_unsourced_statements","/wiki/Category:Articles_with_unsourced_statements_from_June_2013","/w/index.php?title=Special:UserLogin&returnto=List+of+capitals+in+the+United+States&type=signup","/w/index.php?title=Special:UserLogin&returnto=List+of+capitals+in+the+United+States","/wiki/List_of_capitals_in_the_United_States","/wiki/Talk:List_of_capitals_in_the_United_States","#","/wiki/List_of_capitals_in_the_United_States","/w/index.php?title=List_of_capitals_in_the_United_States&action=edit","/w/index.php?title=List_of_capitals_in_the_United_States&action=history","#","/w/index.php","//bits.wikimedia.org/static-1.22wmf10/skins/vector/images/search-ltr.png?303-4","/wiki/Main_Page","/wiki/Main_Page","/wiki/Portal:Contents","/wiki/Portal:Featured_content","/wiki/Portal:Current_events","/wiki/Special:Random","//donate.wikimedia.org/wiki/Special:FundraiserRedirector?utm_source=donate&utm_medium=sidebar&utm_campaign=C13_en.wikipedia.org&uselang=en","/wiki/Help:Contents","/wiki/Wikipedia:About","/wiki/Wikipedia:Community_portal","/wiki/Special:RecentChanges","//en.wikipedia.org/wiki/Wikipedia:Contact_us","/wiki/Special:WhatLinksHere/List_of_capitals_in_the_United_States","/wiki/Special:RecentChangesLinked/List_of_capitals_in_the_United_States","/wiki/Wikipedia:File_Upload_Wizard","/wiki/Special:SpecialPages","/w/index.php?title=List_of_capitals_in_the_United_States&oldid=565653136","/w/index.php?title=List_of_capitals_in_the_United_States&action=info","//www.wikidata.org/wiki/Q321470","/w/index.php?title=Special:Cite&page=List_of_capitals_in_the_United_States&id=565653136","/w/index.php?title=Special:Book&bookcmd=book_creator&referer=List+of+capitals+in+the+United+States","/w/index.php?title=Special:Book&bookcmd=render_article&arttitle=List+of+capitals+in+the+United+States&oldid=565653136&writer=rl","/w/index.php?title=List_of_capitals_in_the_United_States&printable=yes","//ar.wikipedia.org/wiki/%D9%85%D9%84%D8%AD%D9%82:%D9%82%D8%A7%D8%A6%D9%85%D8%A9_%D8%A7%D9%84%D8%B9%D9%88%D8%A7%D8%B5%D9%85_%D9%81%D9%8A_%D8%A7%D9%84%D9%88%D9%84%D8%A7%D9%8A%D8%A7%D8%AA_%D8%A7%D9%84%D9%85%D8%AA%D8%AD%D8%AF%D8%A9","//zh-min-nan.wikipedia.org/wiki/B%C3%AD-kok_kok-chiu_si%C3%BA-h%C3%BA_%C3%AA_lia%CC%8Dt-toa%E2%81%BF","//bg.wikipedia.org/wiki/%D0%A1%D0%BF%D0%B8%D1%81%D1%8A%D0%BA_%D0%BD%D0%B0_%D1%81%D1%82%D0%BE%D0%BB%D0%B8%D1%86%D0%B8%D1%82%D0%B5_%D0%BD%D0%B0_%D1%89%D0%B0%D1%82%D0%B8%D1%82%D0%B5_%D0%B2_%D0%A1%D0%90%D0%A9","//cs.wikipedia.org/wiki/Seznam_hlavn%C3%ADch_m%C4%9Bst_st%C3%A1t%C5%AF_USA","//cy.wikipedia.org/wiki/Rhestr_prifddinasoedd_yr_Unol_Daleithiau","//de.wikipedia.org/wiki/Liste_der_US-amerikanischen_Hauptst%C3%A4dte","//fa.wikipedia.org/wiki/%D9%81%D9%87%D8%B1%D8%B3%D8%AA_%D9%BE%D8%A7%DB%8C%D8%AA%D8%AE%D8%AA%E2%80%8C%D9%87%D8%A7_%D8%AF%D8%B1_%D8%A7%DB%8C%D8%A7%D9%84%D8%A7%D8%AA_%D9%85%D8%AA%D8%AD%D8%AF%D9%87_%D8%A2%D9%85%D8%B1%DB%8C%DA%A9%D8%A7","//fr.wikipedia.org/wiki/Liste_des_capitales_des_%C3%89tats-Unis","//ilo.wikipedia.org/wiki/Listaan_dagiti_kapitolio_iti_Estados_Unidos","//id.wikipedia.org/wiki/Daftar_ibu_kota_di_Amerika_Serikat","//it.wikipedia.org/wiki/Capitali_degli_Stati_Uniti_d%27America","//jv.wikipedia.org/wiki/Dhaptar_ibukutha_ing_Am%C3%A9rika_Sar%C3%A9kat","//pam.wikipedia.org/wiki/Tala_da_reng_tungku_(kabisera)_ning_United_States","//sw.wikipedia.org/wiki/Orodha_ya_miji_mikuu_ya_majimbo_ya_Marekani","//la.wikipedia.org/wiki/Index_capitum_civitatum_Americae","//mk.wikipedia.org/wiki/%D0%A1%D0%BF%D0%B8%D1%81%D0%BE%D0%BA_%D0%BD%D0%B0_%D0%B3%D0%BB%D0%B0%D0%B2%D0%BD%D0%B8_%D0%B3%D1%80%D0%B0%D0%B4%D0%BE%D0%B2%D0%B8_%D0%BD%D0%B0_%D0%A1%D0%90%D0%94","//new.wikipedia.org/wiki/%E0%A4%B8%E0%A4%82%E0%A4%AF%E0%A5%81%E0%A4%95%E0%A5%8D%E0%A4%A4_%E0%A4%B0%E0%A4%BE%E0%A4%9C%E0%A5%8D%E0%A4%AF_%E0%A4%85%E0%A4%AE%E0%A5%87%E0%A4%B0%E0%A4%BF%E0%A4%95%E0%A4%BE%E0%A4%AF%E0%A4%BE_%E0%A4%B0%E0%A4%BE%E0%A4%9C%E0%A4%A7%E0%A4%BE%E0%A4%A8%E0%A5%80%E0%A4%A4%E0%A5%87%E0%A4%97%E0%A5%81_%E0%A4%A7%E0%A4%B2%E0%A4%83","//ja.wikipedia.org/wiki/%E3%82%A2%E3%83%A1%E3%83%AA%E3%82%AB%E5%90%88%E8%A1%86%E5%9B%BD%E3%81%AE%E9%A6%96%E9%83%BD%E3%81%AE%E4%B8%80%E8%A6%A7","//pt.wikipedia.org/wiki/Anexo:Lista_de_capitais_estaduais_dos_Estados_Unidos","//ro.wikipedia.org/wiki/List%C4%83_a_capitalelor_statelor_SUA","//ru.wikipedia.org/wiki/%D0%A1%D0%BF%D0%B8%D1%81%D0%BE%D0%BA_%D1%81%D1%82%D0%BE%D0%BB%D0%B8%D1%86_%D0%A1%D0%A8%D0%90","//simple.wikipedia.org/wiki/List_of_U.S._state_capitals","//sk.wikipedia.org/wiki/Hlavn%C3%A9_mest%C3%A1_%C5%A1t%C3%A1tov_USA","//ta.wikipedia.org/wiki/%E0%AE%90%E0%AE%95%E0%AF%8D%E0%AE%95%E0%AE%BF%E0%AE%AF_%E0%AE%85%E0%AE%AE%E0%AF%86%E0%AE%B0%E0%AE%BF%E0%AE%95%E0%AF%8D%E0%AE%95_%E0%AE%AE%E0%AE%BE%E0%AE%A8%E0%AE%BF%E0%AE%B2%E0%AE%A4%E0%AF%8D_%E0%AE%A4%E0%AE%B2%E0%AF%88%E0%AE%A8%E0%AE%95%E0%AE%B0%E0%AE%99%E0%AF%8D%E0%AE%95%E0%AE%B3%E0%AF%8D","//tr.wikipedia.org/wiki/ABD%27deki_ba%C5%9Fkentler_listesi","//uk.wikipedia.org/wiki/%D0%A1%D0%BF%D0%B8%D1%81%D0%BE%D0%BA_%D1%81%D1%82%D0%BE%D0%BB%D0%B8%D1%86%D1%8C_%D1%88%D1%82%D0%B0%D1%82%D1%96%D0%B2_%D0%A1%D0%A8%D0%90","//vi.wikipedia.org/wiki/Danh_s%C3%A1ch_th%E1%BB%A7_%C4%91%C3%B4_v%C3%A0_th%E1%BB%A7_ph%E1%BB%A7_t%E1%BA%A1i_Hoa_K%E1%BB%B3","//zh.wikipedia.org/wiki/%E7%BE%8E%E5%9B%BD%E5%90%84%E5%B7%9E%E9%A6%96%E5%BA%9C%E5%88%97%E8%A1%A8","#","//www.wikidata.org/wiki/Q321470#sitelinks-wikipedia","//en.wikipedia.org/wiki/Wikipedia:Text_of_Creative_Commons_Attribution-ShareAlike_3.0_Unported_License","//creativecommons.org/licenses/by-sa/3.0/","//wikimediafoundation.org/wiki/Terms_of_Use","//wikimediafoundation.org/wiki/Privacy_policy","//www.wikimediafoundation.org/","//wikimediafoundation.org/wiki/Privacy_policy","/wiki/Wikipedia:About","/wiki/Wikipedia:General_disclaimer","//en.wikipedia.org/wiki/Wikipedia:Contact_us","//en.m.wikipedia.org/wiki/List_of_capitals_in_the_United_States","//wikimediafoundation.org/","//bits.wikimedia.org/images/wikimedia-button.png","//www.mediawiki.org/","//bits.wikimedia.org/static-1.22wmf10/skins/common/images/poweredby_mediawiki_88x31.png","//bits.wikimedia.org/en.wikipedia.org/load.php?debug=false&lang=en&modules=site&only=scripts&skin=vector&*"],"instances":["new_france","confederate_states_of_america","north_dakota","creek","united_states","american_civil_war"],"pdf":["http://capitolmuseum.ca.gov/uploadedFiles/Capitol_Museum/Teachers/statecaps.pdf","http://www.leginfo.ca.gov/pdf/caleg11.pdf","http://www.legis.state.wi.us/lrb/pubs/feature/capitols2.pdf","http://www.sec.state.la.us/museums/osc/exhibits/statehouse/stathse-bro.pdf"],"categories":["Former United States state capitals|","State capitals in the United States|","Lists of cities in the United States","States of the United States-related lists","Lists of capitals|United States","Lists of capitals of country subdivisions|United States"],"headings":["State capitals","Insular area capitals","Former national capitals","Unrecognized national capitals","Historical state capitals","See also","Notes","References","External links"],"image":["//upload.wikimedia.org/wikipedia/commons/thumb/1/15/UnitedStatesStateCapitals.png/500px-UnitedStatesStateCapitals.png","//bits.wikimedia.org/static-1.22wmf10/skins/common/images/magnify-clip.png","//upload.wikimedia.org/wikipedia/commons/thumb/4/49/Flag_of_Vermont.svg/32px-Flag_of_Vermont.svg.png","//upload.wikimedia.org/wikipedia/commons/thumb/e/ef/Flag_of_Hawaii.svg/32px-Flag_of_Hawaii.svg.png","//upload.wikimedia.org/wikipedia/commons/thumb/f/f7/Flag_of_Texas.svg/32px-Flag_of_Texas.svg.png","//upload.wikimedia.org/wikipedia/commons/thumb/e/e2/Confederate_National_Flag_since_Mar_4_1865.svg/32px-Confederate_National_Flag_since_Mar_4_1865.svg.png","//upload.wikimedia.org/wikipedia/commons/thumb/4/4b/1stBearFlag.svg/32px-1stBearFlag.svg.png","//upload.wikimedia.org/wikipedia/commons/thumb/f/f8/Wiktionary-logo-en.svg/23px-Wiktionary-logo-en.svg.png","//upload.wikimedia.org/wikipedia/en/thumb/4/4a/Commons-logo.svg/18px-Commons-logo.svg.png","//upload.wikimedia.org/wikipedia/commons/thumb/1/1b/Wikiversity-logo-en.svg/25px-Wikiversity-logo-en.svg.png","//upload.wikimedia.org/wikipedia/commons/thumb/f/fa/Wikiquote-logo.svg/21px-Wikiquote-logo.svg.png","//upload.wikimedia.org/wikipedia/commons/thumb/4/4c/Wikisource-logo.svg/24px-Wikisource-logo.svg.png","//upload.wikimedia.org/wikipedia/commons/thumb/f/fa/Wikibooks-logo.svg/25px-Wikibooks-logo.svg.png","//upload.wikimedia.org/wikipedia/en/thumb/a/a4/Flag_of_the_United_States.svg/70px-Flag_of_the_United_States.svg.png","//en.wikipedia.org/w/index.php?title=Special:CentralAutoLogin/start&type=1x1&from=enwiki","//bits.wikimedia.org/static-1.22wmf10/skins/vector/images/search-ltr.png?303-4","//bits.wikimedia.org/images/wikimedia-button.png","//bits.wikimedia.org/static-1.22wmf10/skins/common/images/poweredby_mediawiki_88x31.png"],"tags":[["georgia","u.s._state"],["washington","u.s._state"],["independence_hall","united_states"],["westminster","town,_vermont"],["georgia","u.s._state"],["union","american_civil_war"],["georgia","u.s._state"],["muscogee","creek"],["georgia","u.s._state"],["arizona_territory","confederate_states_of_america"],["arizona_territory","confederate_states_of_america"],["louisiana","new_france"],["history_of_georgia","u.s._state"],["louisiana","new_france"],["louisiana","new_france"],["louisiana","new_france"],["louisiana","new_france"],["louisiana","new_france"],["georgia","u.s._state"],["louisiana","new_france"],["louisiana","new_france"],["louisiana","new_france"],["arizona_territory","confederate_states_of_america"],["arizona_territory","confederate_states_of_america"],["hurley","town,_new_york"],["louisiana","new_france"],["white_earth_river","north_dakota"],["white_earth_river","north_dakota"],["white_earth_river","north_dakota"],["white_earth_river","north_dakota"],["white_earth_river","north_dakota"],["louisiana","new_france"],["louisiana","new_france"],["westminster","town,_vermont"],["history_of_washington","u.s._state"],["history_of_the_philippines","18981946"]],"members":["louisiana","history_of_washington","history_of_georgia","arizona_territory","washington","white_earth_river","georgia","muscogee","independence_hall","hurley","westminster","union","history_of_the_philippines"],"related":["Washington,_D.C.","Capital_city","United_States","U.S._Congress","U.S._state","Trenton,_New_Jersey","Carson_City,_Nevada","Juneau,_Alaska","Canadian_province","British_Columbia","Alabama","Montgomery,_Alabama","Birmingham,_Alabama","Alaska","Juneau,_Alaska","Anchorage,_Alaska","Arizona","Phoenix,_Arizona","Arkansas","Little_Rock,_Arkansas","California","Sacramento,_California","Supreme_Court_of_California","San_Francisco","Los_Angeles","Colorado","Denver,_Colorado","Connecticut","Hartford,_Connecticut","Bridgeport,_Connecticut","Hartford","Delaware","Dover,_Delaware","Wilmington,_Delaware","Florida","Tallahassee,_Florida","Jacksonville,_Florida","South_Florida_metropolitan_area","Georgia_(U.S._state)","Atlanta","Hawaii","Honolulu","Idaho","Boise,_Idaho","Illinois","Springfield,_Illinois","Chicago","Indiana","Indianapolis","Midwest","Iowa","Des_Moines,_Iowa","Kansas","Topeka,_Kansas","Wichita,_Kansas","Kentucky","Frankfort,_Kentucky","Frankfort,_Kentucky","Louisiana","Baton_Rouge,_Louisiana","New_Orleans","Maine","Augusta,_Maine","Portland,_Maine","Maryland","Annapolis,_Maryland","Baltimore","Massachusetts","Boston","Greater_Boston","Massachusetts","New_Hampshire","Rhode_Island","Michigan","Lansing,_Michigan","County_seat","Detroit","Minnesota","Saint_Paul,_Minnesota","Minneapolis","Minneapolis__Saint_Paul","Mississippi","Jackson,_Mississippi","Missouri","Jefferson_City,_Missouri","Kansas_City,_Missouri","Greater_St._Louis","Montana","Helena,_Montana","Billings,_Montana","Nebraska","Lincoln,_Nebraska","Omaha,_Nebraska","Nevada","Carson_City,_Nevada","Las_Vegas,_Nevada","New_Hampshire","Concord,_New_Hampshire","Manchester,_New_Hampshire","New_Jersey","Trenton,_New_Jersey","Newark,_New_Jersey","Trenton,_New_Jersey","New_Mexico","Santa_Fe,_New_Mexico","Santa_Fe_de_Nuevo_Mxico","Pueblo_Revolt","Albuquerque,_New_Mexico","New_York","Albany,_New_York","New_York_City","North_Carolina","Raleigh,_North_Carolina","Charlotte,_North_Carolina","North_Dakota","Bismarck,_North_Dakota","Fargo,_North_Dakota","Ohio","Columbus,_Ohio","Cincinnati-Northern_Kentucky_metropolitan_area","Greater_Cleveland","Oklahoma","Oklahoma_City","Oregon","Salem,_Oregon","Portland,_Oregon","Pennsylvania","Harrisburg,_Pennsylvania","Philadelphia","Rhode_Island","Providence,_Rhode_Island","South_Carolina","Columbia,_South_Carolina","South_Dakota","Pierre,_South_Dakota","Sioux_Falls,_South_Dakota","Tennessee","Nashville,_Tennessee","Memphis,_Tennessee","Nashville_Metropolitan_Statistical_Area","Texas","Austin,_Texas","Houston","DallasFort_Worth_Metroplex","Utah","Salt_Lake_City","Vermont","Montpelier,_Vermont","Burlington,_Vermont","Virginia","Richmond,_Virginia","Virginia_Beach","Northern_Virginia","Washington_(U.S._state)","Olympia,_Washington","Seattle","West_Virginia","Charleston,_West_Virginia","Wisconsin","Madison,_Wisconsin","Milwaukee","Wyoming","Cheyenne,_Wyoming","Insular_area","Territory_of_the_United_States","American_Samoa","Pago_Pago","Fagatogo,_American_Samoa","Seat_of_government","Guam","Hagta,_Guam","Dededo,_Guam","Village","Northern_Mariana_Islands","Saipan","Puerto_Rico","San_Juan,_Puerto_Rico","United_States_Virgin_Islands","Charlotte_Amalie,_United_States_Virgin_Islands","Henry_Fite_House","First_Continental_Congress","Carpenters'_Hall","Philadelphia","Pennsylvania","Second_Continental_Congress","Independence_Hall_(United_States)","Henry_Fite_House","Baltimore","Maryland","Lancaster,_Pennsylvania","York,_Pennsylvania","Articles_of_Confederation","Nassau_Hall","Princeton,_New_Jersey","Maryland_State_House","Annapolis,_Maryland","French_Arms_Tavern","Trenton,_New_Jersey","New_Jersey","Federal_Hall","New_York_City","New_York","United_States_Constitution","Federal_Hall","Congress_Hall","United_States_Capitol","Washington,_D.C.","Old_Capitol_Prison","Vermont_Republic","Westminster_(town),_Vermont","Windsor,_Vermont","State_of_Vermont","Montpelier,_Vermont","Waikiki","Kingdom_of_Hawaii","Hilo,_Hawaii","Kingdom_of_Hawaii","Kailua,_Hawaii_County,_Hawaii","Kingdom_of_Hawaii","Lahaina,_Hawaii","Kingdom_of_Hawaii","Honolulu","Kingdom_of_Hawaii","Kingdom_of_Hawaii","Provisional_Government_of_Hawaii","Overthrow_of_the_Kingdom_of_Hawaii","Republic_of_Hawaii","Newlands_Resolution","Territory_of_Hawaii","State_of_Hawaii","Texas_Annexation","Republic_of_Texas","Washington-on-the-Brazos,_Texas","Harrisburg,_Houston","Galveston,_Texas","Velasco,_Texas","West_Columbia,_Texas","Houston","Austin,_Texas","Confederate_States_of_America","Montgomery,_Alabama","Alabama","Richmond,_Virginia","Virginia","Danville,_Virginia","Virginia","Montgomery,_Alabama","Alabama","South_Carolina","Georgia_(U.S._state)","Alabama","Florida","Mississippi","Louisiana","Texas","Montgomery,_Alabama","Richmond,_Virginia","Virginia","Army_of_Northern_Virginia","Richmond,_Virginia","Danville,_Virginia","Union_(American_Civil_War)","Robert_E._Lee","Army_of_Northern_Virginia","Appomattox_Court_House","Virginia","American_Civil_War","Tennessee","Arkansas","Louisiana","Florida","North_Carolina","South_Carolina","Alabama","Virginia","Mississippi","Texas","Georgia_(U.S._state)","Cornell_University_Law_School","State_of_Franklin","Jonesborough,_Tennessee","Greeneville,_Tennessee","State_of_Muskogee","Native_Americans_in_the_United_States","Muscogee_(Creek)","Seminole","Miccosukee,_Florida","Florida_Department_of_State","Government_of_Florida","Louisiana","Mississippi","Florida","Alabama","St._Francisville,_Louisiana","Republic_of_Indian_Stream","New_Hampshire","Pittsburg,_New_Hampshire","MexicanAmerican_War","California_Republic","Bear_Flag_Revolt","Sonoma,_California","Thirteen_Colonies","American_Revolution","City_of_New_York","British_Armed_Forces","War_of_1812","American_Civil_War","Confederate_States_of_America","Pueblo_Revolt","New_Mexico","Boston","Santa_Fe,_New_Mexico","Pueblo_Revolt","History_of_Alabama","St._Augustine,_Florida","Spain","Spanish_Florida","Savannah,_Georgia","United_Kingdom","Proprietary_colony","Colony_of_Georgia","United_Kingdom","Province_of_Georgia","Georgia_(U.S._state)","Augusta,_Georgia","Heard's_Fort,_Georgia","Augusta,_Georgia","Savannah,_Georgia","Ebenezer,_Georgia","Savannah,_Georgia","Augusta,_Georgia","Louisville,_Georgia","Natchez,_Mississippi","Territory_of_Mississippi","Washington,_Mississippi","History_of_St._Stephens,_Alabama","Territory_of_Alabama","Huntsville,_Alabama","State_of_Alabama","Cahawba,_Alabama","Tuscaloosa,_Alabama","Confederate_States_of_America","History_of_Alaska","Sitka,_Alaska","Russia","Russian_America","Department_of_Alaska","District_of_Alaska","Territory_of_Alaska","History_of_Arizona","Territory_of_New_Mexico","Mesilla,_New_Mexico","Confederate_States_of_America","Arizona_Territory_(Confederate_States_of_America)","San_Antonio","Confederate_States_of_America","Arizona_Territory_(Confederate_States_of_America)","Fort_Whipple,_Arizona","Territory_of_Arizona","Prescott,_Arizona","Tucson,_Arizona","Prescott,_Arizona","History_of_Arkansas","St._Louis,_Missouri","Spain","Francophone","History_of_Missouri","France","Louisiana_(New_France)","District_of_Louisiana","Indiana_Territory","Territory_of_Louisiana","Territory_of_Missouri","Arkansas_Post","Territory_of_Arkansaw","Arkansas","Territory_of_Arkansaw","United_States","State_of_Arkansas","Arkansas_General_Assembly","State_of_Kansas","Arkansas_River","Washington,_Arkansas","Confederate_States_of_America","History_of_California","Loreto,_Baja_California_Sur","Spain","Viceroyalty_of_New_Spain","Las_Californias","Presidio_of_Monterey,_California","Spain","Viceroyalty_of_New_Spain","Alta_California","Mexico","Alta_California","U.S._military_government_of_California","Provisional_government_of_California","San_Jose,_California","Vallejo,_California","Benicia,_California","History_of_Colorado","History_of_Denver","History_of_Denver","History_of_Denver","Territory_of_Jefferson","History_of_Denver","Territory_of_Colorado","Old_Colorado_City","History_of_Denver","History_of_Denver","Denver","History_of_Connecticut","Fort_Amsterdam","Netherlands","Nieuw-Nederland","Hartford,_Connecticut","England","Colony_of_Connecticut","New_Haven,_Connecticut","England","Colony_of_New-Haven","Boston","England","Dominion_of_New-England_in_America","Hartford,_Connecticut","England","Colony_of_Connecticut","Hartford,_Connecticut","New_Haven,_Connecticut","England","Colony_of_Connecticut","Hartford,_Connecticut","New_Haven,_Connecticut","United_Kingdom","Colony_of_Connecticut","Hartford,_Connecticut","New_Haven,_Connecticut","Connecticut","History_of_Delaware","Fort_Christina","Sweden","New_Sweden","Fort_Amsterdam","Netherlands","Nieuw-Nederland","England","Colony_of_New-York","Netherlands","Nieuw-Nederland","England","Colony_of_New-York","Philadelphia","England","Colony_of_Pennsylvania","New_Castle,_Delaware","England","Delaware_Colony","United_Kingdom","Delaware_Colony","History_of_Florida","Fort_Caroline","France","Fort_Caroline","St._Augustine,_Florida","Spain","Spanish_Florida","Spain","Spanish_Florida","North_America","Mexico","Europe","Spanish_Florida","United_States","United_Kingdom","Colony_of_East_Florida","Spain","Florida_Oriental","Pensacola,_Florida","United_Kingdom","Colony_of_West_Florida","Spain","Florida_Occidental","Territory_of_Florida","History_of_Georgia_(U.S._state)","St._Augustine,_Florida","Spain","Spanish_Florida","Savannah,_Georgia","United_Kingdom","Proprietary_colony","Colony_of_Georgia","United_Kingdom","Province_of_Georgia","Augusta,_Georgia","Heard's_Fort,_Georgia","Augusta,_Georgia","Savannah,_Georgia","Ebenezer,_Georgia","Savannah,_Georgia","Augusta,_Georgia","Louisville,_Georgia","Milledgeville,_Georgia","Macon,_Georgia","Milledgeville,_Georgia","History_of_Hawaii","Lahaina,_Hawaii","Kingdom_of_Hawaii","Republic_of_Hawaii","Territory_of_Hawaii","History_of_Idaho","Fort_Vancouver,_Washington","Oregon_Country","Oregon_City,_Oregon","Provisional_Government_of_Oregon","Oregon_Country","Territory_of_Oregon","Salem,_Oregon","Olympia,_Washington","Territory_of_Washington","Lewiston,_Idaho","Territory_of_Idaho","History_of_Illinois","Marietta,_Ohio","Territory_Northwest_of_the_River_Ohio","Vincennes,_Indiana","Territory_of_Indiana","Kaskaskia,_Illinois","Territory_of_Illinois","Vandalia,_Illinois","History_of_Indiana","Marietta,_Ohio","Territory_Northwest_of_the_River_Ohio","Vincennes,_Indiana","Territory_of_Indiana","Corydon,_Indiana","History_of_Iowa","St._Louis,_Missouri","Spain","Francophone","History_of_Missouri","France","Louisiana_(New_France)","District_of_Louisiana","Indiana_Territory","Territory_of_Louisiana","Territory_of_Missouri","Detroit","Territory_of_Michigan","Belmont,_Wisconsin","Territory_of_Wisconsin","Burlington,_Iowa","Territory_of_Iowa","Iowa_City,_Iowa","History_of_Kansas","St._Louis,_Missouri","Spain","Francophone","History_of_Missouri","France","Louisiana_(New_France)","District_of_Louisiana","Indiana_Territory","Territory_of_Louisiana","Territory_of_Missouri","Pawnee,_Kansas","Territory_of_Kansas","Shawnee_Methodist_Mission","Territory_of_Kansas","Lecompton,_Kansas","Territory_of_Kansas","Territory_of_Kansas","History_of_Kentucky","Williamsburg,_Virginia","England","Colony_of_Virginia","United_Kingdom","Colony_of_Virginia","Virginia","Richmond,_Virginia","Bowling_Green,_Kentucky","Confederate_States_of_America","History_of_Louisiana","St._Augustine,_Florida","Spain","Spanish_Florida","Mobile,_Alabama","France","Louisiana_(New_France)","Biloxi,_Mississippi","New_Orleans","Spain","History_of_Louisiana","France","Louisiana_(New_France)","Territory_of_Orleans","Donaldsonville,_Louisiana","New_Orleans","Baton_Rouge,_Louisiana","Opelousas,_Louisiana","Shreveport,_Louisiana","New_Orleans","History_of_Maine","Saint_Croix_Island,_Maine","France","L'Acadie","Port_Royal,_Annapolis_County,_Nova_Scotia","Boston","England","Colony_of_Massachusetts_Bay","England","Dominion_of_New-England_in_America","Colony_of_Massachusetts_Bay","England","Province_of_Massachusetts_Bay","United_Kingdom","Province_of_Massachusetts_Bay","Province_of_Massachusetts_Bay","State_of_Massachusetts_Bay","Massachusetts","Portland,_Maine","Maine","State_of_Maine","Maine","History_of_Maryland","St._Mary's_City,_Maryland","England","Proprietary_colony","Colony_of_Maryland","Annapolis,_Maryland","England","Province_of_Maryland","United_Kingdom","Province_of_Maryland","United_States_of_America","History_of_Massachusetts","Plymouth,_Massachusetts","England","Colony_of_New-Plimouth","Boston","England","Colony_of_Massachusetts_Bay","England","Dominion_of_New-England_in_America","Plymouth,_Massachusetts","Colony_of_New-Plimouth","Colony_of_Massachusetts_Bay","England","Province_of_Massachusetts_Bay","United_Kingdom","Province_of_Massachusetts_Bay","Province_of_Massachusetts_Bay","State_of_Massachusetts_Bay","History_of_Michigan","Marietta,_Ohio","Territory_Northwest_of_the_River_Ohio","Chillicothe,_Ohio","Vincennes,_Indiana","Territory_of_Indiana","Upper_Peninsula_of_Michigan","Corydon,_Indiana","Detroit","Territory_of_Michigan","Lower_Peninsula_of_Michigan","British_Armed_Forces","History_of_Minnesota","St._Louis,_Missouri","Spain","Francophone","History_of_Missouri","France","Louisiana_(New_France)","Mississippi_River","District_of_Louisiana","Mississippi_River","Indiana_Territory","Territory_of_Louisiana","Mississippi_River","Territory_of_Missouri","Mississippi_River","Marietta,_Ohio","Territory_Northwest_of_the_River_Ohio","Mississippi_River","Vincennes,_Indiana","Territory_of_Indiana","Mississippi_River","Kaskaskia,_Illinois","Territory_of_Illinois","Mississippi_River","Detroit","Territory_of_Michigan","Mississippi_River","Belmont,_Wisconsin","Territory_of_Wisconsin","Burlington,_Iowa","Territory_of_Iowa","Mississippi_River","Madison,_Wisconsin","Territory_of_Wisconsin","Mississippi_River","Iowa_City,_Iowa","Territory_of_Iowa","Mississippi_River","Territory_of_Minnesota","History_of_Mississippi","St._Augustine,_Florida","Spain","Spanish_Florida","Savannah,_Georgia","United_Kingdom","Proprietary_colony","Colony_of_Georgia","United_Kingdom","Province_of_Georgia","Georgia_(U.S._state)","Augusta,_Georgia","Heard's_Fort,_Georgia","Augusta,_Georgia","Savannah,_Georgia","Ebenezer,_Georgia","Savannah,_Georgia","Augusta,_Georgia","Louisville,_Georgia","Natchez,_Mississippi","Territory_of_Mississippi","Washington,_Mississippi","Natchez,_Mississippi","History_of_Missouri","St._Louis,_Missouri","Spain","Francophone","History_of_Missouri","France","Louisiana_(New_France)","District_of_Louisiana","Indiana_Territory","Territory_of_Louisiana","Territory_of_Missouri","Saint_Charles,_Missouri","Confederate_States_of_America","Neosho,_Missouri","Marshall,_Texas","History_of_Montana","St._Louis,_Missouri","Spain","Francophone","History_of_Missouri","Continental_Divide","France","Louisiana_(New_France)","Continental_Divide","District_of_Louisiana","Continental_Divide","Indiana_Territory","Territory_of_Louisiana","Continental_Divide","Territory_of_Missouri","Continental_Divide","Fort_Vancouver,_Washington","Oregon_Country","Continental_Divide","Oregon_City,_Oregon","Provisional_Government_of_Oregon","Continental_Divide","Territory_of_Oregon","Continental_Divide","Salem,_Oregon","Olympia,_Washington","Territory_of_Washington","Continental_Divide","Omaha,_Nebraska","Territory_of_Nebraska","Continental_Divide","Yankton,_South_Dakota","Territory_of_Dakota","Continental_Divide","Lewiston,_Idaho","Territory_of_Idaho","Bannack,_Montana","Territory_of_Montana","Virginia_City,_Montana","St._Louis,_Missouri","Spain","Francophone","History_of_Missouri","France","Louisiana_(New_France)","District_of_Louisiana","Indiana_Territory","Territory_of_Louisiana","Territory_of_Missouri","Omaha,_Nebraska","Territory_of_Nebraska","Lincoln,_Nebraska","Fillmore,_Utah","Territory_of_Utah","Salt_Lake_City","Territory_of_Nevada","History_of_New_Hampshire","Boston","England","Colony_of_Massachusetts_Bay","Portsmouth,_New_Hampshire","England","Province_of_New_Hampshire","Boston","England","Dominion_of_New-England_in_America","Portsmouth,_New_Hampshire","Province_of_New_Hampshire","England","Province_of_New_Hampshire","England","Province_of_New_Hampshire","Province_of_Massachusetts_Bay","United_Kingdom","Province_of_New_Hampshire","Province_of_Massachusetts_Bay","United_Kingdom","Province_of_New_Hampshire","Exeter,_New_Hampshire","American_Revolutionary_War","New_Hampshire","History_of_New_Jersey","Fort_Amsterdam","Netherlands","Nieuw-Nederland","Netherlands","Nieuw-Nederland","Elizabeth,_New_Jersey","England","Province_of_New_Jersey","Perth_Amboy,_New_Jersey","England","Province_of_East_Jersey","Burlington,_New_Jersey","England","Province_of_West_Jersey","Boston","England","Dominion_of_New-England_in_America","Perth_Amboy,_New_Jersey","England","Province_of_East_Jersey","Burlington,_New_Jersey","England","Province_of_West_Jersey","England","Province_of_New_Jersey","United_Kingdom","Province_of_New_Jersey","State_of_New_Jersey","United_States_of_America","History_of_New_Mexico","San_Juan,_New_Mexico","Spain","Viceroyalty_of_New_Spain","Santa_Fe_de_Nuevo_Mxico","Spain","Viceroyalty_of_New_Spain","Santa_Fe_de_Nuevo_Mxico","Pueblo_Revolt","Santa_Fe,_New_Mexico","Spain","Viceroyalty_of_New_Spain","Santa_Fe_de_Nuevo_Mxico","Mexico","Santa_Fe_de_Nuevo_Mxico","Mexico","Santa_Fe_de_Nuevo_Mxico","U.S._military_government_of_New_Mexico","U.S._provisional_government_of_New_Mexico","Territory_of_New_Mexico","Mesilla,_New_Mexico","Confederate_States_of_America","Arizona_Territory_(Confederate_States_of_America)","San_Antonio","Confederate_States_of_America","Arizona_Territory_(Confederate_States_of_America)","History_of_New_York","Fort_Amsterdam","Netherlands","Nieuw-Nederland","Netherlands","Nieuw-Nederland","England","Province_of_New_York","Netherlands","Nieuw-Nederland","England","Province_of_New_York","Boston","England","Dominion_of_New-England_in_America","New_York_City","Leisler's_Rebellion","England","Province_of_New_York","United_Kingdom","Province_of_New_York","New_York","Kingston,_New_York","Hurley_(town),_New_York","Poughkeepsie,_New_York","New_York_City","New_York","United_States_of_America","History_of_North_Carolina","St._Augustine,_Florida","Spain","Spanish_Florida","Charlestown,_South_Carolina","England","Province_of_Carolina","United_Kingdom","Province_of_Carolina","New_Bern,_North_Carolina","United_Kingdom","Province_of_North_Carolina","Fayetteville,_North_Carolina","History_of_North_Dakota","St._Louis,_Missouri","Spain","Francophone","History_of_Missouri","France","Louisiana_(New_France)","District_of_Louisiana","Indiana_Territory","Territory_of_Louisiana","Territory_of_Missouri","Detroit","Territory_of_Michigan","Missouri_River","White_Earth_River_(North_Dakota)","Belmont,_Wisconsin","Territory_of_Wisconsin","Missouri_River","White_Earth_River_(North_Dakota)","Burlington,_Iowa","Territory_of_Iowa","Missouri_River","White_Earth_River_(North_Dakota)","Iowa_City,_Iowa","Saint_Paul,_Minnesota","Territory_of_Minnesota","Missouri_River","White_Earth_River_(North_Dakota)","Omaha,_Nebraska","Territory_of_Nebraska","Missouri_River","White_Earth_River_(North_Dakota)","Yankton,_South_Dakota","Territory_of_Dakota","History_of_Ohio","Marietta,_Ohio","Territory_Northwest_of_the_River_Ohio","Chillicothe,_Ohio","Zanesville,_Ohio","Chillicothe,_Ohio","History_of_Oklahoma","St._Louis,_Missouri","Spain","Francophone","History_of_Missouri","France","Louisiana_(New_France)","District_of_Louisiana","Indiana_Territory","Territory_of_Louisiana","Territory_of_Missouri","Arkansas_Post","Territory_of_Arkansaw","Parallel_3630'_north","Little_Rock,_Arkansas","Tahlequah,_Oklahoma","Cherokee_Nation","Tuskahoma,_Oklahoma","Choctaw_Nation_of_Oklahoma","Tishomingo,_Oklahoma","Chickasaw_Nation","Wewoka,_Oklahoma","Seminole_Nation","Okmulgee,_Oklahoma","Creek_Nation","Pawhuska,_Oklahoma","Osage_Nation","Guthrie,_Oklahoma","Territory_of_Oklahoma","History_of_Oregon","Champoeg,_Oregon","Oregon_Country","Oregon_City,_Oregon","Provisional_Government_of_Oregon","Oregon_Country","Territory_of_Oregon","Salem,_Oregon","Corvallis,_Oregon","History_of_Pennsylvania","Philadelphia","England","Proprietary_colony","Colony_of_Pennsylvania","United_Kingdom","Proprietary_colony","Colony_of_Pennsylvania","Commonwealth_of_Pennsylvania","United_States_of_America","Lancaster,_Pennsylvania","Pennsylvania","United_States_of_America","History_of_Rhode_Island","Providence,_Rhode_Island","England","History_of_Rhode_Island","Portsmouth,_Rhode_Island","England","History_of_Rhode_Island","England","Colony_of_Rhode_Island","Providence,_Rhode_Island","England","Colony_of_Rhode_Island_and_Providence_Plantations","Boston","England","Dominion_of_New-England_in_America","Providence,_Rhode_Island","England","Colony_of_Rhode_Island_and_Providence_Plantations","United_Kingdom","Colony_of_Rhode_Island_and_Providence_Plantations","Rhode_Island","Providence,_Rhode_Island","Newport,_Rhode_Island","East_Greenwich,_Rhode_Island","South_Kingstown,_Rhode_Island","Bristol,_Rhode_Island","Rhode_Island","History_of_South_Carolina","St._Augustine,_Florida","Spain","Spanish_Florida","Charlestown,_South_Carolina","England","Province_of_Carolina","United_Kingdom","Province_of_Carolina","United_Kingdom","Province_of_South_Carolina","St._Louis,_Missouri","Spain","Francophone","History_of_Missouri","France","Louisiana_(New_France)","District_of_Louisiana","Indiana_Territory","Territory_of_Louisiana","Territory_of_Missouri","Detroit","Territory_of_Michigan","Missouri_River","Belmont,_Wisconsin","Territory_of_Wisconsin","Missouri_River","Burlington,_Iowa","Territory_of_Iowa","Missouri_River","Iowa_City,_Iowa","Saint_Paul,_Minnesota","Territory_of_Minnesota","Missouri_River","Omaha,_Nebraska","Territory_of_Nebraska","Missouri_River","Yankton,_South_Dakota","Territory_of_Dakota","Bismarck,_North_Dakota","History_of_Tennessee","New_Bern,_North_Carolina","United_Kingdom","Province_of_North_Carolina","North_Carolina","Rocky_Mount,_Tennessee","Territory_South_of_the_River_Ohio","Knoxville,_Tennessee","Tennessee","Kingston,_Tennessee","Tennessee","Cherokee_Nation","Knoxville,_Tennessee","Nashville,_Tennessee","Knoxville,_Tennessee","Murfreesboro,_Tennessee","History_of_Texas","Los_Adaes","Spain","History_of_Texas","San_Antonio","Saltillo","Mexico","Coahuila_y_Tejas","Monclova","Washington-on-the-Brazos,_Texas","Republic_of_Texas","Galveston,_Texas","Harrisburg,_Houston,_Texas","Velasco,_Texas","West_Columbia,_Texas","Houston","History_of_Utah","Salt_Lake_City","State_of_Deseret","Fillmore,_Utah","Territory_of_Utah","History_of_Vermont","Westminster_(town),_Vermont","Republic_of_New_Connecticut","Windsor,_Vermont","Vermont_Republic","History_of_Virginia","Jamestown,_Virginia","England","Colony_of_Virginia","Williamsburg,_Virginia","United_Kingdom","Colony_of_Virginia","Virginia","Confederate_States_of_America","United_States","Wheeling,_West_Virginia","Alexandria,_Virginia","History_of_Washington_(U.S._state)","Oregon_City,_Oregon","Provisional_Government_of_Oregon","Oregon_Country","Territory_of_Oregon","Salem,_Oregon","Territory_of_Washington","History_of_West_Virginia","Jamestown,_Virginia","England","Colony_of_Virginia","Williamsburg,_Virginia","United_Kingdom","Colony_of_Virginia","Virginia","Richmond,_Virginia","Wheeling,_West_Virginia","United_States","Virginia","Charleston,_West_Virginia","Wheeling,_West_Virginia","History_of_Wisconsin","Marietta,_Ohio","Territory_Northwest_of_the_River_Ohio","Vincennes,_Indiana","Territory_of_Indiana","Kaskaskia,_Illinois","Territory_of_Illinois","Detroit","Territory_of_Michigan","Belmont,_Wisconsin","Territory_of_Wisconsin","Burlington,_Iowa","Lewiston,_Idaho","Territory_of_Idaho","Yankton,_South_Dakota","Territory_of_Dakota","Territory_of_Wyoming","Historic_regions_of_the_United_States","History_of_the_Philippines_(18981946)","History_of_the_United_States","Lists_of_capitals","Outline_of_United_States_history","Political_divisions_of_the_United_States","Territorial_evolution_of_the_United_States","Timeline_of_country_and_capital_changes","Pennsylvania_Mutiny_of_1783","James_Madison","Caleb_Bentley","Brookeville,_Maryland","Burning_of_Washington","Sacramento","San_Francisco"]}