{"cursor":"28544","size":15,"audio":[],"currentlang":"en","article":" and Sardinia]]\n\nThis is a 'list of islands in the [[Mediterranean Sea]]'.\n","linknr":1179,"url":"List_of_islands_in_the_Mediterranean","recorded":1374861240,"links":["/w/index.php?title=List_of_islands_in_the_Mediterranean&action=edit","/w/index.php?title=List_of_islands_in_the_Mediterranean&action=edit","//bits.wikimedia.org/favicon/wikipedia.ico","/w/opensearch_desc.php","//en.wikipedia.org/w/api.php?action=rsd","//creativecommons.org/licenses/by-sa/3.0/","/w/index.php?title=Special:RecentChanges&feed=atom","//bits.wikimedia.org/en.wikipedia.org/load.php?debug=false&lang=en&modules=ext.gadget.DRN-wizard%2CReferenceTooltips%2Ccharinsert%2Cteahouse%7Cext.rtlcite%2Cwikihiero%7Cext.uls.nojs%7Cmediawiki.legacy.commonPrint%2Cshared%7Cmw.PopUpMediaTransform%7Cskins.vector&only=styles&skin=vector&*","//bits.wikimedia.org/en.wikipedia.org/load.php?debug=false&lang=en&modules=site&only=styles&skin=vector&*","//bits.wikimedia.org/en.wikipedia.org/load.php?debug=false&lang=en&modules=startup&only=scripts&skin=vector&*","//bits.wikimedia.org/geoiplookup","//meta.wikimedia.org","#mw-navigation","#p-search","/wiki/File:Tunisia_-_Sicily_-_South_Italy.jpg","//upload.wikimedia.org/wikipedia/commons/thumb/a/a0/Tunisia_-_Sicily_-_South_Italy.jpg/400px-Tunisia_-_Sicily_-_South_Italy.jpg","/wiki/File:Tunisia_-_Sicily_-_South_Italy.jpg","//bits.wikimedia.org/static-1.22wmf9/skins/common/images/magnify-clip.png","/wiki/Sicily","/wiki/Sardinia","/wiki/Mediterranean_Sea","#By_area","#By_country","#Albania","#Croatia","#France","#Greece","#Italy","#Malta","#Montenegro","#Spain","#Syria","#Tunisia","#Turkey","#Disputed","#Politically_divided","#See_also","/w/index.php?title=List_of_islands_in_the_Mediterranean&action=edit&section=1","/wiki/Sicily","/wiki/File:Satellite_image_Sicily.jpg","//upload.wikimedia.org/wikipedia/commons/thumb/9/96/Satellite_image_Sicily.jpg/100px-Satellite_image_Sicily.jpg","//upload.wikimedia.org/wikipedia/en/thumb/0/03/Flag_of_Italy.svg/23px-Flag_of_Italy.svg.png","/wiki/Italy","/wiki/Palermo","/wiki/Sardinia","/wiki/File:Sardinia_satellite.jpg","//upload.wikimedia.org/wikipedia/commons/thumb/4/48/Sardinia_satellite.jpg/100px-Sardinia_satellite.jpg","//upload.wikimedia.org/wikipedia/en/thumb/0/03/Flag_of_Italy.svg/23px-Flag_of_Italy.svg.png","/wiki/Italy","/wiki/Cagliari","/wiki/Cyprus","/wiki/File:Satellite_image_of_Cyprus,_cropped.jpg","//upload.wikimedia.org/wikipedia/commons/thumb/f/f3/Satellite_image_of_Cyprus%2C_cropped.jpg/100px-Satellite_image_of_Cyprus%2C_cropped.jpg","//upload.wikimedia.org/wikipedia/commons/thumb/d/d4/Flag_of_Cyprus.svg/23px-Flag_of_Cyprus.svg.png","/wiki/Cyprus","//upload.wikimedia.org/wikipedia/en/thumb/a/ae/Flag_of_the_United_Kingdom.svg/23px-Flag_of_the_United_Kingdom.svg.png","/wiki/Akrotiri_and_Dhekelia","//upload.wikimedia.org/wikipedia/commons/thumb/1/1e/Flag_of_the_Turkish_Republic_of_Northern_Cyprus.svg/23px-Flag_of_the_Turkish_Republic_of_Northern_Cyprus.svg.png","/wiki/Northern_Cyprus","#cite_note-1","#cite_note-2","/wiki/Nicosia","/wiki/Corsica","/wiki/File:Corse-photosat.jpg","//upload.wikimedia.org/wikipedia/commons/thumb/9/92/Corse-photosat.jpg/100px-Corse-photosat.jpg","//upload.wikimedia.org/wikipedia/en/thumb/c/c3/Flag_of_France.svg/23px-Flag_of_France.svg.png","/wiki/France","/wiki/Ajaccio","/wiki/Crete","/wiki/File:Crete_Nasa.jpg","//upload.wikimedia.org/wikipedia/commons/thumb/b/b9/Crete_Nasa.jpg/100px-Crete_Nasa.jpg","//upload.wikimedia.org/wikipedia/commons/thumb/5/5c/Flag_of_Greece.svg/23px-Flag_of_Greece.svg.png","/wiki/Greece","/wiki/Heraklion","/wiki/Euboea","/wiki/File:Euboea_island.jpg","//upload.wikimedia.org/wikipedia/commons/thumb/3/31/Euboea_island.jpg/100px-Euboea_island.jpg","//upload.wikimedia.org/wikipedia/commons/thumb/5/5c/Flag_of_Greece.svg/23px-Flag_of_Greece.svg.png","/wiki/Greece","/wiki/Chalcis","/wiki/Majorca","/wiki/File:Mallorca.jpg","//upload.wikimedia.org/wikipedia/commons/thumb/2/24/Mallorca.jpg/100px-Mallorca.jpg","//upload.wikimedia.org/wikipedia/en/thumb/9/9a/Flag_of_Spain.svg/23px-Flag_of_Spain.svg.png","/wiki/Spain","/wiki/Palma_de_Mallorca","/wiki/Lesbos_Island","/wiki/File:Lesbos_small.jpg","//upload.wikimedia.org/wikipedia/commons/thumb/c/ce/Lesbos_small.jpg/100px-Lesbos_small.jpg","//upload.wikimedia.org/wikipedia/commons/thumb/5/5c/Flag_of_Greece.svg/23px-Flag_of_Greece.svg.png","/wiki/Greece","/wiki/Mytilene","/wiki/Rhodes","/wiki/File:Rhodes_NLT_Landsat7.png","//upload.wikimedia.org/wikipedia/commons/thumb/3/30/Rhodes_NLT_Landsat7.png/100px-Rhodes_NLT_Landsat7.png","//upload.wikimedia.org/wikipedia/commons/thumb/5/5c/Flag_of_Greece.svg/23px-Flag_of_Greece.svg.png","/wiki/Greece","/wiki/Rhodes,_Greece","/wiki/Chios","/wiki/File:Chios_NASA_satellite_image.jpg","//upload.wikimedia.org/wikipedia/commons/thumb/1/19/Chios_NASA_satellite_image.jpg/100px-Chios_NASA_satellite_image.jpg","//upload.wikimedia.org/wikipedia/commons/thumb/5/5c/Flag_of_Greece.svg/23px-Flag_of_Greece.svg.png","/wiki/Greece","/wiki/Chios_(town)","/wiki/Kefalonia","/wiki/File:Kephalonia.png","//upload.wikimedia.org/wikipedia/commons/thumb/e/e9/Kephalonia.png/100px-Kephalonia.png","//upload.wikimedia.org/wikipedia/commons/thumb/5/5c/Flag_of_Greece.svg/23px-Flag_of_Greece.svg.png","/wiki/Greece","/wiki/Argostoli","/wiki/Minorca","/wiki/File:Menorca.jpg","//upload.wikimedia.org/wikipedia/commons/thumb/7/74/Menorca.jpg/100px-Menorca.jpg","//upload.wikimedia.org/wikipedia/en/thumb/9/9a/Flag_of_Spain.svg/23px-Flag_of_Spain.svg.png","/wiki/Spain","/wiki/Mahon","/wiki/Corfu","/wiki/File:Corfu_from_ISS.jpg","//upload.wikimedia.org/wikipedia/commons/thumb/2/2f/Corfu_from_ISS.jpg/100px-Corfu_from_ISS.jpg","//upload.wikimedia.org/wikipedia/commons/thumb/5/5c/Flag_of_Greece.svg/23px-Flag_of_Greece.svg.png","/wiki/Greece","/wiki/Corfu_(city)","/wiki/Ibiza","/wiki/File:Ibiza.jpg","//upload.wikimedia.org/wikipedia/commons/thumb/a/ae/Ibiza.jpg/100px-Ibiza.jpg","//upload.wikimedia.org/wikipedia/en/thumb/9/9a/Flag_of_Spain.svg/23px-Flag_of_Spain.svg.png","/wiki/Spain","/wiki/Ibiza_Town","/wiki/Djerba","/wiki/File:ISD_highres_ISS002_ISS002-749-82_3.JPG","//upload.wikimedia.org/wikipedia/commons/thumb/1/1f/ISD_highres_ISS002_ISS002-749-82_3.JPG/100px-ISD_highres_ISS002_ISS002-749-82_3.JPG","//upload.wikimedia.org/wikipedia/commons/thumb/c/ce/Flag_of_Tunisia.svg/23px-Flag_of_Tunisia.svg.png","/wiki/Tunisia","/wiki/Houmt_Souk","/wiki/Lemnos","/wiki/File:LimnosMap.svg","//upload.wikimedia.org/wikipedia/en/thumb/6/6d/LimnosMap.svg/100px-LimnosMap.svg.png","//upload.wikimedia.org/wikipedia/commons/thumb/5/5c/Flag_of_Greece.svg/23px-Flag_of_Greece.svg.png","/wiki/Greece","/wiki/Myrina,_Greece","/wiki/Samos","/wiki/File:Samos_26.80174E_37.72709N.jpg","//upload.wikimedia.org/wikipedia/commons/thumb/9/92/Samos_26.80174E_37.72709N.jpg/100px-Samos_26.80174E_37.72709N.jpg","//upload.wikimedia.org/wikipedia/commons/thumb/5/5c/Flag_of_Greece.svg/23px-Flag_of_Greece.svg.png","/wiki/Greece","/wiki/Vathy,_Samos","/wiki/Naxos_(island)","/wiki/File:Naxos_map.png","//upload.wikimedia.org/wikipedia/commons/thumb/0/0a/Naxos_map.png/100px-Naxos_map.png","//upload.wikimedia.org/wikipedia/commons/thumb/5/5c/Flag_of_Greece.svg/23px-Flag_of_Greece.svg.png","/wiki/Greece","/wiki/Naxos_(city)","/wiki/Zakynthos","/wiki/File:ZakynthosWW.jpg","//upload.wikimedia.org/wikipedia/commons/thumb/7/79/ZakynthosWW.jpg/100px-ZakynthosWW.jpg","//upload.wikimedia.org/wikipedia/commons/thumb/5/5c/Flag_of_Greece.svg/23px-Flag_of_Greece.svg.png","/wiki/Greece","/wiki/Zakynthos_(city)","/wiki/Cres","/wiki/File:Cres.svg","//upload.wikimedia.org/wikipedia/commons/thumb/7/78/Cres.svg/100px-Cres.svg.png","//upload.wikimedia.org/wikipedia/commons/thumb/1/1b/Flag_of_Croatia.svg/23px-Flag_of_Croatia.svg.png","/wiki/Croatia","/wiki/Cres_(town)","/wiki/Krk","/wiki/File:Krk_location_map.png","//upload.wikimedia.org/wikipedia/commons/thumb/1/18/Krk_location_map.png/100px-Krk_location_map.png","//upload.wikimedia.org/wikipedia/commons/thumb/1/1b/Flag_of_Croatia.svg/23px-Flag_of_Croatia.svg.png","/wiki/Croatia","/wiki/Krk_(town)","/wiki/Bra%C4%8D","//upload.wikimedia.org/wikipedia/commons/thumb/1/1b/Flag_of_Croatia.svg/23px-Flag_of_Croatia.svg.png","/wiki/Croatia","/wiki/Supetar","/wiki/Andros","/wiki/File:Andros_Island-1844.jpg","//upload.wikimedia.org/wikipedia/commons/thumb/1/10/Andros_Island-1844.jpg/100px-Andros_Island-1844.jpg","//upload.wikimedia.org/wikipedia/commons/thumb/5/5c/Flag_of_Greece.svg/23px-Flag_of_Greece.svg.png","/wiki/Greece","/wiki/Andros_(town)","/wiki/Thasos","/wiki/File:Thasos_NASA_photo.jpg","//upload.wikimedia.org/wikipedia/commons/thumb/c/cb/Thasos_NASA_photo.jpg/100px-Thasos_NASA_photo.jpg","//upload.wikimedia.org/wikipedia/commons/thumb/5/5c/Flag_of_Greece.svg/23px-Flag_of_Greece.svg.png","/wiki/Greece","/wiki/Thasos_(town)","/wiki/Lefkada","/wiki/File:LefkadaWW.jpg","//upload.wikimedia.org/wikipedia/commons/thumb/6/6b/LefkadaWW.jpg/100px-LefkadaWW.jpg","//upload.wikimedia.org/wikipedia/commons/thumb/5/5c/Flag_of_Greece.svg/23px-Flag_of_Greece.svg.png","/wiki/Greece","/wiki/Lefkada_(city)","/wiki/Karpathos","/wiki/File:Karpathos_OnEarth_WMS.png","//upload.wikimedia.org/wikipedia/commons/thumb/a/a3/Karpathos_OnEarth_WMS.png/100px-Karpathos_OnEarth_WMS.png","//upload.wikimedia.org/wikipedia/commons/thumb/5/5c/Flag_of_Greece.svg/23px-Flag_of_Greece.svg.png","/wiki/Greece","/wiki/Hvar","//upload.wikimedia.org/wikipedia/commons/thumb/1/1b/Flag_of_Croatia.svg/23px-Flag_of_Croatia.svg.png","/wiki/Croatia","/wiki/Hvar_(city)","/wiki/Kos","/wiki/File:KOS.gif","//upload.wikimedia.org/wikipedia/commons/thumb/3/35/KOS.gif/100px-KOS.gif","//upload.wikimedia.org/wikipedia/commons/thumb/5/5c/Flag_of_Greece.svg/23px-Flag_of_Greece.svg.png","/wiki/Greece","/w/index.php?title=Kos_(town)&action=edit&redlink=1","/wiki/Pag_(island)","//upload.wikimedia.org/wikipedia/commons/thumb/1/1b/Flag_of_Croatia.svg/23px-Flag_of_Croatia.svg.png","/wiki/Croatia","/wiki/Pag_(town)","/wiki/G%C3%B6k%C3%A7eada","/wiki/File:Map_GA.svg","//upload.wikimedia.org/wikipedia/commons/thumb/c/c9/Map_GA.svg/100px-Map_GA.svg.png","//upload.wikimedia.org/wikipedia/commons/thumb/b/b4/Flag_of_Turkey.svg/23px-Flag_of_Turkey.svg.png","/wiki/Turkey","/wiki/Kythira","//upload.wikimedia.org/wikipedia/commons/thumb/5/5c/Flag_of_Greece.svg/23px-Flag_of_Greece.svg.png","/wiki/Greece","/wiki/Kythira_(town)","/wiki/Kor%C4%8Dula","//upload.wikimedia.org/wikipedia/commons/thumb/1/1b/Flag_of_Croatia.svg/23px-Flag_of_Croatia.svg.png","/wiki/Croatia","/wiki/Kor%C4%8Dula_(town)","/wiki/Icaria","//upload.wikimedia.org/wikipedia/commons/thumb/5/5c/Flag_of_Greece.svg/23px-Flag_of_Greece.svg.png","/wiki/Greece","/wiki/Agios_Kirykos","/wiki/Malta_Island","/wiki/File:Malta_Luftbild.jpg","//upload.wikimedia.org/wikipedia/commons/thumb/3/31/Malta_Luftbild.jpg/100px-Malta_Luftbild.jpg","//upload.wikimedia.org/wikipedia/commons/thumb/7/73/Flag_of_Malta.svg/23px-Flag_of_Malta.svg.png","/wiki/Malta","#cite_note-3","/wiki/Valletta","/wiki/Elba","/wiki/File:Aerial_view_of_Elba_1.jpg","//upload.wikimedia.org/wikipedia/commons/thumb/b/b0/Aerial_view_of_Elba_1.jpg/100px-Aerial_view_of_Elba_1.jpg","//upload.wikimedia.org/wikipedia/en/thumb/0/03/Flag_of_Italy.svg/23px-Flag_of_Italy.svg.png","/wiki/Italy","/wiki/Portoferraio","/wiki/Skyros","//upload.wikimedia.org/wikipedia/commons/thumb/5/5c/Flag_of_Greece.svg/23px-Flag_of_Greece.svg.png","/wiki/Greece","/w/index.php?title=Skyros_(city)&action=edit&redlink=1","/wiki/Paros","/wiki/File:Paros,_towns.png","//upload.wikimedia.org/wikipedia/commons/thumb/a/a6/Paros%2C_towns.png/100px-Paros%2C_towns.png","//upload.wikimedia.org/wikipedia/commons/thumb/5/5c/Flag_of_Greece.svg/23px-Flag_of_Greece.svg.png","/wiki/Greece","/wiki/Parikia","/wiki/Tinos","//upload.wikimedia.org/wikipedia/commons/thumb/5/5c/Flag_of_Greece.svg/23px-Flag_of_Greece.svg.png","/wiki/Greece","/wiki/Tinos_(town)","/wiki/Samothrace","/wiki/File:Samothraki_Topo.png","//upload.wikimedia.org/wikipedia/commons/thumb/f/f4/Samothraki_Topo.png/100px-Samothraki_Topo.png","//upload.wikimedia.org/wikipedia/commons/thumb/5/5c/Flag_of_Greece.svg/23px-Flag_of_Greece.svg.png","/wiki/Greece","/w/index.php?title=Samothrace_(town)&action=edit&redlink=1","/wiki/Milos","/wiki/File:Milos.jpg","//upload.wikimedia.org/wikipedia/commons/thumb/b/bf/Milos.jpg/100px-Milos.jpg","//upload.wikimedia.org/wikipedia/commons/thumb/5/5c/Flag_of_Greece.svg/23px-Flag_of_Greece.svg.png","/wiki/Greece","/wiki/Plaka,_Milos","/wiki/Kea_(island)","/wiki/File:ISS009-E-15405-Kea-Makronisos.JPG","//upload.wikimedia.org/wikipedia/commons/thumb/4/4a/ISS009-E-15405-Kea-Makronisos.JPG/100px-ISS009-E-15405-Kea-Makronisos.JPG","//upload.wikimedia.org/wikipedia/commons/thumb/5/5c/Flag_of_Greece.svg/23px-Flag_of_Greece.svg.png","/wiki/Greece","/wiki/Ioulis","/wiki/Amorgos","//upload.wikimedia.org/wikipedia/commons/thumb/5/5c/Flag_of_Greece.svg/23px-Flag_of_Greece.svg.png","/wiki/Greece","/w/index.php?title=Amorgos_(town)&action=edit&redlink=1","/wiki/Marmara_Island","/wiki/File:Marmara_Island_aerial_view.jpg","//upload.wikimedia.org/wikipedia/commons/thumb/e/ee/Marmara_Island_aerial_view.jpg/100px-Marmara_Island_aerial_view.jpg","//upload.wikimedia.org/wikipedia/commons/thumb/b/b4/Flag_of_Turkey.svg/23px-Flag_of_Turkey.svg.png","/wiki/Turkey","/wiki/Dugi_Otok","//upload.wikimedia.org/wikipedia/commons/thumb/1/1b/Flag_of_Croatia.svg/23px-Flag_of_Croatia.svg.png","/wiki/Croatia","/w/index.php?title=Sali,_Dugi_Otok&action=edit&redlink=1","/wiki/Kalymnos","//upload.wikimedia.org/wikipedia/commons/thumb/5/5c/Flag_of_Greece.svg/23px-Flag_of_Greece.svg.png","/wiki/Greece","/wiki/Chergui","//upload.wikimedia.org/wikipedia/commons/thumb/c/ce/Flag_of_Tunisia.svg/23px-Flag_of_Tunisia.svg.png","/wiki/Tunisia","/wiki/Remla","/wiki/Sant%27Antioco","//upload.wikimedia.org/wikipedia/en/thumb/0/03/Flag_of_Italy.svg/23px-Flag_of_Italy.svg.png","/wiki/Italy","/wiki/Sant%27Antioco","/wiki/Ios_(island)","//upload.wikimedia.org/wikipedia/commons/thumb/5/5c/Flag_of_Greece.svg/23px-Flag_of_Greece.svg.png","/wiki/Greece","/wiki/Mljet","//upload.wikimedia.org/wikipedia/commons/thumb/1/1b/Flag_of_Croatia.svg/23px-Flag_of_Croatia.svg.png","/wiki/Croatia","/wiki/Kythnos","/wiki/File:Kythnos-map.jpg","//upload.wikimedia.org/wikipedia/commons/thumb/d/d8/Kythnos-map.jpg/100px-Kythnos-map.jpg","//upload.wikimedia.org/wikipedia/commons/thumb/5/5c/Flag_of_Greece.svg/23px-Flag_of_Greece.svg.png","/wiki/Greece","/w/index.php?title=Kythnos_(city)&action=edit&redlink=1","/wiki/Astypalaia","/wiki/File:Stampalia_by_Giacomo_Franco.jpg","//upload.wikimedia.org/wikipedia/commons/thumb/c/c1/Stampalia_by_Giacomo_Franco.jpg/100px-Stampalia_by_Giacomo_Franco.jpg","//upload.wikimedia.org/wikipedia/commons/thumb/5/5c/Flag_of_Greece.svg/23px-Flag_of_Greece.svg.png","/wiki/Greece","/w/index.php?title=Astypalaia_(town)&action=edit&redlink=1","/wiki/Ithaca","/wiki/File:Kefallonia_IthakiWW.jpg","//upload.wikimedia.org/wikipedia/commons/thumb/1/12/Kefallonia_IthakiWW.jpg/100px-Kefallonia_IthakiWW.jpg","//upload.wikimedia.org/wikipedia/commons/thumb/5/5c/Flag_of_Greece.svg/23px-Flag_of_Greece.svg.png","/wiki/Greece","/w/index.php?title=Ithaki,_Ithaca&action=edit&redlink=1","/wiki/Skopelos","/wiki/File:Skopelos_satellite_map.png","//upload.wikimedia.org/wikipedia/commons/thumb/d/d9/Skopelos_satellite_map.png/100px-Skopelos_satellite_map.png","//upload.wikimedia.org/wikipedia/commons/thumb/5/5c/Flag_of_Greece.svg/23px-Flag_of_Greece.svg.png","/wiki/Greece","/wiki/Skopelos_(town)","/wiki/Salamis_Island","/wiki/File:Salamis.png","//upload.wikimedia.org/wikipedia/commons/thumb/e/ea/Salamis.png/100px-Salamis.png","//upload.wikimedia.org/wikipedia/commons/thumb/5/5c/Flag_of_Greece.svg/23px-Flag_of_Greece.svg.png","/wiki/Greece","/wiki/Salamina_(city)","/wiki/Rab","//upload.wikimedia.org/wikipedia/commons/thumb/1/1b/Flag_of_Croatia.svg/23px-Flag_of_Croatia.svg.png","/wiki/Croatia","/wiki/Rab_(town)","/wiki/Vis_(island)","//upload.wikimedia.org/wikipedia/commons/thumb/1/1b/Flag_of_Croatia.svg/23px-Flag_of_Croatia.svg.png","/wiki/Croatia","/wiki/Vis_(town)","/wiki/Mykonos","//upload.wikimedia.org/wikipedia/commons/thumb/5/5c/Flag_of_Greece.svg/23px-Flag_of_Greece.svg.png","/wiki/Greece","/w/index.php?title=Mykonos_(town)&action=edit&redlink=1","/wiki/Syros","//upload.wikimedia.org/wikipedia/commons/thumb/5/5c/Flag_of_Greece.svg/23px-Flag_of_Greece.svg.png","/wiki/Greece","/wiki/Ermoupoli","/wiki/Aegina","//upload.wikimedia.org/wikipedia/commons/thumb/5/5c/Flag_of_Greece.svg/23px-Flag_of_Greece.svg.png","/wiki/Greece","/w/index.php?title=Aegina_(city)&action=edit&redlink=1","/wiki/Formentera","/wiki/File:V%C3%A9ndes_de_Formentera.svg","//upload.wikimedia.org/wikipedia/commons/thumb/a/af/V%C3%A9ndes_de_Formentera.svg/100px-V%C3%A9ndes_de_Formentera.svg.png","//upload.wikimedia.org/wikipedia/en/thumb/9/9a/Flag_of_Spain.svg/23px-Flag_of_Spain.svg.png","/wiki/Spain","/wiki/Sant_Francesc_Xavier","/wiki/Pantelleria","//upload.wikimedia.org/wikipedia/en/thumb/0/03/Flag_of_Italy.svg/23px-Flag_of_Italy.svg.png","/wiki/Italy","/wiki/Santorini","//upload.wikimedia.org/wikipedia/commons/thumb/5/5c/Flag_of_Greece.svg/23px-Flag_of_Greece.svg.png","/wiki/Greece","/wiki/Fira","/wiki/Lo%C5%A1inj","//upload.wikimedia.org/wikipedia/commons/thumb/1/1b/Flag_of_Croatia.svg/23px-Flag_of_Croatia.svg.png","/wiki/Croatia","/wiki/Mali_Lo%C5%A1inj","/wiki/Serifos","//upload.wikimedia.org/wikipedia/commons/thumb/5/5c/Flag_of_Greece.svg/23px-Flag_of_Greece.svg.png","/wiki/Greece","/w/index.php?title=Serifos_(town)&action=edit&redlink=1","/wiki/Sifnos","//upload.wikimedia.org/wikipedia/commons/thumb/5/5c/Flag_of_Greece.svg/23px-Flag_of_Greece.svg.png","/wiki/Greece","/w/index.php?title=Apollonia_(Sifnos)&action=edit&redlink=1","/wiki/Gharbi,_Tunisia","//upload.wikimedia.org/wikipedia/commons/thumb/c/ce/Flag_of_Tunisia.svg/23px-Flag_of_Tunisia.svg.png","/wiki/Tunisia","/w/index.php?title=Mellita&action=edit&redlink=1","/wiki/Gozo","/wiki/File:Gozo_Island_CIA_map.png","//upload.wikimedia.org/wikipedia/commons/thumb/7/7b/Gozo_Island_CIA_map.png/100px-Gozo_Island_CIA_map.png","//upload.wikimedia.org/wikipedia/commons/thumb/7/73/Flag_of_Malta.svg/23px-Flag_of_Malta.svg.png","/wiki/Malta","/wiki/Victoria,_Gozo","/wiki/Kasos","//upload.wikimedia.org/wikipedia/commons/thumb/5/5c/Flag_of_Greece.svg/23px-Flag_of_Greece.svg.png","/wiki/Greece","/w/index.php?title=Fry,_Kasos&action=edit&redlink=1","/wiki/Alonissos","//upload.wikimedia.org/wikipedia/commons/thumb/5/5c/Flag_of_Greece.svg/23px-Flag_of_Greece.svg.png","/wiki/Greece","/wiki/Patitiri","/wiki/Tilos","//upload.wikimedia.org/wikipedia/commons/thumb/5/5c/Flag_of_Greece.svg/23px-Flag_of_Greece.svg.png","/wiki/Greece","/w/index.php?title=Meg%C3%A1lo_Chori%C3%B3_(Tilos)&action=edit&redlink=1","/wiki/Pa%C5%A1man","//upload.wikimedia.org/wikipedia/commons/thumb/1/1b/Flag_of_Croatia.svg/23px-Flag_of_Croatia.svg.png","/wiki/Croatia","/wiki/Pa%C5%A1man_(town)","/wiki/%C5%A0olta","//upload.wikimedia.org/wikipedia/commons/thumb/1/1b/Flag_of_Croatia.svg/23px-Flag_of_Croatia.svg.png","/wiki/Croatia","/wiki/Grohote","/wiki/Symi","//upload.wikimedia.org/wikipedia/commons/thumb/5/5c/Flag_of_Greece.svg/23px-Flag_of_Greece.svg.png","/wiki/Greece","/wiki/Ano_Symi","/wiki/Leros","//upload.wikimedia.org/wikipedia/commons/thumb/5/5c/Flag_of_Greece.svg/23px-Flag_of_Greece.svg.png","/wiki/Greece","/w/index.php?title=Agia_Marina_Lerou&action=edit&redlink=1","/wiki/San_Pietro_Island","//upload.wikimedia.org/wikipedia/en/thumb/0/03/Flag_of_Italy.svg/23px-Flag_of_Italy.svg.png","/wiki/Italy","/wiki/Carloforte","/wiki/Asinara","/wiki/File:Asinara_map.png","//upload.wikimedia.org/wikipedia/commons/thumb/e/e9/Asinara_map.png/100px-Asinara_map.png","//upload.wikimedia.org/wikipedia/en/thumb/0/03/Flag_of_Italy.svg/23px-Flag_of_Italy.svg.png","/wiki/Italy","/w/index.php?title=Cala_d%27_Oliva&action=edit&redlink=1","/wiki/Hydra_island","//upload.wikimedia.org/wikipedia/commons/thumb/5/5c/Flag_of_Greece.svg/23px-Flag_of_Greece.svg.png","/wiki/Greece","/w/index.php?title=Hydra_(town)&action=edit&redlink=1","/wiki/Ugljan","//upload.wikimedia.org/wikipedia/commons/thumb/1/1b/Flag_of_Croatia.svg/23px-Flag_of_Croatia.svg.png","/wiki/Croatia","/wiki/Preko","/wiki/Skiathos","//upload.wikimedia.org/wikipedia/commons/thumb/5/5c/Flag_of_Greece.svg/23px-Flag_of_Greece.svg.png","/wiki/Greece","/wiki/Skiathos_(town)","/wiki/Lastovo","//upload.wikimedia.org/wikipedia/commons/thumb/1/1b/Flag_of_Croatia.svg/23px-Flag_of_Croatia.svg.png","/wiki/Croatia","/wiki/Lastovo_(town)","/wiki/Ischia","//upload.wikimedia.org/wikipedia/en/thumb/0/03/Flag_of_Italy.svg/23px-Flag_of_Italy.svg.png","/wiki/Italy","/wiki/Ischia,_Campania","/wiki/Agios_Efstratios","//upload.wikimedia.org/wikipedia/commons/thumb/5/5c/Flag_of_Greece.svg/23px-Flag_of_Greece.svg.png","/wiki/Greece","/wiki/Nisyros","//upload.wikimedia.org/wikipedia/commons/thumb/5/5c/Flag_of_Greece.svg/23px-Flag_of_Greece.svg.png","/wiki/Greece","/w/index.php?title=Mandraki&action=edit&redlink=1","/wiki/Sikinos","//upload.wikimedia.org/wikipedia/commons/thumb/5/5c/Flag_of_Greece.svg/23px-Flag_of_Greece.svg.png","/wiki/Greece","/w/index.php?title=Sikinos_(town)&action=edit&redlink=1","/wiki/Psara","//upload.wikimedia.org/wikipedia/commons/thumb/5/5c/Flag_of_Greece.svg/23px-Flag_of_Greece.svg.png","/wiki/Greece","/wiki/Psara_(town)","/wiki/Anafi","//upload.wikimedia.org/wikipedia/commons/thumb/5/5c/Flag_of_Greece.svg/23px-Flag_of_Greece.svg.png","/wiki/Greece","/w/index.php?title=Anafi_(town)&action=edit&redlink=1","/wiki/Lipari","//upload.wikimedia.org/wikipedia/en/thumb/0/03/Flag_of_Italy.svg/23px-Flag_of_Italy.svg.png","/wiki/Italy","/wiki/Tenedos","/wiki/File:Bozcaada_-_ISS027.JPG","//upload.wikimedia.org/wikipedia/commons/thumb/c/c7/Bozcaada_-_ISS027.JPG/100px-Bozcaada_-_ISS027.JPG","//upload.wikimedia.org/wikipedia/commons/thumb/b/b4/Flag_of_Turkey.svg/23px-Flag_of_Turkey.svg.png","/wiki/Turkey","/w/index.php?title=Bozcaada_town&action=edit&redlink=1","/wiki/Kimolos","//upload.wikimedia.org/wikipedia/commons/thumb/5/5c/Flag_of_Greece.svg/23px-Flag_of_Greece.svg.png","/wiki/Greece","/w/index.php?title=Kimolos_(town)&action=edit&redlink=1","/wiki/Antiparos","//upload.wikimedia.org/wikipedia/commons/thumb/5/5c/Flag_of_Greece.svg/23px-Flag_of_Greece.svg.png","/wiki/Greece","/w/index.php?title=Antiparos_town&action=edit&redlink=1","/wiki/Patmos","//upload.wikimedia.org/wikipedia/commons/thumb/5/5c/Flag_of_Greece.svg/23px-Flag_of_Greece.svg.png","/wiki/Greece","/w/index.php?title=Patmos_(city)&action=edit&redlink=1","/wiki/Kornat_(island)","//upload.wikimedia.org/wikipedia/commons/thumb/1/1b/Flag_of_Croatia.svg/23px-Flag_of_Croatia.svg.png","/wiki/Croatia","/wiki/Folegandros","//upload.wikimedia.org/wikipedia/commons/thumb/5/5c/Flag_of_Greece.svg/23px-Flag_of_Greece.svg.png","/wiki/Greece","/w/index.php?title=Folegandros_(town)&action=edit&redlink=1","/wiki/Fourni_Korseon","//upload.wikimedia.org/wikipedia/commons/thumb/5/5c/Flag_of_Greece.svg/23px-Flag_of_Greece.svg.png","/wiki/Greece","/w/index.php?title=Fourni_(town)&action=edit&redlink=1","/wiki/Gavdos","//upload.wikimedia.org/wikipedia/commons/thumb/5/5c/Flag_of_Greece.svg/23px-Flag_of_Greece.svg.png","/wiki/Greece","/w/index.php?title=Kastri,_Gavdos&action=edit&redlink=1","/wiki/Ciovo","//upload.wikimedia.org/wikipedia/commons/thumb/1/1b/Flag_of_Croatia.svg/23px-Flag_of_Croatia.svg.png","/wiki/Croatia","/wiki/Okrug_Gornji","/wiki/Halki_(Greece)","//upload.wikimedia.org/wikipedia/commons/thumb/5/5c/Flag_of_Greece.svg/23px-Flag_of_Greece.svg.png","/wiki/Greece","/wiki/Salina_Island","//upload.wikimedia.org/wikipedia/en/thumb/0/03/Flag_of_Italy.svg/23px-Flag_of_Italy.svg.png","/wiki/Italy","/wiki/Olib","//upload.wikimedia.org/wikipedia/commons/thumb/1/1b/Flag_of_Croatia.svg/23px-Flag_of_Croatia.svg.png","/wiki/Croatia","/w/index.php?title=Olib_(town)&action=edit&redlink=1","/wiki/Uzunada","//upload.wikimedia.org/wikipedia/commons/thumb/b/b4/Flag_of_Turkey.svg/23px-Flag_of_Turkey.svg.png","/wiki/Turkey","/wiki/Paxi","//upload.wikimedia.org/wikipedia/commons/thumb/5/5c/Flag_of_Greece.svg/23px-Flag_of_Greece.svg.png","/wiki/Greece","/wiki/Gaios","/wiki/Kalamos_(island)","//upload.wikimedia.org/wikipedia/commons/thumb/5/5c/Flag_of_Greece.svg/23px-Flag_of_Greece.svg.png","/wiki/Greece","/w/index.php?title=Kalamos_(city)&action=edit&redlink=1","/wiki/Kyra_Panagia","//upload.wikimedia.org/wikipedia/commons/thumb/5/5c/Flag_of_Greece.svg/23px-Flag_of_Greece.svg.png","/wiki/Greece","/wiki/Isola_del_Giglio","/wiki/File:Aerial_view_of_Isola_del_Giglio,_2006-06-04.jpg","//upload.wikimedia.org/wikipedia/commons/thumb/f/fa/Aerial_view_of_Isola_del_Giglio%2C_2006-06-04.jpg/100px-Aerial_view_of_Isola_del_Giglio%2C_2006-06-04.jpg","//upload.wikimedia.org/wikipedia/en/thumb/0/03/Flag_of_Italy.svg/23px-Flag_of_Italy.svg.png","/wiki/Italy","/wiki/Cunda_Island","//upload.wikimedia.org/wikipedia/commons/thumb/b/b4/Flag_of_Turkey.svg/23px-Flag_of_Turkey.svg.png","/wiki/Turkey","/wiki/Poros","//upload.wikimedia.org/wikipedia/commons/thumb/5/5c/Flag_of_Greece.svg/23px-Flag_of_Greece.svg.png","/wiki/Greece","/w/index.php?title=Poros_(city)&action=edit&redlink=1","/wiki/Molat","//upload.wikimedia.org/wikipedia/commons/thumb/1/1b/Flag_of_Croatia.svg/23px-Flag_of_Croatia.svg.png","/wiki/Croatia","/w/index.php?title=Molat_(town)&action=edit&redlink=1","/wiki/Vir","//upload.wikimedia.org/wikipedia/commons/thumb/1/1b/Flag_of_Croatia.svg/23px-Flag_of_Croatia.svg.png","/wiki/Croatia","/w/index.php?title=Vir_(town)&action=edit&redlink=1","/wiki/Spetses","//upload.wikimedia.org/wikipedia/commons/thumb/5/5c/Flag_of_Greece.svg/23px-Flag_of_Greece.svg.png","/wiki/Greece","/w/index.php?title=Spetses_(town)&action=edit&redlink=1","/wiki/Pa%C5%9Faliman%C4%B1","//upload.wikimedia.org/wikipedia/commons/thumb/b/b4/Flag_of_Turkey.svg/23px-Flag_of_Turkey.svg.png","/wiki/Turkey","/wiki/Saria_Island","//upload.wikimedia.org/wikipedia/commons/thumb/5/5c/Flag_of_Greece.svg/23px-Flag_of_Greece.svg.png","/wiki/Greece","/wiki/Vulcano","//upload.wikimedia.org/wikipedia/en/thumb/0/03/Flag_of_Italy.svg/23px-Flag_of_Italy.svg.png","/wiki/Italy","/wiki/Avsa","/wiki/File:Avsa_island_aerial_view.jpg","//upload.wikimedia.org/wikipedia/commons/thumb/7/74/Avsa_island_aerial_view.jpg/100px-Avsa_island_aerial_view.jpg","//upload.wikimedia.org/wikipedia/commons/thumb/b/b4/Flag_of_Turkey.svg/23px-Flag_of_Turkey.svg.png","/wiki/Turkey","/wiki/Antikythera","//upload.wikimedia.org/wikipedia/commons/thumb/5/5c/Flag_of_Greece.svg/23px-Flag_of_Greece.svg.png","/wiki/Greece","/w/index.php?title=Potam%C3%B3s_(town)&action=edit&redlink=1","/wiki/Lampedusa","/wiki/File:Lampedusa_island.jpg","//upload.wikimedia.org/wikipedia/commons/thumb/3/36/Lampedusa_island.jpg/100px-Lampedusa_island.jpg","//upload.wikimedia.org/wikipedia/en/thumb/0/03/Flag_of_Italy.svg/23px-Flag_of_Italy.svg.png","/wiki/Italy","/wiki/Lampedusa_e_Linosa","/w/index.php?title=La_Maddalena_(island)&action=edit&redlink=1","//upload.wikimedia.org/wikipedia/en/thumb/0/03/Flag_of_Italy.svg/23px-Flag_of_Italy.svg.png","/wiki/Italy","/wiki/La_Maddalena","/wiki/Meganisi","//upload.wikimedia.org/wikipedia/commons/thumb/5/5c/Flag_of_Greece.svg/23px-Flag_of_Greece.svg.png","/wiki/Greece","/w/index.php?title=Katomeri&action=edit&redlink=1","/wiki/Favignana","//upload.wikimedia.org/wikipedia/en/thumb/0/03/Flag_of_Italy.svg/23px-Flag_of_Italy.svg.png","/wiki/Italy","/w/index.php?title=Favignana_(town)&action=edit&redlink=1","/wiki/Capraia","//upload.wikimedia.org/wikipedia/en/thumb/0/03/Flag_of_Italy.svg/23px-Flag_of_Italy.svg.png","/wiki/Italy","/w/index.php?title=Capraia_(town)&action=edit&redlink=1","/wiki/Elafonisos","//upload.wikimedia.org/wikipedia/commons/thumb/5/5c/Flag_of_Greece.svg/23px-Flag_of_Greece.svg.png","/wiki/Greece","/w/index.php?title=Elafonisos_(town)&action=edit&redlink=1","/wiki/Murter","//upload.wikimedia.org/wikipedia/commons/thumb/1/1b/Flag_of_Croatia.svg/23px-Flag_of_Croatia.svg.png","/wiki/Croatia","/wiki/Murter_(town)","/wiki/Makronisos","//upload.wikimedia.org/wikipedia/commons/thumb/5/5c/Flag_of_Greece.svg/23px-Flag_of_Greece.svg.png","/wiki/Greece","/wiki/Irakleia,_Cyclades","//upload.wikimedia.org/wikipedia/commons/thumb/5/5c/Flag_of_Greece.svg/23px-Flag_of_Greece.svg.png","/wiki/Greece","/w/index.php?title=Irakleia_(town)&action=edit&redlink=1","/wiki/I%C5%BE","//upload.wikimedia.org/wikipedia/commons/thumb/1/1b/Flag_of_Croatia.svg/23px-Flag_of_Croatia.svg.png","/wiki/Croatia","/w/index.php?title=I%C5%BE_Veli&action=edit&redlink=1","/wiki/Gyaros","//upload.wikimedia.org/wikipedia/commons/thumb/5/5c/Flag_of_Greece.svg/23px-Flag_of_Greece.svg.png","/wiki/Greece","/w/index.php?title=Megalonisos_Petalion&action=edit&redlink=1","//upload.wikimedia.org/wikipedia/commons/thumb/5/5c/Flag_of_Greece.svg/23px-Flag_of_Greece.svg.png","/wiki/Greece","/wiki/Polyaigos","//upload.wikimedia.org/wikipedia/commons/thumb/5/5c/Flag_of_Greece.svg/23px-Flag_of_Greece.svg.png","/wiki/Greece","/wiki/Unije","//upload.wikimedia.org/wikipedia/commons/thumb/1/1b/Flag_of_Croatia.svg/23px-Flag_of_Croatia.svg.png","/wiki/Croatia","/w/index.php?title=Unije_(town)&action=edit&redlink=1","/wiki/Leipsoi","//upload.wikimedia.org/wikipedia/commons/thumb/5/5c/Flag_of_Greece.svg/23px-Flag_of_Greece.svg.png","/wiki/Greece","/w/index.php?title=Leipsoi_(town)&action=edit&redlink=1","/wiki/%C5%A0ipan","//upload.wikimedia.org/wikipedia/commons/thumb/1/1b/Flag_of_Croatia.svg/23px-Flag_of_Croatia.svg.png","/wiki/Croatia","/w/index.php?title=%C5%A0ipanska_Luka&action=edit&redlink=1","/wiki/Caprera","//upload.wikimedia.org/wikipedia/en/thumb/0/03/Flag_of_Italy.svg/23px-Flag_of_Italy.svg.png","/wiki/Italy","/wiki/Cabrera,_Balearic_Islands","/wiki/File:Archipi%C3%A9lago_de_Cabrera.jpg","//upload.wikimedia.org/wikipedia/commons/thumb/9/98/Archipi%C3%A9lago_de_Cabrera.jpg/100px-Archipi%C3%A9lago_de_Cabrera.jpg","//upload.wikimedia.org/wikipedia/en/thumb/9/9a/Flag_of_Spain.svg/23px-Flag_of_Spain.svg.png","/wiki/Spain","/wiki/Keros","//upload.wikimedia.org/wikipedia/commons/thumb/5/5c/Flag_of_Greece.svg/23px-Flag_of_Greece.svg.png","/wiki/Greece","/wiki/%C5%BDirje,_Croatia","//upload.wikimedia.org/wikipedia/commons/thumb/1/1b/Flag_of_Croatia.svg/23px-Flag_of_Croatia.svg.png","/wiki/Croatia","/wiki/%C5%BDirje_(town)","/wiki/Sestrunj","//upload.wikimedia.org/wikipedia/commons/thumb/1/1b/Flag_of_Croatia.svg/23px-Flag_of_Croatia.svg.png","/wiki/Croatia","/w/index.php?title=Sestrunj_(town)&action=edit&redlink=1","/wiki/Silba","//upload.wikimedia.org/wikipedia/commons/thumb/1/1b/Flag_of_Croatia.svg/23px-Flag_of_Croatia.svg.png","/wiki/Croatia","/w/index.php?title=Silba_(town)&action=edit&redlink=1","/wiki/%C5%BDut","//upload.wikimedia.org/wikipedia/commons/thumb/1/1b/Flag_of_Croatia.svg/23px-Flag_of_Croatia.svg.png","/wiki/Croatia","/wiki/Pserimos","//upload.wikimedia.org/wikipedia/commons/thumb/5/5c/Flag_of_Greece.svg/23px-Flag_of_Greece.svg.png","/wiki/Greece","/w/index.php?title=Pserimos_(town)&action=edit&redlink=1","/wiki/Oinousses","//upload.wikimedia.org/wikipedia/commons/thumb/5/5c/Flag_of_Greece.svg/23px-Flag_of_Greece.svg.png","/wiki/Greece","/w/index.php?title=Oinousses_(town)&action=edit&redlink=1","/wiki/Peristera","//upload.wikimedia.org/wikipedia/commons/thumb/5/5c/Flag_of_Greece.svg/23px-Flag_of_Greece.svg.png","/wiki/Greece","/wiki/Rineia","//upload.wikimedia.org/wikipedia/commons/thumb/5/5c/Flag_of_Greece.svg/23px-Flag_of_Greece.svg.png","/wiki/Greece","/wiki/Agathonisi","//upload.wikimedia.org/wikipedia/commons/thumb/5/5c/Flag_of_Greece.svg/23px-Flag_of_Greece.svg.png","/wiki/Greece","/w/index.php?title=Meg%C3%A1lo_Chori%C3%B3_(Agathonisi)&action=edit&redlink=1","/wiki/Donoussa","//upload.wikimedia.org/wikipedia/commons/thumb/5/5c/Flag_of_Greece.svg/23px-Flag_of_Greece.svg.png","/wiki/Greece","/w/index.php?title=Donoussa_(town)&action=edit&redlink=1","/wiki/Prvic_(Krk)","//upload.wikimedia.org/wikipedia/commons/thumb/1/1b/Flag_of_Croatia.svg/23px-Flag_of_Croatia.svg.png","/wiki/Croatia","/wiki/Stromboli","//upload.wikimedia.org/wikipedia/en/thumb/0/03/Flag_of_Italy.svg/23px-Flag_of_Italy.svg.png","/wiki/Italy","/wiki/Dokos","//upload.wikimedia.org/wikipedia/commons/thumb/5/5c/Flag_of_Greece.svg/23px-Flag_of_Greece.svg.png","/wiki/Greece","/w/index.php?title=Dokos_(town)&action=edit&redlink=1","/wiki/Porquerolles","//upload.wikimedia.org/wikipedia/en/thumb/c/c3/Flag_of_France.svg/23px-Flag_of_France.svg.png","/wiki/France","/wiki/Schiza","//upload.wikimedia.org/wikipedia/commons/thumb/5/5c/Flag_of_Greece.svg/23px-Flag_of_Greece.svg.png","/wiki/Greece","/wiki/Drvenik_Veliki","//upload.wikimedia.org/wikipedia/commons/thumb/1/1b/Flag_of_Croatia.svg/23px-Flag_of_Croatia.svg.png","/wiki/Croatia","/w/index.php?title=Drvenik_Veliki_(town)&action=edit&redlink=1","/wiki/Marettimo","//upload.wikimedia.org/wikipedia/en/thumb/0/03/Flag_of_Italy.svg/23px-Flag_of_Italy.svg.png","/wiki/Italy","/w/index.php?title=Marettimo_(town)&action=edit&redlink=1","/wiki/Angistri","//upload.wikimedia.org/wikipedia/commons/thumb/5/5c/Flag_of_Greece.svg/23px-Flag_of_Greece.svg.png","/wiki/Greece","/w/index.php?title=Milos_(town)&action=edit&redlink=1","/wiki/Dia_(island)","//upload.wikimedia.org/wikipedia/commons/thumb/5/5c/Flag_of_Greece.svg/23px-Flag_of_Greece.svg.png","/wiki/Greece","/wiki/Gioura","//upload.wikimedia.org/wikipedia/commons/thumb/5/5c/Flag_of_Greece.svg/23px-Flag_of_Greece.svg.png","/wiki/Greece","/wiki/Capri","/wiki/File:Capri_sights.png","//upload.wikimedia.org/wikipedia/commons/thumb/4/4b/Capri_sights.png/100px-Capri_sights.png","//upload.wikimedia.org/wikipedia/en/thumb/0/03/Flag_of_Italy.svg/23px-Flag_of_Italy.svg.png","/wiki/Italy","/wiki/Capri,_Campania","/wiki/Montecristo","//upload.wikimedia.org/wikipedia/en/thumb/0/03/Flag_of_Italy.svg/23px-Flag_of_Italy.svg.png","/wiki/Italy","/wiki/Pianosa","//upload.wikimedia.org/wikipedia/en/thumb/0/03/Flag_of_Italy.svg/23px-Flag_of_Italy.svg.png","/wiki/Italy","/wiki/Othonoi","//upload.wikimedia.org/wikipedia/commons/thumb/5/5c/Flag_of_Greece.svg/23px-Flag_of_Greece.svg.png","/wiki/Greece","/wiki/Thymaina","//upload.wikimedia.org/wikipedia/commons/thumb/5/5c/Flag_of_Greece.svg/23px-Flag_of_Greece.svg.png","/wiki/Greece","/wiki/Imrali","//upload.wikimedia.org/wikipedia/commons/thumb/b/b4/Flag_of_Turkey.svg/23px-Flag_of_Turkey.svg.png","/wiki/Turkey","#cite_ref-1","/wiki/Turkish_Republic_of_Northern_Cyprus","/wiki/Cyprus","#cite_ref-2","#cite_ref-3","/w/index.php?title=List_of_islands_in_the_Mediterranean&action=edit&section=2","/wiki/Wikipedia:WikiProject_Lists#Incomplete_lists","//en.wikipedia.org/w/index.php?title=List_of_islands_in_the_Mediterranean&action=edit","/w/index.php?title=List_of_islands_in_the_Mediterranean&action=edit&section=3","/wiki/Sazan","/wiki/File:Vlora1.JPG","//upload.wikimedia.org/wikipedia/commons/thumb/7/7d/Vlora1.JPG/220px-Vlora1.JPG","/wiki/File:Vlora1.JPG","//bits.wikimedia.org/static-1.22wmf9/skins/common/images/magnify-clip.png","/wiki/Kun%C3%AB","/wiki/Ksamil_Islands","/wiki/Franc_Joseph_Island","/wiki/Zv%C3%ABrnec_Islands","/wiki/Tongo_Island","/wiki/Stil_Island","/wiki/File:Ksamamil_Islands.jpg","//upload.wikimedia.org/wikipedia/commons/thumb/5/55/Ksamamil_Islands.jpg/220px-Ksamamil_Islands.jpg","/wiki/File:Ksamamil_Islands.jpg","//bits.wikimedia.org/static-1.22wmf9/skins/common/images/magnify-clip.png","/w/index.php?title=List_of_islands_in_the_Mediterranean&action=edit&section=4","/wiki/List_of_islands_of_Croatia","/wiki/%C4%8Ciovo","/wiki/Brijuni","/wiki/Brusnik_(island)","/wiki/Cres","/wiki/Drvenik_Mali","/wiki/Drvenik_Veliki","/wiki/Dugi_otok","/wiki/Elaphiti_islands","/wiki/Goli_otok","/wiki/Hvar","/wiki/I%C5%BE","/wiki/Ilovik","/wiki/Ist_(island)","/wiki/Kaprije","/wiki/Kolo%C4%8Dep","/wiki/Kor%C4%8Dula","/wiki/Kornati","/wiki/File:Prvic_Luka2.jpg","//upload.wikimedia.org/wikipedia/commons/thumb/2/21/Prvic_Luka2.jpg/220px-Prvic_Luka2.jpg","/wiki/File:Prvic_Luka2.jpg","//bits.wikimedia.org/static-1.22wmf9/skins/common/images/magnify-clip.png","/wiki/Krapanj","/wiki/Krk","/wiki/Lastovo","/wiki/Lo%C5%A1inj","/wiki/Lokrum","/wiki/Lopud","/wiki/Male_Srakane","/wiki/Mljet","/wiki/Molat","/wiki/Murter","/wiki/Olib","/wiki/Pa%C5%A1man","/wiki/Pag_(island)","/wiki/Palagru%C5%BEa","/wiki/Plavnik","/wiki/Premuda","/wiki/Prvi%C4%87","/wiki/Rab","/wiki/Rava_(island)","/wiki/Rivanj","/wiki/Sestrunj","/wiki/Silba","/w/index.php?title=Skarda&action=edit&redlink=1","/wiki/Susak","/wiki/Svetac","/wiki/Sveti_Andrija_(Dubrovnik)","/wiki/%C5%A0ipan","/wiki/%C5%A0olta","/wiki/Ugljan","/wiki/Unije","/wiki/Vele_Srakane","/wiki/Vir","/wiki/Vis_(island)","/wiki/Vrgada","/wiki/Zlarin","/wiki/Zverinac","/wiki/%C5%BDirje_(island)","/wiki/%C5%BDut","/w/index.php?title=List_of_islands_in_the_Mediterranean&action=edit&section=5","/wiki/Corsica","/wiki/Lavezzi_Island","/wiki/Frioul_archipelago","/wiki/L%C3%A9rins_Islands","/w/index.php?title=List_of_islands_in_the_Mediterranean&action=edit&section=6","/wiki/List_of_Greek_islands","/wiki/Crete","/wiki/Euboea","/wiki/Gavdos","/wiki/Cyclades_Islands","/wiki/Amorgos","/wiki/Anafi","/wiki/Andros","/wiki/Antimilos","/wiki/Antiparos","/wiki/Delos","/wiki/Despotiko","/wiki/Donousa","/wiki/Folegandros","/wiki/Gyaros","/wiki/Ios_(island)","/wiki/Irakleia,_Cyclades","/wiki/Kea_(island)","/wiki/Tzia","/wiki/Keros","/wiki/Kimolos","/wiki/Koufonisi","/wiki/Kythnos","/wiki/Makronisos","/wiki/Milos","/wiki/Mykonos","/wiki/Naxos_Island","/wiki/Paros","/wiki/Polyaigos","/wiki/Rineia","/wiki/Santorini","/wiki/Schinousa","/wiki/Serifos","/wiki/Sifnos","/wiki/Sikinos","/wiki/Syros","/wiki/Thirasia","/wiki/Tinos","/wiki/North_Aegean_islands","/wiki/Chios","/wiki/Fournoi","/wiki/Ikaria","/wiki/Limnos","/wiki/Lesvos","/wiki/Oinousses","/wiki/Psara","/wiki/Saint_Eustratius_(Island)","/wiki/Samos","/wiki/Samothraki","/wiki/Thassos","/wiki/Thymaina","/wiki/Saronic_Islands","/wiki/Aegina","/wiki/Angistri","/wiki/Dokos","/wiki/Hydra,_Saronic_Islands","/wiki/Poros","/wiki/Salamis_Island","/wiki/Spetses","/wiki/Dodecanese_Islands","/wiki/Agathonissi","/wiki/Arkoi","/wiki/Armathia","/wiki/Astypalia","/wiki/Farmakonisi","/wiki/Gyali","/wiki/Halki_(Greece)","/wiki/Kalolimnos","/wiki/Kalymnos","/wiki/Karpathos","/wiki/Kassos","/wiki/Kastellorizo","/wiki/Kos","/wiki/Leipsoi","/wiki/Leros","/wiki/Nisyros","/wiki/Patmos","/wiki/Pserimos","/wiki/Rhodes","/wiki/Saria_Island","/wiki/Symi","/wiki/Tilos","/wiki/Sporades_Islands","/wiki/Alonissos","/wiki/Gioura","/wiki/Kyra_Panagia","/wiki/Peristera","/wiki/Piperi,_Greece","/wiki/Skantzoura","/wiki/Skiathos","/wiki/Skopelos","/wiki/Skyros","/wiki/Ionian_Islands","/wiki/Antikythera","/wiki/Antipaxos","/wiki/Corfu","/wiki/Ereikoussa","/wiki/Ithaki","/wiki/Kalamos_Island","/wiki/Kastos","/wiki/Kefalonia","/wiki/Kythera","/wiki/Lefkada","/wiki/Meganisi","/wiki/Othonoi","/wiki/Paxoi","/wiki/Petalas","/wiki/Zakynthos","/w/index.php?title=List_of_islands_in_the_Mediterranean&action=edit&section=7","/wiki/List_of_islands_of_Italy","/wiki/Campanian_Archipelago","/wiki/Capri","/wiki/Ischia","/wiki/Nisida","/wiki/Procida","/wiki/Vivara","/wiki/Pontine_Islands","/wiki/Ponza","/wiki/Palmarola","/wiki/Zannone","/wiki/Santo_Stefano_Island","/wiki/Gavi_(island)","/wiki/Ventotene","/wiki/Sardinia","/wiki/Asinara","/wiki/Sant%27Antioco","/wiki/San_Pietro_Island","/wiki/La_Maddalena","/wiki/Caprera","/w/index.php?title=Spargi&action=edit&redlink=1","/wiki/Budelli","/w/index.php?title=Razzoli&action=edit&redlink=1","/w/index.php?title=Santa_Maria_(island)&action=edit&redlink=1","/wiki/Santo_Stefano_(island)","/wiki/Molara","/wiki/Tavolara","/wiki/Sicily","/wiki/Aegadian_Islands","/wiki/Marettimo","/wiki/Favignana","/wiki/Levanzo","/wiki/Aeolian_Islands","/wiki/Lipari","/wiki/Vulcano","/wiki/Filicudi","/wiki/Alicudi","/wiki/Panarea","/wiki/Salina,_Malta","/wiki/Stromboli","/wiki/Pantelleria","/wiki/Pelagie_Islands","/wiki/Lampedusa","/wiki/Lampione","/wiki/Linosa","/wiki/Ustica","/wiki/Tremiti_Islands","/wiki/List_of_islands_of_Italy","/w/index.php?title=Cretaccio&action=edit&redlink=1","/w/index.php?title=Pianosa_(di_Tremiti)&action=edit&redlink=1","/w/index.php?title=San_Domino&action=edit&redlink=1","/wiki/San_Nicola_(island)","/wiki/Tuscan_Archipelago","/wiki/Capraia","/wiki/Elba","/wiki/Giannutri","/wiki/Isola_del_Giglio","/wiki/Gorgona,_Italy","/wiki/Montecristo","/wiki/Pianosa","/w/index.php?title=Venetian_Lagoon_Islands&action=edit&redlink=1","/wiki/Burano","/wiki/Lido_di_Venezia","/wiki/Murano","/wiki/Pellestrina","/wiki/San_Lazzaro_degli_Armeni","/wiki/Sant%27Andrea_(Venetian_Lagoon)","/wiki/Torcello","/w/index.php?title=List_of_islands_in_the_Mediterranean&action=edit&section=8","/wiki/Maltese_Islands","/wiki/Malta_(island)","/wiki/Gozo","/wiki/Comino","/wiki/Cominotto","/wiki/Filfla","/wiki/St_Paul%27s_Island","/wiki/Manoel_Island","/wiki/Fungus_Rock","/w/index.php?title=List_of_islands_in_the_Mediterranean&action=edit&section=9","/wiki/Sveti_Nikola_Island","/wiki/Sveta_Ne%C4%91elja","/wiki/Kati%C4%8D","/wiki/Sveti_Stefan","/wiki/Ada_Bojana","/wiki/Stari_Ulcinj","/wiki/Bay_of_Kotor","/wiki/Mamula","/wiki/Prevlaka_Island","/wiki/Sveti_Marko_Island","/w/index.php?title=Island_of_Our_Lady_of_Mercy&action=edit&redlink=1","/wiki/Our_Lady_of_the_Rocks","/wiki/Sveti_%C4%90or%C4%91e_Island","/w/index.php?title=List_of_islands_in_the_Mediterranean&action=edit&section=10","/wiki/Alboran","/wiki/Balearic_Islands","/wiki/Gymnesian_Islands","/wiki/Cabrera,_Balearic_Islands","/wiki/Dragonera","/wiki/Majorca","/wiki/Menorca","/wiki/Pine_Islands","/wiki/El_Vedr%C3%A0","/wiki/Formentera","/wiki/Ibiza","/wiki/S%27Espalmador","/wiki/Columbretes_Islands","/wiki/Islas_Chafarinas","/wiki/Pe%C3%B1%C3%B3n_de_Alhucemas","/wiki/Tabarca","/wiki/Medes_Islands","/wiki/Formigues","/w/index.php?title=List_of_islands_in_the_Mediterranean&action=edit&section=11","/wiki/Arwad","/w/index.php?title=List_of_islands_in_the_Mediterranean&action=edit&section=12","/wiki/Djerba","/wiki/Kerkennah_Islands","/wiki/Chergui","/wiki/Gharbi,_Tunisia","/wiki/Galite_Islands","/wiki/Zembra","/w/index.php?title=List_of_islands_in_the_Mediterranean&action=edit&section=13","/wiki/Turkish_islands","/w/index.php?title=Turkish_Aegean_islands&action=edit&redlink=1","/w/index.php?title=Baba_Ada&action=edit&redlink=1","/wiki/Bozcaada","/wiki/Buyukada","/wiki/%C3%87atalada","/wiki/Fener_Ada","/wiki/Gemiler_Adas%C4%B1","/wiki/Gokceada","/w/index.php?title=Hay%C4%B1rs%C4%B1z_Ada&action=edit&redlink=1","/wiki/Heybeli_Ada","/w/index.php?title=Ince_Ada&action=edit&redlink=1","/wiki/Incir_Ada","/wiki/Kara_Ada_(Rabbit_islands)","/wiki/Karg%C4%B1_Adas%C4%B1","/w/index.php?title=K%C3%B6%C3%A7ek_Adas%C4%B1&action=edit&redlink=1","/wiki/Metalik_Ada","/w/index.php?title=Orak_Ada&action=edit&redlink=1","/wiki/Salih_Ada","/wiki/Yal%C4%B1kavak","/w/index.php?title=Yass%C4%B1_Ada&action=edit&redlink=1","/wiki/Y%C4%B1lanc%C4%B1k_Ada","/w/index.php?title=Ikiz_adalar&action=edit&redlink=1","/w/index.php?title=P%C4%B1rasa_adas%C4%B1&action=edit&redlink=1","/wiki/I%C3%A7_Ada,_Antalya","/w/index.php?title=Kiremit_islands_group&action=edit&redlink=1","/wiki/K%C3%BC%C3%A7%C3%BCk_Tav%C5%9Fan_Adas%C4%B1","/w/index.php?title=%C3%87avu%C5%9F_adas%C4%B1&action=edit&redlink=1","/w/index.php?title=Kucukbu&action=edit&redlink=1","/w/index.php?title=Turkish_Mediterranean_islands_group&action=edit&redlink=1","/wiki/Kekova","/w/index.php?title=S%C4%B1%C3%A7an_Adas%C4%B1&action=edit&redlink=1","/w/index.php?title=List_of_islands_in_the_Mediterranean&action=edit&section=14","/wiki/Imia/Kardak","/wiki/Perejil_Island","/w/index.php?title=List_of_islands_in_the_Mediterranean&action=edit&section=15","/wiki/Cyprus_dispute","/wiki/Cyprus","/wiki/Republic_of_Cyprus","/wiki/Akrotiri_and_Dhekelia","/wiki/Sovereign_Base_Area","/wiki/Turkish_Republic_of_Northern_Cyprus","/wiki/De_facto","/wiki/United_Nations_Buffer_Zone_in_Cyprus","/w/index.php?title=List_of_islands_in_the_Mediterranean&action=edit&section=16","/wiki/List_of_islands_in_the_Adriatic","/wiki/Aegean_Islands","/wiki/Ionian_Islands","//en.wikipedia.org/w/index.php?title=Special:CentralAutoLogin/start&type=1x1&from=enwiki","http://en.wikipedia.org/w/index.php?title=List_of_islands_in_the_Mediterranean&oldid=558492958","/wiki/Help:Categories","/wiki/Category:Mediterranean_islands","/wiki/Category:Lists_of_islands","/wiki/Category:Landforms_of_the_Mediterranean","/wiki/Category:Incomplete_lists_from_August_2008","/w/index.php?title=Special:UserLogin&returnto=List+of+islands+in+the+Mediterranean&type=signup","/w/index.php?title=Special:UserLogin&returnto=List+of+islands+in+the+Mediterranean","/wiki/List_of_islands_in_the_Mediterranean","/wiki/Talk:List_of_islands_in_the_Mediterranean","#","/wiki/List_of_islands_in_the_Mediterranean","/w/index.php?title=List_of_islands_in_the_Mediterranean&action=edit","/w/index.php?title=List_of_islands_in_the_Mediterranean&action=history","#","/w/index.php","//bits.wikimedia.org/static-1.22wmf9/skins/vector/images/search-ltr.png?303-4","/wiki/Main_Page","/wiki/Main_Page","/wiki/Portal:Contents","/wiki/Portal:Featured_content","/wiki/Portal:Current_events","/wiki/Special:Random","//donate.wikimedia.org/wiki/Special:FundraiserRedirector?utm_source=donate&utm_medium=sidebar&utm_campaign=C13_en.wikipedia.org&uselang=en","/wiki/Help:Contents","/wiki/Wikipedia:About","/wiki/Wikipedia:Community_portal","/wiki/Special:RecentChanges","//en.wikipedia.org/wiki/Wikipedia:Contact_us","/wiki/Special:WhatLinksHere/List_of_islands_in_the_Mediterranean","/wiki/Special:RecentChangesLinked/List_of_islands_in_the_Mediterranean","/wiki/Wikipedia:File_Upload_Wizard","/wiki/Special:SpecialPages","/w/index.php?title=List_of_islands_in_the_Mediterranean&oldid=558492958","/w/index.php?title=List_of_islands_in_the_Mediterranean&action=info","//www.wikidata.org/wiki/Q530253","/w/index.php?title=Special:Cite&page=List_of_islands_in_the_Mediterranean&id=558492958","/w/index.php?title=Special:Book&bookcmd=book_creator&referer=List+of+islands+in+the+Mediterranean","/w/index.php?title=Special:Book&bookcmd=render_article&arttitle=List+of+islands+in+the+Mediterranean&oldid=558492958&writer=rl","/w/index.php?title=List_of_islands_in_the_Mediterranean&printable=yes","//ar.wikipedia.org/wiki/%D9%85%D9%84%D8%AD%D9%82:%D9%82%D8%A7%D8%A6%D9%85%D8%A9_%D8%AC%D8%B2%D8%B1_%D8%A7%D9%84%D8%A8%D8%AD%D8%B1_%D8%A7%D9%84%D8%A3%D8%A8%D9%8A%D8%B6_%D8%A7%D9%84%D9%85%D8%AA%D9%88%D8%B3%D8%B7","//az.wikipedia.org/wiki/Aral%C4%B1q_d%C9%99nizi_adalar%C4%B1","//ca.wikipedia.org/wiki/Llista_d%27illes_de_la_mar_Mediterr%C3%A0nia","//cs.wikipedia.org/wiki/Seznam_ostrov%C5%AF_St%C5%99edozemn%C3%ADho_mo%C5%99e","//el.wikipedia.org/wiki/%CE%9A%CE%B1%CF%84%CE%AC%CE%BB%CE%BF%CE%B3%CE%BF%CF%82_%CE%BC%CE%B5%CF%83%CE%BF%CE%B3%CE%B5%CE%B9%CE%B1%CE%BA%CF%8E%CE%BD_%CE%BD%CE%B7%CF%83%CE%B9%CF%8E%CE%BD_%CE%B1%CE%BD%CE%AC_%CE%AD%CE%BA%CF%84%CE%B1%CF%83%CE%B7","//es.wikipedia.org/wiki/Anexo:Islas_del_mar_Mediterr%C3%A1neo","//fr.wikipedia.org/wiki/Liste_des_%C3%AEles_de_la_mer_M%C3%A9diterran%C3%A9e","//hy.wikipedia.org/wiki/%D5%84%D5%AB%D5%BB%D5%A5%D6%80%D5%AF%D6%80%D5%A1%D5%AF%D5%A1%D5%B6_%D5%AE%D5%B8%D5%BE%D5%AB_%D5%AF%D5%B2%D5%A6%D5%AB%D5%B6%D5%A5%D6%80%D5%AB_%D6%81%D5%A1%D5%B6%D5%AF","//hr.wikipedia.org/wiki/Popis_otoka_u_Sredozemnom_moru","//it.wikipedia.org/wiki/Isole_del_mar_Mediterraneo","//jv.wikipedia.org/wiki/Dhaptar_pulo_ing_Segara_Tengah","//ku.wikipedia.org/wiki/Girav%C3%AAn_Deryaya_Nav%C3%AEn","//pl.wikipedia.org/wiki/Wyspy_Morza_%C5%9Ar%C3%B3dziemnego","//pt.wikipedia.org/wiki/Anexo:Lista_de_ilhas_do_Mediterr%C3%A2neo","//ru.wikipedia.org/wiki/%D0%A1%D0%BF%D0%B8%D1%81%D0%BE%D0%BA_%D0%BE%D1%81%D1%82%D1%80%D0%BE%D0%B2%D0%BE%D0%B2_%D0%A1%D1%80%D0%B5%D0%B4%D0%B8%D0%B7%D0%B5%D0%BC%D0%BD%D0%BE%D0%B3%D0%BE_%D0%BC%D0%BE%D1%80%D1%8F","//sv.wikipedia.org/wiki/Lista_%C3%B6ver_%C3%B6ar_i_Medelhavet","//tr.wikipedia.org/wiki/Akdeniz_adalar%C4%B1_listesi","#","//www.wikidata.org/wiki/Q530253#sitelinks-wikipedia","//en.wikipedia.org/wiki/Wikipedia:Text_of_Creative_Commons_Attribution-ShareAlike_3.0_Unported_License","//creativecommons.org/licenses/by-sa/3.0/","//wikimediafoundation.org/wiki/Terms_of_Use","//wikimediafoundation.org/wiki/Privacy_policy","//www.wikimediafoundation.org/","//wikimediafoundation.org/wiki/Privacy_policy","/wiki/Wikipedia:About","/wiki/Wikipedia:General_disclaimer","//en.wikipedia.org/wiki/Wikipedia:Contact_us","//en.m.wikipedia.org/wiki/List_of_islands_in_the_Mediterranean","//wikimediafoundation.org/","//bits.wikimedia.org/images/wikimedia-button.png","//www.mediawiki.org/","//bits.wikimedia.org/static-1.22wmf9/skins/common/images/poweredby_mediawiki_88x31.png","//bits.wikimedia.org/en.wikipedia.org/load.php?debug=false&lang=en&modules=site&only=scripts&skin=vector&*"],"instances":["town","agathonisi","city","island","krk","town","island","town","town","town","island","island","town","town","island","town","town","town","island","town","town","town","island","city","town","city","city","town","town","town","town","town","island","island","di_tremiti","island","town","city","town","town","city","town","dubrovnik","town","town","town","greece","town","town","town","town","island","town","sifnos","city","town","city","town","island","town","town","city","island","town","town","town","town","island","rabbit_islands","city","town","venetian_lagoon","town","city","town","town","island","island","island","town","town","town","city","town"],"pdf":[],"categories":["Mediterranean islands|*","Lists of islands|Mediterranean","Landforms of the Mediterranean"],"headings":["By area","By country","See also"],"image":["//upload.wikimedia.org/wikipedia/commons/thumb/a/a0/Tunisia_-_Sicily_-_South_Italy.jpg/400px-Tunisia_-_Sicily_-_South_Italy.jpg","//bits.wikimedia.org/static-1.22wmf9/skins/common/images/magnify-clip.png","//upload.wikimedia.org/wikipedia/commons/thumb/9/96/Satellite_image_Sicily.jpg/100px-Satellite_image_Sicily.jpg","//upload.wikimedia.org/wikipedia/en/thumb/0/03/Flag_of_Italy.svg/23px-Flag_of_Italy.svg.png","//upload.wikimedia.org/wikipedia/commons/thumb/4/48/Sardinia_satellite.jpg/100px-Sardinia_satellite.jpg","//upload.wikimedia.org/wikipedia/en/thumb/0/03/Flag_of_Italy.svg/23px-Flag_of_Italy.svg.png","//upload.wikimedia.org/wikipedia/commons/thumb/f/f3/Satellite_image_of_Cyprus%2C_cropped.jpg/100px-Satellite_image_of_Cyprus%2C_cropped.jpg","//upload.wikimedia.org/wikipedia/commons/thumb/d/d4/Flag_of_Cyprus.svg/23px-Flag_of_Cyprus.svg.png","//upload.wikimedia.org/wikipedia/en/thumb/a/ae/Flag_of_the_United_Kingdom.svg/23px-Flag_of_the_United_Kingdom.svg.png","//upload.wikimedia.org/wikipedia/commons/thumb/1/1e/Flag_of_the_Turkish_Republic_of_Northern_Cyprus.svg/23px-Flag_of_the_Turkish_Republic_of_Northern_Cyprus.svg.png","//upload.wikimedia.org/wikipedia/commons/thumb/9/92/Corse-photosat.jpg/100px-Corse-photosat.jpg","//upload.wikimedia.org/wikipedia/en/thumb/c/c3/Flag_of_France.svg/23px-Flag_of_France.svg.png","//upload.wikimedia.org/wikipedia/commons/thumb/b/b9/Crete_Nasa.jpg/100px-Crete_Nasa.jpg","//upload.wikimedia.org/wikipedia/commons/thumb/5/5c/Flag_of_Greece.svg/23px-Flag_of_Greece.svg.png","//upload.wikimedia.org/wikipedia/commons/thumb/3/31/Euboea_island.jpg/100px-Euboea_island.jpg","//upload.wikimedia.org/wikipedia/commons/thumb/5/5c/Flag_of_Greece.svg/23px-Flag_of_Greece.svg.png","//upload.wikimedia.org/wikipedia/commons/thumb/2/24/Mallorca.jpg/100px-Mallorca.jpg","//upload.wikimedia.org/wikipedia/en/thumb/9/9a/Flag_of_Spain.svg/23px-Flag_of_Spain.svg.png","//upload.wikimedia.org/wikipedia/commons/thumb/c/ce/Lesbos_small.jpg/100px-Lesbos_small.jpg","//upload.wikimedia.org/wikipedia/commons/thumb/5/5c/Flag_of_Greece.svg/23px-Flag_of_Greece.svg.png","//upload.wikimedia.org/wikipedia/commons/thumb/3/30/Rhodes_NLT_Landsat7.png/100px-Rhodes_NLT_Landsat7.png","//upload.wikimedia.org/wikipedia/commons/thumb/5/5c/Flag_of_Greece.svg/23px-Flag_of_Greece.svg.png","//upload.wikimedia.org/wikipedia/commons/thumb/1/19/Chios_NASA_satellite_image.jpg/100px-Chios_NASA_satellite_image.jpg","//upload.wikimedia.org/wikipedia/commons/thumb/5/5c/Flag_of_Greece.svg/23px-Flag_of_Greece.svg.png","//upload.wikimedia.org/wikipedia/commons/thumb/e/e9/Kephalonia.png/100px-Kephalonia.png","//upload.wikimedia.org/wikipedia/commons/thumb/5/5c/Flag_of_Greece.svg/23px-Flag_of_Greece.svg.png","//upload.wikimedia.org/wikipedia/commons/thumb/7/74/Menorca.jpg/100px-Menorca.jpg","//upload.wikimedia.org/wikipedia/en/thumb/9/9a/Flag_of_Spain.svg/23px-Flag_of_Spain.svg.png","//upload.wikimedia.org/wikipedia/commons/thumb/2/2f/Corfu_from_ISS.jpg/100px-Corfu_from_ISS.jpg","//upload.wikimedia.org/wikipedia/commons/thumb/5/5c/Flag_of_Greece.svg/23px-Flag_of_Greece.svg.png","//upload.wikimedia.org/wikipedia/commons/thumb/a/ae/Ibiza.jpg/100px-Ibiza.jpg","//upload.wikimedia.org/wikipedia/en/thumb/9/9a/Flag_of_Spain.svg/23px-Flag_of_Spain.svg.png","//upload.wikimedia.org/wikipedia/commons/thumb/1/1f/ISD_highres_ISS002_ISS002-749-82_3.JPG/100px-ISD_highres_ISS002_ISS002-749-82_3.JPG","//upload.wikimedia.org/wikipedia/commons/thumb/c/ce/Flag_of_Tunisia.svg/23px-Flag_of_Tunisia.svg.png","//upload.wikimedia.org/wikipedia/en/thumb/6/6d/LimnosMap.svg/100px-LimnosMap.svg.png","//upload.wikimedia.org/wikipedia/commons/thumb/5/5c/Flag_of_Greece.svg/23px-Flag_of_Greece.svg.png","//upload.wikimedia.org/wikipedia/commons/thumb/9/92/Samos_26.80174E_37.72709N.jpg/100px-Samos_26.80174E_37.72709N.jpg","//upload.wikimedia.org/wikipedia/commons/thumb/5/5c/Flag_of_Greece.svg/23px-Flag_of_Greece.svg.png","//upload.wikimedia.org/wikipedia/commons/thumb/0/0a/Naxos_map.png/100px-Naxos_map.png","//upload.wikimedia.org/wikipedia/commons/thumb/5/5c/Flag_of_Greece.svg/23px-Flag_of_Greece.svg.png","//upload.wikimedia.org/wikipedia/commons/thumb/7/79/ZakynthosWW.jpg/100px-ZakynthosWW.jpg","//upload.wikimedia.org/wikipedia/commons/thumb/5/5c/Flag_of_Greece.svg/23px-Flag_of_Greece.svg.png","//upload.wikimedia.org/wikipedia/commons/thumb/7/78/Cres.svg/100px-Cres.svg.png","//upload.wikimedia.org/wikipedia/commons/thumb/1/1b/Flag_of_Croatia.svg/23px-Flag_of_Croatia.svg.png","//upload.wikimedia.org/wikipedia/commons/thumb/1/18/Krk_location_map.png/100px-Krk_location_map.png","//upload.wikimedia.org/wikipedia/commons/thumb/1/1b/Flag_of_Croatia.svg/23px-Flag_of_Croatia.svg.png","//upload.wikimedia.org/wikipedia/commons/thumb/1/1b/Flag_of_Croatia.svg/23px-Flag_of_Croatia.svg.png","//upload.wikimedia.org/wikipedia/commons/thumb/1/10/Andros_Island-1844.jpg/100px-Andros_Island-1844.jpg","//upload.wikimedia.org/wikipedia/commons/thumb/5/5c/Flag_of_Greece.svg/23px-Flag_of_Greece.svg.png","//upload.wikimedia.org/wikipedia/commons/thumb/c/cb/Thasos_NASA_photo.jpg/100px-Thasos_NASA_photo.jpg","//upload.wikimedia.org/wikipedia/commons/thumb/5/5c/Flag_of_Greece.svg/23px-Flag_of_Greece.svg.png","//upload.wikimedia.org/wikipedia/commons/thumb/6/6b/LefkadaWW.jpg/100px-LefkadaWW.jpg","//upload.wikimedia.org/wikipedia/commons/thumb/5/5c/Flag_of_Greece.svg/23px-Flag_of_Greece.svg.png","//upload.wikimedia.org/wikipedia/commons/thumb/a/a3/Karpathos_OnEarth_WMS.png/100px-Karpathos_OnEarth_WMS.png","//upload.wikimedia.org/wikipedia/commons/thumb/5/5c/Flag_of_Greece.svg/23px-Flag_of_Greece.svg.png","//upload.wikimedia.org/wikipedia/commons/thumb/1/1b/Flag_of_Croatia.svg/23px-Flag_of_Croatia.svg.png","//upload.wikimedia.org/wikipedia/commons/thumb/3/35/KOS.gif/100px-KOS.gif","//upload.wikimedia.org/wikipedia/commons/thumb/5/5c/Flag_of_Greece.svg/23px-Flag_of_Greece.svg.png","//upload.wikimedia.org/wikipedia/commons/thumb/1/1b/Flag_of_Croatia.svg/23px-Flag_of_Croatia.svg.png","//upload.wikimedia.org/wikipedia/commons/thumb/c/c9/Map_GA.svg/100px-Map_GA.svg.png","//upload.wikimedia.org/wikipedia/commons/thumb/b/b4/Flag_of_Turkey.svg/23px-Flag_of_Turkey.svg.png","//upload.wikimedia.org/wikipedia/commons/thumb/5/5c/Flag_of_Greece.svg/23px-Flag_of_Greece.svg.png","//upload.wikimedia.org/wikipedia/commons/thumb/1/1b/Flag_of_Croatia.svg/23px-Flag_of_Croatia.svg.png","//upload.wikimedia.org/wikipedia/commons/thumb/5/5c/Flag_of_Greece.svg/23px-Flag_of_Greece.svg.png","//upload.wikimedia.org/wikipedia/commons/thumb/3/31/Malta_Luftbild.jpg/100px-Malta_Luftbild.jpg","//upload.wikimedia.org/wikipedia/commons/thumb/7/73/Flag_of_Malta.svg/23px-Flag_of_Malta.svg.png","//upload.wikimedia.org/wikipedia/commons/thumb/b/b0/Aerial_view_of_Elba_1.jpg/100px-Aerial_view_of_Elba_1.jpg","//upload.wikimedia.org/wikipedia/en/thumb/0/03/Flag_of_Italy.svg/23px-Flag_of_Italy.svg.png","//upload.wikimedia.org/wikipedia/commons/thumb/5/5c/Flag_of_Greece.svg/23px-Flag_of_Greece.svg.png","//upload.wikimedia.org/wikipedia/commons/thumb/a/a6/Paros%2C_towns.png/100px-Paros%2C_towns.png","//upload.wikimedia.org/wikipedia/commons/thumb/5/5c/Flag_of_Greece.svg/23px-Flag_of_Greece.svg.png","//upload.wikimedia.org/wikipedia/commons/thumb/5/5c/Flag_of_Greece.svg/23px-Flag_of_Greece.svg.png","//upload.wikimedia.org/wikipedia/commons/thumb/f/f4/Samothraki_Topo.png/100px-Samothraki_Topo.png","//upload.wikimedia.org/wikipedia/commons/thumb/5/5c/Flag_of_Greece.svg/23px-Flag_of_Greece.svg.png","//upload.wikimedia.org/wikipedia/commons/thumb/b/bf/Milos.jpg/100px-Milos.jpg","//upload.wikimedia.org/wikipedia/commons/thumb/5/5c/Flag_of_Greece.svg/23px-Flag_of_Greece.svg.png","//upload.wikimedia.org/wikipedia/commons/thumb/4/4a/ISS009-E-15405-Kea-Makronisos.JPG/100px-ISS009-E-15405-Kea-Makronisos.JPG","//upload.wikimedia.org/wikipedia/commons/thumb/5/5c/Flag_of_Greece.svg/23px-Flag_of_Greece.svg.png","//upload.wikimedia.org/wikipedia/commons/thumb/5/5c/Flag_of_Greece.svg/23px-Flag_of_Greece.svg.png","//upload.wikimedia.org/wikipedia/commons/thumb/e/ee/Marmara_Island_aerial_view.jpg/100px-Marmara_Island_aerial_view.jpg","//upload.wikimedia.org/wikipedia/commons/thumb/b/b4/Flag_of_Turkey.svg/23px-Flag_of_Turkey.svg.png","//upload.wikimedia.org/wikipedia/commons/thumb/1/1b/Flag_of_Croatia.svg/23px-Flag_of_Croatia.svg.png","//upload.wikimedia.org/wikipedia/commons/thumb/5/5c/Flag_of_Greece.svg/23px-Flag_of_Greece.svg.png","//upload.wikimedia.org/wikipedia/commons/thumb/c/ce/Flag_of_Tunisia.svg/23px-Flag_of_Tunisia.svg.png","//upload.wikimedia.org/wikipedia/en/thumb/0/03/Flag_of_Italy.svg/23px-Flag_of_Italy.svg.png","//upload.wikimedia.org/wikipedia/commons/thumb/5/5c/Flag_of_Greece.svg/23px-Flag_of_Greece.svg.png","//upload.wikimedia.org/wikipedia/commons/thumb/1/1b/Flag_of_Croatia.svg/23px-Flag_of_Croatia.svg.png","//upload.wikimedia.org/wikipedia/commons/thumb/d/d8/Kythnos-map.jpg/100px-Kythnos-map.jpg","//upload.wikimedia.org/wikipedia/commons/thumb/5/5c/Flag_of_Greece.svg/23px-Flag_of_Greece.svg.png","//upload.wikimedia.org/wikipedia/commons/thumb/c/c1/Stampalia_by_Giacomo_Franco.jpg/100px-Stampalia_by_Giacomo_Franco.jpg","//upload.wikimedia.org/wikipedia/commons/thumb/5/5c/Flag_of_Greece.svg/23px-Flag_of_Greece.svg.png","//upload.wikimedia.org/wikipedia/commons/thumb/1/12/Kefallonia_IthakiWW.jpg/100px-Kefallonia_IthakiWW.jpg","//upload.wikimedia.org/wikipedia/commons/thumb/5/5c/Flag_of_Greece.svg/23px-Flag_of_Greece.svg.png","//upload.wikimedia.org/wikipedia/commons/thumb/d/d9/Skopelos_satellite_map.png/100px-Skopelos_satellite_map.png","//upload.wikimedia.org/wikipedia/commons/thumb/5/5c/Flag_of_Greece.svg/23px-Flag_of_Greece.svg.png","//upload.wikimedia.org/wikipedia/commons/thumb/e/ea/Salamis.png/100px-Salamis.png","//upload.wikimedia.org/wikipedia/commons/thumb/5/5c/Flag_of_Greece.svg/23px-Flag_of_Greece.svg.png","//upload.wikimedia.org/wikipedia/commons/thumb/1/1b/Flag_of_Croatia.svg/23px-Flag_of_Croatia.svg.png","//upload.wikimedia.org/wikipedia/commons/thumb/1/1b/Flag_of_Croatia.svg/23px-Flag_of_Croatia.svg.png","//upload.wikimedia.org/wikipedia/commons/thumb/5/5c/Flag_of_Greece.svg/23px-Flag_of_Greece.svg.png","//upload.wikimedia.org/wikipedia/commons/thumb/5/5c/Flag_of_Greece.svg/23px-Flag_of_Greece.svg.png","//upload.wikimedia.org/wikipedia/commons/thumb/5/5c/Flag_of_Greece.svg/23px-Flag_of_Greece.svg.png","//upload.wikimedia.org/wikipedia/commons/thumb/a/af/V%C3%A9ndes_de_Formentera.svg/100px-V%C3%A9ndes_de_Formentera.svg.png","//upload.wikimedia.org/wikipedia/en/thumb/9/9a/Flag_of_Spain.svg/23px-Flag_of_Spain.svg.png","//upload.wikimedia.org/wikipedia/en/thumb/0/03/Flag_of_Italy.svg/23px-Flag_of_Italy.svg.png","//upload.wikimedia.org/wikipedia/commons/thumb/5/5c/Flag_of_Greece.svg/23px-Flag_of_Greece.svg.png","//upload.wikimedia.org/wikipedia/commons/thumb/1/1b/Flag_of_Croatia.svg/23px-Flag_of_Croatia.svg.png","//upload.wikimedia.org/wikipedia/commons/thumb/5/5c/Flag_of_Greece.svg/23px-Flag_of_Greece.svg.png","//upload.wikimedia.org/wikipedia/commons/thumb/5/5c/Flag_of_Greece.svg/23px-Flag_of_Greece.svg.png","//upload.wikimedia.org/wikipedia/commons/thumb/c/ce/Flag_of_Tunisia.svg/23px-Flag_of_Tunisia.svg.png","//upload.wikimedia.org/wikipedia/commons/thumb/7/7b/Gozo_Island_CIA_map.png/100px-Gozo_Island_CIA_map.png","//upload.wikimedia.org/wikipedia/commons/thumb/7/73/Flag_of_Malta.svg/23px-Flag_of_Malta.svg.png","//upload.wikimedia.org/wikipedia/commons/thumb/5/5c/Flag_of_Greece.svg/23px-Flag_of_Greece.svg.png","//upload.wikimedia.org/wikipedia/commons/thumb/5/5c/Flag_of_Greece.svg/23px-Flag_of_Greece.svg.png","//upload.wikimedia.org/wikipedia/commons/thumb/5/5c/Flag_of_Greece.svg/23px-Flag_of_Greece.svg.png","//upload.wikimedia.org/wikipedia/commons/thumb/1/1b/Flag_of_Croatia.svg/23px-Flag_of_Croatia.svg.png","//upload.wikimedia.org/wikipedia/commons/thumb/1/1b/Flag_of_Croatia.svg/23px-Flag_of_Croatia.svg.png","//upload.wikimedia.org/wikipedia/commons/thumb/5/5c/Flag_of_Greece.svg/23px-Flag_of_Greece.svg.png","//upload.wikimedia.org/wikipedia/commons/thumb/5/5c/Flag_of_Greece.svg/23px-Flag_of_Greece.svg.png","//upload.wikimedia.org/wikipedia/en/thumb/0/03/Flag_of_Italy.svg/23px-Flag_of_Italy.svg.png","//upload.wikimedia.org/wikipedia/commons/thumb/e/e9/Asinara_map.png/100px-Asinara_map.png","//upload.wikimedia.org/wikipedia/en/thumb/0/03/Flag_of_Italy.svg/23px-Flag_of_Italy.svg.png","//upload.wikimedia.org/wikipedia/commons/thumb/5/5c/Flag_of_Greece.svg/23px-Flag_of_Greece.svg.png","//upload.wikimedia.org/wikipedia/commons/thumb/1/1b/Flag_of_Croatia.svg/23px-Flag_of_Croatia.svg.png","//upload.wikimedia.org/wikipedia/commons/thumb/5/5c/Flag_of_Greece.svg/23px-Flag_of_Greece.svg.png","//upload.wikimedia.org/wikipedia/commons/thumb/1/1b/Flag_of_Croatia.svg/23px-Flag_of_Croatia.svg.png","//upload.wikimedia.org/wikipedia/en/thumb/0/03/Flag_of_Italy.svg/23px-Flag_of_Italy.svg.png","//upload.wikimedia.org/wikipedia/commons/thumb/5/5c/Flag_of_Greece.svg/23px-Flag_of_Greece.svg.png","//upload.wikimedia.org/wikipedia/commons/thumb/5/5c/Flag_of_Greece.svg/23px-Flag_of_Greece.svg.png","//upload.wikimedia.org/wikipedia/commons/thumb/5/5c/Flag_of_Greece.svg/23px-Flag_of_Greece.svg.png","//upload.wikimedia.org/wikipedia/commons/thumb/5/5c/Flag_of_Greece.svg/23px-Flag_of_Greece.svg.png","//upload.wikimedia.org/wikipedia/commons/thumb/5/5c/Flag_of_Greece.svg/23px-Flag_of_Greece.svg.png","//upload.wikimedia.org/wikipedia/en/thumb/0/03/Flag_of_Italy.svg/23px-Flag_of_Italy.svg.png","//upload.wikimedia.org/wikipedia/commons/thumb/c/c7/Bozcaada_-_ISS027.JPG/100px-Bozcaada_-_ISS027.JPG","//upload.wikimedia.org/wikipedia/commons/thumb/b/b4/Flag_of_Turkey.svg/23px-Flag_of_Turkey.svg.png","//upload.wikimedia.org/wikipedia/commons/thumb/5/5c/Flag_of_Greece.svg/23px-Flag_of_Greece.svg.png","//upload.wikimedia.org/wikipedia/commons/thumb/5/5c/Flag_of_Greece.svg/23px-Flag_of_Greece.svg.png","//upload.wikimedia.org/wikipedia/commons/thumb/5/5c/Flag_of_Greece.svg/23px-Flag_of_Greece.svg.png","//upload.wikimedia.org/wikipedia/commons/thumb/1/1b/Flag_of_Croatia.svg/23px-Flag_of_Croatia.svg.png","//upload.wikimedia.org/wikipedia/commons/thumb/5/5c/Flag_of_Greece.svg/23px-Flag_of_Greece.svg.png","//upload.wikimedia.org/wikipedia/commons/thumb/5/5c/Flag_of_Greece.svg/23px-Flag_of_Greece.svg.png","//upload.wikimedia.org/wikipedia/commons/thumb/5/5c/Flag_of_Greece.svg/23px-Flag_of_Greece.svg.png","//upload.wikimedia.org/wikipedia/commons/thumb/1/1b/Flag_of_Croatia.svg/23px-Flag_of_Croatia.svg.png","//upload.wikimedia.org/wikipedia/commons/thumb/5/5c/Flag_of_Greece.svg/23px-Flag_of_Greece.svg.png","//upload.wikimedia.org/wikipedia/en/thumb/0/03/Flag_of_Italy.svg/23px-Flag_of_Italy.svg.png","//upload.wikimedia.org/wikipedia/commons/thumb/1/1b/Flag_of_Croatia.svg/23px-Flag_of_Croatia.svg.png","//upload.wikimedia.org/wikipedia/commons/thumb/b/b4/Flag_of_Turkey.svg/23px-Flag_of_Turkey.svg.png","//upload.wikimedia.org/wikipedia/commons/thumb/5/5c/Flag_of_Greece.svg/23px-Flag_of_Greece.svg.png","//upload.wikimedia.org/wikipedia/commons/thumb/5/5c/Flag_of_Greece.svg/23px-Flag_of_Greece.svg.png","//upload.wikimedia.org/wikipedia/commons/thumb/5/5c/Flag_of_Greece.svg/23px-Flag_of_Greece.svg.png","//upload.wikimedia.org/wikipedia/commons/thumb/f/fa/Aerial_view_of_Isola_del_Giglio%2C_2006-06-04.jpg/100px-Aerial_view_of_Isola_del_Giglio%2C_2006-06-04.jpg","//upload.wikimedia.org/wikipedia/en/thumb/0/03/Flag_of_Italy.svg/23px-Flag_of_Italy.svg.png","//upload.wikimedia.org/wikipedia/commons/thumb/b/b4/Flag_of_Turkey.svg/23px-Flag_of_Turkey.svg.png","//upload.wikimedia.org/wikipedia/commons/thumb/5/5c/Flag_of_Greece.svg/23px-Flag_of_Greece.svg.png","//upload.wikimedia.org/wikipedia/commons/thumb/1/1b/Flag_of_Croatia.svg/23px-Flag_of_Croatia.svg.png","//upload.wikimedia.org/wikipedia/commons/thumb/1/1b/Flag_of_Croatia.svg/23px-Flag_of_Croatia.svg.png","//upload.wikimedia.org/wikipedia/commons/thumb/5/5c/Flag_of_Greece.svg/23px-Flag_of_Greece.svg.png","//upload.wikimedia.org/wikipedia/commons/thumb/b/b4/Flag_of_Turkey.svg/23px-Flag_of_Turkey.svg.png","//upload.wikimedia.org/wikipedia/commons/thumb/5/5c/Flag_of_Greece.svg/23px-Flag_of_Greece.svg.png","//upload.wikimedia.org/wikipedia/en/thumb/0/03/Flag_of_Italy.svg/23px-Flag_of_Italy.svg.png","//upload.wikimedia.org/wikipedia/commons/thumb/7/74/Avsa_island_aerial_view.jpg/100px-Avsa_island_aerial_view.jpg","//upload.wikimedia.org/wikipedia/commons/thumb/b/b4/Flag_of_Turkey.svg/23px-Flag_of_Turkey.svg.png","//upload.wikimedia.org/wikipedia/commons/thumb/5/5c/Flag_of_Greece.svg/23px-Flag_of_Greece.svg.png","//upload.wikimedia.org/wikipedia/commons/thumb/3/36/Lampedusa_island.jpg/100px-Lampedusa_island.jpg","//upload.wikimedia.org/wikipedia/en/thumb/0/03/Flag_of_Italy.svg/23px-Flag_of_Italy.svg.png","//upload.wikimedia.org/wikipedia/en/thumb/0/03/Flag_of_Italy.svg/23px-Flag_of_Italy.svg.png","//upload.wikimedia.org/wikipedia/commons/thumb/5/5c/Flag_of_Greece.svg/23px-Flag_of_Greece.svg.png","//upload.wikimedia.org/wikipedia/en/thumb/0/03/Flag_of_Italy.svg/23px-Flag_of_Italy.svg.png","//upload.wikimedia.org/wikipedia/en/thumb/0/03/Flag_of_Italy.svg/23px-Flag_of_Italy.svg.png","//upload.wikimedia.org/wikipedia/commons/thumb/5/5c/Flag_of_Greece.svg/23px-Flag_of_Greece.svg.png","//upload.wikimedia.org/wikipedia/commons/thumb/1/1b/Flag_of_Croatia.svg/23px-Flag_of_Croatia.svg.png","//upload.wikimedia.org/wikipedia/commons/thumb/5/5c/Flag_of_Greece.svg/23px-Flag_of_Greece.svg.png","//upload.wikimedia.org/wikipedia/commons/thumb/5/5c/Flag_of_Greece.svg/23px-Flag_of_Greece.svg.png","//upload.wikimedia.org/wikipedia/commons/thumb/1/1b/Flag_of_Croatia.svg/23px-Flag_of_Croatia.svg.png","//upload.wikimedia.org/wikipedia/commons/thumb/5/5c/Flag_of_Greece.svg/23px-Flag_of_Greece.svg.png","//upload.wikimedia.org/wikipedia/commons/thumb/5/5c/Flag_of_Greece.svg/23px-Flag_of_Greece.svg.png","//upload.wikimedia.org/wikipedia/commons/thumb/5/5c/Flag_of_Greece.svg/23px-Flag_of_Greece.svg.png","//upload.wikimedia.org/wikipedia/commons/thumb/1/1b/Flag_of_Croatia.svg/23px-Flag_of_Croatia.svg.png","//upload.wikimedia.org/wikipedia/commons/thumb/5/5c/Flag_of_Greece.svg/23px-Flag_of_Greece.svg.png","//upload.wikimedia.org/wikipedia/commons/thumb/1/1b/Flag_of_Croatia.svg/23px-Flag_of_Croatia.svg.png","//upload.wikimedia.org/wikipedia/en/thumb/0/03/Flag_of_Italy.svg/23px-Flag_of_Italy.svg.png","//upload.wikimedia.org/wikipedia/commons/thumb/9/98/Archipi%C3%A9lago_de_Cabrera.jpg/100px-Archipi%C3%A9lago_de_Cabrera.jpg","//upload.wikimedia.org/wikipedia/en/thumb/9/9a/Flag_of_Spain.svg/23px-Flag_of_Spain.svg.png","//upload.wikimedia.org/wikipedia/commons/thumb/5/5c/Flag_of_Greece.svg/23px-Flag_of_Greece.svg.png","//upload.wikimedia.org/wikipedia/commons/thumb/1/1b/Flag_of_Croatia.svg/23px-Flag_of_Croatia.svg.png","//upload.wikimedia.org/wikipedia/commons/thumb/1/1b/Flag_of_Croatia.svg/23px-Flag_of_Croatia.svg.png","//upload.wikimedia.org/wikipedia/commons/thumb/1/1b/Flag_of_Croatia.svg/23px-Flag_of_Croatia.svg.png","//upload.wikimedia.org/wikipedia/commons/thumb/1/1b/Flag_of_Croatia.svg/23px-Flag_of_Croatia.svg.png","//upload.wikimedia.org/wikipedia/commons/thumb/5/5c/Flag_of_Greece.svg/23px-Flag_of_Greece.svg.png","//upload.wikimedia.org/wikipedia/commons/thumb/5/5c/Flag_of_Greece.svg/23px-Flag_of_Greece.svg.png","//upload.wikimedia.org/wikipedia/commons/thumb/5/5c/Flag_of_Greece.svg/23px-Flag_of_Greece.svg.png","//upload.wikimedia.org/wikipedia/commons/thumb/5/5c/Flag_of_Greece.svg/23px-Flag_of_Greece.svg.png","//upload.wikimedia.org/wikipedia/commons/thumb/5/5c/Flag_of_Greece.svg/23px-Flag_of_Greece.svg.png","//upload.wikimedia.org/wikipedia/commons/thumb/5/5c/Flag_of_Greece.svg/23px-Flag_of_Greece.svg.png","//upload.wikimedia.org/wikipedia/commons/thumb/1/1b/Flag_of_Croatia.svg/23px-Flag_of_Croatia.svg.png","//upload.wikimedia.org/wikipedia/en/thumb/0/03/Flag_of_Italy.svg/23px-Flag_of_Italy.svg.png","//upload.wikimedia.org/wikipedia/commons/thumb/5/5c/Flag_of_Greece.svg/23px-Flag_of_Greece.svg.png","//upload.wikimedia.org/wikipedia/en/thumb/c/c3/Flag_of_France.svg/23px-Flag_of_France.svg.png","//upload.wikimedia.org/wikipedia/commons/thumb/5/5c/Flag_of_Greece.svg/23px-Flag_of_Greece.svg.png","//upload.wikimedia.org/wikipedia/commons/thumb/1/1b/Flag_of_Croatia.svg/23px-Flag_of_Croatia.svg.png","//upload.wikimedia.org/wikipedia/en/thumb/0/03/Flag_of_Italy.svg/23px-Flag_of_Italy.svg.png","//upload.wikimedia.org/wikipedia/commons/thumb/5/5c/Flag_of_Greece.svg/23px-Flag_of_Greece.svg.png","//upload.wikimedia.org/wikipedia/commons/thumb/5/5c/Flag_of_Greece.svg/23px-Flag_of_Greece.svg.png","//upload.wikimedia.org/wikipedia/commons/thumb/5/5c/Flag_of_Greece.svg/23px-Flag_of_Greece.svg.png","//upload.wikimedia.org/wikipedia/commons/thumb/4/4b/Capri_sights.png/100px-Capri_sights.png","//upload.wikimedia.org/wikipedia/en/thumb/0/03/Flag_of_Italy.svg/23px-Flag_of_Italy.svg.png","//upload.wikimedia.org/wikipedia/en/thumb/0/03/Flag_of_Italy.svg/23px-Flag_of_Italy.svg.png","//upload.wikimedia.org/wikipedia/en/thumb/0/03/Flag_of_Italy.svg/23px-Flag_of_Italy.svg.png","//upload.wikimedia.org/wikipedia/commons/thumb/5/5c/Flag_of_Greece.svg/23px-Flag_of_Greece.svg.png","//upload.wikimedia.org/wikipedia/commons/thumb/5/5c/Flag_of_Greece.svg/23px-Flag_of_Greece.svg.png","//upload.wikimedia.org/wikipedia/commons/thumb/b/b4/Flag_of_Turkey.svg/23px-Flag_of_Turkey.svg.png","//upload.wikimedia.org/wikipedia/commons/thumb/7/7d/Vlora1.JPG/220px-Vlora1.JPG","//bits.wikimedia.org/static-1.22wmf9/skins/common/images/magnify-clip.png","//upload.wikimedia.org/wikipedia/commons/thumb/5/55/Ksamamil_Islands.jpg/220px-Ksamamil_Islands.jpg","//bits.wikimedia.org/static-1.22wmf9/skins/common/images/magnify-clip.png","//upload.wikimedia.org/wikipedia/commons/thumb/2/21/Prvic_Luka2.jpg/220px-Prvic_Luka2.jpg","//bits.wikimedia.org/static-1.22wmf9/skins/common/images/magnify-clip.png","//en.wikipedia.org/w/index.php?title=Special:CentralAutoLogin/start&type=1x1&from=enwiki","//bits.wikimedia.org/static-1.22wmf9/skins/vector/images/search-ltr.png?303-4","//bits.wikimedia.org/images/wikimedia-button.png","//bits.wikimedia.org/static-1.22wmf9/skins/common/images/poweredby_mediawiki_88x31.png"],"tags":[["chios","town"],["corfu","city"],["naxos","island"],["naxos","city"],["zakynthos","city"],["cres","town"],["krk","town"],["andros","town"],["thasos","town"],["lefkada","city"],["hvar","city"],["kos","town"],["pag","island"],["pag","town"],["kythira","town"],["korula","town"],["skyros","city"],["tinos","town"],["samothrace","town"],["kea","island"],["amorgos","town"],["ios","island"],["kythnos","city"],["astypalaia","town"],["skopelos","town"],["salamina","city"],["rab","town"],["vis","island"],["vis","town"],["mykonos","town"],["aegina","city"],["serifos","town"],["apollonia","sifnos"],["meglo_chori","tilos"],["paman","town"],["hydra","town"],["skiathos","town"],["lastovo","town"],["sikinos","town"],["psara","town"],["anafi","town"],["kimolos","town"],["patmos","city"],["kornat","island"],["folegandros","town"],["fourni","town"],["halki","greece"],["olib","town"],["kalamos","island"],["kalamos","city"],["poros","city"],["molat","town"],["vir","town"],["spetses","town"],["potams","town"],["la_maddalena","island"],["favignana","town"],["capraia","town"],["elafonisos","town"],["murter","town"],["irakleia","town"],["unije","town"],["leipsoi","town"],["irje","town"],["sestrunj","town"],["silba","town"],["pserimos","town"],["oinousses","town"],["meglo_chori","agathonisi"],["donoussa","town"],["prvic","krk"],["dokos","town"],["drvenik_veliki","town"],["marettimo","town"],["milos","town"],["dia","island"],["brusnik","island"],["ist","island"],["pag","island"],["rava","island"],["sveti_andrija","dubrovnik"],["vis","island"],["irje","island"],["ios","island"],["kea","island"],["saint_eustratius","island"],["halki","greece"],["gavi","island"],["santa_maria","island"],["santo_stefano","island"],["pianosa","di_tremiti"],["san_nicola","island"],["sant'andrea","venetian_lagoon"],["malta","island"],["kara_ada","rabbit_islands"]],"members":["sestrunj","meglo_chori","hvar","santo_stefano","prvic","amorgos","gavi","serifos","potams","rab","irje","vis","skiathos","capraia","ist","oinousses","vir","drvenik_veliki","pag","astypalaia","andros","olib","la_maddalena","lefkada","kimolos","skyros","kalamos","psara","molat","krk","skopelos","tinos","dia","kea","pianosa","saint_eustratius","kos","naxos","folegandros","dokos","patmos","kythira","sveti_andrija","favignana","donoussa","hydra","halki","spetses","mykonos","milos","lastovo","san_nicola","cres","apollonia","kythnos","paman","poros","unije","santa_maria","korula","murter","salamina","brusnik","elafonisos","chios","thasos","irakleia","kornat","kara_ada","aegina","pserimos","marettimo","zakynthos","samothrace","fourni","rava","malta","ios","sikinos","leipsoi","silba","corfu","anafi"],"related":["Sardinia","Sicily","Palermo","Sardinia","Cagliari","Cyprus","Turkish_Republic_of_Northern_Cyprus","Cyprus","Nicosia","Corsica","Ajaccio","Crete","Heraklion","Euboea","Chalcis","Majorca","Palma_de_Mallorca","Lesbos_Island","Mytilene","Rhodes","Rhodes,_Greece","Chios","Chios_(town)","Kefalonia","Argostoli","Minorca","Mahon","Corfu","Corfu_(city)","Ibiza","Ibiza_Town","Djerba","Houmt_Souk","Lemnos","Myrina,_Greece","Samos","Vathy,_Samos","Naxos_(island)","Naxos_(city)","Zakynthos","Zakynthos_(city)","Cres","Cres_(town)","Krk","Krk_(town)","Bra","Supetar","Andros","Andros_(town)","Thasos","Thasos_(town)","Lefkada","Lefkada_(city)","Karpathos","Hvar","Hvar_(city)","Kos","Kos_(town)","Pag_(island)","Pag_(town)","Gkeada","Kythira","Kythira_(town)","Korula","Korula_(town)","Icaria","Agios_Kirykos","Malta_Island","Valletta","Elba","Portoferraio","Skyros","Skyros_(city)","Paros","Parikia","Tinos","Tinos_(town)","Samothrace","Samothrace_(town)","Milos","Plaka,_Milos","Kea_(island)","Ioulis","Amorgos","Amorgos_(town)","Marmara_Island","Dugi_Otok","Sali,_Dugi_Otok","Kalymnos","Chergui","Remla","Sant'Antioco","Sant'Antioco","Ios_(island)","Mljet","Kythnos","Kythnos_(city)","Astypalaia","Astypalaia_(town)","Ithaca","Ithaki,_Ithaca","Skopelos","Skopelos_(town)","Salamis_Island","Salamina_(city)","Rab","Rab_(town)","Vis_(island)","Vis_(town)","Mykonos","Mykonos_(town)","Syros","Ermoupoli","Aegina","Aegina_(city)","Formentera","Sant_Francesc_Xavier","Pantelleria","Santorini","Fira","Loinj","Mali_Loinj","Serifos","Serifos_(town)","Sifnos","Apollonia_(Sifnos)","Gharbi,_Tunisia","Mellita","Gozo","Victoria,_Gozo","Kasos","Fry,_Kasos","Alonissos","Patitiri","Tilos","Meglo_Chori_(Tilos)","Paman","Paman_(town)","olta","Grohote","Symi","Ano_Symi","Leros","Agia_Marina_Lerou","San_Pietro_Island","Carloforte","Asinara","Cala_d'_Oliva","Hydra_island","Hydra_(town)","Ugljan","Preko","Skiathos","Skiathos_(town)","Lastovo","Lastovo_(town)","Ischia","Ischia,_Campania","Agios_Efstratios","Nisyros","Mandraki","Sikinos","Sikinos_(town)","Psara","Psara_(town)","Anafi","Anafi_(town)","Lipari","Tenedos","Bozcaada_town","Kimolos","Kimolos_(town)","Antiparos","Antiparos_town","Patmos","Patmos_(city)","Kornat_(island)","Folegandros","Folegandros_(town)","Fourni_Korseon","Fourni_(town)","Gavdos","Kastri,_Gavdos","Ciovo","Okrug_Gornji","Halki_(Greece)","Salina_Island","Olib","Olib_(town)","Uzunada","Paxi","Gaios","Kalamos_(island)","Kalamos_(city)","Kyra_Panagia","Isola_del_Giglio","Cunda_Island","Poros","Poros_(city)","Molat","Molat_(town)","Vir","Vir_(town)","Spetses","Spetses_(town)","Paaliman","Saria_Island","Vulcano","Avsa","Antikythera","Potams_(town)","Lampedusa","Lampedusa_e_Linosa","La_Maddalena_(island)","La_Maddalena","Meganisi","Katomeri","Favignana","Favignana_(town)","Capraia","Capraia_(town)","Elafonisos","Elafonisos_(town)","Murter","Murter_(town)","Makronisos","Irakleia,_Cyclades","Irakleia_(town)","I","I_Veli","Gyaros","Megalonisos_Petalion","Polyaigos","Unije","Unije_(town)","Leipsoi","Leipsoi_(town)","ipan","ipanska_Luka","Caprera","Cabrera,_Balearic_Islands","Keros","irje,_Croatia","irje_(town)","Sestrunj","Sestrunj_(town)","Silba","Silba_(town)","ut","Pserimos","Pserimos_(town)","Oinousses","Oinousses_(town)","Peristera","Rineia","Agathonisi","Meglo_Chori_(Agathonisi)","Donoussa","Donoussa_(town)","Prvic_(Krk)","Stromboli","Dokos","Dokos_(town)","Porquerolles","Schiza","Drvenik_Veliki","Drvenik_Veliki_(town)","Marettimo","Marettimo_(town)","Angistri","Milos_(town)","Dia_(island)","Gioura","Capri","Capri,_Campania","Montecristo","Pianosa","Othonoi","Thymaina","Imrali","Sazan","Kun","Ksamil_Islands","Franc_Joseph_Island","Zvrnec_Islands","Tongo_Island","Stil_Island","iovo","Brijuni","Brusnik_(island)","Cres","Drvenik_Mali","Drvenik_Veliki","Dugi_otok","Elaphiti_islands","Goli_otok","Hvar","I","Ilovik","Ist_(island)","Kaprije","Koloep","Korula","Kornati","Krapanj","Krk","Lastovo","Loinj","Lokrum","Lopud","Male_Srakane","Mljet","Molat","Murter","Olib","Paman","Pag_(island)","Palagrua","Plavnik","Premuda","Prvi","Rab","Rava_(island)","Rivanj","Sestrunj","Silba","Skarda","Susak","Svetac","Sveti_Andrija_(Dubrovnik)","ipan","olta","Ugljan","Unije","Vele_Srakane","Vir","Vis_(island)","Vrgada","Zlarin","Zverinac","irje_(island)","ut","Corsica","Lavezzi_Island","Frioul_archipelago","Lrins_Islands","Crete","Euboea","Gavdos","Cyclades_Islands","Amorgos","Anafi","Andros","Antimilos","Antiparos","Delos","Despotiko","Donousa","Folegandros","Gyaros","Ios_(island)","Irakleia,_Cyclades","Kea_(island)","Tzia","Keros","Kimolos","Koufonisi","Kythnos","Makronisos","Milos","Mykonos","Naxos_Island","Paros","Polyaigos","Rineia","Santorini","Schinousa","Serifos","Sifnos","Sikinos","Syros","Thirasia","Tinos","North_Aegean_islands","Chios","Fournoi","Ikaria","Limnos","Lesvos","Oinousses","Psara","Saint_Eustratius_(Island)","Samos","Samothraki","Thassos","Thymaina","Saronic_Islands","Aegina","Angistri","Dokos","Hydra,_Saronic_Islands","Poros","Salamis_Island","Spetses","Dodecanese_Islands","Agathonissi","Arkoi","Armathia","Astypalia","Farmakonisi","Gyali","Halki_(Greece)","Kalolimnos","Kalymnos","Karpathos","Kassos","Kastellorizo","Kos","Leipsoi","Leros","Nisyros","Patmos","Pserimos","Rhodes","Saria_Island","Symi","Tilos","Sporades_Islands","Alonissos","Gioura","Kyra_Panagia","Peristera","Piperi,_Greece","Skantzoura","Skiathos","Skopelos","Skyros","Ionian_Islands","Antikythera","Antipaxos","Corfu","Ereikoussa","Ithaki","Kalamos_Island","Kastos","Kefalonia","Kythera","Lefkada","Meganisi","Othonoi","Paxoi","Petalas","Zakynthos","Campanian_Archipelago","Capri","Ischia","Nisida","Procida","Vivara","Pontine_Islands","Ponza","Palmarola","Zannone","Santo_Stefano_Island","Gavi_(island)","Ventotene","Sardinia","Asinara","Sant'Antioco","San_Pietro_Island","La_Maddalena","Caprera","Spargi","Budelli","Razzoli","Santa_Maria_(island)","Santo_Stefano_(island)","Molara","Tavolara","Sicily","Aegadian_Islands","Marettimo","Favignana","Levanzo","Aeolian_Islands","Lipari","Vulcano","Filicudi","Alicudi","Panarea","Salina,_Malta","Stromboli","Pantelleria","Pelagie_Islands","Lampedusa","Lampione","Linosa","Ustica","Tremiti_Islands","List_of_islands_of_Italy","Cretaccio","Pianosa_(di_Tremiti)","San_Domino","San_Nicola_(island)","Tuscan_Archipelago","Capraia","Elba","Giannutri","Isola_del_Giglio","Gorgona,_Italy","Montecristo","Pianosa","Venetian_Lagoon_Islands","Burano","Lido_di_Venezia","Murano","Pellestrina","San_Lazzaro_degli_Armeni","Sant'Andrea_(Venetian_Lagoon)","Torcello","Maltese_Islands","Malta_(island)","Gozo","Comino","Cominotto","Filfla","St_Paul's_Island","Manoel_Island","Fungus_Rock","Sveti_Nikola_Island","Sveta_Neelja","Kati","Sveti_Stefan","Ada_Bojana","Stari_Ulcinj","Mamula","Prevlaka_Island","Sveti_Marko_Island","Island_of_Our_Lady_of_Mercy","Our_Lady_of_the_Rocks","Sveti_ore_Island","Alboran","Balearic_Islands","Gymnesian_Islands","Cabrera,_Balearic_Islands","Dragonera","Majorca","Menorca","Pine_Islands","El_Vedr","Formentera","Ibiza","S'Espalmador","Columbretes_Islands","Islas_Chafarinas","Pen_de_Alhucemas","Tabarca","Medes_Islands","Formigues","Arwad","Djerba","Kerkennah_Islands","Chergui","Gharbi,_Tunisia","Galite_Islands","Zembra","Turkish_islands","Turkish_Aegean_islands","Baba_Ada","Bozcaada","Buyukada","atalada","Fener_Ada","Gemiler_Adas","Gokceada","Hayrsz_Ada","Heybeli_Ada","Ince_Ada","Incir_Ada","Kara_Ada_(Rabbit_islands)","Karg_Adas","Kek_Adas","Metalik_Ada","Orak_Ada","Salih_Ada","Yalkavak","Yass_Ada","Ylanck_Ada","Ikiz_adalar","Prasa_adas","I_Ada,_Antalya","Kiremit_islands_group","Kk_Tavan_Adas","avu_adas","Kucukbu","Turkish_Mediterranean_islands_group","Kekova","San_Adas","Imia/Kardak","Perejil_Island","Cyprus","Republic_of_Cyprus","Akrotiri_and_Dhekelia","Sovereign_Base_Area","Turkish_Republic_of_Northern_Cyprus","De_facto","United_Nations_Buffer_Zone_in_Cyprus","List_of_islands_in_the_Adriatic","Aegean_Islands","Ionian_Islands"]}