{"cursor":"47942","size":15,"audio":[],"currentlang":"en","article":"\nThere are 61 colleges and universities in the U.S. state of South Carolina. The\nUniversity of South Carolina in Columbia is the largest university in the state\nwith 29,599 enrolled for Fall 2010. Trident Technical College in\nNorth Charleston is the largest two-year college, with an enrollment of\n15,790. The smallest institution is W. L. Bonner College, a\nPentecostal Holiness-affiliated seminary, with an enrollment of 47\nstudents. The oldest institution is the College of Charleston,\nfounded in 1770 and chartered in 1785.\n\nThe majority are accredited by the Southern Association of Colleges and Schools\n(SACS), but one is accredited by the Association for\nBiblical Higher Education (ABHE), one by the Accrediting Council for\nIndependent Colleges and Schools (ACICS), one by the Association of\nTheological Schools in the United States and Canada (ATS), and two by\nthe Transnational Association of Christian Colleges and Schools.\nThere are also 6 four-year and 2 two-year historically black colleges and\nuniversities.\n\nThe Medical University of South Carolina and the University of South Carolina\nSchool of Medicine are the only accredited medical schools in the\nstate. Charleston School of Law and University of South Carolina\nSchool of Law are American Bar Association-accredited law schools.\n","linknr":1097,"url":"List_of_colleges_and_universities_in_South_Carolina","recorded":1375057937,"links":["/w/index.php?title=List_of_colleges_and_universities_in_South_Carolina&action=edit","/w/index.php?title=List_of_colleges_and_universities_in_South_Carolina&action=edit","//bits.wikimedia.org/favicon/wikipedia.ico","/w/opensearch_desc.php","//en.wikipedia.org/w/api.php?action=rsd","//creativecommons.org/licenses/by-sa/3.0/","/w/index.php?title=Special:RecentChanges&feed=atom","//bits.wikimedia.org/en.wikipedia.org/load.php?debug=false&lang=en&modules=ext.gadget.DRN-wizard%2CReferenceTooltips%2Ccharinsert%2Cteahouse%7Cext.rtlcite%2Cwikihiero%7Cext.uls.nojs%7Cmediawiki.legacy.commonPrint%2Cshared%7Cmw.PopUpMediaTransform%7Cskins.vector&only=styles&skin=vector&*","//bits.wikimedia.org/en.wikipedia.org/load.php?debug=false&lang=en&modules=site&only=styles&skin=vector&*","//bits.wikimedia.org/en.wikipedia.org/load.php?debug=false&lang=en&modules=startup&only=scripts&skin=vector&*","//bits.wikimedia.org/geoiplookup","//meta.wikimedia.org","#mw-navigation","#p-search","/wiki/U.S._state","/wiki/South_Carolina","/wiki/University_of_South_Carolina","/wiki/Columbia,_South_Carolina","#cite_note-1","/wiki/Trident_Technical_College","/wiki/North_Charleston,_South_Carolina","#cite_note-2","/w/index.php?title=W._L._Bonner_College&action=edit&redlink=1","/wiki/International_Pentecostal_Holiness_Church","#cite_note-3","/wiki/College_of_Charleston","#cite_note-CofC_Founded-4","/wiki/Southern_Association_of_Colleges_and_Schools","#cite_note-SACS_list-5","/wiki/Association_for_Biblical_Higher_Education","#cite_note-6","/wiki/Accrediting_Council_for_Independent_Colleges_and_Schools","#cite_note-7","/wiki/Association_of_Theological_Schools_in_the_United_States_and_Canada","#cite_note-8","/wiki/Transnational_Association_of_Christian_Colleges_and_Schools","#cite_note-9","/wiki/Historically_black_colleges_and_universities","#cite_note-histblack-10","/wiki/Medical_University_of_South_Carolina","/wiki/University_of_South_Carolina_School_of_Medicine","/wiki/Medical_school","#cite_note-11","/wiki/Charleston_School_of_Law","/wiki/University_of_South_Carolina_School_of_Law","/wiki/American_Bar_Association","#cite_note-12","#Institutions","#Out-of-state_institutions","#See_also","#Notes","#References","#External_links","/w/index.php?title=List_of_colleges_and_universities_in_South_Carolina&action=edit&section=1","#cite_note-Navigator-13","#cite_note-14","#cite_note-Navigator-13","#cite_note-Navigator-13","/wiki/Aiken_Technical_College","/wiki/Aiken,_South_Carolina","/wiki/Carnegie_Classification_of_Institutions_of_Higher_Education#Associates_Colleges","#cite_note-15","/wiki/Southern_Association_of_Colleges_and_Schools","/wiki/Allen_University","#cite_note-HBCU-16","/wiki/Columbia,_South_Carolina","/wiki/African_Methodist_Episcopal_Church","/wiki/Carnegie_Classification_of_Institutions_of_Higher_Education#Baccalaureate_Colleges","#cite_note-17","/wiki/Southern_Association_of_Colleges_and_Schools","/wiki/Anderson_University_(South_Carolina)","/wiki/Anderson,_South_Carolina","/wiki/Southern_Baptist_Convention","/wiki/Carnegie_Classification_of_Institutions_of_Higher_Education#Baccalaureate_Colleges","#cite_note-18","/wiki/Southern_Association_of_Colleges_and_Schools","/wiki/Benedict_College","#cite_note-HBCU-16","/wiki/Columbia,_South_Carolina","/wiki/American_Baptist_Churches_USA","/wiki/Carnegie_Classification_of_Institutions_of_Higher_Education#Baccalaureate_Colleges","#cite_note-19","/wiki/Southern_Association_of_Colleges_and_Schools","/wiki/Bob_Jones_University","/wiki/Greenville,_South_Carolina","/wiki/For-profit_university","/wiki/Carnegie_Classification_of_Institutions_of_Higher_Education#Special_Focus_Institutions","#cite_note-20","/wiki/Transnational_Association_of_Christian_Colleges_and_Schools","/wiki/Cathedral_Bible_College","/wiki/Myrtle_Beach,_South_Carolina","/wiki/Interdenominationalism","/wiki/Carnegie_Classification_of_Institutions_of_Higher_Education#Special_Focus_Institutions","/w/index.php?title=Central_Carolina_Technical_College&action=edit&redlink=1","/wiki/Sumter,_South_Carolina","#cite_note-21","/wiki/Carnegie_Classification_of_Institutions_of_Higher_Education#Associates_Colleges","#cite_note-22","/wiki/Southern_Association_of_Colleges_and_Schools","/wiki/Charleston_School_of_Law","/wiki/Charleston,_South_Carolina","/wiki/Carnegie_Classification_of_Institutions_of_Higher_Education#Special_Focus_Institutions","#cite_note-23","/wiki/American_Bar_Association","/wiki/Charleston_Southern_University","/wiki/North_Charleston,_South_Carolina","/wiki/Southern_Baptist_Convention","/wiki/Carnegie_Classification_of_Institutions_of_Higher_Education#Master.27s_Colleges_and_Universities","#cite_note-24","/wiki/Southern_Association_of_Colleges_and_Schools","/wiki/The_Citadel,_The_Military_College_of_South_Carolina","/wiki/Charleston,_South_Carolina","/wiki/Carnegie_Classification_of_Institutions_of_Higher_Education#Master.27s_Colleges_and_Universities","#cite_note-25","/wiki/Southern_Association_of_Colleges_and_Schools","/wiki/Claflin_University","#cite_note-HBCU-16","/wiki/Orangeburg,_South_Carolina","/wiki/United_Methodist_Church","/wiki/Carnegie_Classification_of_Institutions_of_Higher_Education#Baccalaureate_Colleges","#cite_note-26","/wiki/Southern_Association_of_Colleges_and_Schools","/wiki/Clemson_University","/wiki/Clemson,_South_Carolina","/wiki/Carnegie_Classification_of_Institutions_of_Higher_Education#Doctorate-granting_Universities","#cite_note-27","/wiki/Southern_Association_of_Colleges_and_Schools","/wiki/Clinton_Junior_College","#cite_note-HBCU-16","/wiki/Rock_Hill,_South_Carolina","/wiki/African_Methodist_Episcopal_Zion_Church","/wiki/Carnegie_Classification_of_Institutions_of_Higher_Education#Associates_Colleges","#cite_note-28","/wiki/Transnational_Association_of_Christian_Colleges_and_Schools","/wiki/Coastal_Carolina_University","/wiki/Conway,_South_Carolina","/wiki/Carnegie_Classification_of_Institutions_of_Higher_Education#Master.27s_Colleges_and_Universities","#cite_note-29","/wiki/Southern_Association_of_Colleges_and_Schools","/wiki/Coker_College","/wiki/Hartsville,_South_Carolina","/wiki/Carnegie_Classification_of_Institutions_of_Higher_Education#Baccalaureate_Colleges","#cite_note-30","/wiki/Southern_Association_of_Colleges_and_Schools","/wiki/College_of_Charleston","/wiki/Charleston,_South_Carolina","/wiki/Carnegie_Classification_of_Institutions_of_Higher_Education#Master.27s_Colleges_and_Universities","#cite_note-CofC_Founded-4","/wiki/Southern_Association_of_Colleges_and_Schools","/wiki/Columbia_College_(South_Carolina)","#cite_note-Women-31","/wiki/Columbia,_South_Carolina","/wiki/United_Methodist_Church","/wiki/Carnegie_Classification_of_Institutions_of_Higher_Education#Baccalaureate_Colleges","#cite_note-32","/wiki/Southern_Association_of_Colleges_and_Schools","/wiki/Columbia_International_University","/wiki/Columbia,_South_Carolina","/wiki/Interdenominationalism","/wiki/Carnegie_Classification_of_Institutions_of_Higher_Education#Master.27s_Colleges_and_Universities","#cite_note-33","/wiki/Southern_Association_of_Colleges_and_Schools","/wiki/Converse_College","#cite_note-Women-31","/wiki/Spartanburg,_South_Carolina","/wiki/Carnegie_Classification_of_Institutions_of_Higher_Education#Master.27s_Colleges_and_Universities","#cite_note-34","/wiki/Southern_Association_of_Colleges_and_Schools","/wiki/Denmark_Technical_College","#cite_note-HBCU-16","/wiki/Denmark,_South_Carolina","/wiki/Carnegie_Classification_of_Institutions_of_Higher_Education#Associates_Colleges","#cite_note-35","/wiki/Southern_Association_of_Colleges_and_Schools","/wiki/Erskine_College","/wiki/Due_West,_South_Carolina","/wiki/Reformed_Presbyterian_Church_in_the_United_States","/wiki/Carnegie_Classification_of_Institutions_of_Higher_Education#Baccalaureate_Colleges","#cite_note-36","/wiki/Southern_Association_of_Colleges_and_Schools","/wiki/Florence%E2%80%93Darlington_Technical_College","/wiki/Florence,_South_Carolina","/wiki/Carnegie_Classification_of_Institutions_of_Higher_Education#Associates_Colleges","#cite_note-37","/wiki/Southern_Association_of_Colleges_and_Schools","/w/index.php?title=Forrest_College&action=edit&redlink=1","/wiki/Anderson,_South_Carolina","/wiki/For-profit_university","/wiki/Carnegie_Classification_of_Institutions_of_Higher_Education#Associates_Colleges","#cite_note-38","/wiki/Accrediting_Council_for_Independent_Colleges_and_Schools","/wiki/Francis_Marion_University","/wiki/Florence,_South_Carolina","/wiki/Carnegie_Classification_of_Institutions_of_Higher_Education#Master.27s_Colleges_and_Universities","#cite_note-39","/wiki/Southern_Association_of_Colleges_and_Schools","/wiki/Furman_University","/wiki/Greenville,_South_Carolina","/wiki/Carnegie_Classification_of_Institutions_of_Higher_Education#Baccalaureate_Colleges","#cite_note-40","/wiki/Southern_Association_of_Colleges_and_Schools","/wiki/Greenville_Technical_College","/wiki/Greenville,_South_Carolina","#cite_note-41","/wiki/Carnegie_Classification_of_Institutions_of_Higher_Education#Associates_Colleges","#cite_note-42","/wiki/Southern_Association_of_Colleges_and_Schools","/wiki/Horry-Georgetown_Technical_College","/wiki/Conway,_South_Carolina","#cite_note-43","/wiki/Carnegie_Classification_of_Institutions_of_Higher_Education#Associates_Colleges","#cite_note-44","/wiki/Southern_Association_of_Colleges_and_Schools","/wiki/Lander_University","/wiki/Greenwood,_South_Carolina","/wiki/Carnegie_Classification_of_Institutions_of_Higher_Education#Baccalaureate_Colleges","#cite_note-45","/wiki/Southern_Association_of_Colleges_and_Schools","/wiki/Limestone_College","/wiki/Gaffney,_South_Carolina","/wiki/Interdenominationalism","/wiki/Carnegie_Classification_of_Institutions_of_Higher_Education#Baccalaureate_Colleges","#cite_note-46","/wiki/Southern_Association_of_Colleges_and_Schools","/wiki/Lutheran_Theological_Southern_Seminary","/wiki/Columbia,_South_Carolina","/wiki/Evangelical_Lutheran_Church_in_America","/wiki/Carnegie_Classification_of_Institutions_of_Higher_Education#Special_Focus_Institutions","#cite_note-47","/wiki/Association_of_Theological_Schools_in_the_United_States_and_Canada","/wiki/Medical_University_of_South_Carolina","/wiki/Charleston,_South_Carolina","/wiki/Carnegie_Classification_of_Institutions_of_Higher_Education#Special_Focus_Institutions","#cite_note-48","/wiki/Southern_Association_of_Colleges_and_Schools","/wiki/Midlands_Technical_College","/wiki/West_Columbia,_South_Carolina","#cite_note-49","/wiki/Carnegie_Classification_of_Institutions_of_Higher_Education#Associates_Colleges","#cite_note-MTC_year-50","#cite_note-51","/wiki/Southern_Association_of_Colleges_and_Schools","/wiki/Morris_College","#cite_note-HBCU-16","/wiki/Sumter,_South_Carolina","/wiki/Southern_Baptist_Church","/wiki/Carnegie_Classification_of_Institutions_of_Higher_Education#Baccalaureate_Colleges","#cite_note-52","/wiki/Southern_Association_of_Colleges_and_Schools","/wiki/Newberry_College","/wiki/Newberry,_South_Carolina","/wiki/Evangelical_Lutheran_Church_in_America","/wiki/Carnegie_Classification_of_Institutions_of_Higher_Education#Baccalaureate_Colleges","#cite_note-53","/wiki/Southern_Association_of_Colleges_and_Schools","/wiki/North_Greenville_University","/wiki/Tigerville,_South_Carolina","/wiki/Southern_Baptist_Church","/wiki/Carnegie_Classification_of_Institutions_of_Higher_Education#Baccalaureate_Colleges","#cite_note-54","/wiki/Southern_Association_of_Colleges_and_Schools","/wiki/Northeastern_Technical_College","/wiki/Cheraw,_South_Carolina","#cite_note-55","/wiki/Carnegie_Classification_of_Institutions_of_Higher_Education#Associates_Colleges","#cite_note-Closed-Merged-56","/wiki/Southern_Association_of_Colleges_and_Schools","/wiki/Orangeburg%E2%80%93Calhoun_Technical_College","/wiki/Orangeburg,_South_Carolina","/wiki/Carnegie_Classification_of_Institutions_of_Higher_Education#Associates_Colleges","#cite_note-57","/wiki/Southern_Association_of_Colleges_and_Schools","/wiki/Piedmont_Technical_College","/wiki/Greenwood,_South_Carolina","#cite_note-58","/wiki/Carnegie_Classification_of_Institutions_of_Higher_Education#Associates_Colleges","#cite_note-59","/wiki/Southern_Association_of_Colleges_and_Schools","/wiki/Presbyterian_College","/wiki/Clinton,_South_Carolina","/wiki/Presbyterian_Church_(U.S.A.)","/wiki/Carnegie_Classification_of_Institutions_of_Higher_Education#Baccalaureate_Colleges","#cite_note-60","/wiki/Southern_Association_of_Colleges_and_Schools","/wiki/Sherman_College_of_Chiropractic","/wiki/Spartanburg,_South_Carolina","/wiki/Carnegie_Classification_of_Institutions_of_Higher_Education#Special_Focus_Institutions","#cite_note-61","/wiki/Southern_Association_of_Colleges_and_Schools","/wiki/South_Carolina_State_University","#cite_note-HBCU-16","/wiki/Orangeburg,_South_Carolina","/wiki/Carnegie_Classification_of_Institutions_of_Higher_Education#Doctorate-granting_Universities","#cite_note-62","/wiki/Southern_Association_of_Colleges_and_Schools","/wiki/Southern_Wesleyan_University","/wiki/Central,_South_Carolina","/wiki/Wesleyan_Church","/wiki/Carnegie_Classification_of_Institutions_of_Higher_Education#Master.27s_Colleges_and_Universities","#cite_note-63","/wiki/Southern_Association_of_Colleges_and_Schools","/wiki/Spartanburg_Community_College","/wiki/Spartanburg,_South_Carolina","#cite_note-64","/wiki/Carnegie_Classification_of_Institutions_of_Higher_Education#Associates_Colleges","#cite_note-65","/wiki/Southern_Association_of_Colleges_and_Schools","/wiki/Spartanburg_Methodist_College","/wiki/Spartanburg,_South_Carolina","/wiki/United_Methodist_Church","/wiki/Carnegie_Classification_of_Institutions_of_Higher_Education#Associates_Colleges","#cite_note-66","/wiki/Southern_Association_of_Colleges_and_Schools","/wiki/Technical_College_of_the_Lowcountry","/wiki/Beaufort,_South_Carolina","#cite_note-67","/wiki/Carnegie_Classification_of_Institutions_of_Higher_Education#Associates_Colleges","#cite_note-68","/wiki/Southern_Association_of_Colleges_and_Schools","/wiki/Tri-County_Technical_College","/wiki/Pendleton,_South_Carolina","#cite_note-69","/wiki/Carnegie_Classification_of_Institutions_of_Higher_Education#Associates_Colleges","#cite_note-70","/wiki/Southern_Association_of_Colleges_and_Schools","/wiki/Trident_Technical_College","/wiki/North_Charleston,_South_Carolina","#cite_note-71","/wiki/Carnegie_Classification_of_Institutions_of_Higher_Education#Associates_Colleges","#cite_note-72","/wiki/Southern_Association_of_Colleges_and_Schools","/wiki/University_of_South_Carolina","/wiki/Columbia,_South_Carolina","/wiki/Carnegie_Classification_of_Institutions_of_Higher_Education#Doctorate-granting_Universities","#cite_note-73","/wiki/Southern_Association_of_Colleges_and_Schools","/wiki/University_of_South_Carolina_Aiken","/wiki/Aiken,_South_Carolina","/wiki/Carnegie_Classification_of_Institutions_of_Higher_Education#Baccalaureate_Colleges","#cite_note-74","/wiki/Southern_Association_of_Colleges_and_Schools","/wiki/University_of_South_Carolina_Beaufort","/wiki/Beaufort,_South_Carolina","/wiki/Carnegie_Classification_of_Institutions_of_Higher_Education#Baccalaureate_Colleges","#cite_note-75","/wiki/Southern_Association_of_Colleges_and_Schools","/wiki/University_of_South_Carolina_Lancaster","/wiki/Lancaster,_South_Carolina","/wiki/Carnegie_Classification_of_Institutions_of_Higher_Education#Associates_Colleges","#cite_note-76","/wiki/Southern_Association_of_Colleges_and_Schools","/wiki/University_of_South_Carolina_Salkehatchie","/wiki/Allendale,_South_Carolina","/wiki/Carnegie_Classification_of_Institutions_of_Higher_Education#Associates_Colleges","#cite_note-77","/wiki/Southern_Association_of_Colleges_and_Schools","/wiki/University_of_South_Carolina_Sumter","/wiki/Sumter,_South_Carolina","/wiki/Carnegie_Classification_of_Institutions_of_Higher_Education#Associates_Colleges","#cite_note-78","/wiki/Southern_Association_of_Colleges_and_Schools","/wiki/University_of_South_Carolina_Union","/wiki/Union,_South_Carolina","#cite_note-79","/wiki/Carnegie_Classification_of_Institutions_of_Higher_Education#Associates_Colleges","#cite_note-80","/wiki/Southern_Association_of_Colleges_and_Schools","/wiki/University_of_South_Carolina_Upstate","/wiki/Spartanburg,_South_Carolina","/wiki/Carnegie_Classification_of_Institutions_of_Higher_Education#Baccalaureate_Colleges","#cite_note-81","/wiki/Southern_Association_of_Colleges_and_Schools","/wiki/Voorhees_College","#cite_note-HBCU-16","/wiki/Denmark,_South_Carolina","/wiki/Episcopal_Church_(United_States)","/wiki/Carnegie_Classification_of_Institutions_of_Higher_Education#Baccalaureate_Colleges","#cite_note-82","/wiki/Southern_Association_of_Colleges_and_Schools","/w/index.php?title=W._L._Bonner_College&action=edit&redlink=1","/wiki/Columbia,_South_Carolina","/wiki/Pentecostal_Holiness_Church","/wiki/Carnegie_Classification_of_Institutions_of_Higher_Education#Special_Focus_Institutions","#cite_note-83","/wiki/Association_for_Biblical_Higher_Education","/w/index.php?title=Williamsburg_Technical_College&action=edit&redlink=1","/wiki/Kingstree,_South_Carolina","/wiki/Carnegie_Classification_of_Institutions_of_Higher_Education#Associates_Colleges","#cite_note-84","/wiki/Southern_Association_of_Colleges_and_Schools","/wiki/Winthrop_University","/wiki/Rock_Hill,_South_Carolina","/wiki/Carnegie_Classification_of_Institutions_of_Higher_Education#Master.27s_Colleges_and_Universities","#cite_note-85","/wiki/Southern_Association_of_Colleges_and_Schools","/wiki/Wofford_College","/wiki/Spartanburg,_South_Carolina","/wiki/United_Methodist_Church","/wiki/Carnegie_Classification_of_Institutions_of_Higher_Education#Baccalaureate_Colleges","#cite_note-86","/wiki/Southern_Association_of_Colleges_and_Schools","/wiki/York_Technical_College","/wiki/Rock_Hill,_South_Carolina","/wiki/Carnegie_Classification_of_Institutions_of_Higher_Education#Associates_Colleges","#cite_note-87","/wiki/Southern_Association_of_Colleges_and_Schools","/w/index.php?title=List_of_colleges_and_universities_in_South_Carolina&action=edit&section=2","#cite_note-Navigator-13","/wiki/Brown_Mackie_College","/wiki/Greenville,_South_Carolina","/w/index.php?title=Centura_College&action=edit&redlink=1","/wiki/Charleston,_South_Carolina","/wiki/Columbia,_South_Carolina","/wiki/Wikipedia:Citation_needed","/wiki/Golf_Academy_of_America","/wiki/Myrtle_Beach,_South_Carolina","/wiki/ITT_Technical_Institute","/wiki/North_Charleston,_South_Carolina","/wiki/Miller-Motte_Technical_College","/wiki/South_University","/wiki/Strayer_University","/wiki/The_Art_Institutes","/wiki/University_of_Phoenix","/wiki/Virginia_College","/w/index.php?title=List_of_colleges_and_universities_in_South_Carolina&action=edit&section=3","/wiki/File:Flag_of_South_Carolina.svg","//upload.wikimedia.org/wikipedia/commons/thumb/6/69/Flag_of_South_Carolina.svg/32px-Flag_of_South_Carolina.svg.png","/wiki/Portal:South_Carolina","/wiki/File:Portal-puzzle.svg","//upload.wikimedia.org/wikipedia/en/thumb/f/fd/Portal-puzzle.svg/32px-Portal-puzzle.svg.png","/wiki/Portal:Universities","/wiki/Higher_education_in_the_United_States","/wiki/List_of_American_institutions_of_higher_education","/wiki/List_of_recognized_higher_education_accreditation_organizations","/wiki/List_of_colleges_and_universities","/wiki/List_of_colleges_and_universities_by_country","/w/index.php?title=List_of_colleges_and_universities_in_South_Carolina&action=edit&section=4","#cite_ref-14","/wiki/Carnegie_Classification_of_Institutions_of_Higher_Education","#cite_ref-HBCU_16-0","#cite_ref-HBCU_16-1","#cite_ref-HBCU_16-2","#cite_ref-HBCU_16-3","#cite_ref-HBCU_16-4","#cite_ref-HBCU_16-5","#cite_ref-HBCU_16-6","#cite_ref-HBCU_16-7","/wiki/Historically_black_colleges_and_universities","#cite_note-histblack-10","#cite_ref-21","/wiki/Bishopville,_South_Carolina","/wiki/Camden,_South_Carolina","/wiki/Manning,_South_Carolina","#cite_ref-Women_31-0","#cite_ref-Women_31-1","/wiki/Women%27s_colleges_in_the_United_States","#cite_ref-41","/wiki/Berea,_South_Carolina","/wiki/Greer,_South_Carolina","/wiki/Simpsonville,_South_Carolina","#cite_ref-43","/wiki/Georgetown,_South_Carolina","/wiki/Myrtle_Beach,_South_Carolina","#cite_ref-49","/wiki/Batesburg-Leesville,_South_Carolina","/wiki/Columbia,_South_Carolina","/wiki/Fort_Jackson_(South_Carolina)","/wiki/Irmo,_South_Carolina","#cite_ref-51","#cite_note-MTC_year-50","#cite_ref-55","/wiki/Bennettsville,_South_Carolina","/wiki/Dillon,_South_Carolina","/wiki/Pageland,_South_Carolina","#cite_ref-58","/wiki/Abbeville,_South_Carolina","/wiki/Clinton,_South_Carolina","/wiki/Edgefield,_South_Carolina","/wiki/McCormick,_South_Carolina","/wiki/Newberry,_South_Carolina","/wiki/Saluda,_South_Carolina","#cite_ref-64","/wiki/Duncan,_South_Carolina","/wiki/Gaffney,_South_Carolina","#cite_ref-67","/wiki/Bluffton,_South_Carolina","/wiki/Hampton,_South_Carolina","/wiki/Parris_Island,_South_Carolina","/wiki/Walterboro,_South_Carolina","#cite_ref-69","/wiki/Anderson,_South_Carolina","/wiki/Easley,_South_Carolina","/wiki/Seneca,_South_Carolina","#cite_ref-71","/wiki/Charleston,_South_Carolina","/wiki/Moncks_Corner,_South_Carolina","#cite_ref-79","/wiki/Laurens,_South_Carolina","/w/index.php?title=List_of_colleges_and_universities_in_South_Carolina&action=edit&section=5","#cite_ref-1","http://nces.ed.gov/collegenavigator/?s=SC&l=3+5+7+8+9+10+17+18+19&pg=5&id=218663","/wiki/United_States_Department_of_Education","/wiki/Institute_of_Education_Sciences","http://www.webcitation.org/68p8ooMKG","#cite_ref-2","http://nces.ed.gov/collegenavigator/?s=SC&l=3+5+7+8+9+10+17+18+19&pg=4&id=218894","/wiki/United_States_Department_of_Education","/wiki/Institute_of_Education_Sciences","http://www.webcitation.org/68p92y6z7","#cite_ref-3","http://nces.ed.gov/collegenavigator/?s=SC&l=3+5+7+8+9+10+17+18+19&pg=5&id=446613","/wiki/United_States_Department_of_Education","/wiki/Institute_of_Education_Sciences","http://www.webcitation.org/68p9CBl3Z","#cite_ref-CofC_Founded_4-0","#cite_ref-CofC_Founded_4-1","http://www.cofc.edu/about/index.php","http://www.webcitation.org/68p9KlHpL","#cite_ref-SACS_list_5-0","http://www.sacscoc.org/pdf/webmemlist.pdf","http://www.webcitation.org/60S3KqGCy","#cite_ref-6","http://directory.abhe.org/default.aspx?status=Member","/wiki/Association_for_Biblical_Higher_Education","http://www.webcitation.org/6174AJ383","#cite_ref-7","http://www.acics.org/uploadedFiles/Publications/7_20_09.pdf","http://www.webcitation.org/60iiMuVRG","#cite_ref-8","http://www.ats.edu/Resources/PublicationsPresentations/Documents/Bulletin/Part2MembershipList.pdf","http://www.webcitation.org/68p8ABfAB","#cite_ref-9","http://www.tracs.org/member.htm","http://www.webcitation.org/68p8WFm3A","#cite_ref-histblack_10-0","#cite_ref-histblack_10-1","http://www.ed.gov/about/inits/list/whhbcu/edlite-list.html","#cite_ref-11","http://www.lcme.org/directry.htm","http://www.webcitation.org/60MHPlzyM","#cite_ref-12","https://officialguide.lsac.org/Release/SchoolsABAData/SchoolsAndLocation.aspx","http://www.webcitation.org/60MHkkxhS","#cite_ref-Navigator_13-0","#cite_ref-Navigator_13-1","#cite_ref-Navigator_13-2","#cite_ref-Navigator_13-3","http://nces.ed.gov/collegenavigator/?s=SC","/wiki/United_States_Department_of_Education","/wiki/Institute_of_Education_Sciences","#cite_ref-15","http://www.atc.edu/p73.aspx","http://www.webcitation.org/68ursAQlQ","#cite_ref-17","http://www.allenuniversity.edu/about-us/allens-legacy/","http://www.webcitation.org/68urw04nt","#cite_ref-18","http://www.andersonuniversity.edu/aboutau.aspx?id=1777","http://www.webcitation.org/68uryiClI","#cite_ref-19","http://www.benedict.edu/cms/?q=node/106","http://www.webcitation.org/68us1dcca","#cite_ref-20","http://www.bju.edu/about-bju/history/","http://www.webcitation.org/68us6DY8G","#cite_ref-22","http://www.cctech.edu/about/134.htm","http://www.webcitation.org/68usAsPvS","#cite_ref-23","http://archives.postandcourier.com/archive/arch05/1005/arc10192629116.shtml","/wiki/The_Post_and_Courier","http://www.webcitation.org/68p5x9Ua1","#cite_ref-24","http://www.csuniv.edu/news/quickfacts.asp","http://www.webcitation.org/68p6cMmNv","#cite_ref-25","http://www.citadel.edu/root/info","http://www.webcitation.org/68p6pZy4U","#cite_ref-26","http://www.claflin.edu/about-claflin","http://www.webcitation.org/68p78HQjN","#cite_ref-27","http://www.clemson.edu/about/history/index.html","http://www.webcitation.org/68p7KvzAn","#cite_ref-28","http://www.clintonjuniorcollege.edu/about.htm","http://www.webcitation.org/68p7xJ7fL","#cite_ref-29","http://www.coastal.edu/about/index.html","http://www.webcitation.org/68pq9S8EZ","#cite_ref-30","http://www.coker.edu/about-coker.html","http://www.webcitation.org/68pqJYbOL","#cite_ref-32","http://www.columbiasc.edu/index.php/about/","http://www.webcitation.org/68pqgXb16","#cite_ref-33","http://www.ciu.edu/discover-ciu/who-we-are/history","http://www.webcitation.org/68pr3Iry2","#cite_ref-34","http://www.converse.edu/about/our-mission-history","http://www.webcitation.org/68prEy2R8","#cite_ref-35","http://www.denmarktech.edu/aboutdtc.html","http://www.webcitation.org/68prLwWYQ","#cite_ref-36","http://www.erskine.edu/about-erskine/history.shtml","http://www.webcitation.org/68uptm6mt","#cite_ref-37","http://www.fdtc.edu/AboutUs/history/default.asp","http://www.webcitation.org/68upys2HC","#cite_ref-38","http://www.forrestcollege.edu/Home/History/tabid/1430/language/en-US/Default.aspx","http://www.webcitation.org/68uqAwim6","#cite_ref-39","http://www.fmarion.edu/about/history/","http://web.archive.org/web/20080719083302/http://www.fmarion.edu/about/history/","#cite_ref-40","http://www2.furman.edu/About/About/History/Pages/default.aspx","http://www.webcitation.org/68uqZv98n","#cite_ref-42","http://www.gvltec.edu/history/","http://www.webcitation.org/68uqdjgHP","#cite_ref-44","http://www.hgtc.edu/int_y.php?pageid=3&menu=learn+more+about+HGTC","http://www.webcitation.org/68uqjVmSz","#cite_ref-45","http://www.lander.edu/About-Us/Overview.aspx","http://www.webcitation.org/68uqsK0Et","#cite_ref-46","http://www.limestone.edu/about-limestone-limestone-college-history","http://www.webcitation.org/68uqwObNw","#cite_ref-47","http://ltss.lr.edu/visitors-and-friends/history","http://www.webcitation.org/68ur4Z9vf","#cite_ref-48","http://academicdepartments.musc.edu/musc/about/history.html","http://www.webcitation.org/68urAW4Mu","#cite_ref-MTC_year_50-0","#cite_ref-MTC_year_50-1","http://www.libsci.sc.edu/histories/academic/hist2.htm","http://www.webcitation.org/68wWjj0oP","#cite_ref-52","http://www.morris.edu/About/The-Morris-Experience.aspx","http://www.webcitation.org/68wX29umi","#cite_ref-53","http://www.newberry.edu/about/history.aspx","http://www.webcitation.org/68wXCC1IS","#cite_ref-54","http://www.ngu.edu/ngu-history.php","http://www.webcitation.org/68wXIaPQq","#cite_ref-Closed-Merged_56-0","http://www2.westminster-mo.edu/wc_users/homepages/staff/brownr/SouthCarolinaCC.htm","http://www.webcitation.org/68wcekusB","#cite_ref-57","http://www.octech.edu/about/history.aspx","http://www.webcitation.org/68wd5udUU","#cite_ref-59","http://www.ptc.edu/about/history","http://www.webcitation.org/68wdEp9kt","#cite_ref-60","http://www.presby.edu/about/history.html","http://www.webcitation.org/68wdKPkHA","#cite_ref-61","http://www.sherman.edu/home/chiropractic-history.asp#sherman","http://www.webcitation.org/68wdQgPGA","#cite_ref-62","http://www.scsu.edu/aboutscstate/historyofscstateuniversity.aspx","http://www.webcitation.org/68wdbTJEt","#cite_ref-63","http://www.swu.edu/about/history.htm","http://www.webcitation.org/68wdmrPpI","#cite_ref-65","http://www.sccsc.edu/about/history.aspx","http://www.webcitation.org/68wduA88M","#cite_ref-66","http://www.smcsc.edu/About-SMC/History.html","http://www.webcitation.org/68wdzWuVA","#cite_ref-68","http://www.tcl.edu/about-tcl/mission-history","http://www.webcitation.org/68we85eeY","#cite_ref-70","http://www.tctc.edu/Content/About_TCTC/Mission_Facts_and_Stats/History_and_Growth.xml","http://www.webcitation.org/68weBmz8K","#cite_ref-72","http://www.tridenttech.edu/aboutttc_history.htm","http://www.webcitation.org/68wePYNH3","#cite_ref-73","http://www.webcitation.org/68xzSjXl1","http://www.sc.edu/universityhistory/index.shtml","#cite_ref-74","http://web.usca.edu/about-usc-aiken/history.dot","http://www.webcitation.org/68xzaCEZY","#cite_ref-75","http://www.uscb.edu/about_us/history.php","http://www.webcitation.org/68xzla2RD","#cite_ref-76","http://usclancaster.sc.edu/usclhist.htm","http://web.archive.org/web/20101017130916/http://usclancaster.sc.edu/usclhist.htm","#cite_ref-77","http://uscsalkehatchie.sc.edu/home/about-2/about/","#cite_ref-78","http://www.uscsumter.edu/index.php/campus-history.html","http://web.archive.org/web/20101017153255/http://www.uscsumter.edu/index.php/campus-history.html","#cite_ref-80","http://www.sc.edu/bulletin/Union/university.html","http://www.webcitation.org/68y710SOQ","#cite_ref-81","http://www.webcitation.org/68y77pYek","http://www.uscupstate.edu/about/University/Default.aspx?id=8400","#cite_ref-82","http://voorhees.edu/our_college/history/","http://www.webcitation.org/68y7Dgn50","#cite_ref-83","http://www.cooljc.org/Education/WLBonnerBibleCollege/tabid/104/language/en-US/Default.aspx","http://www.webcitation.org/68y7MzMtL","#cite_ref-84","http://www.wiltech.edu/index.php/about-us/college-statements","http://www.webcitation.org/68y7UV7l2","#cite_ref-85","http://www.winthrop.edu/125/default.aspx?id=13406","http://www.webcitation.org/68y7ayhlC","#cite_ref-86","http://www.wofford.edu/about/history/","http://www.webcitation.org/68y7jERNs","#cite_ref-87","http://www.yorktech.edu/college_facts.php","http://www.webcitation.org/68y7oO28D","/w/index.php?title=List_of_colleges_and_universities_in_South_Carolina&action=edit&section=6","http://nces.ed.gov/collegenavigator/?s=SC&l=3+5+7+8+9+10+17+18+19","/wiki/Template:Lists_of_colleges_and_universities_in_the_United_States","/wiki/Template_talk:Lists_of_colleges_and_universities_in_the_United_States","//en.wikipedia.org/w/index.php?title=Template:Lists_of_colleges_and_universities_in_the_United_States&action=edit","/wiki/List_of_American_institutions_of_higher_education","/wiki/U.S._state","/wiki/List_of_colleges_and_universities_in_Alabama","/wiki/List_of_colleges_and_universities_in_Alaska","/wiki/List_of_colleges_and_universities_in_Arizona","/wiki/List_of_colleges_and_universities_in_Arkansas","/wiki/List_of_colleges_and_universities_in_California","/wiki/List_of_colleges_and_universities_in_Colorado","/wiki/List_of_colleges_and_universities_in_Connecticut","/wiki/List_of_colleges_and_universities_in_Delaware","/wiki/List_of_colleges_and_universities_in_Florida","/wiki/List_of_colleges_and_universities_in_Georgia_(U.S._state)","/wiki/List_of_colleges_and_universities_in_Hawaii","/wiki/List_of_colleges_and_universities_in_Idaho","/wiki/List_of_colleges_and_universities_in_Illinois","/wiki/List_of_colleges_and_universities_in_Indiana","/wiki/List_of_colleges_and_universities_in_Iowa","/wiki/List_of_colleges_and_universities_in_Kansas","/wiki/List_of_colleges_and_universities_in_Kentucky","/wiki/List_of_colleges_and_universities_in_Louisiana","/wiki/List_of_colleges_and_universities_in_Maine","/wiki/List_of_colleges_and_universities_in_Maryland","/wiki/List_of_colleges_and_universities_in_Massachusetts","/wiki/List_of_colleges_and_universities_in_Michigan","/wiki/List_of_colleges_and_universities_in_Minnesota","/wiki/List_of_colleges_and_universities_in_Mississippi","/wiki/List_of_colleges_and_universities_in_Missouri","/wiki/List_of_colleges_and_universities_in_Montana","/wiki/List_of_colleges_and_universities_in_Nebraska","/wiki/List_of_colleges_and_universities_in_Nevada","/wiki/List_of_colleges_and_universities_in_New_Hampshire","/wiki/List_of_colleges_and_universities_in_New_Jersey","/wiki/List_of_colleges_and_universities_in_New_Mexico","/wiki/List_of_colleges_and_universities_in_New_York","/wiki/List_of_colleges_and_universities_in_North_Carolina","/wiki/List_of_colleges_and_universities_in_North_Dakota","/wiki/List_of_colleges_and_universities_in_Ohio","/wiki/List_of_colleges_and_universities_in_Oklahoma","/wiki/List_of_colleges_and_universities_in_Oregon","/wiki/List_of_colleges_and_universities_in_Pennsylvania","/wiki/List_of_colleges_and_universities_in_Rhode_Island","/wiki/List_of_colleges_and_universities_in_South_Dakota","/wiki/List_of_colleges_and_universities_in_Tennessee","/wiki/List_of_colleges_and_universities_in_Texas","/wiki/List_of_colleges_and_universities_in_Utah","/wiki/List_of_colleges_and_universities_in_Vermont","/wiki/List_of_colleges_and_universities_in_Virginia","/wiki/List_of_colleges_and_universities_in_Washington","/wiki/List_of_colleges_and_universities_in_West_Virginia","/wiki/List_of_colleges_and_universities_in_Wisconsin","/wiki/List_of_colleges_and_universities_in_Wyoming","/wiki/Federal_district","/wiki/List_of_colleges_and_universities_in_Washington,_D.C.","/wiki/Insular_area","/wiki/List_of_colleges_and_universities_in_American_Samoa","/wiki/List_of_colleges_and_universities_in_Guam","/wiki/List_of_colleges_and_universities_in_the_Northern_Mariana_Islands","/wiki/List_of_colleges_and_universities_in_Puerto_Rico","/wiki/List_of_colleges_and_universities_in_the_United_States_Virgin_Islands","/wiki/Template:Colleges_and_universities_in_South_Carolina","/wiki/Template_talk:Colleges_and_universities_in_South_Carolina","//en.wikipedia.org/w/index.php?title=Template:Colleges_and_universities_in_South_Carolina&action=edit","/wiki/College","/wiki/University","/wiki/South_Carolina","/wiki/The_Citadel,_The_Military_College_of_South_Carolina","/wiki/Clemson_University","/wiki/Coastal_Carolina_University","/wiki/College_of_Charleston","/wiki/Francis_Marion_University","/wiki/Lander_University","/wiki/South_Carolina_State_University","/wiki/University_of_South_Carolina_Aiken","/wiki/University_of_South_Carolina_Beaufort","/wiki/University_of_South_Carolina","/wiki/University_of_South_Carolina_Lancaster","/wiki/University_of_South_Carolina_Salkehatchie","/wiki/University_of_South_Carolina_Sumter","/wiki/University_of_South_Carolina_Union","/wiki/University_of_South_Carolina_Upstate","/wiki/Winthrop_University","/wiki/Allen_University","/wiki/Anderson_University_(South_Carolina)","/wiki/Benedict_College","/wiki/Bob_Jones_University","/wiki/Charleston_Southern_University","/wiki/Claflin_University","/wiki/Columbia_College_(South_Carolina)","/wiki/Columbia_International_University","/wiki/Coker_College","/wiki/Converse_College","/wiki/Erskine_College","/wiki/Furman_University","/wiki/Limestone_College","/wiki/Morris_College","/wiki/Newberry_College","/wiki/North_Greenville_University","/wiki/Presbyterian_College","/wiki/Sherman_College_of_Straight_Chiropractic","/wiki/Southern_Wesleyan_University","/wiki/Spartanburg_Methodist_College","/wiki/Voorhees_College","/wiki/Wofford_College","/wiki/Aiken_Technical_College","/w/index.php?title=Central_Carolina_Technical_College&action=edit&redlink=1","/wiki/Denmark_Technical_College","/wiki/Florence%E2%80%93Darlington_Technical_College","/wiki/Greenville_Technical_College","/wiki/Horry-Georgetown_Technical_College","/wiki/Midlands_Technical_College","/wiki/Northeastern_Technical_College","/wiki/Orangeburg-Calhoun_Technical_College","/wiki/Piedmont_Technical_College","/wiki/Spartanburg_Community_College","/wiki/Technical_College_of_the_Lowcountry","/wiki/Tri-County_Technical_College","/wiki/Trident_Technical_College","/w/index.php?title=Williamsburg_Technical_College&action=edit&redlink=1","/wiki/York_Technical_College","/wiki/Charleston_School_of_Law","/wiki/Erskine_Theological_Seminary","/wiki/Geneva_Reformed_Seminary","/wiki/Greenville_Presbyterian_Theological_Seminary","/wiki/Lutheran_Theological_Southern_Seminary","/wiki/Medical_University_of_South_Carolina","/wiki/University_of_South_Carolina_School_of_Law","/wiki/Template:South_Carolina","/wiki/Template_talk:South_Carolina","//en.wikipedia.org/w/index.php?title=Template:South_Carolina&action=edit","//upload.wikimedia.org/wikipedia/commons/thumb/6/69/Flag_of_South_Carolina.svg/23px-Flag_of_South_Carolina.svg.png","/wiki/U.S._state","/wiki/South_Carolina","/wiki/Columbia,_South_Carolina","/wiki/List_of_regions_of_the_United_States#South_Carolina","/wiki/Atlantic_coastal_plain","/wiki/Blue_Ridge_Mountains","/wiki/Grand_Strand","/wiki/High_Hills_of_Santee","/wiki/Lake_Murray_Country","/wiki/South_Carolina_Lowcountry","/wiki/Charlotte_metropolitan_area","/wiki/Midlands_(South_Carolina)","/wiki/Olde_English_District","/wiki/Old_96_District","/wiki/Pee_Dee","/wiki/Piedmont_(United_States)","/wiki/Sandhills_(Carolina)","/wiki/Sea_Islands","/wiki/Upstate_South_Carolina","/wiki/List_of_cities_in_South_Carolina","/wiki/Charleston,_South_Carolina","/wiki/Columbia,_South_Carolina","/wiki/Greenville,_South_Carolina","/wiki/Mount_Pleasant,_South_Carolina","/wiki/North_Charleston,_South_Carolina","/wiki/Rock_Hill,_South_Carolina","/wiki/Spartanburg,_South_Carolina","/wiki/List_of_cities_in_South_Carolina","/wiki/Aiken,_South_Carolina","/wiki/Anderson,_South_Carolina","/wiki/Beaufort,_South_Carolina","/wiki/Bennettsville,_South_Carolina","/wiki/Camden,_South_Carolina","/wiki/Cayce,_South_Carolina","/wiki/Easley,_South_Carolina","/wiki/Florence,_South_Carolina","/wiki/Forest_Acres,_South_Carolina","/wiki/Gaffney,_South_Carolina","/wiki/Greenwood,_South_Carolina","/wiki/Greer,_South_Carolina","/wiki/Georgetown,_South_Carolina","/wiki/Goose_Creek,_South_Carolina","/wiki/Hilton_Head_Island,_South_Carolina","/wiki/Isle_of_Palms,_South_Carolina","/wiki/Laurens,_South_Carolina","/wiki/Lexington,_South_Carolina","/wiki/Mauldin,_South_Carolina","/wiki/North_Augusta,_South_Carolina","/wiki/Myrtle_Beach,_South_Carolina","/wiki/North_Myrtle_Beach,_South_Carolina","/wiki/Orangeburg,_South_Carolina","/wiki/Simpsonville,_South_Carolina","/wiki/Summerville,_South_Carolina","/wiki/Sumter,_South_Carolina","/wiki/Union,_South_Carolina","/wiki/Walterboro,_South_Carolina","/wiki/West_Columbia,_South_Carolina","/wiki/York,_South_Carolina","/wiki/List_of_towns_in_South_Carolina","/wiki/Abbeville,_South_Carolina","/wiki/Barnwell,_South_Carolina","/wiki/Batesburg-Leesville,_South_Carolina","/wiki/Clemson,_South_Carolina","/wiki/Dillon,_South_Carolina","/wiki/Darlington,_South_Carolina","/wiki/Edgefield,_South_Carolina","/wiki/Fort_Mill,_South_Carolina","/wiki/Fountain_Inn,_South_Carolina","/wiki/Great_Falls,_South_Carolina","/wiki/Hardeeville,_South_Carolina","/wiki/Irmo,_South_Carolina","/wiki/Jefferson,_South_Carolina","/wiki/Kingstree,_South_Carolina","/wiki/Liberty,_South_Carolina","/wiki/Moncks_Corner,_South_Carolina","/wiki/McCormick,_South_Carolina","/wiki/Marion,_South_Carolina","/wiki/Newberry,_South_Carolina","/wiki/Pageland,_South_Carolina","/wiki/Pendleton,_South_Carolina","/wiki/Pickens,_South_Carolina","/wiki/Seneca,_South_Carolina","/wiki/Sullivan%27s_Island,_South_Carolina","/wiki/Travelers_Rest,_South_Carolina","/wiki/Walhalla,_South_Carolina","/wiki/Westminster,_South_Carolina","/wiki/Williamston,_South_Carolina","/wiki/Category:Census-designated_places_in_South_Carolina","/wiki/Berea,_South_Carolina","/wiki/Carolina_Forest,_South_Carolina","/wiki/Dentsville,_South_Carolina","/wiki/Gantt,_South_Carolina","/wiki/Ladson,_South_Carolina","/wiki/Parker,_South_Carolina","/wiki/Red_Hill,_South_Carolina","/wiki/St._Andrews,_South_Carolina","/wiki/Seven_Oaks,_South_Carolina","/wiki/Socastee,_South_Carolina","/wiki/Taylors,_South_Carolina","/wiki/Wade_Hampton,_South_Carolina","/wiki/List_of_counties_in_South_Carolina","/wiki/Abbeville_County,_South_Carolina","/wiki/Aiken_County,_South_Carolina","/wiki/Allendale_County,_South_Carolina","/wiki/Anderson_County,_South_Carolina","/wiki/Bamberg_County,_South_Carolina","/wiki/Barnwell_County,_South_Carolina","/wiki/Beaufort_County,_South_Carolina","/wiki/Berkeley_County,_South_Carolina","/wiki/Calhoun_County,_South_Carolina","/wiki/Charleston_County,_South_Carolina","/wiki/Cherokee_County,_South_Carolina","/wiki/Chester_County,_South_Carolina","/wiki/Chesterfield_County,_South_Carolina","/wiki/Clarendon_County,_South_Carolina","/wiki/Colleton_County,_South_Carolina","/wiki/Darlington_County,_South_Carolina","/wiki/Dillon_County,_South_Carolina","/wiki/Dorchester_County,_South_Carolina","/wiki/Edgefield_County,_South_Carolina","/wiki/Fairfield_County,_South_Carolina","/wiki/Florence_County,_South_Carolina","/wiki/Georgetown_County,_South_Carolina","/wiki/Greenville_County,_South_Carolina","/wiki/Greenwood_County,_South_Carolina","/wiki/Hampton_County,_South_Carolina","/wiki/Horry_County,_South_Carolina","/wiki/Jasper_County,_South_Carolina","/wiki/Kershaw_County,_South_Carolina","/wiki/Lancaster_County,_South_Carolina","/wiki/Laurens_County,_South_Carolina","/wiki/Lee_County,_South_Carolina","/wiki/Lexington_County,_South_Carolina","/wiki/Marion_County,_South_Carolina","/wiki/Marlboro_County,_South_Carolina","/wiki/McCormick_County,_South_Carolina","/wiki/Newberry_County,_South_Carolina","/wiki/Oconee_County,_South_Carolina","/wiki/Orangeburg_County,_South_Carolina","/wiki/Pickens_County,_South_Carolina","/wiki/Richland_County,_South_Carolina","/wiki/Saluda_County,_South_Carolina","/wiki/Spartanburg_County,_South_Carolina","/wiki/Sumter_County,_South_Carolina","/wiki/Union_County,_South_Carolina","/wiki/Williamsburg_County,_South_Carolina","/wiki/York_County,_South_Carolina","/wiki/South_Carolina","/wiki/History_of_South_Carolina","/wiki/South_Carolina#Famous_people_from_South_Carolina","/wiki/List_of_Governors_of_South_Carolina","/wiki/South_Carolina_General_Assembly","/wiki/South_Carolina_State_House","/wiki/South_Carolina_Congressional_Districts","/wiki/South_Carolina_census_statistical_areas","/wiki/List_of_South_Carolina_state_parks","/wiki/List_of_rivers_in_South_Carolina","/wiki/Category:National_Wildlife_Refuges_in_South_Carolina","/wiki/List_of_Registered_Historic_Places_in_South_Carolina","/wiki/Category:Amusement_parks_in_South_Carolina","/wiki/Category:Sports_venues_in_South_Carolina","/wiki/Category:Shopping_malls_in_South_Carolina","/wiki/List_of_television_stations_in_South_Carolina","/wiki/List_of_radio_stations_in_South_Carolina_by_frequency","/wiki/List_of_numbered_highways_in_South_Carolina","/wiki/List_of_airports_in_South_Carolina","/wiki/Category:Visitor_attractions_in_South_Carolina","/wiki/Crime_in_South_Carolina","/wiki/Demographics_of_South_Carolina","/wiki/Economy_of_South_Carolina","/wiki/Education_in_South_Carolina","/wiki/Politics_of_South_Carolina","//en.wikipedia.org/w/index.php?title=Special:CentralAutoLogin/start&type=1x1&from=enwiki","http://en.wikipedia.org/w/index.php?title=List_of_colleges_and_universities_in_South_Carolina&oldid=561015763","/wiki/Help:Categories","/wiki/Category:Universities_and_colleges_in_South_Carolina","/wiki/Category:Lists_of_universities_and_colleges_by_U.S._state","/wiki/Category:South_Carolina-related_lists","/wiki/Category:Use_mdy_dates_from_December_2012","/wiki/Category:All_articles_with_unsourced_statements","/wiki/Category:Articles_with_unsourced_statements_from_June_2013","/w/index.php?title=Special:UserLogin&returnto=List+of+colleges+and+universities+in+South+Carolina&type=signup","/w/index.php?title=Special:UserLogin&returnto=List+of+colleges+and+universities+in+South+Carolina","/wiki/List_of_colleges_and_universities_in_South_Carolina","/wiki/Talk:List_of_colleges_and_universities_in_South_Carolina","#","/wiki/List_of_colleges_and_universities_in_South_Carolina","/w/index.php?title=List_of_colleges_and_universities_in_South_Carolina&action=edit","/w/index.php?title=List_of_colleges_and_universities_in_South_Carolina&action=history","#","/w/index.php","//bits.wikimedia.org/static-1.22wmf10/skins/vector/images/search-ltr.png?303-4","/wiki/Main_Page","/wiki/Main_Page","/wiki/Portal:Contents","/wiki/Portal:Featured_content","/wiki/Portal:Current_events","/wiki/Special:Random","//donate.wikimedia.org/wiki/Special:FundraiserRedirector?utm_source=donate&utm_medium=sidebar&utm_campaign=C13_en.wikipedia.org&uselang=en","/wiki/Help:Contents","/wiki/Wikipedia:About","/wiki/Wikipedia:Community_portal","/wiki/Special:RecentChanges","//en.wikipedia.org/wiki/Wikipedia:Contact_us","/wiki/Special:WhatLinksHere/List_of_colleges_and_universities_in_South_Carolina","/wiki/Special:RecentChangesLinked/List_of_colleges_and_universities_in_South_Carolina","/wiki/Wikipedia:File_Upload_Wizard","/wiki/Special:SpecialPages","/w/index.php?title=List_of_colleges_and_universities_in_South_Carolina&oldid=561015763","/w/index.php?title=List_of_colleges_and_universities_in_South_Carolina&action=info","//www.wikidata.org/wiki/Q500148","/w/index.php?title=Special:Cite&page=List_of_colleges_and_universities_in_South_Carolina&id=561015763","/w/index.php?title=Special:Book&bookcmd=book_creator&referer=List+of+colleges+and+universities+in+South+Carolina","/w/index.php?title=Special:Book&bookcmd=render_article&arttitle=List+of+colleges+and+universities+in+South+Carolina&oldid=561015763&writer=rl","/w/index.php?title=List_of_colleges_and_universities_in_South_Carolina&printable=yes","//de.wikipedia.org/wiki/Liste_der_Universit%C3%A4ten_in_South_Carolina","//fa.wikipedia.org/wiki/%D9%81%D9%87%D8%B1%D8%B3%D8%AA_%D8%AF%D8%A7%D9%86%D8%B4%DA%AF%D8%A7%D9%87%E2%80%8C%D9%87%D8%A7%DB%8C_%DA%A9%D8%A7%D8%B1%D9%88%D9%84%DB%8C%D9%86%D8%A7%DB%8C_%D8%AC%D9%86%D9%88%D8%A8%DB%8C","//simple.wikipedia.org/wiki/Colleges_and_universities_in_South_Carolina","#","//www.wikidata.org/wiki/Q500148#sitelinks-wikipedia","//en.wikipedia.org/wiki/Wikipedia:Text_of_Creative_Commons_Attribution-ShareAlike_3.0_Unported_License","//creativecommons.org/licenses/by-sa/3.0/","//wikimediafoundation.org/wiki/Terms_of_Use","//wikimediafoundation.org/wiki/Privacy_policy","//www.wikimediafoundation.org/","//wikimediafoundation.org/wiki/Privacy_policy","/wiki/Wikipedia:About","/wiki/Wikipedia:General_disclaimer","//en.wikipedia.org/wiki/Wikipedia:Contact_us","//en.m.wikipedia.org/wiki/List_of_colleges_and_universities_in_South_Carolina","//wikimediafoundation.org/","//bits.wikimedia.org/images/wikimedia-button.png","//www.mediawiki.org/","//bits.wikimedia.org/static-1.22wmf10/skins/common/images/poweredby_mediawiki_88x31.png","//bits.wikimedia.org/en.wikipedia.org/load.php?debug=false&lang=en&modules=site&only=scripts&skin=vector&*"],"instances":["south_carolina","south_carolina","united_states"],"pdf":["http://www.sacscoc.org/pdf/webmemlist.pdf","http://www.acics.org/uploadedFiles/Publications/7_20_09.pdf","http://www.ats.edu/Resources/PublicationsPresentations/Documents/Bulletin/Part2MembershipList.pdf"],"categories":["Universities and colleges in South Carolina|*","Lists of universities and colleges by U.S. state|South Carolina","South Carolina-related lists|Colleges"],"headings":["Institutions","Out-of-state institutions","See also","Notes","References","External links"],"image":["//upload.wikimedia.org/wikipedia/commons/thumb/6/69/Flag_of_South_Carolina.svg/32px-Flag_of_South_Carolina.svg.png","//upload.wikimedia.org/wikipedia/en/thumb/f/fd/Portal-puzzle.svg/32px-Portal-puzzle.svg.png","//upload.wikimedia.org/wikipedia/commons/thumb/6/69/Flag_of_South_Carolina.svg/23px-Flag_of_South_Carolina.svg.png","//en.wikipedia.org/w/index.php?title=Special:CentralAutoLogin/start&type=1x1&from=enwiki","//bits.wikimedia.org/static-1.22wmf10/skins/vector/images/search-ltr.png?303-4","//bits.wikimedia.org/images/wikimedia-button.png","//bits.wikimedia.org/static-1.22wmf10/skins/common/images/poweredby_mediawiki_88x31.png"],"tags":[["anderson_university","south_carolina"],["columbia_college","south_carolina"],["presbyterian_church","u.s.a."],["episcopal_church","united_states"]],"members":["anderson_university","presbyterian_church","columbia_college","episcopal_church"],"related":["U.S._state","South_Carolina","University_of_South_Carolina","Columbia,_South_Carolina","Trident_Technical_College","North_Charleston,_South_Carolina","W._L._Bonner_College","International_Pentecostal_Holiness_Church","College_of_Charleston","Southern_Association_of_Colleges_and_Schools","Association_for_Biblical_Higher_Education","Accrediting_Council_for_Independent_Colleges_and_Schools","Association_of_Theological_Schools_in_the_United_States_and_Canada","Transnational_Association_of_Christian_Colleges_and_Schools","Historically_black_colleges_and_universities","Medical_University_of_South_Carolina","University_of_South_Carolina_School_of_Medicine","Medical_school","Charleston_School_of_Law","University_of_South_Carolina_School_of_Law","American_Bar_Association","Carnegie_Classification_of_Institutions_of_Higher_Education","Aiken_Technical_College","Aiken,_South_Carolina","Southern_Association_of_Colleges_and_Schools","Allen_University","Columbia,_South_Carolina","African_Methodist_Episcopal_Church","Southern_Association_of_Colleges_and_Schools","Anderson_University_(South_Carolina)","Anderson,_South_Carolina","Southern_Baptist_Convention","Southern_Association_of_Colleges_and_Schools","Benedict_College","Columbia,_South_Carolina","American_Baptist_Churches_USA","Southern_Association_of_Colleges_and_Schools","Bob_Jones_University","Greenville,_South_Carolina","For-profit_university","Transnational_Association_of_Christian_Colleges_and_Schools","Cathedral_Bible_College","Myrtle_Beach,_South_Carolina","Interdenominationalism","Central_Carolina_Technical_College","Sumter,_South_Carolina","Southern_Association_of_Colleges_and_Schools","Charleston_School_of_Law","Charleston,_South_Carolina","American_Bar_Association","Charleston_Southern_University","North_Charleston,_South_Carolina","Southern_Baptist_Convention","Southern_Association_of_Colleges_and_Schools","Charleston,_South_Carolina","Southern_Association_of_Colleges_and_Schools","Claflin_University","Orangeburg,_South_Carolina","United_Methodist_Church","Southern_Association_of_Colleges_and_Schools","Clemson_University","Clemson,_South_Carolina","Southern_Association_of_Colleges_and_Schools","Clinton_Junior_College","Rock_Hill,_South_Carolina","African_Methodist_Episcopal_Zion_Church","Transnational_Association_of_Christian_Colleges_and_Schools","Coastal_Carolina_University","Conway,_South_Carolina","Southern_Association_of_Colleges_and_Schools","Coker_College","Hartsville,_South_Carolina","Southern_Association_of_Colleges_and_Schools","College_of_Charleston","Charleston,_South_Carolina","Southern_Association_of_Colleges_and_Schools","Columbia_College_(South_Carolina)","Women's_colleges_in_the_United_States","Columbia,_South_Carolina","United_Methodist_Church","Southern_Association_of_Colleges_and_Schools","Columbia_International_University","Columbia,_South_Carolina","Interdenominationalism","Southern_Association_of_Colleges_and_Schools","Converse_College","Spartanburg,_South_Carolina","Southern_Association_of_Colleges_and_Schools","Denmark_Technical_College","Denmark,_South_Carolina","Southern_Association_of_Colleges_and_Schools","Erskine_College","Due_West,_South_Carolina","Reformed_Presbyterian_Church_in_the_United_States","Southern_Association_of_Colleges_and_Schools","FlorenceDarlington_Technical_College","Florence,_South_Carolina","Southern_Association_of_Colleges_and_Schools","Forrest_College","Anderson,_South_Carolina","For-profit_university","Accrediting_Council_for_Independent_Colleges_and_Schools","Francis_Marion_University","Florence,_South_Carolina","Southern_Association_of_Colleges_and_Schools","Furman_University","Greenville,_South_Carolina","Southern_Association_of_Colleges_and_Schools","Greenville_Technical_College","Greenville,_South_Carolina","Southern_Association_of_Colleges_and_Schools","Horry-Georgetown_Technical_College","Conway,_South_Carolina","Southern_Association_of_Colleges_and_Schools","Lander_University","Greenwood,_South_Carolina","Southern_Association_of_Colleges_and_Schools","Limestone_College","Gaffney,_South_Carolina","Interdenominationalism","Southern_Association_of_Colleges_and_Schools","Lutheran_Theological_Southern_Seminary","Columbia,_South_Carolina","Evangelical_Lutheran_Church_in_America","Association_of_Theological_Schools_in_the_United_States_and_Canada","Medical_University_of_South_Carolina","Charleston,_South_Carolina","Southern_Association_of_Colleges_and_Schools","Midlands_Technical_College","West_Columbia,_South_Carolina","Southern_Association_of_Colleges_and_Schools","Morris_College","Sumter,_South_Carolina","Southern_Baptist_Church","Southern_Association_of_Colleges_and_Schools","Newberry_College","Newberry,_South_Carolina","Evangelical_Lutheran_Church_in_America","Southern_Association_of_Colleges_and_Schools","North_Greenville_University","Tigerville,_South_Carolina","Southern_Baptist_Church","Southern_Association_of_Colleges_and_Schools","Northeastern_Technical_College","Cheraw,_South_Carolina","Southern_Association_of_Colleges_and_Schools","OrangeburgCalhoun_Technical_College","Orangeburg,_South_Carolina","Southern_Association_of_Colleges_and_Schools","Piedmont_Technical_College","Greenwood,_South_Carolina","Southern_Association_of_Colleges_and_Schools","Presbyterian_College","Clinton,_South_Carolina","Presbyterian_Church_(U.S.A.)","Southern_Association_of_Colleges_and_Schools","Sherman_College_of_Chiropractic","Spartanburg,_South_Carolina","Southern_Association_of_Colleges_and_Schools","South_Carolina_State_University","Orangeburg,_South_Carolina","Southern_Association_of_Colleges_and_Schools","Southern_Wesleyan_University","Central,_South_Carolina","Wesleyan_Church","Southern_Association_of_Colleges_and_Schools","Spartanburg_Community_College","Spartanburg,_South_Carolina","Southern_Association_of_Colleges_and_Schools","Spartanburg_Methodist_College","Spartanburg,_South_Carolina","United_Methodist_Church","Southern_Association_of_Colleges_and_Schools","Technical_College_of_the_Lowcountry","Beaufort,_South_Carolina","Southern_Association_of_Colleges_and_Schools","Tri-County_Technical_College","Pendleton,_South_Carolina","Southern_Association_of_Colleges_and_Schools","Trident_Technical_College","North_Charleston,_South_Carolina","Southern_Association_of_Colleges_and_Schools","University_of_South_Carolina","Columbia,_South_Carolina","Southern_Association_of_Colleges_and_Schools","University_of_South_Carolina_Aiken","Aiken,_South_Carolina","Southern_Association_of_Colleges_and_Schools","University_of_South_Carolina_Beaufort","Beaufort,_South_Carolina","Southern_Association_of_Colleges_and_Schools","University_of_South_Carolina_Lancaster","Lancaster,_South_Carolina","Southern_Association_of_Colleges_and_Schools","University_of_South_Carolina_Salkehatchie","Allendale,_South_Carolina","Southern_Association_of_Colleges_and_Schools","University_of_South_Carolina_Sumter","Sumter,_South_Carolina","Southern_Association_of_Colleges_and_Schools","University_of_South_Carolina_Union","Union,_South_Carolina","Southern_Association_of_Colleges_and_Schools","University_of_South_Carolina_Upstate","Spartanburg,_South_Carolina","Southern_Association_of_Colleges_and_Schools","Voorhees_College","Denmark,_South_Carolina","Episcopal_Church_(United_States)","Southern_Association_of_Colleges_and_Schools","W._L._Bonner_College","Columbia,_South_Carolina","Pentecostal_Holiness_Church","Association_for_Biblical_Higher_Education","Williamsburg_Technical_College","Kingstree,_South_Carolina","Southern_Association_of_Colleges_and_Schools","Winthrop_University","Rock_Hill,_South_Carolina","Southern_Association_of_Colleges_and_Schools","Wofford_College","Spartanburg,_South_Carolina","United_Methodist_Church","Southern_Association_of_Colleges_and_Schools","York_Technical_College","Rock_Hill,_South_Carolina","Southern_Association_of_Colleges_and_Schools","Brown_Mackie_College","Greenville,_South_Carolina","Centura_College","Charleston,_South_Carolina","Columbia,_South_Carolina","Golf_Academy_of_America","Myrtle_Beach,_South_Carolina","ITT_Technical_Institute","North_Charleston,_South_Carolina","Miller-Motte_Technical_College","South_University","Strayer_University","The_Art_Institutes","University_of_Phoenix","Virginia_College","Higher_education_in_the_United_States","List_of_American_institutions_of_higher_education","List_of_recognized_higher_education_accreditation_organizations","List_of_colleges_and_universities","List_of_colleges_and_universities_by_country"]}