{"cursor":"26454","size":15,"audio":[],"currentlang":"en","article":" __NOTOC__ This is a list of Israeli localities, including\nIsraeli settlements in the West Bank, having standing links to local communities\nin other countries. In most cases, the association, especially when formalised\nby local government, is known as \"town twinning\" (though other terms, such as\n\"partner towns\" or \"sister cities\" are sometimes used instead), and while most\nof the places included are towns, the list also comprises villages, cities,\ndistricts, counties, etc. with similar links.\n","linknr":1193,"url":"List_of_Israeli_twin_towns_and_sister_cities","recorded":1375074034,"links":["/w/index.php?title=List_of_Israeli_twin_towns_and_sister_cities&action=edit","/w/index.php?title=List_of_Israeli_twin_towns_and_sister_cities&action=edit","//bits.wikimedia.org/favicon/wikipedia.ico","/w/opensearch_desc.php","//en.wikipedia.org/w/api.php?action=rsd","//creativecommons.org/licenses/by-sa/3.0/","/w/index.php?title=Special:RecentChanges&feed=atom","//bits.wikimedia.org/en.wikipedia.org/load.php?debug=false&lang=en&modules=ext.gadget.DRN-wizard%2CReferenceTooltips%2Ccharinsert%2Cteahouse%7Cext.rtlcite%2Cwikihiero%7Cext.uls.nojs%7Cmediawiki.legacy.commonPrint%2Cshared%7Cmw.PopUpMediaTransform%7Cskins.vector&only=styles&skin=vector&*","//bits.wikimedia.org/en.wikipedia.org/load.php?debug=false&lang=en&modules=site&only=styles&skin=vector&*","//bits.wikimedia.org/en.wikipedia.org/load.php?debug=false&lang=en&modules=startup&only=scripts&skin=vector&*","//bits.wikimedia.org/geoiplookup","//meta.wikimedia.org","#mw-navigation","#p-search","/wiki/File:Israel_labeled2.png","//upload.wikimedia.org/wikipedia/commons/thumb/0/05/Israel_labeled2.png/300px-Israel_labeled2.png","/wiki/Jerusalem","/wiki/Tel_Aviv","/wiki/Haifa","/wiki/Rishon_LeZion","/wiki/Ashdod","/wiki/Beersheba","/wiki/Petah_Tikva","/wiki/Netanya","/wiki/Holon","/wiki/Bnei_Brak","/wiki/Bat_Yam","/wiki/Ramat_Gan","/wiki/Ashkelon","/wiki/Rehovot","/wiki/Israeli_settlement","/wiki/West_Bank","/wiki/Town_twinning","/w/index.php?title=List_of_Israeli_twin_towns_and_sister_cities&action=edit&section=1","/wiki/Acre,_Israel","/w/index.php?title=List_of_Israeli_twin_towns_and_sister_cities&action=edit&section=2","/wiki/Austria","//upload.wikimedia.org/wikipedia/commons/thumb/4/41/Flag_of_Austria.svg/23px-Flag_of_Austria.svg.png","/wiki/Bregenz","/wiki/United_Kingdom","//upload.wikimedia.org/wikipedia/en/thumb/a/ae/Flag_of_the_United_Kingdom.svg/23px-Flag_of_the_United_Kingdom.svg.png","/wiki/Manchester","/wiki/France","//upload.wikimedia.org/wikipedia/en/thumb/c/c3/Flag_of_France.svg/23px-Flag_of_France.svg.png","/wiki/La_Rochelle","#cite_note-La_Rochelle-1","/wiki/Germany","//upload.wikimedia.org/wikipedia/en/thumb/b/ba/Flag_of_Germany.svg/23px-Flag_of_Germany.svg.png","/wiki/Recklinghausen","/wiki/Italy","//upload.wikimedia.org/wikipedia/en/thumb/0/03/Flag_of_Italy.svg/23px-Flag_of_Italy.svg.png","/wiki/Pisa","#cite_note-Pisa-2","/wiki/Poland","//upload.wikimedia.org/wikipedia/en/thumb/1/12/Flag_of_Poland.svg/23px-Flag_of_Poland.svg.png","/wiki/Bielsko-Bia%C5%82a","#cite_note-Bielsko-3","/wiki/United_States","//upload.wikimedia.org/wikipedia/en/thumb/a/a4/Flag_of_the_United_States.svg/23px-Flag_of_the_United_States.svg.png","/wiki/Canton,_Ohio","/wiki/United_States","//upload.wikimedia.org/wikipedia/en/thumb/a/a4/Flag_of_the_United_States.svg/23px-Flag_of_the_United_States.svg.png","/wiki/Deerfield_Beach","/wiki/Afula","/w/index.php?title=List_of_Israeli_twin_towns_and_sister_cities&action=edit&section=3","/wiki/Argentina","//upload.wikimedia.org/wikipedia/commons/thumb/1/1a/Flag_of_Argentina.svg/23px-Flag_of_Argentina.svg.png","/wiki/Santa_Fe,_Argentina","/wiki/United_States","//upload.wikimedia.org/wikipedia/en/thumb/a/a4/Flag_of_the_United_States.svg/23px-Flag_of_the_United_States.svg.png","/wiki/New_Haven,_Connecticut","/wiki/United_States","//upload.wikimedia.org/wikipedia/en/thumb/a/a4/Flag_of_the_United_States.svg/23px-Flag_of_the_United_States.svg.png","/wiki/Stamford,_Connecticut","/wiki/United_States","//upload.wikimedia.org/wikipedia/en/thumb/a/a4/Flag_of_the_United_States.svg/23px-Flag_of_the_United_States.svg.png","/wiki/West_Hartford,_Connecticut","/wiki/Arad,_Israel","/w/index.php?title=List_of_Israeli_twin_towns_and_sister_cities&action=edit&section=4","/wiki/Germany","//upload.wikimedia.org/wikipedia/en/thumb/b/ba/Flag_of_Germany.svg/23px-Flag_of_Germany.svg.png","/wiki/Dinslaken","/wiki/United_States","//upload.wikimedia.org/wikipedia/en/thumb/a/a4/Flag_of_the_United_States.svg/23px-Flag_of_the_United_States.svg.png","/wiki/Burlington,_Vermont","/wiki/United_States","//upload.wikimedia.org/wikipedia/en/thumb/a/a4/Flag_of_the_United_States.svg/23px-Flag_of_the_United_States.svg.png","/wiki/Wilmington,_Delaware","/wiki/Ariel_(city)","/w/index.php?title=List_of_Israeli_twin_towns_and_sister_cities&action=edit&section=5","/wiki/Costa_Rica","//upload.wikimedia.org/wikipedia/commons/thumb/f/f2/Flag_of_Costa_Rica.svg/23px-Flag_of_Costa_Rica.svg.png","/wiki/Heredia,_Costa_Rica","/wiki/United_States","//upload.wikimedia.org/wikipedia/en/thumb/a/a4/Flag_of_the_United_States.svg/23px-Flag_of_the_United_States.svg.png","/wiki/Mobile,_Alabama","/wiki/Ashdod","/w/index.php?title=List_of_Israeli_twin_towns_and_sister_cities&action=edit&section=6","/wiki/Argentina","//upload.wikimedia.org/wikipedia/commons/thumb/1/1a/Flag_of_Argentina.svg/23px-Flag_of_Argentina.svg.png","/wiki/Bah%C3%ADa_Blanca","#cite_note-4","/wiki/France","//upload.wikimedia.org/wikipedia/en/thumb/c/c3/Flag_of_France.svg/23px-Flag_of_France.svg.png","/wiki/Bordeaux","#cite_note-5","/wiki/Germany","//upload.wikimedia.org/wikipedia/en/thumb/b/ba/Flag_of_Germany.svg/23px-Flag_of_Germany.svg.png","/wiki/Spandau","#cite_note-6","/wiki/United_States","//upload.wikimedia.org/wikipedia/en/thumb/a/a4/Flag_of_the_United_States.svg/23px-Flag_of_the_United_States.svg.png","/wiki/Tampa,_Florida","#cite_note-7","/wiki/Ashkelon","/w/index.php?title=List_of_Israeli_twin_towns_and_sister_cities&action=edit&section=7","/wiki/Uganda","//upload.wikimedia.org/wikipedia/commons/thumb/4/4e/Flag_of_Uganda.svg/23px-Flag_of_Uganda.svg.png","/wiki/Entebbe","/wiki/United_States","//upload.wikimedia.org/wikipedia/en/thumb/a/a4/Flag_of_the_United_States.svg/23px-Flag_of_the_United_States.svg.png","/wiki/Sacramento,_California","/wiki/United_States","//upload.wikimedia.org/wikipedia/en/thumb/a/a4/Flag_of_the_United_States.svg/23px-Flag_of_the_United_States.svg.png","/wiki/Baltimore,_Maryland","/wiki/United_States","//upload.wikimedia.org/wikipedia/en/thumb/a/a4/Flag_of_the_United_States.svg/23px-Flag_of_the_United_States.svg.png","/wiki/Portland,_Oregon","/w/index.php?title=List_of_Israeli_twin_towns_and_sister_cities&action=edit&section=8","/wiki/Bat_Yam","/w/index.php?title=List_of_Israeli_twin_towns_and_sister_cities&action=edit&section=9","/wiki/Serbia","//upload.wikimedia.org/wikipedia/commons/thumb/f/ff/Flag_of_Serbia.svg/23px-Flag_of_Serbia.svg.png","/wiki/Kragujevac","/wiki/Italy","//upload.wikimedia.org/wikipedia/en/thumb/0/03/Flag_of_Italy.svg/23px-Flag_of_Italy.svg.png","/wiki/Livorno","/wiki/Turkey","//upload.wikimedia.org/wikipedia/commons/thumb/b/b4/Flag_of_Turkey.svg/23px-Flag_of_Turkey.svg.png","/wiki/Antalya","/wiki/Poland","//upload.wikimedia.org/wikipedia/en/thumb/1/12/Flag_of_Poland.svg/23px-Flag_of_Poland.svg.png","/wiki/Kutno","/wiki/France","//upload.wikimedia.org/wikipedia/en/thumb/c/c3/Flag_of_France.svg/23px-Flag_of_France.svg.png","/wiki/Villeurbanne","/wiki/Chile","//upload.wikimedia.org/wikipedia/commons/thumb/7/78/Flag_of_Chile.svg/23px-Flag_of_Chile.svg.png","/wiki/Valpara%C3%ADso","/wiki/Germany","//upload.wikimedia.org/wikipedia/en/thumb/b/ba/Flag_of_Germany.svg/23px-Flag_of_Germany.svg.png","/wiki/Aurich","/wiki/Germany","//upload.wikimedia.org/wikipedia/en/thumb/b/ba/Flag_of_Germany.svg/23px-Flag_of_Germany.svg.png","/wiki/Neuk%C3%B6lln","/wiki/Ecuador","//upload.wikimedia.org/wikipedia/commons/thumb/e/e8/Flag_of_Ecuador.svg/23px-Flag_of_Ecuador.svg.png","/wiki/Salinas,_Ecuador","/wiki/Beersheba","/w/index.php?title=List_of_Israeli_twin_towns_and_sister_cities&action=edit&section=10","/wiki/Argentina","//upload.wikimedia.org/wikipedia/commons/thumb/1/1a/Flag_of_Argentina.svg/23px-Flag_of_Argentina.svg.png","/wiki/La_Plata","/wiki/Australia","//upload.wikimedia.org/wikipedia/en/thumb/b/b9/Flag_of_Australia.svg/23px-Flag_of_Australia.svg.png","/wiki/Parramatta,_New_South_Wales","/wiki/Canada","//upload.wikimedia.org/wikipedia/en/thumb/c/cf/Flag_of_Canada.svg/23px-Flag_of_Canada.svg.png","/wiki/Montreal,_Quebec","/wiki/Canada","//upload.wikimedia.org/wikipedia/en/thumb/c/cf/Flag_of_Canada.svg/23px-Flag_of_Canada.svg.png","/wiki/Winnipeg","/wiki/Ethiopia","//upload.wikimedia.org/wikipedia/commons/thumb/7/71/Flag_of_Ethiopia.svg/23px-Flag_of_Ethiopia.svg.png","/wiki/Addis_Ababa","/wiki/France","//upload.wikimedia.org/wikipedia/en/thumb/c/c3/Flag_of_France.svg/23px-Flag_of_France.svg.png","/wiki/Lyon","/wiki/Georgia_(country)","//upload.wikimedia.org/wikipedia/commons/thumb/0/0f/Flag_of_Georgia.svg/23px-Flag_of_Georgia.svg.png","/wiki/Oni,_Georgia","/wiki/Germany","//upload.wikimedia.org/wikipedia/en/thumb/b/ba/Flag_of_Germany.svg/23px-Flag_of_Germany.svg.png","/wiki/Rosenheim","/wiki/Germany","//upload.wikimedia.org/wikipedia/en/thumb/b/ba/Flag_of_Germany.svg/23px-Flag_of_Germany.svg.png","/wiki/Wuppertal","/wiki/Romania","//upload.wikimedia.org/wikipedia/commons/thumb/7/73/Flag_of_Romania.svg/23px-Flag_of_Romania.svg.png","/wiki/Cluj-Napoca","/wiki/Serbia","//upload.wikimedia.org/wikipedia/commons/thumb/f/ff/Flag_of_Serbia.svg/23px-Flag_of_Serbia.svg.png","/wiki/Ni%C5%A1","/wiki/Philippines","//upload.wikimedia.org/wikipedia/commons/thumb/9/99/Flag_of_the_Philippines.svg/23px-Flag_of_the_Philippines.svg.png","/wiki/Cebu_City","/wiki/Turkey","//upload.wikimedia.org/wikipedia/commons/thumb/b/b4/Flag_of_Turkey.svg/23px-Flag_of_Turkey.svg.png","/wiki/Adana","/wiki/United_States","//upload.wikimedia.org/wikipedia/en/thumb/a/a4/Flag_of_the_United_States.svg/23px-Flag_of_the_United_States.svg.png","/wiki/Seattle","#cite_note-8","/wiki/Beit_Shemesh","/w/index.php?title=List_of_Israeli_twin_towns_and_sister_cities&action=edit&section=11","/wiki/Sister_cities","/wiki/United_States","//upload.wikimedia.org/wikipedia/en/thumb/a/a4/Flag_of_the_United_States.svg/23px-Flag_of_the_United_States.svg.png","/wiki/South_Africa","//upload.wikimedia.org/wikipedia/commons/thumb/a/af/Flag_of_South_Africa.svg/23px-Flag_of_South_Africa.svg.png","/wiki/United_States","//upload.wikimedia.org/wikipedia/en/thumb/a/a4/Flag_of_the_United_States.svg/23px-Flag_of_the_United_States.svg.png","/wiki/Cocoa,_Florida","/wiki/United_States","//upload.wikimedia.org/wikipedia/en/thumb/a/a4/Flag_of_the_United_States.svg/23px-Flag_of_the_United_States.svg.png","/wiki/Lancaster,_Pennsylvania","/wiki/United_States","//upload.wikimedia.org/wikipedia/en/thumb/a/a4/Flag_of_the_United_States.svg/23px-Flag_of_the_United_States.svg.png","/wiki/Ramapo,_New_York","/wiki/Germany","//upload.wikimedia.org/wikipedia/en/thumb/b/ba/Flag_of_Germany.svg/23px-Flag_of_Germany.svg.png","/wiki/Nordhausen","/wiki/China","//upload.wikimedia.org/wikipedia/commons/thumb/f/fa/Flag_of_the_People%27s_Republic_of_China.svg/23px-Flag_of_the_People%27s_Republic_of_China.svg.png","/wiki/Lhasa","/wiki/Binyamina","/w/index.php?title=List_of_Israeli_twin_towns_and_sister_cities&action=edit&section=12","/wiki/Hungary","//upload.wikimedia.org/wikipedia/commons/thumb/c/c1/Flag_of_Hungary.svg/23px-Flag_of_Hungary.svg.png","/wiki/Tokaj","/w/index.php?title=List_of_Israeli_twin_towns_and_sister_cities&action=edit&section=13","/wiki/Eilat","/w/index.php?title=List_of_Israeli_twin_towns_and_sister_cities&action=edit&section=14","/wiki/Argentina","//upload.wikimedia.org/wikipedia/commons/thumb/1/1a/Flag_of_Argentina.svg/23px-Flag_of_Argentina.svg.png","/wiki/Ushuaia","/wiki/Bulgaria","//upload.wikimedia.org/wikipedia/commons/thumb/9/9a/Flag_of_Bulgaria.svg/23px-Flag_of_Bulgaria.svg.png","/wiki/Smolyan","/wiki/Canada","//upload.wikimedia.org/wikipedia/en/thumb/c/cf/Flag_of_Canada.svg/23px-Flag_of_Canada.svg.png","/wiki/Toronto","/wiki/France","//upload.wikimedia.org/wikipedia/en/thumb/c/c3/Flag_of_France.svg/23px-Flag_of_France.svg.png","/wiki/Antibes","/wiki/France","//upload.wikimedia.org/wikipedia/en/thumb/c/c3/Flag_of_France.svg/23px-Flag_of_France.svg.png","/wiki/Juan-les-Pins","/wiki/Germany","//upload.wikimedia.org/wikipedia/en/thumb/b/ba/Flag_of_Germany.svg/23px-Flag_of_Germany.svg.png","/wiki/Kamen","/wiki/Greece","//upload.wikimedia.org/wikipedia/commons/thumb/5/5c/Flag_of_Greece.svg/23px-Flag_of_Greece.svg.png","/wiki/Serres","/wiki/Hungary","//upload.wikimedia.org/wikipedia/commons/thumb/c/c1/Flag_of_Hungary.svg/23px-Flag_of_Hungary.svg.png","/wiki/Sopron","/wiki/Netherlands","//upload.wikimedia.org/wikipedia/commons/thumb/2/20/Flag_of_the_Netherlands.svg/23px-Flag_of_the_Netherlands.svg.png","/wiki/Kampen_(Overijssel)","/wiki/Slovakia","//upload.wikimedia.org/wikipedia/commons/thumb/e/e6/Flag_of_Slovakia.svg/23px-Flag_of_Slovakia.svg.png","/wiki/Pie%C5%A1%C5%A5any","/wiki/South_Africa","//upload.wikimedia.org/wikipedia/commons/thumb/a/af/Flag_of_South_Africa.svg/23px-Flag_of_South_Africa.svg.png","/wiki/Durban","/wiki/Spain","//upload.wikimedia.org/wikipedia/en/thumb/9/9a/Flag_of_Spain.svg/23px-Flag_of_Spain.svg.png","/wiki/Benidorm","/wiki/United_States","//upload.wikimedia.org/wikipedia/en/thumb/a/a4/Flag_of_the_United_States.svg/23px-Flag_of_the_United_States.svg.png","/wiki/Los_Angeles,_California","/w/index.php?title=List_of_Israeli_twin_towns_and_sister_cities&action=edit&section=15","/wiki/Giv%27atayim","/w/index.php?title=List_of_Israeli_twin_towns_and_sister_cities&action=edit&section=16","/wiki/United_States","//upload.wikimedia.org/wikipedia/en/thumb/a/a4/Flag_of_the_United_States.svg/23px-Flag_of_the_United_States.svg.png","/wiki/Chattanooga,_Tennessee","/wiki/Givat_Shmuel","/w/index.php?title=List_of_Israeli_twin_towns_and_sister_cities&action=edit&section=17","/wiki/Poland","//upload.wikimedia.org/wikipedia/en/thumb/1/12/Flag_of_Poland.svg/23px-Flag_of_Poland.svg.png","/wiki/Go%C5%82dap","/wiki/Russia","//upload.wikimedia.org/wikipedia/en/thumb/f/f3/Flag_of_Russia.svg/23px-Flag_of_Russia.svg.png","/wiki/Dubna","/wiki/Germany","//upload.wikimedia.org/wikipedia/en/thumb/b/ba/Flag_of_Germany.svg/23px-Flag_of_Germany.svg.png","/wiki/Stade","/w/index.php?title=List_of_Israeli_twin_towns_and_sister_cities&action=edit&section=18","/wiki/Haifa","/w/index.php?title=List_of_Israeli_twin_towns_and_sister_cities&action=edit&section=19","/wiki/Argentina","//upload.wikimedia.org/wikipedia/commons/thumb/1/1a/Flag_of_Argentina.svg/23px-Flag_of_Argentina.svg.png","/wiki/Rosario","/wiki/Belgium","//upload.wikimedia.org/wikipedia/commons/thumb/9/92/Flag_of_Belgium_%28civil%29.svg/23px-Flag_of_Belgium_%28civil%29.svg.png","/wiki/Antwerp","/wiki/Brazil","//upload.wikimedia.org/wikipedia/en/thumb/0/05/Flag_of_Brazil.svg/22px-Flag_of_Brazil.svg.png","/wiki/Rio_de_Janeiro","/wiki/China","//upload.wikimedia.org/wikipedia/commons/thumb/f/fa/Flag_of_the_People%27s_Republic_of_China.svg/23px-Flag_of_the_People%27s_Republic_of_China.svg.png","/wiki/Shanghai","/wiki/Cyprus","//upload.wikimedia.org/wikipedia/commons/thumb/d/d4/Flag_of_Cyprus.svg/23px-Flag_of_Cyprus.svg.png","/wiki/Limassol","/wiki/Denmark","//upload.wikimedia.org/wikipedia/commons/thumb/9/9c/Flag_of_Denmark.svg/20px-Flag_of_Denmark.svg.png","/wiki/Aalborg","/wiki/France","//upload.wikimedia.org/wikipedia/en/thumb/c/c3/Flag_of_France.svg/23px-Flag_of_France.svg.png","/wiki/Marseille","/wiki/Germany","//upload.wikimedia.org/wikipedia/en/thumb/b/ba/Flag_of_Germany.svg/23px-Flag_of_Germany.svg.png","/wiki/Bremen_(city)","/wiki/Germany","//upload.wikimedia.org/wikipedia/en/thumb/b/ba/Flag_of_Germany.svg/23px-Flag_of_Germany.svg.png","/wiki/D%C3%BCsseldorf","/wiki/Germany","//upload.wikimedia.org/wikipedia/en/thumb/b/ba/Flag_of_Germany.svg/23px-Flag_of_Germany.svg.png","/wiki/Erfurt","/wiki/Germany","//upload.wikimedia.org/wikipedia/en/thumb/b/ba/Flag_of_Germany.svg/23px-Flag_of_Germany.svg.png","/wiki/Mainz","/wiki/Philippines","//upload.wikimedia.org/wikipedia/commons/thumb/9/99/Flag_of_the_Philippines.svg/23px-Flag_of_the_Philippines.svg.png","/wiki/Manila","/wiki/Russia","//upload.wikimedia.org/wikipedia/en/thumb/f/f3/Flag_of_Russia.svg/23px-Flag_of_Russia.svg.png","/wiki/Saint_Petersburg","/wiki/South_Africa","//upload.wikimedia.org/wikipedia/commons/thumb/a/af/Flag_of_South_Africa.svg/23px-Flag_of_South_Africa.svg.png","/wiki/Cape_Town","/wiki/Ukraine","//upload.wikimedia.org/wikipedia/commons/thumb/4/49/Flag_of_Ukraine.svg/23px-Flag_of_Ukraine.svg.png","/wiki/Odessa","/wiki/United_Kingdom","//upload.wikimedia.org/wikipedia/en/thumb/a/ae/Flag_of_the_United_Kingdom.svg/23px-Flag_of_the_United_Kingdom.svg.png","/wiki/London_Borough_of_Hackney","/wiki/United_Kingdom","//upload.wikimedia.org/wikipedia/en/thumb/a/ae/Flag_of_the_United_Kingdom.svg/23px-Flag_of_the_United_Kingdom.svg.png","/wiki/Newcastle_upon_Tyne","/wiki/United_Kingdom","//upload.wikimedia.org/wikipedia/en/thumb/a/ae/Flag_of_the_United_Kingdom.svg/23px-Flag_of_the_United_Kingdom.svg.png","/wiki/Portsmouth","/wiki/United_States","//upload.wikimedia.org/wikipedia/en/thumb/a/a4/Flag_of_the_United_States.svg/23px-Flag_of_the_United_States.svg.png","/wiki/Boston","/wiki/United_States","//upload.wikimedia.org/wikipedia/en/thumb/a/a4/Flag_of_the_United_States.svg/23px-Flag_of_the_United_States.svg.png","/wiki/Fort_Lauderdale,_Florida","/wiki/United_States","//upload.wikimedia.org/wikipedia/en/thumb/a/a4/Flag_of_the_United_States.svg/23px-Flag_of_the_United_States.svg.png","/wiki/Palm_Desert,_California","/wiki/United_States","//upload.wikimedia.org/wikipedia/en/thumb/a/a4/Flag_of_the_United_States.svg/23px-Flag_of_the_United_States.svg.png","/wiki/San_Francisco","/wiki/Herzliya","/w/index.php?title=List_of_Israeli_twin_towns_and_sister_cities&action=edit&section=20","/wiki/Argentina","//upload.wikimedia.org/wikipedia/commons/thumb/1/1a/Flag_of_Argentina.svg/23px-Flag_of_Argentina.svg.png","/wiki/San_Isidro,_Buenos_Aires","/wiki/Portugal","//upload.wikimedia.org/wikipedia/commons/thumb/5/5c/Flag_of_Portugal.svg/23px-Flag_of_Portugal.svg.png","/wiki/Funchal","/wiki/Germany","//upload.wikimedia.org/wikipedia/en/thumb/b/ba/Flag_of_Germany.svg/23px-Flag_of_Germany.svg.png","/wiki/Leipzig","/wiki/United_States","//upload.wikimedia.org/wikipedia/en/thumb/a/a4/Flag_of_the_United_States.svg/23px-Flag_of_the_United_States.svg.png","/wiki/Hollywood,_Florida","/wiki/Hod_HaSharon","/w/index.php?title=List_of_Israeli_twin_towns_and_sister_cities&action=edit&section=21","/wiki/Germany","//upload.wikimedia.org/wikipedia/en/thumb/b/ba/Flag_of_Germany.svg/23px-Flag_of_Germany.svg.png","/wiki/Dorsten","/wiki/Romania","//upload.wikimedia.org/wikipedia/commons/thumb/7/73/Flag_of_Romania.svg/23px-Flag_of_Romania.svg.png","/wiki/Sinaia","/wiki/Turkey","//upload.wikimedia.org/wikipedia/commons/thumb/b/b4/Flag_of_Turkey.svg/23px-Flag_of_Turkey.svg.png","/wiki/%C4%B0zmir","/wiki/Holon","/w/index.php?title=List_of_Israeli_twin_towns_and_sister_cities&action=edit&section=22","/wiki/China","//upload.wikimedia.org/wikipedia/commons/thumb/f/fa/Flag_of_the_People%27s_Republic_of_China.svg/23px-Flag_of_the_People%27s_Republic_of_China.svg.png","/wiki/Anshan","/wiki/France","//upload.wikimedia.org/wikipedia/en/thumb/c/c3/Flag_of_France.svg/23px-Flag_of_France.svg.png","/wiki/Suresnes","/wiki/Germany","//upload.wikimedia.org/wikipedia/en/thumb/b/ba/Flag_of_Germany.svg/23px-Flag_of_Germany.svg.png","/wiki/Berlin-Mitte","/wiki/Germany","//upload.wikimedia.org/wikipedia/en/thumb/b/ba/Flag_of_Germany.svg/23px-Flag_of_Germany.svg.png","/wiki/Hannoversch_M%C3%BCnden","/wiki/South_Korea","//upload.wikimedia.org/wikipedia/commons/thumb/0/09/Flag_of_South_Korea.svg/23px-Flag_of_South_Korea.svg.png","/wiki/Andong","/wiki/United_States","//upload.wikimedia.org/wikipedia/en/thumb/a/a4/Flag_of_the_United_States.svg/23px-Flag_of_the_United_States.svg.png","/wiki/Dayton,_Ohio","/w/index.php?title=List_of_Israeli_twin_towns_and_sister_cities&action=edit&section=23","/wiki/Jerusalem","/w/index.php?title=List_of_Israeli_twin_towns_and_sister_cities&action=edit&section=24","/wiki/Czech_Republic","//upload.wikimedia.org/wikipedia/commons/thumb/c/cb/Flag_of_the_Czech_Republic.svg/23px-Flag_of_the_Czech_Republic.svg.png","/wiki/Prague","#cite_note-9","/wiki/Morocco","//upload.wikimedia.org/wikipedia/commons/thumb/2/2c/Flag_of_Morocco.svg/23px-Flag_of_Morocco.svg.png","/wiki/Fes","/wiki/Palestinian_National_Authority","/wiki/Al-Quds","#cite_note-10","#cite_note-11","/wiki/United_States","//upload.wikimedia.org/wikipedia/en/thumb/a/a4/Flag_of_the_United_States.svg/23px-Flag_of_the_United_States.svg.png","#cite_note-12","#cite_note-13","/w/index.php?title=List_of_Israeli_twin_towns_and_sister_cities&action=edit&section=25","/wiki/Karmiel","/w/index.php?title=List_of_Israeli_twin_towns_and_sister_cities&action=edit&section=26","/wiki/France","//upload.wikimedia.org/wikipedia/en/thumb/c/c3/Flag_of_France.svg/23px-Flag_of_France.svg.png","/wiki/Metz","#cite_note-14","/wiki/Germany","//upload.wikimedia.org/wikipedia/en/thumb/b/ba/Flag_of_Germany.svg/23px-Flag_of_Germany.svg.png","/wiki/Berlin-Wilmersdorf","/wiki/Hungary","//upload.wikimedia.org/wikipedia/commons/thumb/c/c1/Flag_of_Hungary.svg/23px-Flag_of_Hungary.svg.png","/wiki/Kisv%C3%A1rda","#cite_note-15","/wiki/Norway","//upload.wikimedia.org/wikipedia/commons/thumb/d/d9/Flag_of_Norway.svg/21px-Flag_of_Norway.svg.png","/wiki/Hamar","#cite_note-16","/wiki/United_States","//upload.wikimedia.org/wikipedia/en/thumb/a/a4/Flag_of_the_United_States.svg/23px-Flag_of_the_United_States.svg.png","/wiki/Denver,_Colorado","#cite_note-17","/wiki/United_States","//upload.wikimedia.org/wikipedia/en/thumb/a/a4/Flag_of_the_United_States.svg/23px-Flag_of_the_United_States.svg.png","/wiki/Pittsburgh","#cite_note-18","/wiki/Kefar_Chabad","/w/index.php?title=List_of_Israeli_twin_towns_and_sister_cities&action=edit&section=27","/wiki/United_States","//upload.wikimedia.org/wikipedia/en/thumb/a/a4/Flag_of_the_United_States.svg/23px-Flag_of_the_United_States.svg.png","/wiki/Crown_Heights,_Brooklyn","/wiki/Kfar_Saba","/w/index.php?title=List_of_Israeli_twin_towns_and_sister_cities&action=edit&section=28","/wiki/Costa_Rica","//upload.wikimedia.org/wikipedia/commons/thumb/f/f2/Flag_of_Costa_Rica.svg/23px-Flag_of_Costa_Rica.svg.png","/wiki/San_Jos%C3%A9,_Costa_Rica","/wiki/Germany","//upload.wikimedia.org/wikipedia/en/thumb/b/ba/Flag_of_Germany.svg/23px-Flag_of_Germany.svg.png","/wiki/M%C3%BClheim","/wiki/Germany","//upload.wikimedia.org/wikipedia/en/thumb/b/ba/Flag_of_Germany.svg/23px-Flag_of_Germany.svg.png","/wiki/Wiesbaden","/wiki/Guatemala","//upload.wikimedia.org/wikipedia/commons/thumb/e/ec/Flag_of_Guatemala.svg/23px-Flag_of_Guatemala.svg.png","/wiki/Guatemala_City","/wiki/Israel","//upload.wikimedia.org/wikipedia/commons/thumb/d/d4/Flag_of_Israel.svg/21px-Flag_of_Israel.svg.png","/wiki/Beit_Jann","/wiki/Netherlands","//upload.wikimedia.org/wikipedia/commons/thumb/2/20/Flag_of_the_Netherlands.svg/23px-Flag_of_the_Netherlands.svg.png","/wiki/Delft","#cite_note-19","/wiki/United_States","//upload.wikimedia.org/wikipedia/en/thumb/a/a4/Flag_of_the_United_States.svg/23px-Flag_of_the_United_States.svg.png","/wiki/Columbus,_Ohio","/wiki/Kiryat_Gat","/w/index.php?title=List_of_Israeli_twin_towns_and_sister_cities&action=edit&section=29","/wiki/United_States","//upload.wikimedia.org/wikipedia/en/thumb/a/a4/Flag_of_the_United_States.svg/23px-Flag_of_the_United_States.svg.png","/wiki/Buffalo,_New_York","/wiki/Kiryat_Yam","/w/index.php?title=List_of_Israeli_twin_towns_and_sister_cities&action=edit&section=30","/wiki/France","//upload.wikimedia.org/wikipedia/en/thumb/c/c3/Flag_of_France.svg/23px-Flag_of_France.svg.png","/wiki/Cr%C3%A9teil","/wiki/Germany","//upload.wikimedia.org/wikipedia/en/thumb/b/ba/Flag_of_Germany.svg/23px-Flag_of_Germany.svg.png","/wiki/Friedrichshain-Kreuzberg","/wiki/Hungary","//upload.wikimedia.org/wikipedia/commons/thumb/c/c1/Flag_of_Hungary.svg/23px-Flag_of_Hungary.svg.png","/wiki/Mak%C3%B3","/wiki/Russia","//upload.wikimedia.org/wikipedia/en/thumb/f/f3/Flag_of_Russia.svg/23px-Flag_of_Russia.svg.png","/wiki/Kislovodsk","/wiki/Kiryat_Motzkin","/w/index.php?title=List_of_Israeli_twin_towns_and_sister_cities&action=edit&section=31","/wiki/Hungary","//upload.wikimedia.org/wikipedia/commons/thumb/c/c1/Flag_of_Hungary.svg/23px-Flag_of_Hungary.svg.png","/wiki/Ny%C3%ADregyh%C3%A1za","/w/index.php?title=List_of_Israeli_twin_towns_and_sister_cities&action=edit&section=32","/wiki/Ma%27alot-Tarshiha","/w/index.php?title=List_of_Israeli_twin_towns_and_sister_cities&action=edit&section=33","/wiki/United_States","//upload.wikimedia.org/wikipedia/en/thumb/a/a4/Flag_of_the_United_States.svg/23px-Flag_of_the_United_States.svg.png","/wiki/Allentown,_Pennsylvania","/wiki/United_States","//upload.wikimedia.org/wikipedia/en/thumb/a/a4/Flag_of_the_United_States.svg/23px-Flag_of_the_United_States.svg.png","/wiki/Harrisburg,_Pennsylvania","/wiki/Misgav_Regional_Council","/w/index.php?title=List_of_Israeli_twin_towns_and_sister_cities&action=edit&section=34","/wiki/United_States","//upload.wikimedia.org/wikipedia/en/thumb/a/a4/Flag_of_the_United_States.svg/23px-Flag_of_the_United_States.svg.png","/wiki/Pittsburgh,_Pennsylvania","/w/index.php?title=List_of_Israeli_twin_towns_and_sister_cities&action=edit&section=35","/wiki/Nazareth,_Israel","/w/index.php?title=List_of_Israeli_twin_towns_and_sister_cities&action=edit&section=36","/wiki/France","//upload.wikimedia.org/wikipedia/en/thumb/c/c3/Flag_of_France.svg/23px-Flag_of_France.svg.png","/wiki/Saint-Denis","/wiki/Indonesia","//upload.wikimedia.org/wikipedia/commons/thumb/9/9f/Flag_of_Indonesia.svg/23px-Flag_of_Indonesia.svg.png","/wiki/Kandangan","/wiki/Italy","//upload.wikimedia.org/wikipedia/en/thumb/0/03/Flag_of_Italy.svg/23px-Flag_of_Italy.svg.png","/wiki/Florence","/wiki/Italy","//upload.wikimedia.org/wikipedia/en/thumb/0/03/Flag_of_Italy.svg/23px-Flag_of_Italy.svg.png","/wiki/Loreto","/wiki/Netherlands","//upload.wikimedia.org/wikipedia/commons/thumb/2/20/Flag_of_the_Netherlands.svg/23px-Flag_of_the_Netherlands.svg.png","/wiki/The_Hague","/wiki/Palestinian_territories","//upload.wikimedia.org/wikipedia/commons/thumb/0/00/Flag_of_Palestine.svg/23px-Flag_of_Palestine.svg.png","/wiki/Nablus","/wiki/Poland","//upload.wikimedia.org/wikipedia/en/thumb/1/12/Flag_of_Poland.svg/23px-Flag_of_Poland.svg.png","/wiki/Cz%C4%99stochowa","/wiki/Nazareth_Illit","/w/index.php?title=List_of_Israeli_twin_towns_and_sister_cities&action=edit&section=37","/wiki/Argentina","//upload.wikimedia.org/wikipedia/commons/thumb/1/1a/Flag_of_Argentina.svg/23px-Flag_of_Argentina.svg.png","/wiki/San_Miguel_de_Tucum%C3%A1n","/wiki/Austria","//upload.wikimedia.org/wikipedia/commons/thumb/4/41/Flag_of_Austria.svg/23px-Flag_of_Austria.svg.png","/wiki/Klagenfurt","/wiki/Nahariya","/w/index.php?title=List_of_Israeli_twin_towns_and_sister_cities&action=edit&section=38","/wiki/France","//upload.wikimedia.org/wikipedia/en/thumb/c/c3/Flag_of_France.svg/23px-Flag_of_France.svg.png","/wiki/Issy-les-Moulineaux","/wiki/Germany","//upload.wikimedia.org/wikipedia/en/thumb/b/ba/Flag_of_Germany.svg/23px-Flag_of_Germany.svg.png","/wiki/Netanya","/w/index.php?title=List_of_Israeli_twin_towns_and_sister_cities&action=edit&section=39","/wiki/Australia","//upload.wikimedia.org/wikipedia/en/thumb/b/b9/Flag_of_Australia.svg/23px-Flag_of_Australia.svg.png","/wiki/Gold_Coast,_Queensland","/wiki/France","//upload.wikimedia.org/wikipedia/en/thumb/c/c3/Flag_of_France.svg/23px-Flag_of_France.svg.png","/wiki/Nice","/wiki/France","//upload.wikimedia.org/wikipedia/en/thumb/c/c3/Flag_of_France.svg/23px-Flag_of_France.svg.png","/wiki/Sarcelles","/wiki/Italy","//upload.wikimedia.org/wikipedia/en/thumb/0/03/Flag_of_Italy.svg/23px-Flag_of_Italy.svg.png","/wiki/Como","/wiki/Germany","//upload.wikimedia.org/wikipedia/en/thumb/b/ba/Flag_of_Germany.svg/23px-Flag_of_Germany.svg.png","/wiki/Giessen","/wiki/Germany","//upload.wikimedia.org/wikipedia/en/thumb/b/ba/Flag_of_Germany.svg/23px-Flag_of_Germany.svg.png","/wiki/Dortmund","/wiki/Hungary","//upload.wikimedia.org/wikipedia/commons/thumb/c/c1/Flag_of_Hungary.svg/23px-Flag_of_Hungary.svg.png","/wiki/Si%C3%B3fok","/wiki/Norway","//upload.wikimedia.org/wikipedia/commons/thumb/d/d9/Flag_of_Norway.svg/21px-Flag_of_Norway.svg.png","/wiki/Stavanger","/wiki/Romania","//upload.wikimedia.org/wikipedia/commons/thumb/7/73/Flag_of_Romania.svg/23px-Flag_of_Romania.svg.png","/wiki/Ia%C8%99i","/wiki/United_Kingdom","//upload.wikimedia.org/wikipedia/en/thumb/a/ae/Flag_of_the_United_Kingdom.svg/23px-Flag_of_the_United_Kingdom.svg.png","/wiki/Bournemouth","/wiki/United_States","//upload.wikimedia.org/wikipedia/en/thumb/a/a4/Flag_of_the_United_States.svg/23px-Flag_of_the_United_States.svg.png","/wiki/Cincinnati,_Ohio","/wiki/United_States","//upload.wikimedia.org/wikipedia/en/thumb/a/a4/Flag_of_the_United_States.svg/23px-Flag_of_the_United_States.svg.png","/wiki/Sunny_Isles_Beach","/w/index.php?title=List_of_Israeli_twin_towns_and_sister_cities&action=edit&section=40","/wiki/Petah_Tikva","/w/index.php?title=List_of_Israeli_twin_towns_and_sister_cities&action=edit&section=41","/wiki/Canada","//upload.wikimedia.org/wikipedia/en/thumb/c/cf/Flag_of_Canada.svg/23px-Flag_of_Canada.svg.png","/wiki/Laval,_Quebec","/wiki/Germany","//upload.wikimedia.org/wikipedia/en/thumb/b/ba/Flag_of_Germany.svg/23px-Flag_of_Germany.svg.png","/wiki/Koblenz","/wiki/Norway","//upload.wikimedia.org/wikipedia/commons/thumb/d/d9/Flag_of_Norway.svg/21px-Flag_of_Norway.svg.png","/wiki/Trondheim","/wiki/Romania","//upload.wikimedia.org/wikipedia/commons/thumb/7/73/Flag_of_Romania.svg/23px-Flag_of_Romania.svg.png","/wiki/Bac%C4%83u","/wiki/Denmark","//upload.wikimedia.org/wikipedia/commons/thumb/9/9c/Flag_of_Denmark.svg/20px-Flag_of_Denmark.svg.png","/wiki/Odense","/wiki/Turkey","//upload.wikimedia.org/wikipedia/commons/thumb/b/b4/Flag_of_Turkey.svg/23px-Flag_of_Turkey.svg.png","/wiki/Kad%C4%B1k%C3%B6y","/wiki/United_States","//upload.wikimedia.org/wikipedia/en/thumb/a/a4/Flag_of_the_United_States.svg/23px-Flag_of_the_United_States.svg.png","/wiki/Chicago,_Illinois","/wiki/China","//upload.wikimedia.org/wikipedia/commons/thumb/f/fa/Flag_of_the_People%27s_Republic_of_China.svg/23px-Flag_of_the_People%27s_Republic_of_China.svg.png","/wiki/Yiyang","/w/index.php?title=List_of_Israeli_twin_towns_and_sister_cities&action=edit&section=42","/wiki/Ra%27anana","/w/index.php?title=List_of_Israeli_twin_towns_and_sister_cities&action=edit&section=43","/wiki/France","//upload.wikimedia.org/wikipedia/en/thumb/c/c3/Flag_of_France.svg/23px-Flag_of_France.svg.png","/wiki/Boulogne-Billancourt","#cite_note-cidher-20","/wiki/Germany","//upload.wikimedia.org/wikipedia/en/thumb/b/ba/Flag_of_Germany.svg/23px-Flag_of_Germany.svg.png","/wiki/Bramsche","#cite_note-cidher-20","/wiki/Germany","//upload.wikimedia.org/wikipedia/en/thumb/b/ba/Flag_of_Germany.svg/23px-Flag_of_Germany.svg.png","/wiki/Goslar","#cite_note-cidher-20","/wiki/Italy","//upload.wikimedia.org/wikipedia/en/thumb/0/03/Flag_of_Italy.svg/23px-Flag_of_Italy.svg.png","/wiki/Verona","#cite_note-cidher-20","/wiki/Netherlands","//upload.wikimedia.org/wikipedia/commons/thumb/2/20/Flag_of_the_Netherlands.svg/23px-Flag_of_the_Netherlands.svg.png","/wiki/Opsterland","#cite_note-cidher-20","#cite_note-21","/wiki/Chinese_Taipei","//upload.wikimedia.org/wikipedia/commons/thumb/1/14/Flag_of_Chinese_Taipei_for_Olympic_games.svg/23px-Flag_of_Chinese_Taipei_for_Olympic_games.svg.png","/wiki/Tainan_City","#cite_note-cidher-20","/wiki/United_States","//upload.wikimedia.org/wikipedia/en/thumb/a/a4/Flag_of_the_United_States.svg/23px-Flag_of_the_United_States.svg.png","/wiki/Atlanta","#cite_note-cidher-20","/wiki/Ramat_Gan","/w/index.php?title=List_of_Israeli_twin_towns_and_sister_cities&action=edit&section=44","/wiki/China","//upload.wikimedia.org/wikipedia/commons/thumb/f/fa/Flag_of_the_People%27s_Republic_of_China.svg/23px-Flag_of_the_People%27s_Republic_of_China.svg.png","/wiki/Qingdao","/wiki/Brazil","//upload.wikimedia.org/wikipedia/en/thumb/0/05/Flag_of_Brazil.svg/22px-Flag_of_Brazil.svg.png","/wiki/Rio_de_Janeiro","#cite_note-22","#cite_note-23","/wiki/China","//upload.wikimedia.org/wikipedia/commons/thumb/f/fa/Flag_of_the_People%27s_Republic_of_China.svg/23px-Flag_of_the_People%27s_Republic_of_China.svg.png","/wiki/Shenyang","/wiki/France","//upload.wikimedia.org/wikipedia/en/thumb/c/c3/Flag_of_France.svg/23px-Flag_of_France.svg.png","/wiki/Strasbourg","/wiki/Hungary","//upload.wikimedia.org/wikipedia/commons/thumb/c/c1/Flag_of_Hungary.svg/23px-Flag_of_Hungary.svg.png","/wiki/Szombathely","/wiki/Germany","//upload.wikimedia.org/wikipedia/en/thumb/b/ba/Flag_of_Germany.svg/23px-Flag_of_Germany.svg.png","/wiki/Kassel","/wiki/Germany","//upload.wikimedia.org/wikipedia/en/thumb/b/ba/Flag_of_Germany.svg/23px-Flag_of_Germany.svg.png","/wiki/Main-Kinzig-Kreis","/wiki/Germany","//upload.wikimedia.org/wikipedia/en/thumb/b/ba/Flag_of_Germany.svg/23px-Flag_of_Germany.svg.png","/wiki/Weinheim","/wiki/Peru","//upload.wikimedia.org/wikipedia/commons/thumb/c/cf/Flag_of_Peru.svg/23px-Flag_of_Peru.svg.png","/wiki/San_Borja_District","/wiki/Lima","/wiki/Poland","//upload.wikimedia.org/wikipedia/en/thumb/1/12/Flag_of_Poland.svg/23px-Flag_of_Poland.svg.png","/wiki/Wroc%C5%82aw","/wiki/Russia","//upload.wikimedia.org/wikipedia/en/thumb/f/f3/Flag_of_Russia.svg/23px-Flag_of_Russia.svg.png","/wiki/Penza","/wiki/United_Kingdom","//upload.wikimedia.org/wikipedia/en/thumb/a/ae/Flag_of_the_United_Kingdom.svg/23px-Flag_of_the_United_Kingdom.svg.png","/wiki/London_Borough_of_Barnet","/wiki/United_States","//upload.wikimedia.org/wikipedia/en/thumb/a/a4/Flag_of_the_United_States.svg/23px-Flag_of_the_United_States.svg.png","/wiki/Phoenix,_Arizona","/wiki/Ramat_HaSharon","/w/index.php?title=List_of_Israeli_twin_towns_and_sister_cities&action=edit&section=45","/wiki/France","//upload.wikimedia.org/wikipedia/en/thumb/c/c3/Flag_of_France.svg/23px-Flag_of_France.svg.png","/wiki/Dunkirk","/wiki/France","//upload.wikimedia.org/wikipedia/en/thumb/c/c3/Flag_of_France.svg/23px-Flag_of_France.svg.png","/wiki/Saint-Maur-des-Foss%C3%A9s","/wiki/Germany","//upload.wikimedia.org/wikipedia/en/thumb/b/ba/Flag_of_Germany.svg/23px-Flag_of_Germany.svg.png","/wiki/Georgsmarienh%C3%BCtte","/wiki/United_States","//upload.wikimedia.org/wikipedia/en/thumb/a/a4/Flag_of_the_United_States.svg/23px-Flag_of_the_United_States.svg.png","/wiki/Tallahassee,_Florida","/wiki/Ramla","/w/index.php?title=List_of_Israeli_twin_towns_and_sister_cities&action=edit&section=46","/wiki/Canada","//upload.wikimedia.org/wikipedia/en/thumb/c/cf/Flag_of_Canada.svg/23px-Flag_of_Canada.svg.png","/wiki/Vaughan,_Ontario","/wiki/Russia","//upload.wikimedia.org/wikipedia/en/thumb/f/f3/Flag_of_Russia.svg/23px-Flag_of_Russia.svg.png","/wiki/Chelyabinsk","/wiki/United_States","//upload.wikimedia.org/wikipedia/en/thumb/a/a4/Flag_of_the_United_States.svg/23px-Flag_of_the_United_States.svg.png","/wiki/Kansas_City,_Missouri","/wiki/Rehovot","/w/index.php?title=List_of_Israeli_twin_towns_and_sister_cities&action=edit&section=47","/wiki/Argentina","//upload.wikimedia.org/wikipedia/commons/thumb/1/1a/Flag_of_Argentina.svg/23px-Flag_of_Argentina.svg.png","/wiki/Paran%C3%A1,_Argentina","/wiki/France","//upload.wikimedia.org/wikipedia/en/thumb/c/c3/Flag_of_France.svg/23px-Flag_of_France.svg.png","/wiki/Grenoble","/wiki/Germany","//upload.wikimedia.org/wikipedia/en/thumb/b/ba/Flag_of_Germany.svg/23px-Flag_of_Germany.svg.png","/wiki/Heidelberg","/wiki/United_Kingdom","//upload.wikimedia.org/wikipedia/en/thumb/a/ae/Flag_of_the_United_Kingdom.svg/23px-Flag_of_the_United_Kingdom.svg.png","/wiki/Manchester","/wiki/United_States","//upload.wikimedia.org/wikipedia/en/thumb/a/a4/Flag_of_the_United_States.svg/23px-Flag_of_the_United_States.svg.png","/wiki/Albuquerque,_New_Mexico","/wiki/United_States","//upload.wikimedia.org/wikipedia/en/thumb/a/a4/Flag_of_the_United_States.svg/23px-Flag_of_the_United_States.svg.png","/wiki/Philadelphia","/wiki/United_States","//upload.wikimedia.org/wikipedia/en/thumb/a/a4/Flag_of_the_United_States.svg/23px-Flag_of_the_United_States.svg.png","/wiki/Rochester,_New_York","/wiki/Rishon_LeZion","/w/index.php?title=List_of_Israeli_twin_towns_and_sister_cities&action=edit&section=48","/wiki/Netherlands","//upload.wikimedia.org/wikipedia/commons/thumb/2/20/Flag_of_the_Netherlands.svg/23px-Flag_of_the_Netherlands.svg.png","/wiki/Heerenveen","#cite_note-24","/wiki/France","//upload.wikimedia.org/wikipedia/en/thumb/c/c3/Flag_of_France.svg/23px-Flag_of_France.svg.png","/wiki/N%C3%AEmes","/wiki/Russia","//upload.wikimedia.org/wikipedia/en/thumb/f/f3/Flag_of_Russia.svg/23px-Flag_of_Russia.svg.png","/wiki/Saint_Petersburg","/wiki/United_States","//upload.wikimedia.org/wikipedia/en/thumb/a/a4/Flag_of_the_United_States.svg/23px-Flag_of_the_United_States.svg.png","/wiki/Prince_George%27s_County,_Maryland","/wiki/Rosh_HaAyin","/w/index.php?title=List_of_Israeli_twin_towns_and_sister_cities&action=edit&section=49","/wiki/United_States","//upload.wikimedia.org/wikipedia/en/thumb/a/a4/Flag_of_the_United_States.svg/23px-Flag_of_the_United_States.svg.png","/wiki/New_Orleans","/wiki/United_States","//upload.wikimedia.org/wikipedia/en/thumb/a/a4/Flag_of_the_United_States.svg/23px-Flag_of_the_United_States.svg.png","/wiki/Birmingham,_Alabama","/wiki/Czech_Republic","//upload.wikimedia.org/wikipedia/commons/thumb/c/cb/Flag_of_the_Czech_Republic.svg/23px-Flag_of_the_Czech_Republic.svg.png","/wiki/Prague","/wiki/Ukraine","//upload.wikimedia.org/wikipedia/commons/thumb/4/49/Flag_of_Ukraine.svg/23px-Flag_of_Ukraine.svg.png","/wiki/Odessa","/wiki/Germany","//upload.wikimedia.org/wikipedia/en/thumb/b/ba/Flag_of_Germany.svg/23px-Flag_of_Germany.svg.png","/wiki/Aachen","/wiki/Germany","//upload.wikimedia.org/wikipedia/en/thumb/b/ba/Flag_of_Germany.svg/23px-Flag_of_Germany.svg.png","/wiki/Dachau","/wiki/France","//upload.wikimedia.org/wikipedia/en/thumb/c/c3/Flag_of_France.svg/23px-Flag_of_France.svg.png","/wiki/Vanves","/wiki/China","//upload.wikimedia.org/wikipedia/commons/thumb/f/fa/Flag_of_the_People%27s_Republic_of_China.svg/23px-Flag_of_the_People%27s_Republic_of_China.svg.png","/wiki/Cixi_City","/w/index.php?title=List_of_Israeli_twin_towns_and_sister_cities&action=edit&section=50","/wiki/Sderot","/w/index.php?title=List_of_Israeli_twin_towns_and_sister_cities&action=edit&section=51","/wiki/France","//upload.wikimedia.org/wikipedia/en/thumb/c/c3/Flag_of_France.svg/23px-Flag_of_France.svg.png","/wiki/Antony,_Hauts-de-Seine","/wiki/Germany","//upload.wikimedia.org/wikipedia/en/thumb/b/ba/Flag_of_Germany.svg/23px-Flag_of_Germany.svg.png","/wiki/Zehlendorf_(Berlin)","/w/index.php?title=List_of_Israeli_twin_towns_and_sister_cities&action=edit&section=52","/wiki/Tel_Aviv","/w/index.php?title=List_of_Israeli_twin_towns_and_sister_cities&action=edit&section=53","/wiki/Sister_cities","/wiki/United_States","//upload.wikimedia.org/wikipedia/en/thumb/a/a4/Flag_of_the_United_States.svg/23px-Flag_of_the_United_States.svg.png","#cite_note-Tel_Aviv-25","/wiki/Argentina","//upload.wikimedia.org/wikipedia/commons/thumb/1/1a/Flag_of_Argentina.svg/23px-Flag_of_Argentina.svg.png","/wiki/Buenos_Aires","/wiki/Austria","//upload.wikimedia.org/wikipedia/commons/thumb/4/41/Flag_of_Austria.svg/23px-Flag_of_Austria.svg.png","/wiki/Vienna","/wiki/Brazil","//upload.wikimedia.org/wikipedia/en/thumb/0/05/Flag_of_Brazil.svg/22px-Flag_of_Brazil.svg.png","/wiki/Rio_de_Janeiro","#cite_note-26","/wiki/Brazil","//upload.wikimedia.org/wikipedia/en/thumb/0/05/Flag_of_Brazil.svg/22px-Flag_of_Brazil.svg.png","/wiki/S%C3%A3o_Paulo","#cite_note-S.C3.A3o_Paulo-27","/wiki/Bulgaria","//upload.wikimedia.org/wikipedia/commons/thumb/9/9a/Flag_of_Bulgaria.svg/23px-Flag_of_Bulgaria.svg.png","/wiki/Sofia","/wiki/China","//upload.wikimedia.org/wikipedia/commons/thumb/f/fa/Flag_of_the_People%27s_Republic_of_China.svg/23px-Flag_of_the_People%27s_Republic_of_China.svg.png","/wiki/Beijing","/wiki/United_States","//upload.wikimedia.org/wikipedia/en/thumb/a/a4/Flag_of_the_United_States.svg/23px-Flag_of_the_United_States.svg.png","/wiki/New_York_City","/wiki/Canada","//upload.wikimedia.org/wikipedia/en/thumb/c/cf/Flag_of_Canada.svg/23px-Flag_of_Canada.svg.png","/wiki/Ottawa","/wiki/Cyprus","//upload.wikimedia.org/wikipedia/commons/thumb/d/d4/Flag_of_Cyprus.svg/23px-Flag_of_Cyprus.svg.png","/wiki/Limassol","/wiki/France","//upload.wikimedia.org/wikipedia/en/thumb/c/c3/Flag_of_France.svg/23px-Flag_of_France.svg.png","/wiki/Cannes","/wiki/France","//upload.wikimedia.org/wikipedia/en/thumb/c/c3/Flag_of_France.svg/23px-Flag_of_France.svg.png","/wiki/Toulouse","/wiki/Germany","//upload.wikimedia.org/wikipedia/en/thumb/b/ba/Flag_of_Germany.svg/23px-Flag_of_Germany.svg.png","/wiki/Bonn","/wiki/Germany","//upload.wikimedia.org/wikipedia/en/thumb/b/ba/Flag_of_Germany.svg/23px-Flag_of_Germany.svg.png","/wiki/Cologne","/wiki/Germany","//upload.wikimedia.org/wikipedia/en/thumb/b/ba/Flag_of_Germany.svg/23px-Flag_of_Germany.svg.png","/wiki/Essen,_Germany","#cite_note-RuhrTwins2010-28","/wiki/Germany","//upload.wikimedia.org/wikipedia/en/thumb/b/ba/Flag_of_Germany.svg/23px-Flag_of_Germany.svg.png","/wiki/Frankfurt","#cite_note-Frankfurt-29","/wiki/Greece","//upload.wikimedia.org/wikipedia/commons/thumb/5/5c/Flag_of_Greece.svg/23px-Flag_of_Greece.svg.png","/wiki/Thessaloniki","#cite_note-Thessaloniki-30","/wiki/Hungary","//upload.wikimedia.org/wikipedia/commons/thumb/c/c1/Flag_of_Hungary.svg/23px-Flag_of_Hungary.svg.png","/wiki/Budapest","#cite_note-31","/wiki/Italy","//upload.wikimedia.org/wikipedia/en/thumb/0/03/Flag_of_Italy.svg/23px-Flag_of_Italy.svg.png","/wiki/Milan","#cite_note-Milan-32","/wiki/Kazakhstan","//upload.wikimedia.org/wikipedia/commons/thumb/d/d3/Flag_of_Kazakhstan.svg/23px-Flag_of_Kazakhstan.svg.png","/wiki/Almaty","/wiki/Moldova","//upload.wikimedia.org/wikipedia/commons/thumb/2/27/Flag_of_Moldova.svg/23px-Flag_of_Moldova.svg.png","/wiki/Chi%C5%9Fin%C4%83u","/wiki/Palestinian_territories","//upload.wikimedia.org/wikipedia/commons/thumb/0/00/Flag_of_Palestine.svg/23px-Flag_of_Palestine.svg.png","/wiki/Gaza_City","#cite_note-twinning1-33","/wiki/Poland","//upload.wikimedia.org/wikipedia/en/thumb/1/12/Flag_of_Poland.svg/23px-Flag_of_Poland.svg.png","/wiki/%C5%81%C3%B3d%C5%BA","#cite_note-.C5.81.C3.B3d.C5.BA_Tourism-34","/wiki/Poland","//upload.wikimedia.org/wikipedia/en/thumb/1/12/Flag_of_Poland.svg/23px-Flag_of_Poland.svg.png","/wiki/Warsaw","#cite_note-35","/wiki/Russia","//upload.wikimedia.org/wikipedia/en/thumb/f/f3/Flag_of_Russia.svg/23px-Flag_of_Russia.svg.png","/wiki/Serbia","//upload.wikimedia.org/wikipedia/commons/thumb/f/ff/Flag_of_Serbia.svg/23px-Flag_of_Serbia.svg.png","/wiki/Belgrade","/wiki/South_Korea","//upload.wikimedia.org/wikipedia/commons/thumb/0/09/Flag_of_South_Korea.svg/23px-Flag_of_South_Korea.svg.png","/wiki/Incheon","/wiki/Spain","//upload.wikimedia.org/wikipedia/en/thumb/9/9a/Flag_of_Spain.svg/23px-Flag_of_Spain.svg.png","/wiki/Barcelona","#cite_note-Barcelona-36","/wiki/Turkey","//upload.wikimedia.org/wikipedia/commons/thumb/b/b4/Flag_of_Turkey.svg/23px-Flag_of_Turkey.svg.png","/wiki/%C4%B0zmir","/wiki/United_States","//upload.wikimedia.org/wikipedia/en/thumb/a/a4/Flag_of_the_United_States.svg/23px-Flag_of_the_United_States.svg.png","/wiki/Kiryas_Joel","/wiki/United_States","//upload.wikimedia.org/wikipedia/en/thumb/a/a4/Flag_of_the_United_States.svg/23px-Flag_of_the_United_States.svg.png","/wiki/Philadelphia","/wiki/Tel_Mond","/w/index.php?title=List_of_Israeli_twin_towns_and_sister_cities&action=edit&section=54","/wiki/United_States","//upload.wikimedia.org/wikipedia/en/thumb/a/a4/Flag_of_the_United_States.svg/23px-Flag_of_the_United_States.svg.png","/wiki/Sarasota","#cite_note-37","/wiki/Tiberias","/w/index.php?title=List_of_Israeli_twin_towns_and_sister_cities&action=edit&section=55","/wiki/Argentina","//upload.wikimedia.org/wikipedia/commons/thumb/1/1a/Flag_of_Argentina.svg/23px-Flag_of_Argentina.svg.png","/wiki/C%C3%B3rdoba,_Argentina","/wiki/United_States","//upload.wikimedia.org/wikipedia/en/thumb/a/a4/Flag_of_the_United_States.svg/23px-Flag_of_the_United_States.svg.png","/wiki/Great_Neck_Plaza,_New_York","/wiki/France","//upload.wikimedia.org/wikipedia/en/thumb/c/c3/Flag_of_France.svg/23px-Flag_of_France.svg.png","/wiki/Montpellier,_France","/wiki/Tzahar_Region","/w/index.php?title=List_of_Israeli_twin_towns_and_sister_cities&action=edit&section=56","/wiki/United_States","//upload.wikimedia.org/wikipedia/en/thumb/a/a4/Flag_of_the_United_States.svg/23px-Flag_of_the_United_States.svg.png","/wiki/West_Palm_Beach,_Florida","/w/index.php?title=List_of_Israeli_twin_towns_and_sister_cities&action=edit&section=57","/wiki/Yokneam","/w/index.php?title=List_of_Israeli_twin_towns_and_sister_cities&action=edit&section=58","/wiki/China","//upload.wikimedia.org/wikipedia/commons/thumb/f/fa/Flag_of_the_People%27s_Republic_of_China.svg/23px-Flag_of_the_People%27s_Republic_of_China.svg.png","/wiki/Shenyang","/wiki/Germany","//upload.wikimedia.org/wikipedia/en/thumb/b/ba/Flag_of_Germany.svg/23px-Flag_of_Germany.svg.png","/wiki/Main-Kinzig-Kreis","/wiki/Peru","//upload.wikimedia.org/wikipedia/commons/thumb/c/cf/Flag_of_Peru.svg/23px-Flag_of_Peru.svg.png","/wiki/San_Borja_District","/wiki/United_Kingdom","//upload.wikimedia.org/wikipedia/en/thumb/a/ae/Flag_of_the_United_Kingdom.svg/23px-Flag_of_the_United_Kingdom.svg.png","/wiki/London_Borough_of_Barnet","/wiki/United_States","//upload.wikimedia.org/wikipedia/en/thumb/a/a4/Flag_of_the_United_States.svg/23px-Flag_of_the_United_States.svg.png","/wiki/Atlanta","/wiki/United_States","//upload.wikimedia.org/wikipedia/en/thumb/a/a4/Flag_of_the_United_States.svg/23px-Flag_of_the_United_States.svg.png","/wiki/St._Louis,_Missouri","/w/index.php?title=List_of_Israeli_twin_towns_and_sister_cities&action=edit&section=59","#cite_ref-La_Rochelle_1-0","http://www.ville-larochelle.fr/en/decouvrir-la-ville/villes-jumelles.html","#cite_ref-Pisa_2-0","http://www.comune.pisa.it/english/doc/gemhome.htm","#cite_ref-Bielsko_3-0","http://www.um.bielsko.pl/","#cite_ref-4","http://bahiablanca.gov.ar/internacional/ciudadeshermanas.html","#cite_ref-5","http://www.bordeaux.fr/ebx/portals/ebx.portal?_nfpb=true&_pageLabel=pgPresStand8&classofcontent=presentationStandard&id=5344","#cite_ref-6","http://www.berlin.de/ba-spandau/derbezirk/wissenswert/partnerstadt/","#cite_ref-7","http://www.tampagov.net/information_resources/miscellaneous_documents/archives/_sister_cities.asp","#cite_ref-8","http://www.ltgov.wa.gov/International/Washington%20Organizations/Sisters/default.htm","#cite_ref-9","http://www.praha.eu/jnp/en/city_hall/foreign_activities/partner_cities/","#cite_ref-10","http://www.portaildefes.ma/portal/media-type/html/user/anon/page/jumelage.psml/portlet/topicSideMenu?noteid=2812","#cite_ref-11","http://www.portaildefes.ma/portal/media-type/html/user/anon/page/jumelage.psml/portlet/topicSideMenu?noteid=2812","#cite_ref-12","http://web.archive.org/web/20080117184923/http://www.sci-icrc.org/icrc/directory/MiddleEast/Israel","http://www.sci-icrc.org/icrc/directory/MiddleEast/Israel","#cite_ref-13","http://www.nyc.gov/html/unccp/scp/html/sc/main.shtml","/wiki/New_York_City","#cite_ref-14","http://www.metz.fr/metz2/articles/090817_karmiel.php","#cite_ref-15","http://www.nytimes.com/2005/12/14/world/europe/14iht-europa.html","#cite_ref-16","http://www.ostlendingen.no/hamar-dagblad/ma-styrke-hamars-internasjonale-vennskap-1.7501941","#cite_ref-17","http://denversistercities.org/karmiel/","#cite_ref-18","http://www.post-gazette.com/stories/local/neighborhoods-city/new-sister-city-435130/","#cite_ref-19","http://www.twincities.nl/cities/D/Delft/Kfar_Saba/0","#cite_ref-cidher_20-0","#cite_ref-cidher_20-1","#cite_ref-cidher_20-2","#cite_ref-cidher_20-3","#cite_ref-cidher_20-4","#cite_ref-cidher_20-5","#cite_ref-cidher_20-6","http://www.raanana.muni.il/English/Topics/My+City/Sister+Cities/","#cite_ref-21","http://www.stedenbanden.nl/detail_city.phtml?know_id=383","#cite_ref-22","http://pt.wikisource.org/wiki/Lei_Municipal_do_Rio_de_Janeiro_5193_de_2010","#cite_ref-23","http://mail.camara.rj.gov.br/APL/Legislativos/contlei.nsf/c8aa0900025feef6032564ec0060dfff/115a95b76a3397a903257753007c24f6","#cite_ref-24","http://www.nrg.co.il/online/54/ART2/044/811.html?hp=54&loc=2&tmp=8438","#cite_ref-Tel_Aviv_25-0","http://www.tel-aviv.gov.il/Hebrew/Cityhall/TwinCities/Index.asp","#cite_ref-26","http://pt.wikisource.org/wiki/Lei_Municipal_do_Rio_de_Janeiro_4315_de_2006","#cite_ref-S.C3.A3o_Paulo_27-0","http://www.netlegis.com.br/indexRJ.jsp?arquivo=/detalhesNoticia.jsp&cod=41796","#cite_ref-RuhrTwins2010_28-0","http://www.twins2010.com/fileadmin/user_upload/pic/Dokumente/List_of_Twin_Towns_01.pdf?PHPSESSID=2edd34819db21e450d3bb625549ce4fd","http://www.twins2010.com/index.php?id=home&L=1","#cite_ref-Frankfurt_29-0","http://www.frankfurt.de/sixcms/detail.php?id=502645","http://www.frankfurt.de","#cite_ref-Thessaloniki_30-0","http://www.thessalonikicity.gr/English/twinning-cities.htm","#cite_ref-31","http://www.budapest.hu/engine.aspx?page=20030224-cikk-testvervarosok","#cite_ref-Milan_32-0","http://www.comune.milano.it/portale/wps/portal/CDM?WCM_GLOBAL_CONTEXT=/wps/wcm/connect/ContentLibrary/In%20Comune/In%20Comune/Citt%20Gemellate","#cite_ref-twinning1_33-0","http://www.haaretz.com/hasen/spages/952850.html","#cite_ref-.C5.81.C3.B3d.C5.BA_Tourism_34-0","http://en.www.uml.lodz.pl/index.php?str=2029","/wiki/File:Flag_of_the_United_Kingdom.svg","//upload.wikimedia.org/wikipedia/en/thumb/a/ae/Flag_of_the_United_Kingdom.svg/14px-Flag_of_the_United_Kingdom.svg.png","/wiki/File:Flag_of_Poland.svg","//upload.wikimedia.org/wikipedia/en/thumb/1/12/Flag_of_Poland.svg/10px-Flag_of_Poland.svg.png","#cite_ref-35","http://um.warszawa.pl/v_syrenka/new/index.php?dzial=aktualnosci&ak_id=3284&kat=11","#cite_ref-Barcelona_36-0","http://w3.bcn.es/XMLServeis/XMLHomeLinkPl/0,4022,229724149_257215678_1,00.html","http://www.bcn.es/catala/copyright/welcome2.htm","#cite_ref-37","http://www.sarasotasistercities.org/Tel_mond.html","/wiki/Template:Twin_towns","/wiki/Template_talk:Twin_towns","//en.wikipedia.org/w/index.php?title=Template:Twin_towns&action=edit","/wiki/Twin_towns_and_sister_cities","/wiki/Sister_Cities_International","/wiki/Lists_of_twin_towns_and_sister_cities","/wiki/List_of_twin_towns_and_sister_cities_in_Africa","/wiki/List_of_twin_towns_and_sister_cities_in_Asia","/wiki/List_of_twin_towns_and_sister_cities_in_Europe","/wiki/List_of_twin_towns_and_sister_cities_in_North_America","/wiki/List_of_twin_towns_and_sister_cities_in_Oceania","/wiki/List_of_twin_towns_and_sister_cities_in_South_America","/wiki/List_of_twin_towns_and_sister_cities_in_Albania","/wiki/List_of_twin_towns_and_sister_cities_in_Argentina","/wiki/List_of_twin_towns_and_sister_cities_in_Austria","/wiki/List_of_twin_towns_and_sister_cities_in_Belarus","/wiki/List_of_twin_towns_and_sister_cities_in_Belgium","/wiki/List_of_twin_towns_and_sister_cities_in_Bosnia_and_Herzegovina","/wiki/List_of_twin_towns_and_sister_cities_in_Bulgaria","/wiki/List_of_sister_cities_in_Canada","/wiki/List_of_twin_towns_and_sister_cities_in_China","/wiki/List_of_twin_towns_and_sister_cities_in_Croatia","/wiki/List_of_twin_towns_and_sister_cities_in_the_Czech_Republic","/wiki/List_of_twin_towns_and_sister_cities_in_Denmark","/wiki/List_of_twin_towns_and_sister_cities_in_Egypt","/wiki/List_of_twin_towns_and_sister_cities_in_Estonia","/wiki/List_of_twin_towns_and_sister_cities_in_the_Faroe_Islands","/wiki/List_of_twin_towns_and_sister_cities_in_Finland","/wiki/List_of_twin_towns_and_sister_cities_in_France","/wiki/List_of_twin_towns_and_sister_cities_in_Germany","/wiki/List_of_twin_towns_and_sister_cities_in_Greece","/wiki/List_of_twin_towns_and_sister_cities_in_Hungary","/wiki/List_of_twin_towns_and_sister_cities_in_Iceland","/wiki/List_of_twin_towns_and_sister_cities_in_India","/wiki/List_of_twin_towns_and_sister_cities_in_Indonesia","/wiki/List_of_twin_towns_and_sister_cities_in_Iran","/wiki/List_of_twin_towns_and_sister_cities_in_the_Republic_of_Ireland","/wiki/List_of_twin_towns_and_sister_cities_in_Israel","/wiki/List_of_twin_towns_and_sister_cities_in_Italy","/wiki/List_of_twin_towns_and_sister_cities_in_Japan","/wiki/List_of_twin_towns_and_sister_cities_in_South_Korea","/wiki/List_of_twin_towns_and_sister_cities_in_Kosovo","/wiki/List_of_twin_towns_and_sister_cities_in_Latvia","/wiki/List_of_twin_towns_and_sister_cities_in_Lebanon","/wiki/List_of_twin_towns_and_sister_cities_in_Lithuania","/wiki/List_of_twin_towns_and_sister_cities_in_Luxembourg","/wiki/List_of_twin_towns_and_sister_cities_in_Macau","/wiki/List_of_twin_towns_and_sister_cities_in_Macedonia","/wiki/List_of_twin_towns_and_sister_cities_in_Malaysia","/wiki/List_of_twin_towns_and_sister_cities_in_Mexico","/wiki/List_of_twin_towns_and_sister_cities_in_Moldova","/wiki/List_of_twin_towns_and_sister_cities_in_Montenegro","/wiki/List_of_twin_towns_and_sister_cities_in_the_Netherlands","/wiki/List_of_twin_towns_and_sister_cities_in_Norway","/wiki/List_of_twin_towns_and_sister_cities_in_Pakistan","/wiki/List_of_twin_towns_and_sister_cities_in_the_Palestinian_territories","/wiki/List_of_twin_towns_and_sister_cities_in_Paraguay","/wiki/List_of_sister_cities_in_the_Philippines","/wiki/List_of_twin_towns_and_sister_cities_in_Poland","/wiki/List_of_twin_towns_and_sister_cities_in_Portugal","/wiki/List_of_twin_towns_and_sister_cities_in_Romania","/wiki/List_of_twin_towns_and_sister_cities_in_Russia","/wiki/List_of_twin_towns_and_sister_cities_in_Serbia","/wiki/List_of_twin_towns_and_sister_cities_in_Slovakia","/wiki/List_of_twin_towns_and_sister_cities_in_Slovenia","/wiki/List_of_twin_towns_and_sister_cities_in_Spain","/wiki/List_of_twin_towns_and_sister_cities_in_Sweden","/wiki/List_of_twin_towns_and_sister_cities_in_Switzerland","/wiki/List_of_twin_towns_and_sister_cities_in_Taiwan_(Republic_of_China)","/wiki/List_of_twin_towns_and_sister_cities_in_Thailand","/wiki/List_of_twin_towns_and_sister_cities_in_Turkey","/wiki/List_of_twin_towns_and_sister_cities_in_Ukraine","/wiki/List_of_twin_towns_and_sister_cities_in_the_United_Kingdom","/wiki/List_of_sister_cities_in_the_United_States","/wiki/Sister_cities_of_Boston","/wiki/List_of_sister_cities_in_California","/wiki/List_of_sister_cities_in_Colorado","/wiki/List_of_sister_cities_in_New_England","/wiki/Sister_cities_of_Denver,_Colorado","/wiki/List_of_sister_cities_in_Florida","/wiki/List_of_sister_cities_of_Fort_Lauderdale,_Florida","/wiki/Sister_cities_of_Grand_Forks,_North_Dakota","/wiki/Sister_cities_of_Houston","/wiki/Sister_cities_of_Jakarta","/wiki/List_of_sister_cities_in_New_England","/wiki/List_of_sister_cities_in_Maryland","/wiki/List_of_sister_cities_in_New_England","/wiki/List_of_sister_cities_in_Michigan","/wiki/List_of_sister_cities_in_New_England","/wiki/List_of_sister_cities_in_New_York","/wiki/List_of_sister_cities_in_North_Carolina","/wiki/List_of_sister_cities_in_Ohio","/wiki/List_of_sister_cities_in_Pennsylvania","/wiki/List_of_sister_cities_in_New_England","/wiki/Sister_cities_of_San_Francisco,_California","/wiki/Government_and_politics_of_Seattle#Sister_cities","/wiki/List_of_sister_cities_of_Shanghai","/wiki/List_of_twin_towns_and_sister_cities_in_the_South_Island","/wiki/Sister_cities_of_Springfield,_Illinois","/wiki/List_of_sister_cities_of_Taipei","/wiki/Sister_cities_of_Toronto","/wiki/List_of_sister_cities_in_New_England","/wiki/List_of_states_with_limited_recognition","//en.wikipedia.org/w/index.php?title=Special:CentralAutoLogin/start&type=1x1&from=enwiki","http://en.wikipedia.org/w/index.php?title=List_of_Israeli_twin_towns_and_sister_cities&oldid=564144176","/wiki/Help:Categories","/wiki/Category:Lists_of_populated_places_in_Israel","/wiki/Category:Lists_of_twin_towns_and_sister_cities","/wiki/Category:Populated_places_in_Israel","/wiki/Category:Articles_with_Polish-language_external_links","/w/index.php?title=Special:UserLogin&returnto=List+of+Israeli+twin+towns+and+sister+cities&type=signup","/w/index.php?title=Special:UserLogin&returnto=List+of+Israeli+twin+towns+and+sister+cities","/wiki/List_of_Israeli_twin_towns_and_sister_cities","/wiki/Talk:List_of_Israeli_twin_towns_and_sister_cities","#","/wiki/List_of_Israeli_twin_towns_and_sister_cities","/w/index.php?title=List_of_Israeli_twin_towns_and_sister_cities&action=edit","/w/index.php?title=List_of_Israeli_twin_towns_and_sister_cities&action=history","#","/w/index.php","//bits.wikimedia.org/static-1.22wmf10/skins/vector/images/search-ltr.png?303-4","/wiki/Main_Page","/wiki/Main_Page","/wiki/Portal:Contents","/wiki/Portal:Featured_content","/wiki/Portal:Current_events","/wiki/Special:Random","//donate.wikimedia.org/wiki/Special:FundraiserRedirector?utm_source=donate&utm_medium=sidebar&utm_campaign=C13_en.wikipedia.org&uselang=en","/wiki/Help:Contents","/wiki/Wikipedia:About","/wiki/Wikipedia:Community_portal","/wiki/Special:RecentChanges","//en.wikipedia.org/wiki/Wikipedia:Contact_us","/wiki/Special:WhatLinksHere/List_of_Israeli_twin_towns_and_sister_cities","/wiki/Special:RecentChangesLinked/List_of_Israeli_twin_towns_and_sister_cities","/wiki/Wikipedia:File_Upload_Wizard","/wiki/Special:SpecialPages","/w/index.php?title=List_of_Israeli_twin_towns_and_sister_cities&oldid=564144176","/w/index.php?title=List_of_Israeli_twin_towns_and_sister_cities&action=info","//www.wikidata.org/wiki/Q114788","/w/index.php?title=Special:Cite&page=List_of_Israeli_twin_towns_and_sister_cities&id=564144176","/w/index.php?title=Special:Book&bookcmd=book_creator&referer=List+of+Israeli+twin+towns+and+sister+cities","/w/index.php?title=Special:Book&bookcmd=render_article&arttitle=List+of+Israeli+twin+towns+and+sister+cities&oldid=564144176&writer=rl","/w/index.php?title=List_of_Israeli_twin_towns_and_sister_cities&printable=yes","//tr.wikipedia.org/wiki/%C4%B0srail_%C5%9Fehirlerinin_karde%C5%9F_%C5%9Fehirleri","#","//www.wikidata.org/wiki/Q114788#sitelinks-wikipedia","//en.wikipedia.org/wiki/Wikipedia:Text_of_Creative_Commons_Attribution-ShareAlike_3.0_Unported_License","//creativecommons.org/licenses/by-sa/3.0/","//wikimediafoundation.org/wiki/Terms_of_Use","//wikimediafoundation.org/wiki/Privacy_policy","//www.wikimediafoundation.org/","//wikimediafoundation.org/wiki/Privacy_policy","/wiki/Wikipedia:About","/wiki/Wikipedia:General_disclaimer","//en.wikipedia.org/wiki/Wikipedia:Contact_us","//en.m.wikipedia.org/wiki/List_of_Israeli_twin_towns_and_sister_cities","//wikimediafoundation.org/","//bits.wikimedia.org/images/wikimedia-button.png","//www.mediawiki.org/","//bits.wikimedia.org/static-1.22wmf10/skins/common/images/poweredby_mediawiki_88x31.png","//bits.wikimedia.org/en.wikipedia.org/load.php?debug=false&lang=en&modules=site&only=scripts&skin=vector&*"],"instances":["berlin","city","overijssel"],"pdf":[],"categories":["Lists of populated places in Israel","Lists of twin towns and sister cities|Israel","Populated places in Israel"],"headings":["A","B","E","G","H","J","K","M","N","P","R","S","T","Y","References"],"image":["//upload.wikimedia.org/wikipedia/commons/thumb/0/05/Israel_labeled2.png/300px-Israel_labeled2.png","//upload.wikimedia.org/wikipedia/commons/thumb/4/41/Flag_of_Austria.svg/23px-Flag_of_Austria.svg.png","//upload.wikimedia.org/wikipedia/en/thumb/a/ae/Flag_of_the_United_Kingdom.svg/23px-Flag_of_the_United_Kingdom.svg.png","//upload.wikimedia.org/wikipedia/en/thumb/c/c3/Flag_of_France.svg/23px-Flag_of_France.svg.png","//upload.wikimedia.org/wikipedia/en/thumb/b/ba/Flag_of_Germany.svg/23px-Flag_of_Germany.svg.png","//upload.wikimedia.org/wikipedia/en/thumb/0/03/Flag_of_Italy.svg/23px-Flag_of_Italy.svg.png","//upload.wikimedia.org/wikipedia/en/thumb/1/12/Flag_of_Poland.svg/23px-Flag_of_Poland.svg.png","//upload.wikimedia.org/wikipedia/en/thumb/a/a4/Flag_of_the_United_States.svg/23px-Flag_of_the_United_States.svg.png","//upload.wikimedia.org/wikipedia/en/thumb/a/a4/Flag_of_the_United_States.svg/23px-Flag_of_the_United_States.svg.png","//upload.wikimedia.org/wikipedia/commons/thumb/1/1a/Flag_of_Argentina.svg/23px-Flag_of_Argentina.svg.png","//upload.wikimedia.org/wikipedia/en/thumb/a/a4/Flag_of_the_United_States.svg/23px-Flag_of_the_United_States.svg.png","//upload.wikimedia.org/wikipedia/en/thumb/a/a4/Flag_of_the_United_States.svg/23px-Flag_of_the_United_States.svg.png","//upload.wikimedia.org/wikipedia/en/thumb/a/a4/Flag_of_the_United_States.svg/23px-Flag_of_the_United_States.svg.png","//upload.wikimedia.org/wikipedia/en/thumb/b/ba/Flag_of_Germany.svg/23px-Flag_of_Germany.svg.png","//upload.wikimedia.org/wikipedia/en/thumb/a/a4/Flag_of_the_United_States.svg/23px-Flag_of_the_United_States.svg.png","//upload.wikimedia.org/wikipedia/en/thumb/a/a4/Flag_of_the_United_States.svg/23px-Flag_of_the_United_States.svg.png","//upload.wikimedia.org/wikipedia/commons/thumb/f/f2/Flag_of_Costa_Rica.svg/23px-Flag_of_Costa_Rica.svg.png","//upload.wikimedia.org/wikipedia/en/thumb/a/a4/Flag_of_the_United_States.svg/23px-Flag_of_the_United_States.svg.png","//upload.wikimedia.org/wikipedia/commons/thumb/1/1a/Flag_of_Argentina.svg/23px-Flag_of_Argentina.svg.png","//upload.wikimedia.org/wikipedia/en/thumb/c/c3/Flag_of_France.svg/23px-Flag_of_France.svg.png","//upload.wikimedia.org/wikipedia/en/thumb/b/ba/Flag_of_Germany.svg/23px-Flag_of_Germany.svg.png","//upload.wikimedia.org/wikipedia/en/thumb/a/a4/Flag_of_the_United_States.svg/23px-Flag_of_the_United_States.svg.png","//upload.wikimedia.org/wikipedia/commons/thumb/4/4e/Flag_of_Uganda.svg/23px-Flag_of_Uganda.svg.png","//upload.wikimedia.org/wikipedia/en/thumb/a/a4/Flag_of_the_United_States.svg/23px-Flag_of_the_United_States.svg.png","//upload.wikimedia.org/wikipedia/en/thumb/a/a4/Flag_of_the_United_States.svg/23px-Flag_of_the_United_States.svg.png","//upload.wikimedia.org/wikipedia/en/thumb/a/a4/Flag_of_the_United_States.svg/23px-Flag_of_the_United_States.svg.png","//upload.wikimedia.org/wikipedia/commons/thumb/f/ff/Flag_of_Serbia.svg/23px-Flag_of_Serbia.svg.png","//upload.wikimedia.org/wikipedia/en/thumb/0/03/Flag_of_Italy.svg/23px-Flag_of_Italy.svg.png","//upload.wikimedia.org/wikipedia/commons/thumb/b/b4/Flag_of_Turkey.svg/23px-Flag_of_Turkey.svg.png","//upload.wikimedia.org/wikipedia/en/thumb/1/12/Flag_of_Poland.svg/23px-Flag_of_Poland.svg.png","//upload.wikimedia.org/wikipedia/en/thumb/c/c3/Flag_of_France.svg/23px-Flag_of_France.svg.png","//upload.wikimedia.org/wikipedia/commons/thumb/7/78/Flag_of_Chile.svg/23px-Flag_of_Chile.svg.png","//upload.wikimedia.org/wikipedia/en/thumb/b/ba/Flag_of_Germany.svg/23px-Flag_of_Germany.svg.png","//upload.wikimedia.org/wikipedia/en/thumb/b/ba/Flag_of_Germany.svg/23px-Flag_of_Germany.svg.png","//upload.wikimedia.org/wikipedia/commons/thumb/e/e8/Flag_of_Ecuador.svg/23px-Flag_of_Ecuador.svg.png","//upload.wikimedia.org/wikipedia/commons/thumb/1/1a/Flag_of_Argentina.svg/23px-Flag_of_Argentina.svg.png","//upload.wikimedia.org/wikipedia/en/thumb/b/b9/Flag_of_Australia.svg/23px-Flag_of_Australia.svg.png","//upload.wikimedia.org/wikipedia/en/thumb/c/cf/Flag_of_Canada.svg/23px-Flag_of_Canada.svg.png","//upload.wikimedia.org/wikipedia/en/thumb/c/cf/Flag_of_Canada.svg/23px-Flag_of_Canada.svg.png","//upload.wikimedia.org/wikipedia/commons/thumb/7/71/Flag_of_Ethiopia.svg/23px-Flag_of_Ethiopia.svg.png","//upload.wikimedia.org/wikipedia/en/thumb/c/c3/Flag_of_France.svg/23px-Flag_of_France.svg.png","//upload.wikimedia.org/wikipedia/commons/thumb/0/0f/Flag_of_Georgia.svg/23px-Flag_of_Georgia.svg.png","//upload.wikimedia.org/wikipedia/en/thumb/b/ba/Flag_of_Germany.svg/23px-Flag_of_Germany.svg.png","//upload.wikimedia.org/wikipedia/en/thumb/b/ba/Flag_of_Germany.svg/23px-Flag_of_Germany.svg.png","//upload.wikimedia.org/wikipedia/commons/thumb/7/73/Flag_of_Romania.svg/23px-Flag_of_Romania.svg.png","//upload.wikimedia.org/wikipedia/commons/thumb/f/ff/Flag_of_Serbia.svg/23px-Flag_of_Serbia.svg.png","//upload.wikimedia.org/wikipedia/commons/thumb/9/99/Flag_of_the_Philippines.svg/23px-Flag_of_the_Philippines.svg.png","//upload.wikimedia.org/wikipedia/commons/thumb/b/b4/Flag_of_Turkey.svg/23px-Flag_of_Turkey.svg.png","//upload.wikimedia.org/wikipedia/en/thumb/a/a4/Flag_of_the_United_States.svg/23px-Flag_of_the_United_States.svg.png","//upload.wikimedia.org/wikipedia/en/thumb/a/a4/Flag_of_the_United_States.svg/23px-Flag_of_the_United_States.svg.png","//upload.wikimedia.org/wikipedia/commons/thumb/a/af/Flag_of_South_Africa.svg/23px-Flag_of_South_Africa.svg.png","//upload.wikimedia.org/wikipedia/en/thumb/a/a4/Flag_of_the_United_States.svg/23px-Flag_of_the_United_States.svg.png","//upload.wikimedia.org/wikipedia/en/thumb/a/a4/Flag_of_the_United_States.svg/23px-Flag_of_the_United_States.svg.png","//upload.wikimedia.org/wikipedia/en/thumb/a/a4/Flag_of_the_United_States.svg/23px-Flag_of_the_United_States.svg.png","//upload.wikimedia.org/wikipedia/en/thumb/b/ba/Flag_of_Germany.svg/23px-Flag_of_Germany.svg.png","//upload.wikimedia.org/wikipedia/commons/thumb/f/fa/Flag_of_the_People%27s_Republic_of_China.svg/23px-Flag_of_the_People%27s_Republic_of_China.svg.png","//upload.wikimedia.org/wikipedia/commons/thumb/c/c1/Flag_of_Hungary.svg/23px-Flag_of_Hungary.svg.png","//upload.wikimedia.org/wikipedia/commons/thumb/1/1a/Flag_of_Argentina.svg/23px-Flag_of_Argentina.svg.png","//upload.wikimedia.org/wikipedia/commons/thumb/9/9a/Flag_of_Bulgaria.svg/23px-Flag_of_Bulgaria.svg.png","//upload.wikimedia.org/wikipedia/en/thumb/c/cf/Flag_of_Canada.svg/23px-Flag_of_Canada.svg.png","//upload.wikimedia.org/wikipedia/en/thumb/c/c3/Flag_of_France.svg/23px-Flag_of_France.svg.png","//upload.wikimedia.org/wikipedia/en/thumb/c/c3/Flag_of_France.svg/23px-Flag_of_France.svg.png","//upload.wikimedia.org/wikipedia/en/thumb/b/ba/Flag_of_Germany.svg/23px-Flag_of_Germany.svg.png","//upload.wikimedia.org/wikipedia/commons/thumb/5/5c/Flag_of_Greece.svg/23px-Flag_of_Greece.svg.png","//upload.wikimedia.org/wikipedia/commons/thumb/c/c1/Flag_of_Hungary.svg/23px-Flag_of_Hungary.svg.png","//upload.wikimedia.org/wikipedia/commons/thumb/2/20/Flag_of_the_Netherlands.svg/23px-Flag_of_the_Netherlands.svg.png","//upload.wikimedia.org/wikipedia/commons/thumb/e/e6/Flag_of_Slovakia.svg/23px-Flag_of_Slovakia.svg.png","//upload.wikimedia.org/wikipedia/commons/thumb/a/af/Flag_of_South_Africa.svg/23px-Flag_of_South_Africa.svg.png","//upload.wikimedia.org/wikipedia/en/thumb/9/9a/Flag_of_Spain.svg/23px-Flag_of_Spain.svg.png","//upload.wikimedia.org/wikipedia/en/thumb/a/a4/Flag_of_the_United_States.svg/23px-Flag_of_the_United_States.svg.png","//upload.wikimedia.org/wikipedia/en/thumb/a/a4/Flag_of_the_United_States.svg/23px-Flag_of_the_United_States.svg.png","//upload.wikimedia.org/wikipedia/en/thumb/1/12/Flag_of_Poland.svg/23px-Flag_of_Poland.svg.png","//upload.wikimedia.org/wikipedia/en/thumb/f/f3/Flag_of_Russia.svg/23px-Flag_of_Russia.svg.png","//upload.wikimedia.org/wikipedia/en/thumb/b/ba/Flag_of_Germany.svg/23px-Flag_of_Germany.svg.png","//upload.wikimedia.org/wikipedia/commons/thumb/1/1a/Flag_of_Argentina.svg/23px-Flag_of_Argentina.svg.png","//upload.wikimedia.org/wikipedia/commons/thumb/9/92/Flag_of_Belgium_%28civil%29.svg/23px-Flag_of_Belgium_%28civil%29.svg.png","//upload.wikimedia.org/wikipedia/en/thumb/0/05/Flag_of_Brazil.svg/22px-Flag_of_Brazil.svg.png","//upload.wikimedia.org/wikipedia/commons/thumb/f/fa/Flag_of_the_People%27s_Republic_of_China.svg/23px-Flag_of_the_People%27s_Republic_of_China.svg.png","//upload.wikimedia.org/wikipedia/commons/thumb/d/d4/Flag_of_Cyprus.svg/23px-Flag_of_Cyprus.svg.png","//upload.wikimedia.org/wikipedia/commons/thumb/9/9c/Flag_of_Denmark.svg/20px-Flag_of_Denmark.svg.png","//upload.wikimedia.org/wikipedia/en/thumb/c/c3/Flag_of_France.svg/23px-Flag_of_France.svg.png","//upload.wikimedia.org/wikipedia/en/thumb/b/ba/Flag_of_Germany.svg/23px-Flag_of_Germany.svg.png","//upload.wikimedia.org/wikipedia/en/thumb/b/ba/Flag_of_Germany.svg/23px-Flag_of_Germany.svg.png","//upload.wikimedia.org/wikipedia/en/thumb/b/ba/Flag_of_Germany.svg/23px-Flag_of_Germany.svg.png","//upload.wikimedia.org/wikipedia/en/thumb/b/ba/Flag_of_Germany.svg/23px-Flag_of_Germany.svg.png","//upload.wikimedia.org/wikipedia/commons/thumb/9/99/Flag_of_the_Philippines.svg/23px-Flag_of_the_Philippines.svg.png","//upload.wikimedia.org/wikipedia/en/thumb/f/f3/Flag_of_Russia.svg/23px-Flag_of_Russia.svg.png","//upload.wikimedia.org/wikipedia/commons/thumb/a/af/Flag_of_South_Africa.svg/23px-Flag_of_South_Africa.svg.png","//upload.wikimedia.org/wikipedia/commons/thumb/4/49/Flag_of_Ukraine.svg/23px-Flag_of_Ukraine.svg.png","//upload.wikimedia.org/wikipedia/en/thumb/a/ae/Flag_of_the_United_Kingdom.svg/23px-Flag_of_the_United_Kingdom.svg.png","//upload.wikimedia.org/wikipedia/en/thumb/a/ae/Flag_of_the_United_Kingdom.svg/23px-Flag_of_the_United_Kingdom.svg.png","//upload.wikimedia.org/wikipedia/en/thumb/a/ae/Flag_of_the_United_Kingdom.svg/23px-Flag_of_the_United_Kingdom.svg.png","//upload.wikimedia.org/wikipedia/en/thumb/a/a4/Flag_of_the_United_States.svg/23px-Flag_of_the_United_States.svg.png","//upload.wikimedia.org/wikipedia/en/thumb/a/a4/Flag_of_the_United_States.svg/23px-Flag_of_the_United_States.svg.png","//upload.wikimedia.org/wikipedia/en/thumb/a/a4/Flag_of_the_United_States.svg/23px-Flag_of_the_United_States.svg.png","//upload.wikimedia.org/wikipedia/en/thumb/a/a4/Flag_of_the_United_States.svg/23px-Flag_of_the_United_States.svg.png","//upload.wikimedia.org/wikipedia/commons/thumb/1/1a/Flag_of_Argentina.svg/23px-Flag_of_Argentina.svg.png","//upload.wikimedia.org/wikipedia/commons/thumb/5/5c/Flag_of_Portugal.svg/23px-Flag_of_Portugal.svg.png","//upload.wikimedia.org/wikipedia/en/thumb/b/ba/Flag_of_Germany.svg/23px-Flag_of_Germany.svg.png","//upload.wikimedia.org/wikipedia/en/thumb/a/a4/Flag_of_the_United_States.svg/23px-Flag_of_the_United_States.svg.png","//upload.wikimedia.org/wikipedia/en/thumb/b/ba/Flag_of_Germany.svg/23px-Flag_of_Germany.svg.png","//upload.wikimedia.org/wikipedia/commons/thumb/7/73/Flag_of_Romania.svg/23px-Flag_of_Romania.svg.png","//upload.wikimedia.org/wikipedia/commons/thumb/b/b4/Flag_of_Turkey.svg/23px-Flag_of_Turkey.svg.png","//upload.wikimedia.org/wikipedia/commons/thumb/f/fa/Flag_of_the_People%27s_Republic_of_China.svg/23px-Flag_of_the_People%27s_Republic_of_China.svg.png","//upload.wikimedia.org/wikipedia/en/thumb/c/c3/Flag_of_France.svg/23px-Flag_of_France.svg.png","//upload.wikimedia.org/wikipedia/en/thumb/b/ba/Flag_of_Germany.svg/23px-Flag_of_Germany.svg.png","//upload.wikimedia.org/wikipedia/en/thumb/b/ba/Flag_of_Germany.svg/23px-Flag_of_Germany.svg.png","//upload.wikimedia.org/wikipedia/commons/thumb/0/09/Flag_of_South_Korea.svg/23px-Flag_of_South_Korea.svg.png","//upload.wikimedia.org/wikipedia/en/thumb/a/a4/Flag_of_the_United_States.svg/23px-Flag_of_the_United_States.svg.png","//upload.wikimedia.org/wikipedia/commons/thumb/c/cb/Flag_of_the_Czech_Republic.svg/23px-Flag_of_the_Czech_Republic.svg.png","//upload.wikimedia.org/wikipedia/commons/thumb/2/2c/Flag_of_Morocco.svg/23px-Flag_of_Morocco.svg.png","//upload.wikimedia.org/wikipedia/en/thumb/a/a4/Flag_of_the_United_States.svg/23px-Flag_of_the_United_States.svg.png","//upload.wikimedia.org/wikipedia/en/thumb/c/c3/Flag_of_France.svg/23px-Flag_of_France.svg.png","//upload.wikimedia.org/wikipedia/en/thumb/b/ba/Flag_of_Germany.svg/23px-Flag_of_Germany.svg.png","//upload.wikimedia.org/wikipedia/commons/thumb/c/c1/Flag_of_Hungary.svg/23px-Flag_of_Hungary.svg.png","//upload.wikimedia.org/wikipedia/commons/thumb/d/d9/Flag_of_Norway.svg/21px-Flag_of_Norway.svg.png","//upload.wikimedia.org/wikipedia/en/thumb/a/a4/Flag_of_the_United_States.svg/23px-Flag_of_the_United_States.svg.png","//upload.wikimedia.org/wikipedia/en/thumb/a/a4/Flag_of_the_United_States.svg/23px-Flag_of_the_United_States.svg.png","//upload.wikimedia.org/wikipedia/en/thumb/a/a4/Flag_of_the_United_States.svg/23px-Flag_of_the_United_States.svg.png","//upload.wikimedia.org/wikipedia/commons/thumb/f/f2/Flag_of_Costa_Rica.svg/23px-Flag_of_Costa_Rica.svg.png","//upload.wikimedia.org/wikipedia/en/thumb/b/ba/Flag_of_Germany.svg/23px-Flag_of_Germany.svg.png","//upload.wikimedia.org/wikipedia/en/thumb/b/ba/Flag_of_Germany.svg/23px-Flag_of_Germany.svg.png","//upload.wikimedia.org/wikipedia/commons/thumb/e/ec/Flag_of_Guatemala.svg/23px-Flag_of_Guatemala.svg.png","//upload.wikimedia.org/wikipedia/commons/thumb/d/d4/Flag_of_Israel.svg/21px-Flag_of_Israel.svg.png","//upload.wikimedia.org/wikipedia/commons/thumb/2/20/Flag_of_the_Netherlands.svg/23px-Flag_of_the_Netherlands.svg.png","//upload.wikimedia.org/wikipedia/en/thumb/a/a4/Flag_of_the_United_States.svg/23px-Flag_of_the_United_States.svg.png","//upload.wikimedia.org/wikipedia/en/thumb/a/a4/Flag_of_the_United_States.svg/23px-Flag_of_the_United_States.svg.png","//upload.wikimedia.org/wikipedia/en/thumb/c/c3/Flag_of_France.svg/23px-Flag_of_France.svg.png","//upload.wikimedia.org/wikipedia/en/thumb/b/ba/Flag_of_Germany.svg/23px-Flag_of_Germany.svg.png","//upload.wikimedia.org/wikipedia/commons/thumb/c/c1/Flag_of_Hungary.svg/23px-Flag_of_Hungary.svg.png","//upload.wikimedia.org/wikipedia/en/thumb/f/f3/Flag_of_Russia.svg/23px-Flag_of_Russia.svg.png","//upload.wikimedia.org/wikipedia/commons/thumb/c/c1/Flag_of_Hungary.svg/23px-Flag_of_Hungary.svg.png","//upload.wikimedia.org/wikipedia/en/thumb/a/a4/Flag_of_the_United_States.svg/23px-Flag_of_the_United_States.svg.png","//upload.wikimedia.org/wikipedia/en/thumb/a/a4/Flag_of_the_United_States.svg/23px-Flag_of_the_United_States.svg.png","//upload.wikimedia.org/wikipedia/en/thumb/a/a4/Flag_of_the_United_States.svg/23px-Flag_of_the_United_States.svg.png","//upload.wikimedia.org/wikipedia/en/thumb/c/c3/Flag_of_France.svg/23px-Flag_of_France.svg.png","//upload.wikimedia.org/wikipedia/commons/thumb/9/9f/Flag_of_Indonesia.svg/23px-Flag_of_Indonesia.svg.png","//upload.wikimedia.org/wikipedia/en/thumb/0/03/Flag_of_Italy.svg/23px-Flag_of_Italy.svg.png","//upload.wikimedia.org/wikipedia/en/thumb/0/03/Flag_of_Italy.svg/23px-Flag_of_Italy.svg.png","//upload.wikimedia.org/wikipedia/commons/thumb/2/20/Flag_of_the_Netherlands.svg/23px-Flag_of_the_Netherlands.svg.png","//upload.wikimedia.org/wikipedia/commons/thumb/0/00/Flag_of_Palestine.svg/23px-Flag_of_Palestine.svg.png","//upload.wikimedia.org/wikipedia/en/thumb/1/12/Flag_of_Poland.svg/23px-Flag_of_Poland.svg.png","//upload.wikimedia.org/wikipedia/commons/thumb/1/1a/Flag_of_Argentina.svg/23px-Flag_of_Argentina.svg.png","//upload.wikimedia.org/wikipedia/commons/thumb/4/41/Flag_of_Austria.svg/23px-Flag_of_Austria.svg.png","//upload.wikimedia.org/wikipedia/en/thumb/c/c3/Flag_of_France.svg/23px-Flag_of_France.svg.png","//upload.wikimedia.org/wikipedia/en/thumb/b/ba/Flag_of_Germany.svg/23px-Flag_of_Germany.svg.png","//upload.wikimedia.org/wikipedia/en/thumb/b/b9/Flag_of_Australia.svg/23px-Flag_of_Australia.svg.png","//upload.wikimedia.org/wikipedia/en/thumb/c/c3/Flag_of_France.svg/23px-Flag_of_France.svg.png","//upload.wikimedia.org/wikipedia/en/thumb/c/c3/Flag_of_France.svg/23px-Flag_of_France.svg.png","//upload.wikimedia.org/wikipedia/en/thumb/0/03/Flag_of_Italy.svg/23px-Flag_of_Italy.svg.png","//upload.wikimedia.org/wikipedia/en/thumb/b/ba/Flag_of_Germany.svg/23px-Flag_of_Germany.svg.png","//upload.wikimedia.org/wikipedia/en/thumb/b/ba/Flag_of_Germany.svg/23px-Flag_of_Germany.svg.png","//upload.wikimedia.org/wikipedia/commons/thumb/c/c1/Flag_of_Hungary.svg/23px-Flag_of_Hungary.svg.png","//upload.wikimedia.org/wikipedia/commons/thumb/d/d9/Flag_of_Norway.svg/21px-Flag_of_Norway.svg.png","//upload.wikimedia.org/wikipedia/commons/thumb/7/73/Flag_of_Romania.svg/23px-Flag_of_Romania.svg.png","//upload.wikimedia.org/wikipedia/en/thumb/a/ae/Flag_of_the_United_Kingdom.svg/23px-Flag_of_the_United_Kingdom.svg.png","//upload.wikimedia.org/wikipedia/en/thumb/a/a4/Flag_of_the_United_States.svg/23px-Flag_of_the_United_States.svg.png","//upload.wikimedia.org/wikipedia/en/thumb/a/a4/Flag_of_the_United_States.svg/23px-Flag_of_the_United_States.svg.png","//upload.wikimedia.org/wikipedia/en/thumb/c/cf/Flag_of_Canada.svg/23px-Flag_of_Canada.svg.png","//upload.wikimedia.org/wikipedia/en/thumb/b/ba/Flag_of_Germany.svg/23px-Flag_of_Germany.svg.png","//upload.wikimedia.org/wikipedia/commons/thumb/d/d9/Flag_of_Norway.svg/21px-Flag_of_Norway.svg.png","//upload.wikimedia.org/wikipedia/commons/thumb/7/73/Flag_of_Romania.svg/23px-Flag_of_Romania.svg.png","//upload.wikimedia.org/wikipedia/commons/thumb/9/9c/Flag_of_Denmark.svg/20px-Flag_of_Denmark.svg.png","//upload.wikimedia.org/wikipedia/commons/thumb/b/b4/Flag_of_Turkey.svg/23px-Flag_of_Turkey.svg.png","//upload.wikimedia.org/wikipedia/en/thumb/a/a4/Flag_of_the_United_States.svg/23px-Flag_of_the_United_States.svg.png","//upload.wikimedia.org/wikipedia/commons/thumb/f/fa/Flag_of_the_People%27s_Republic_of_China.svg/23px-Flag_of_the_People%27s_Republic_of_China.svg.png","//upload.wikimedia.org/wikipedia/en/thumb/c/c3/Flag_of_France.svg/23px-Flag_of_France.svg.png","//upload.wikimedia.org/wikipedia/en/thumb/b/ba/Flag_of_Germany.svg/23px-Flag_of_Germany.svg.png","//upload.wikimedia.org/wikipedia/en/thumb/b/ba/Flag_of_Germany.svg/23px-Flag_of_Germany.svg.png","//upload.wikimedia.org/wikipedia/en/thumb/0/03/Flag_of_Italy.svg/23px-Flag_of_Italy.svg.png","//upload.wikimedia.org/wikipedia/commons/thumb/2/20/Flag_of_the_Netherlands.svg/23px-Flag_of_the_Netherlands.svg.png","//upload.wikimedia.org/wikipedia/commons/thumb/1/14/Flag_of_Chinese_Taipei_for_Olympic_games.svg/23px-Flag_of_Chinese_Taipei_for_Olympic_games.svg.png","//upload.wikimedia.org/wikipedia/en/thumb/a/a4/Flag_of_the_United_States.svg/23px-Flag_of_the_United_States.svg.png","//upload.wikimedia.org/wikipedia/commons/thumb/f/fa/Flag_of_the_People%27s_Republic_of_China.svg/23px-Flag_of_the_People%27s_Republic_of_China.svg.png","//upload.wikimedia.org/wikipedia/en/thumb/0/05/Flag_of_Brazil.svg/22px-Flag_of_Brazil.svg.png","//upload.wikimedia.org/wikipedia/commons/thumb/f/fa/Flag_of_the_People%27s_Republic_of_China.svg/23px-Flag_of_the_People%27s_Republic_of_China.svg.png","//upload.wikimedia.org/wikipedia/en/thumb/c/c3/Flag_of_France.svg/23px-Flag_of_France.svg.png","//upload.wikimedia.org/wikipedia/commons/thumb/c/c1/Flag_of_Hungary.svg/23px-Flag_of_Hungary.svg.png","//upload.wikimedia.org/wikipedia/en/thumb/b/ba/Flag_of_Germany.svg/23px-Flag_of_Germany.svg.png","//upload.wikimedia.org/wikipedia/en/thumb/b/ba/Flag_of_Germany.svg/23px-Flag_of_Germany.svg.png","//upload.wikimedia.org/wikipedia/en/thumb/b/ba/Flag_of_Germany.svg/23px-Flag_of_Germany.svg.png","//upload.wikimedia.org/wikipedia/commons/thumb/c/cf/Flag_of_Peru.svg/23px-Flag_of_Peru.svg.png","//upload.wikimedia.org/wikipedia/en/thumb/1/12/Flag_of_Poland.svg/23px-Flag_of_Poland.svg.png","//upload.wikimedia.org/wikipedia/en/thumb/f/f3/Flag_of_Russia.svg/23px-Flag_of_Russia.svg.png","//upload.wikimedia.org/wikipedia/en/thumb/a/ae/Flag_of_the_United_Kingdom.svg/23px-Flag_of_the_United_Kingdom.svg.png","//upload.wikimedia.org/wikipedia/en/thumb/a/a4/Flag_of_the_United_States.svg/23px-Flag_of_the_United_States.svg.png","//upload.wikimedia.org/wikipedia/en/thumb/c/c3/Flag_of_France.svg/23px-Flag_of_France.svg.png","//upload.wikimedia.org/wikipedia/en/thumb/c/c3/Flag_of_France.svg/23px-Flag_of_France.svg.png","//upload.wikimedia.org/wikipedia/en/thumb/b/ba/Flag_of_Germany.svg/23px-Flag_of_Germany.svg.png","//upload.wikimedia.org/wikipedia/en/thumb/a/a4/Flag_of_the_United_States.svg/23px-Flag_of_the_United_States.svg.png","//upload.wikimedia.org/wikipedia/en/thumb/c/cf/Flag_of_Canada.svg/23px-Flag_of_Canada.svg.png","//upload.wikimedia.org/wikipedia/en/thumb/f/f3/Flag_of_Russia.svg/23px-Flag_of_Russia.svg.png","//upload.wikimedia.org/wikipedia/en/thumb/a/a4/Flag_of_the_United_States.svg/23px-Flag_of_the_United_States.svg.png","//upload.wikimedia.org/wikipedia/commons/thumb/1/1a/Flag_of_Argentina.svg/23px-Flag_of_Argentina.svg.png","//upload.wikimedia.org/wikipedia/en/thumb/c/c3/Flag_of_France.svg/23px-Flag_of_France.svg.png","//upload.wikimedia.org/wikipedia/en/thumb/b/ba/Flag_of_Germany.svg/23px-Flag_of_Germany.svg.png","//upload.wikimedia.org/wikipedia/en/thumb/a/ae/Flag_of_the_United_Kingdom.svg/23px-Flag_of_the_United_Kingdom.svg.png","//upload.wikimedia.org/wikipedia/en/thumb/a/a4/Flag_of_the_United_States.svg/23px-Flag_of_the_United_States.svg.png","//upload.wikimedia.org/wikipedia/en/thumb/a/a4/Flag_of_the_United_States.svg/23px-Flag_of_the_United_States.svg.png","//upload.wikimedia.org/wikipedia/en/thumb/a/a4/Flag_of_the_United_States.svg/23px-Flag_of_the_United_States.svg.png","//upload.wikimedia.org/wikipedia/commons/thumb/2/20/Flag_of_the_Netherlands.svg/23px-Flag_of_the_Netherlands.svg.png","//upload.wikimedia.org/wikipedia/en/thumb/c/c3/Flag_of_France.svg/23px-Flag_of_France.svg.png","//upload.wikimedia.org/wikipedia/en/thumb/f/f3/Flag_of_Russia.svg/23px-Flag_of_Russia.svg.png","//upload.wikimedia.org/wikipedia/en/thumb/a/a4/Flag_of_the_United_States.svg/23px-Flag_of_the_United_States.svg.png","//upload.wikimedia.org/wikipedia/en/thumb/a/a4/Flag_of_the_United_States.svg/23px-Flag_of_the_United_States.svg.png","//upload.wikimedia.org/wikipedia/en/thumb/a/a4/Flag_of_the_United_States.svg/23px-Flag_of_the_United_States.svg.png","//upload.wikimedia.org/wikipedia/commons/thumb/c/cb/Flag_of_the_Czech_Republic.svg/23px-Flag_of_the_Czech_Republic.svg.png","//upload.wikimedia.org/wikipedia/commons/thumb/4/49/Flag_of_Ukraine.svg/23px-Flag_of_Ukraine.svg.png","//upload.wikimedia.org/wikipedia/en/thumb/b/ba/Flag_of_Germany.svg/23px-Flag_of_Germany.svg.png","//upload.wikimedia.org/wikipedia/en/thumb/b/ba/Flag_of_Germany.svg/23px-Flag_of_Germany.svg.png","//upload.wikimedia.org/wikipedia/en/thumb/c/c3/Flag_of_France.svg/23px-Flag_of_France.svg.png","//upload.wikimedia.org/wikipedia/commons/thumb/f/fa/Flag_of_the_People%27s_Republic_of_China.svg/23px-Flag_of_the_People%27s_Republic_of_China.svg.png","//upload.wikimedia.org/wikipedia/en/thumb/c/c3/Flag_of_France.svg/23px-Flag_of_France.svg.png","//upload.wikimedia.org/wikipedia/en/thumb/b/ba/Flag_of_Germany.svg/23px-Flag_of_Germany.svg.png","//upload.wikimedia.org/wikipedia/en/thumb/a/a4/Flag_of_the_United_States.svg/23px-Flag_of_the_United_States.svg.png","//upload.wikimedia.org/wikipedia/commons/thumb/1/1a/Flag_of_Argentina.svg/23px-Flag_of_Argentina.svg.png","//upload.wikimedia.org/wikipedia/commons/thumb/4/41/Flag_of_Austria.svg/23px-Flag_of_Austria.svg.png","//upload.wikimedia.org/wikipedia/en/thumb/0/05/Flag_of_Brazil.svg/22px-Flag_of_Brazil.svg.png","//upload.wikimedia.org/wikipedia/en/thumb/0/05/Flag_of_Brazil.svg/22px-Flag_of_Brazil.svg.png","//upload.wikimedia.org/wikipedia/commons/thumb/9/9a/Flag_of_Bulgaria.svg/23px-Flag_of_Bulgaria.svg.png","//upload.wikimedia.org/wikipedia/commons/thumb/f/fa/Flag_of_the_People%27s_Republic_of_China.svg/23px-Flag_of_the_People%27s_Republic_of_China.svg.png","//upload.wikimedia.org/wikipedia/en/thumb/a/a4/Flag_of_the_United_States.svg/23px-Flag_of_the_United_States.svg.png","//upload.wikimedia.org/wikipedia/en/thumb/c/cf/Flag_of_Canada.svg/23px-Flag_of_Canada.svg.png","//upload.wikimedia.org/wikipedia/commons/thumb/d/d4/Flag_of_Cyprus.svg/23px-Flag_of_Cyprus.svg.png","//upload.wikimedia.org/wikipedia/en/thumb/c/c3/Flag_of_France.svg/23px-Flag_of_France.svg.png","//upload.wikimedia.org/wikipedia/en/thumb/c/c3/Flag_of_France.svg/23px-Flag_of_France.svg.png","//upload.wikimedia.org/wikipedia/en/thumb/b/ba/Flag_of_Germany.svg/23px-Flag_of_Germany.svg.png","//upload.wikimedia.org/wikipedia/en/thumb/b/ba/Flag_of_Germany.svg/23px-Flag_of_Germany.svg.png","//upload.wikimedia.org/wikipedia/en/thumb/b/ba/Flag_of_Germany.svg/23px-Flag_of_Germany.svg.png","//upload.wikimedia.org/wikipedia/en/thumb/b/ba/Flag_of_Germany.svg/23px-Flag_of_Germany.svg.png","//upload.wikimedia.org/wikipedia/commons/thumb/5/5c/Flag_of_Greece.svg/23px-Flag_of_Greece.svg.png","//upload.wikimedia.org/wikipedia/commons/thumb/c/c1/Flag_of_Hungary.svg/23px-Flag_of_Hungary.svg.png","//upload.wikimedia.org/wikipedia/en/thumb/0/03/Flag_of_Italy.svg/23px-Flag_of_Italy.svg.png","//upload.wikimedia.org/wikipedia/commons/thumb/d/d3/Flag_of_Kazakhstan.svg/23px-Flag_of_Kazakhstan.svg.png","//upload.wikimedia.org/wikipedia/commons/thumb/2/27/Flag_of_Moldova.svg/23px-Flag_of_Moldova.svg.png","//upload.wikimedia.org/wikipedia/commons/thumb/0/00/Flag_of_Palestine.svg/23px-Flag_of_Palestine.svg.png","//upload.wikimedia.org/wikipedia/en/thumb/1/12/Flag_of_Poland.svg/23px-Flag_of_Poland.svg.png","//upload.wikimedia.org/wikipedia/en/thumb/1/12/Flag_of_Poland.svg/23px-Flag_of_Poland.svg.png","//upload.wikimedia.org/wikipedia/en/thumb/f/f3/Flag_of_Russia.svg/23px-Flag_of_Russia.svg.png","//upload.wikimedia.org/wikipedia/commons/thumb/f/ff/Flag_of_Serbia.svg/23px-Flag_of_Serbia.svg.png","//upload.wikimedia.org/wikipedia/commons/thumb/0/09/Flag_of_South_Korea.svg/23px-Flag_of_South_Korea.svg.png","//upload.wikimedia.org/wikipedia/en/thumb/9/9a/Flag_of_Spain.svg/23px-Flag_of_Spain.svg.png","//upload.wikimedia.org/wikipedia/commons/thumb/b/b4/Flag_of_Turkey.svg/23px-Flag_of_Turkey.svg.png","//upload.wikimedia.org/wikipedia/en/thumb/a/a4/Flag_of_the_United_States.svg/23px-Flag_of_the_United_States.svg.png","//upload.wikimedia.org/wikipedia/en/thumb/a/a4/Flag_of_the_United_States.svg/23px-Flag_of_the_United_States.svg.png","//upload.wikimedia.org/wikipedia/en/thumb/a/a4/Flag_of_the_United_States.svg/23px-Flag_of_the_United_States.svg.png","//upload.wikimedia.org/wikipedia/commons/thumb/1/1a/Flag_of_Argentina.svg/23px-Flag_of_Argentina.svg.png","//upload.wikimedia.org/wikipedia/en/thumb/a/a4/Flag_of_the_United_States.svg/23px-Flag_of_the_United_States.svg.png","//upload.wikimedia.org/wikipedia/en/thumb/c/c3/Flag_of_France.svg/23px-Flag_of_France.svg.png","//upload.wikimedia.org/wikipedia/en/thumb/a/a4/Flag_of_the_United_States.svg/23px-Flag_of_the_United_States.svg.png","//upload.wikimedia.org/wikipedia/commons/thumb/f/fa/Flag_of_the_People%27s_Republic_of_China.svg/23px-Flag_of_the_People%27s_Republic_of_China.svg.png","//upload.wikimedia.org/wikipedia/en/thumb/b/ba/Flag_of_Germany.svg/23px-Flag_of_Germany.svg.png","//upload.wikimedia.org/wikipedia/commons/thumb/c/cf/Flag_of_Peru.svg/23px-Flag_of_Peru.svg.png","//upload.wikimedia.org/wikipedia/en/thumb/a/ae/Flag_of_the_United_Kingdom.svg/23px-Flag_of_the_United_Kingdom.svg.png","//upload.wikimedia.org/wikipedia/en/thumb/a/a4/Flag_of_the_United_States.svg/23px-Flag_of_the_United_States.svg.png","//upload.wikimedia.org/wikipedia/en/thumb/a/a4/Flag_of_the_United_States.svg/23px-Flag_of_the_United_States.svg.png","//upload.wikimedia.org/wikipedia/en/thumb/a/ae/Flag_of_the_United_Kingdom.svg/14px-Flag_of_the_United_Kingdom.svg.png","//upload.wikimedia.org/wikipedia/en/thumb/1/12/Flag_of_Poland.svg/10px-Flag_of_Poland.svg.png","//en.wikipedia.org/w/index.php?title=Special:CentralAutoLogin/start&type=1x1&from=enwiki","//bits.wikimedia.org/static-1.22wmf10/skins/vector/images/search-ltr.png?303-4","//bits.wikimedia.org/images/wikimedia-button.png","//bits.wikimedia.org/static-1.22wmf10/skins/common/images/poweredby_mediawiki_88x31.png"],"tags":[["kampen","overijssel"],["bremen","city"],["zehlendorf","berlin"]],"members":["zehlendorf","bremen","kampen"],"related":["Israeli_settlement","West_Bank","Town_twinning","Bregenz","Manchester","La_Rochelle","Recklinghausen","Pisa","Bielsko-Biaa","Canton,_Ohio","Deerfield_Beach","Santa_Fe,_Argentina","New_Haven,_Connecticut","Stamford,_Connecticut","West_Hartford,_Connecticut","Dinslaken","Burlington,_Vermont","Wilmington,_Delaware","Heredia,_Costa_Rica","Mobile,_Alabama","Baha_Blanca","Bordeaux","Spandau","Tampa,_Florida","Entebbe","Sacramento,_California","Baltimore,_Maryland","Portland,_Oregon","Kragujevac","Livorno","Antalya","Kutno","Villeurbanne","Valparaso","Aurich","Neuklln","Salinas,_Ecuador","La_Plata","Parramatta,_New_South_Wales","Montreal,_Quebec","Winnipeg","Addis_Ababa","Lyon","Oni,_Georgia","Rosenheim","Wuppertal","Cluj-Napoca","Ni","Cebu_City","Adana","Seattle","Sister_cities","Cocoa,_Florida","Lancaster,_Pennsylvania","Ramapo,_New_York","Nordhausen","Lhasa","Tokaj","Ushuaia","Smolyan","Toronto","Antibes","Juan-les-Pins","Kamen","Serres","Sopron","Kampen_(Overijssel)","Pieany","Durban","Benidorm","Los_Angeles,_California","Chattanooga,_Tennessee","Godap","Dubna","Stade","Rosario","Antwerp","Rio_de_Janeiro","Shanghai","Limassol","Aalborg","Marseille","Bremen_(city)","Dsseldorf","Erfurt","Mainz","Manila","Saint_Petersburg","Cape_Town","Odessa","London_Borough_of_Hackney","Newcastle_upon_Tyne","Portsmouth","Boston","Fort_Lauderdale,_Florida","Palm_Desert,_California","San_Francisco","San_Isidro,_Buenos_Aires","Funchal","Leipzig","Hollywood,_Florida","Dorsten","Sinaia","zmir","Anshan","Suresnes","Berlin-Mitte","Hannoversch_Mnden","Andong","Dayton,_Ohio","Prague","Fes","Metz","Berlin-Wilmersdorf","Kisvrda","Hamar","Denver,_Colorado","Pittsburgh","Crown_Heights,_Brooklyn","San_Jos,_Costa_Rica","Mlheim","Wiesbaden","Guatemala_City","Beit_Jann","Delft","Columbus,_Ohio","Buffalo,_New_York","Crteil","Friedrichshain-Kreuzberg","Mak","Kislovodsk","Nyregyhza","Allentown,_Pennsylvania","Harrisburg,_Pennsylvania","Pittsburgh,_Pennsylvania","Saint-Denis","Kandangan","Florence","Loreto","The_Hague","Nablus","Czstochowa","San_Miguel_de_Tucumn","Klagenfurt","Issy-les-Moulineaux","Gold_Coast,_Queensland","Nice","Sarcelles","Como","Giessen","Dortmund","Sifok","Stavanger","Iai","Bournemouth","Cincinnati,_Ohio","Sunny_Isles_Beach","Boulogne-Billancourt","Bramsche","Goslar","Verona","Opsterland","Tainan_City","Atlanta","Qingdao","Rio_de_Janeiro","Shenyang","Strasbourg","Szombathely","Kassel","Main-Kinzig-Kreis","Weinheim","San_Borja_District","Lima","Wrocaw","Penza","London_Borough_of_Barnet","Phoenix,_Arizona","Dunkirk","Saint-Maur-des-Fosss","Georgsmarienhtte","Tallahassee,_Florida","Vaughan,_Ontario","Chelyabinsk","Kansas_City,_Missouri","Paran,_Argentina","Grenoble","Heidelberg","Manchester","Albuquerque,_New_Mexico","Philadelphia","Rochester,_New_York","Heerenveen","Nmes","Saint_Petersburg","Prince_George's_County,_Maryland","New_Orleans","Birmingham,_Alabama","Prague","Odessa","Aachen","Dachau","Vanves","Cixi_City","Antony,_Hauts-de-Seine","Zehlendorf_(Berlin)","Sister_cities","Buenos_Aires","Vienna","Rio_de_Janeiro","So_Paulo","Sofia","Beijing","New_York_City","Ottawa","Limassol","Cannes","Toulouse","Bonn","Cologne","Essen,_Germany","Frankfurt","Thessaloniki","Budapest","Milan","Almaty","Chiinu","Gaza_City","d","Warsaw","Belgrade","Incheon","Barcelona","zmir","Kiryas_Joel","Philadelphia","Sarasota","Crdoba,_Argentina","Great_Neck_Plaza,_New_York","Montpellier,_France","West_Palm_Beach,_Florida","Shenyang","Main-Kinzig-Kreis","San_Borja_District","London_Borough_of_Barnet","Atlanta","St._Louis,_Missouri"]}