{"cursor":"42145","size":15,"audio":["//upload.wikimedia.org/wikipedia/commons/7/7a/De-Nordrhein-Westfalen.ogg"],"currentlang":"en","article":"\n{{Infobox German state |Name = North Rhine-Westphalia |German_name = Nordrhein-\nWestfalen |state_coa = Coat of arms of North Rhine-Westfalia.svg |map =\nDeutschland Lage von Nordrhein-Westfalen.svg |flag = Flag of North Rhine-\nWestphalia.svg |flag2 = Flag of North Rhine-Westphalia.svg |capital = DÃ¼sseldorf\n|area = 34084.13 |area_source = |key = 05 |population = 17920000 |pop_ref\n= |pop_date = 31 January 2009 |GDP = 543.03 |GDP_year =\n2010 |GDP_percent = |GDP_PPP_per_capita = â¬30,193 |Website =\n[http://www.nrw.de/ www.nrw.de] |leader_title = Minister-PrÃ¤sident |leader =\nHannelore Kraft |leader_party = SPD |ruling_party1 = SPD |ruling_party2 = Green\n|votes = 6 |NUTS = DEA |iso region = DE-NW |latd=51 |latm=28 |longd=7 |longm=33\n|date=September 2010 }}\n\n'North Rhine-Westphalia' ( ) is the most populous state of Germany, with four of\nthe country's ten largest cities. The state was formed in 1946 as a merger of\nthe northern Rhineland and Westphalia, both formerly parts of Prussia. Its\ncapital is DÃ¼sseldorf; the biggest city is Cologne. The state is currently run\nby a coalition of the Social Democrats and Greens.\n","linknr":1185,"url":"North_Rhine-Westphalia","recorded":1364138593,"links":["/w/index.php?title=North_Rhine-Westphalia&action=edit","/w/index.php?title=North_Rhine-Westphalia&action=edit","//en.wikipedia.org/apple-touch-icon.png","//bits.wikimedia.org/favicon/wikipedia.ico","/w/opensearch_desc.php","//en.wikipedia.org/w/api.php?action=rsd","//creativecommons.org/licenses/by-sa/3.0/","/w/index.php?title=Special:RecentChanges&feed=atom","//bits.wikimedia.org/en.wikipedia.org/load.php?debug=false&lang=en&modules=ext.gadget.DRN-wizard%2CReferenceTooltips%2Ccharinsert%2Cteahouse%7Cext.wikihiero%7Cmediawiki.legacy.commonPrint%2Cshared%7Cmw.PopUpMediaTransform%7Cskins.vector&only=styles&skin=vector&*","//bits.wikimedia.org/en.wikipedia.org/load.php?debug=false&lang=en&modules=site&only=styles&skin=vector&*","//bits.wikimedia.org/en.wikipedia.org/load.php?debug=false&lang=en&modules=startup&only=scripts&skin=vector&*","//bits.wikimedia.org/geoiplookup","//meta.wikimedia.org","#mw-head","#p-search","/wiki/NRW_(disambiguation)","/wiki/States_of_Germany","/wiki/File:Flag_of_North_Rhine-Westphalia.svg","//upload.wikimedia.org/wikipedia/commons/thumb/8/84/Flag_of_North_Rhine-Westphalia.svg/120px-Flag_of_North_Rhine-Westphalia.svg.png","/wiki/Flag_of_North_Rhine-Westphalia","/wiki/File:Coat_of_arms_of_North_Rhine-Westfalia.svg","//upload.wikimedia.org/wikipedia/commons/thumb/b/bb/Coat_of_arms_of_North_Rhine-Westfalia.svg/75px-Coat_of_arms_of_North_Rhine-Westfalia.svg.png","/wiki/Coat_of_arms_of_North_Rhine-Westphalia","/wiki/File:Deutschland_Lage_von_Nordrhein-Westfalen.svg","//upload.wikimedia.org/wikipedia/commons/thumb/e/eb/Deutschland_Lage_von_Nordrhein-Westfalen.svg/155px-Deutschland_Lage_von_Nordrhein-Westfalen.svg.png","http://toolserver.org/~geohack/geohack.php?pagename=North_Rhine-Westphalia&params=51_28_00_N_7_33_00_E_type:city(17841956)_region:DE","/wiki/Germany","/wiki/D%C3%BCsseldorf","/wiki/Hannelore_Kraft","/wiki/Social_Democratic_Party_of_Germany","/wiki/Social_Democratic_Party_of_Germany","/wiki/Alliance_%2790/The_Greens","/wiki/Bundesrat_of_Germany","#cite_note-1","/wiki/Time_zone","/wiki/Central_European_Time","/wiki/UTC%2B1","/wiki/Daylight_saving_time","/wiki/Central_European_Summer_Time","/wiki/UTC%2B2","/wiki/ISO_3166","/wiki/Gross_domestic_product","#cite_note-2","/wiki/Wikipedia:Citation_needed","/wiki/First_level_NUTS_of_the_European_Union#Germany","http://www.nrw.de/","/wiki/German_language","/wiki/Help:IPA_for_German","/wiki/File:De-Nordrhein-Westfalen.ogg","//upload.wikimedia.org/wikipedia/commons/thumb/2/21/Speaker_Icon.svg/13px-Speaker_Icon.svg.png","//upload.wikimedia.org/wikipedia/commons/7/7a/De-Nordrhein-Westfalen.ogg","/wiki/States_of_Germany","/wiki/Germany","/wiki/Rhine_province","/wiki/Province_of_Westphalia","/wiki/Prussia","/wiki/D%C3%BCsseldorf","/wiki/Cologne","/wiki/Social_Democratic_Party_of_Germany","/wiki/Alliance_%2790/The_Greens","#History","#Westphalia","#Rhineland","#North_Rhine-Westphalia","#Creation_of_the_state","#Geography","#Subdivisions","#Borders","#Demographics","#Religion","#Politics","#List_of_Ministers-President","#Latest_election_results","#Culture","#Architecture_and_building_monuments","#Historic_monuments","#Modern_architecture","#World_Heritage_Sites","#Cuisine","#Food","#Drinks","#Festivals","#Music","#Economy","#Education","#Sports","#Football","#Hockey","#See_also","#References","#External_links","/w/index.php?title=North_Rhine-Westphalia&action=edit&section=1","/wiki/History_of_North_Rhine-Westphalia","/w/index.php?title=North_Rhine-Westphalia&action=edit&section=2","/wiki/Westphalia","/wiki/Ancient_Rome","/wiki/Battle_of_Teutoburg_Forest","/wiki/Germanic_tribes","/wiki/Charlemagne","/wiki/Paderborn","/wiki/Saxon_Wars","/wiki/Widukind","/wiki/Detmold","/wiki/Bielefeld","/wiki/Lemgo","/wiki/Enger","/wiki/Eastphalia","/wiki/Engern","/wiki/Duchy_of_Saxony","/wiki/Frederick_I,_Holy_Roman_Emperor","/wiki/Duchy_of_Westphalia","/wiki/Lippe_River","/wiki/File:Westfaelischer_Friede_in_Muenster_(Gerard_Terborch_1648).jpg","//upload.wikimedia.org/wikipedia/commons/thumb/8/8a/Westfaelischer_Friede_in_Muenster_%28Gerard_Terborch_1648%29.jpg/220px-Westfaelischer_Friede_in_Muenster_%28Gerard_Terborch_1648%29.jpg","/wiki/File:Westfaelischer_Friede_in_Muenster_(Gerard_Terborch_1648).jpg","//bits.wikimedia.org/static-1.21wmf11/skins/common/images/magnify-clip.png","/wiki/Peace_of_Westphalia","/wiki/M%C3%BCnster","/wiki/File:1801_Cary_Map_of_Westphalia,_Germany_-_Geographicus_-_Westphalia-cary-1799.jpg","//upload.wikimedia.org/wikipedia/commons/thumb/e/e6/1801_Cary_Map_of_Westphalia%2C_Germany_-_Geographicus_-_Westphalia-cary-1799.jpg/220px-1801_Cary_Map_of_Westphalia%2C_Germany_-_Geographicus_-_Westphalia-cary-1799.jpg","/wiki/File:1801_Cary_Map_of_Westphalia,_Germany_-_Geographicus_-_Westphalia-cary-1799.jpg","//bits.wikimedia.org/static-1.21wmf11/skins/common/images/magnify-clip.png","/wiki/Lower_Rhenish%E2%80%93Westphalian_Circle","/wiki/John_Cary","/wiki/Brandenburg-Prussia","/wiki/Peace_of_Westphalia","/wiki/Thirty_Years%27_War","/wiki/Westphalian_sovereignty","/wiki/Protestant_Reformation","/wiki/Lutheranism","/wiki/M%C3%BCnster","/wiki/Paderborn","/wiki/Prussian_Army","/wiki/Battle_of_Jena-Auerstedt","/wiki/Treaties_of_Tilsit","/wiki/Kingdom_of_Westphalia","/wiki/Napoleon_I_of_France","/wiki/First_French_Empire","/wiki/Vassal_state","/wiki/Hesse","/wiki/Eastphalia","/wiki/Congress_of_Vienna","/wiki/Kingdom_of_Prussia","/wiki/Province_of_Westphalia","/wiki/Osnabr%C3%BCck","/wiki/Kingdom_of_Hanover","/wiki/Grand_Duchy_of_Oldenburg","/w/index.php?title=North_Rhine-Westphalia&action=edit&section=3","/wiki/Rhineland","/wiki/Treveri","/wiki/Eburones","/wiki/Mattiaci","/wiki/Chatti","/wiki/Usipetes","/wiki/Tencteri","#cite_note-eb1911-3","/wiki/Franks","/wiki/Carolingian_Empire","/wiki/Treaty_of_Verdun","/wiki/East_Francia","/wiki/Lotharingia","#cite_note-eb1911-3","/wiki/Holy_Roman_Empire","/wiki/Upper_Lorraine","/wiki/Lower_Lorraine","/wiki/Holy_Roman_Emperor","/wiki/Lorraine_(region)","#cite_note-eb1911-3","/wiki/Duchy_of_Cleves","/wiki/Prussian_Guelders","/wiki/Moers","/wiki/Rhineland","/wiki/Grand_Duchy_of_Berg","/wiki/Electorate_of_Trier","/wiki/Electorate_of_Cologne","/wiki/Aachen","/wiki/Cologne","/wiki/Rhine_province","#cite_note-eb1911-3","/wiki/Eupen","/wiki/Malmedy","/wiki/Belgium","/wiki/German-Speaking_Community_of_Belgium","/w/index.php?title=North_Rhine-Westphalia&action=edit&section=4","/w/index.php?title=North_Rhine-Westphalia&action=edit&section=5","/wiki/British_Zone_of_Occupation","#cite_note-HistoryNRW-4","#cite_note-DWNRW-5","/wiki/Province_of_Westphalia","/wiki/Rhine_Province","/wiki/Prussia","/wiki/Lippe_(state)","#cite_note-HistoryNRW-4","/wiki/Constitution_of_North_Rhine-Westphalia","/wiki/Referendum","/w/index.php?title=North_Rhine-Westphalia&action=edit&section=6","/wiki/File:North_Rhine-Westphalia_Topography_08.png","//upload.wikimedia.org/wikipedia/commons/thumb/c/ca/North_Rhine-Westphalia_Topography_08.png/220px-North_Rhine-Westphalia_Topography_08.png","/wiki/File:North_Rhine-Westphalia_Topography_08.png","//bits.wikimedia.org/static-1.21wmf11/skins/common/images/magnify-clip.png","/wiki/File:Bonn_Drachenfels4.JPG","//upload.wikimedia.org/wikipedia/commons/thumb/4/40/Bonn_Drachenfels4.JPG/220px-Bonn_Drachenfels4.JPG","/wiki/File:Bonn_Drachenfels4.JPG","//bits.wikimedia.org/static-1.21wmf11/skins/common/images/magnify-clip.png","/wiki/Rhine","/wiki/Bonn","/wiki/File:Abendsonne_%C3%BCber_Glehn.JPG","//upload.wikimedia.org/wikipedia/commons/thumb/9/9c/Abendsonne_%C3%BCber_Glehn.JPG/220px-Abendsonne_%C3%BCber_Glehn.JPG","/wiki/File:Abendsonne_%C3%BCber_Glehn.JPG","//bits.wikimedia.org/static-1.21wmf11/skins/common/images/magnify-clip.png","/wiki/Lower_Rhine","/wiki/Lower_Rhine","/wiki/Central_Uplands","/wiki/Die_Mittelgebirge","/wiki/Porta_Westfalica_(gorge)","/wiki/Belgium","/wiki/Netherlands","/wiki/Lower_Saxony","/wiki/Rhineland-Palatinate","/wiki/Hesse","/wiki/Westphalian_Lowland","/wiki/Rhineland","/wiki/North_German_Plain","/wiki/Beckum_Hills","/w/index.php?title=Stemmer_Berge&action=edit&redlink=1","/wiki/Central_Uplands","/wiki/Weser_Uplands","/wiki/Egge_Hills","/wiki/Wiehen_Hills","/wiki/Wesergebirge","/wiki/Teutoburg_Forest","/wiki/Sauerland","/wiki/Bergisches_Land","/wiki/Siegerland","/wiki/Siebengebirge","/wiki/Eifel","/wiki/Rothaargebirge","/wiki/Hesse","/wiki/Langenberg_(Rothaargebirge)","/wiki/Kahler_Asten","/wiki/Selfkant","/wiki/H%C3%B6xter","/wiki/Weser","/wiki/Hellenthal","/wiki/Eifel","/wiki/Rahden","/wiki/Kranenburg","/wiki/Niederzier","/wiki/Rhine","/wiki/Ruhr_(river)","/wiki/Ems_(river)","/wiki/Lippe_River","/wiki/Weser","/wiki/Middle_Rhine","/wiki/Mittelrhein_(wine_region)","/wiki/Lower_Rhine","/wiki/Pader_(river)","/wiki/Paderborn","#cite_note-6","/w/index.php?title=North_Rhine-Westphalia&action=edit&section=7","/wiki/List_of_places_in_North_Rhine-Westphalia","/wiki/Regierungsbezirk","/wiki/Districts_of_Germany","/wiki/Urban_districts_of_Germany","/wiki/File:North_Rhine-Westphalia_Municipalities.png","//upload.wikimedia.org/wikipedia/commons/3/31/North_Rhine-Westphalia_Municipalities.png","/wiki/States_of_Germany#Area_associations_.28Landschaftsverb.C3.A4nde.29","//de.wikipedia.org/wiki/Landschaftsverband_Rheinland","//de.wikipedia.org/wiki/Landschaftsverband_Westfalen-Lippe","/wiki/File:North_rhine_w_Landschaftsverb%C3%A4nde.svg","//upload.wikimedia.org/wikipedia/commons/thumb/f/ff/North_rhine_w_Landschaftsverb%C3%A4nde.svg/300px-North_rhine_w_Landschaftsverb%C3%A4nde.svg.png","/wiki/States_of_Germany#Landschaftsverb.C3.A4nde","//de.wikipedia.org/wiki/Landschaftsverband_Rheinland","//de.wikipedia.org/wiki/Landschaftsverband_Westfalen-Lippe","/wiki/Regierungsbezirk","/wiki/Regierungsbezirk","/wiki/D%C3%BCsseldorf_(region)","/wiki/File:RB_D%C3%BCsseldorf.svg","//upload.wikimedia.org/wikipedia/commons/thumb/c/c7/RB_D%C3%BCsseldorf.svg/60px-RB_D%C3%BCsseldorf.svg.png","/wiki/Rhineland","/wiki/Bergisches_Land","/wiki/Eifel","/wiki/Lower_Rhine","/wiki/Cologne/Bonn_region","/wiki/Arnsberg_(region)","/wiki/File:NRW_rbarnsberg_grey.png","//upload.wikimedia.org/wikipedia/commons/thumb/2/21/NRW_rbarnsberg_grey.png/60px-NRW_rbarnsberg_grey.png","/wiki/Westphalia","/wiki/M%C3%BCnster_(region)","/wiki/Sauerland","/wiki/Siegerland","/wiki/Lippe","/wiki/Cologne_(region)","/wiki/File:NRW_rbkoeln_grey.png","//upload.wikimedia.org/wikipedia/commons/thumb/7/77/NRW_rbkoeln_grey.png/60px-NRW_rbkoeln_grey.png","/wiki/Detmold_(region)","/wiki/File:RB_Detmold.svg","//upload.wikimedia.org/wikipedia/commons/thumb/f/fc/RB_Detmold.svg/60px-RB_Detmold.svg.png","/wiki/M%C3%BCnster_(region)","/wiki/File:NRW_rbmuenster_grey.png","//upload.wikimedia.org/wikipedia/commons/thumb/7/71/NRW_rbmuenster_grey.png/60px-NRW_rbmuenster_grey.png","/wiki/File:NRW_districts.png","//upload.wikimedia.org/wikipedia/commons/thumb/c/c3/NRW_districts.png/300px-NRW_districts.png","/wiki/File:DEU_Staedteregion_Aachen_COA.svg","//upload.wikimedia.org/wikipedia/commons/thumb/f/fb/DEU_Staedteregion_Aachen_COA.svg/20px-DEU_Staedteregion_Aachen_COA.svg.png","/wiki/Aachen_(district)","/wiki/File:Wappen_Kreis_Borken.svg","//upload.wikimedia.org/wikipedia/commons/thumb/c/c0/Wappen_Kreis_Borken.svg/20px-Wappen_Kreis_Borken.svg.png","/wiki/Borken_(district)","/wiki/File:Kreis_Coesfeld_coa.svg","//upload.wikimedia.org/wikipedia/commons/thumb/d/d0/Kreis_Coesfeld_coa.svg/20px-Kreis_Coesfeld_coa.svg.png","/wiki/Coesfeld_(district)","/wiki/File:Wappen_Kreis_D%C3%BCren.svg","//upload.wikimedia.org/wikipedia/commons/thumb/5/50/Wappen_Kreis_D%C3%BCren.svg/20px-Wappen_Kreis_D%C3%BCren.svg.png","/wiki/D%C3%BCren_(district)","/wiki/File:Wappen_des_Ennepe-Ruhr-Kreises.svg","//upload.wikimedia.org/wikipedia/commons/thumb/8/89/Wappen_des_Ennepe-Ruhr-Kreises.svg/20px-Wappen_des_Ennepe-Ruhr-Kreises.svg.png","/wiki/Ennepe-Ruhr-Kreis","/wiki/File:Wappen_rheinerftkreis.svg","//upload.wikimedia.org/wikipedia/commons/thumb/4/4e/Wappen_rheinerftkreis.svg/20px-Wappen_rheinerftkreis.svg.png","/wiki/Rhein-Erft-Kreis","/wiki/File:Wappen_Kreis_Euskirchen.svg","//upload.wikimedia.org/wikipedia/commons/thumb/7/78/Wappen_Kreis_Euskirchen.svg/20px-Wappen_Kreis_Euskirchen.svg.png","/wiki/Euskirchen_(district)","/wiki/File:Kreiswappen_des_Kreises_G%C3%BCtersloh.svg","//upload.wikimedia.org/wikipedia/commons/thumb/c/c5/Kreiswappen_des_Kreises_G%C3%BCtersloh.svg/20px-Kreiswappen_des_Kreises_G%C3%BCtersloh.svg.png","/wiki/G%C3%BCtersloh_(district)","/wiki/File:DEU_Kreis_Heinsberg_COA.svg","//upload.wikimedia.org/wikipedia/commons/thumb/b/b5/DEU_Kreis_Heinsberg_COA.svg/20px-DEU_Kreis_Heinsberg_COA.svg.png","/wiki/Heinsberg_(district)","/wiki/File:Kreiswappen_des_Kreises_Herford.svg","//upload.wikimedia.org/wikipedia/commons/thumb/3/37/Kreiswappen_des_Kreises_Herford.svg/20px-Kreiswappen_des_Kreises_Herford.svg.png","/wiki/Herford_(district)","/wiki/File:Kreiswappen_Hochsauerlandkreis.svg","//upload.wikimedia.org/wikipedia/commons/thumb/c/c0/Kreiswappen_Hochsauerlandkreis.svg/20px-Kreiswappen_Hochsauerlandkreis.svg.png","/wiki/Hochsauerland","/wiki/File:Kreiswappen_des_Kreises_H%C3%B6xter.svg","//upload.wikimedia.org/wikipedia/commons/thumb/1/12/Kreiswappen_des_Kreises_H%C3%B6xter.svg/20px-Kreiswappen_des_Kreises_H%C3%B6xter.svg.png","/wiki/H%C3%B6xter_(district)","/wiki/File:Kreiswappen_des_Kreises_Kleve.svg","//upload.wikimedia.org/wikipedia/commons/thumb/9/99/Kreiswappen_des_Kreises_Kleve.svg/20px-Kreiswappen_des_Kreises_Kleve.svg.png","/wiki/Cleves_(district)","/wiki/File:Kreiswappen_des_Kreises_Lippe.svg","//upload.wikimedia.org/wikipedia/commons/thumb/a/a9/Kreiswappen_des_Kreises_Lippe.svg/20px-Kreiswappen_des_Kreises_Lippe.svg.png","/wiki/Lippe","/wiki/File:Kreiswappen_des_M%C3%A4rkischen_Kreises.svg","//upload.wikimedia.org/wikipedia/commons/thumb/1/1a/Kreiswappen_des_M%C3%A4rkischen_Kreises.svg/20px-Kreiswappen_des_M%C3%A4rkischen_Kreises.svg.png","/wiki/M%C3%A4rkischer_Kreis","/wiki/File:Kreiswappen_des_Kreises_Mettmann.png","//upload.wikimedia.org/wikipedia/commons/thumb/d/d3/Kreiswappen_des_Kreises_Mettmann.png/20px-Kreiswappen_des_Kreises_Mettmann.png","/wiki/Mettmann_(district)","/wiki/File:Kreiswappen_des_Kreises_Minden-L%C3%BCbbecke.svg","//upload.wikimedia.org/wikipedia/commons/thumb/7/7e/Kreiswappen_des_Kreises_Minden-L%C3%BCbbecke.svg/20px-Kreiswappen_des_Kreises_Minden-L%C3%BCbbecke.svg.png","/wiki/Minden-L%C3%BCbbecke","/wiki/File:Kreiswappen_des_Rhein-Kreises_Neuss.svg","//upload.wikimedia.org/wikipedia/commons/thumb/a/af/Kreiswappen_des_Rhein-Kreises_Neuss.svg/20px-Kreiswappen_des_Rhein-Kreises_Neuss.svg.png","/wiki/Rhein-Kreis_Neuss","/wiki/File:Wappen-oberberg-k.png","//upload.wikimedia.org/wikipedia/commons/thumb/4/47/Wappen-oberberg-k.png/20px-Wappen-oberberg-k.png","/wiki/Oberbergischer_Kreis","/wiki/File:Wappen_des_Kreises_Olpe.svg","//upload.wikimedia.org/wikipedia/commons/thumb/e/e7/Wappen_des_Kreises_Olpe.svg/20px-Wappen_des_Kreises_Olpe.svg.png","/wiki/Olpe_(district)","/wiki/File:Kreiswappen_des_Kreises_Paderborn.svg","//upload.wikimedia.org/wikipedia/commons/thumb/a/a3/Kreiswappen_des_Kreises_Paderborn.svg/20px-Kreiswappen_des_Kreises_Paderborn.svg.png","/wiki/Paderborn_(district)","/wiki/File:Kreis_Recklinghausen_Wappen.svg","//upload.wikimedia.org/wikipedia/commons/thumb/9/92/Kreis_Recklinghausen_Wappen.svg/20px-Kreis_Recklinghausen_Wappen.svg.png","/wiki/Recklinghausen_(district)","/wiki/File:Kreiswappen_des_Rheinisch-Bergischen_Kreises.png","//upload.wikimedia.org/wikipedia/commons/thumb/e/eb/Kreiswappen_des_Rheinisch-Bergischen_Kreises.png/20px-Kreiswappen_des_Rheinisch-Bergischen_Kreises.png","/wiki/Rheinisch-Bergischer_Kreis","/wiki/File:Rhein-Sieg-Kreis-Wappen.png","//upload.wikimedia.org/wikipedia/commons/thumb/6/67/Rhein-Sieg-Kreis-Wappen.png/20px-Rhein-Sieg-Kreis-Wappen.png","/wiki/Rhein-Sieg-Kreis","/wiki/File:DEU_Kreis_Siegen-Wittgenstein_COA.svg","//upload.wikimedia.org/wikipedia/commons/thumb/f/fd/DEU_Kreis_Siegen-Wittgenstein_COA.svg/20px-DEU_Kreis_Siegen-Wittgenstein_COA.svg.png","/wiki/Siegen-Wittgenstein","/wiki/File:DE_Kreis_Soest_COA.svg","//upload.wikimedia.org/wikipedia/commons/thumb/4/4d/DE_Kreis_Soest_COA.svg/20px-DE_Kreis_Soest_COA.svg.png","/wiki/Soest_(district)","/wiki/File:DEU_Kreis_Steinfurt_COA.svg","//upload.wikimedia.org/wikipedia/commons/thumb/c/c9/DEU_Kreis_Steinfurt_COA.svg/20px-DEU_Kreis_Steinfurt_COA.svg.png","/wiki/Steinfurt_(district)","/wiki/File:Wappen_Kreis_Unna.png","//upload.wikimedia.org/wikipedia/commons/thumb/2/2f/Wappen_Kreis_Unna.png/20px-Wappen_Kreis_Unna.png","/wiki/Unna_(district)","/wiki/File:Kreiswappen_des_Kreises_Viersen.svg","//upload.wikimedia.org/wikipedia/commons/thumb/b/bc/Kreiswappen_des_Kreises_Viersen.svg/20px-Kreiswappen_des_Kreises_Viersen.svg.png","/wiki/Viersen_(district)","/wiki/File:Wappen_des_Kreises_Warendorf.svg","//upload.wikimedia.org/wikipedia/commons/thumb/8/8e/Wappen_des_Kreises_Warendorf.svg/20px-Wappen_des_Kreises_Warendorf.svg.png","/wiki/Warendorf_(district)","/wiki/File:Kreiswappen_des_Kreises_Wesel.svg","//upload.wikimedia.org/wikipedia/commons/thumb/5/5a/Kreiswappen_des_Kreises_Wesel.svg/20px-Kreiswappen_des_Kreises_Wesel.svg.png","/wiki/Wesel_(district)","/wiki/Aachen","//upload.wikimedia.org/wikipedia/commons/thumb/9/90/Stadtwappen_der_kreisfreien_Stadt_Aachen.svg/20px-Stadtwappen_der_kreisfreien_Stadt_Aachen.svg.png","/wiki/Aachen","/wiki/Bielefeld","//upload.wikimedia.org/wikipedia/commons/thumb/7/74/Wappen_Bielefeld.svg/20px-Wappen_Bielefeld.svg.png","/wiki/Bielefeld","/wiki/Bochum","//upload.wikimedia.org/wikipedia/commons/thumb/b/b5/Stadtwappen_der_kreisfreien_Stadt_Bochum.svg/20px-Stadtwappen_der_kreisfreien_Stadt_Bochum.svg.png","/wiki/Bochum","/wiki/Bonn","//upload.wikimedia.org/wikipedia/commons/thumb/f/fb/Wappen-stadt-bonn.svg/20px-Wappen-stadt-bonn.svg.png","/wiki/Bonn","/wiki/File:DEU_Bottrop_COA.svg","//upload.wikimedia.org/wikipedia/commons/thumb/f/fb/DEU_Bottrop_COA.svg/20px-DEU_Bottrop_COA.svg.png","/wiki/Bottrop","/wiki/Cologne","//upload.wikimedia.org/wikipedia/commons/thumb/c/c0/Wappen_Koeln.svg/20px-Wappen_Koeln.svg.png","/wiki/Cologne","/wiki/Dortmund","//upload.wikimedia.org/wikipedia/commons/thumb/d/d2/Coat_of_arms_of_Dortmund.svg/20px-Coat_of_arms_of_Dortmund.svg.png","/wiki/Dortmund","/wiki/Duisburg","//upload.wikimedia.org/wikipedia/commons/thumb/4/49/Stadtwappen_der_Stadt_Duisburg.svg/20px-Stadtwappen_der_Stadt_Duisburg.svg.png","/wiki/Duisburg","/wiki/D%C3%BCsseldorf","//upload.wikimedia.org/wikipedia/commons/thumb/7/75/Wappen_der_Landeshauptstadt_Duesseldorf.svg/20px-Wappen_der_Landeshauptstadt_Duesseldorf.svg.png","/wiki/D%C3%BCsseldorf","/wiki/Essen","//upload.wikimedia.org/wikipedia/commons/thumb/1/1c/Wappen_Stadt_Essen_DE.svg/20px-Wappen_Stadt_Essen_DE.svg.png","/wiki/Essen","/wiki/File:Stadtwappen_der_kreisfreien_Stadt_Gelsenkirchen.png","//upload.wikimedia.org/wikipedia/commons/thumb/0/09/Stadtwappen_der_kreisfreien_Stadt_Gelsenkirchen.png/20px-Stadtwappen_der_kreisfreien_Stadt_Gelsenkirchen.png","/wiki/Gelsenkirchen","/wiki/File:Stadtwappen_der_kreisfreien_Stadt_Hagen.png","//upload.wikimedia.org/wikipedia/commons/thumb/e/ef/Stadtwappen_der_kreisfreien_Stadt_Hagen.png/20px-Stadtwappen_der_kreisfreien_Stadt_Hagen.png","/wiki/Hagen","/wiki/File:Stadtwappen_der_kreisfreien_Stadt_Hamm.svg","//upload.wikimedia.org/wikipedia/commons/thumb/8/86/Stadtwappen_der_kreisfreien_Stadt_Hamm.svg/20px-Stadtwappen_der_kreisfreien_Stadt_Hamm.svg.png","/wiki/Hamm","/wiki/File:Herne_Coat_of_Arms.svg","//upload.wikimedia.org/wikipedia/commons/thumb/d/dd/Herne_Coat_of_Arms.svg/20px-Herne_Coat_of_Arms.svg.png","/wiki/Herne,_Germany","/wiki/File:DEU_Krefeld_COA.svg","//upload.wikimedia.org/wikipedia/commons/thumb/0/0f/DEU_Krefeld_COA.svg/20px-DEU_Krefeld_COA.svg.png","/wiki/Krefeld","/wiki/File:Stadtwappen_der_kreisfreien_Stadt_Leverkusen.png","//upload.wikimedia.org/wikipedia/commons/thumb/3/3a/Stadtwappen_der_kreisfreien_Stadt_Leverkusen.png/20px-Stadtwappen_der_kreisfreien_Stadt_Leverkusen.png","/wiki/Leverkusen","/wiki/M%C3%B6nchengladbach","//upload.wikimedia.org/wikipedia/commons/thumb/f/fa/Stadtwappen_der_kreisfreien_Stadt_M%C3%B6nchengladbach.svg/20px-Stadtwappen_der_kreisfreien_Stadt_M%C3%B6nchengladbach.svg.png","/wiki/M%C3%B6nchengladbach","/wiki/File:Wappen_M%C3%BClheim_an_der_Ruhr.jpg","//upload.wikimedia.org/wikipedia/commons/thumb/4/41/Wappen_M%C3%BClheim_an_der_Ruhr.jpg/20px-Wappen_M%C3%BClheim_an_der_Ruhr.jpg","/wiki/M%C3%BClheim","/wiki/M%C3%BCnster","//upload.wikimedia.org/wikipedia/commons/thumb/b/bf/Wappen_M%C3%BCnster_Westfalen.svg/20px-Wappen_M%C3%BCnster_Westfalen.svg.png","/wiki/M%C3%BCnster","/wiki/File:Stadtwappen_der_kreisfreien_Stadt_Oberhausen.png","//upload.wikimedia.org/wikipedia/commons/thumb/1/12/Stadtwappen_der_kreisfreien_Stadt_Oberhausen.png/20px-Stadtwappen_der_kreisfreien_Stadt_Oberhausen.png","/wiki/Oberhausen","/wiki/File:Stadtwappen_der_kreisfreien_Stadt_Remscheid.png","//upload.wikimedia.org/wikipedia/commons/thumb/5/51/Stadtwappen_der_kreisfreien_Stadt_Remscheid.png/20px-Stadtwappen_der_kreisfreien_Stadt_Remscheid.png","/wiki/Remscheid","/wiki/File:Stadtwappen_der_kreisfreien_Stadt_Solingen.png","//upload.wikimedia.org/wikipedia/commons/thumb/b/bf/Stadtwappen_der_kreisfreien_Stadt_Solingen.png/20px-Stadtwappen_der_kreisfreien_Stadt_Solingen.png","/wiki/Solingen","/wiki/Wuppertal","//upload.wikimedia.org/wikipedia/commons/thumb/d/df/DEU_Wuppertal_COA.svg/20px-DEU_Wuppertal_COA.svg.png","/wiki/Wuppertal","/w/index.php?title=North_Rhine-Westphalia&action=edit&section=8","#cite_note-7","/wiki/Belgium","/wiki/Netherlands","/wiki/Lower_Saxony","/wiki/Hesse","/wiki/Rhineland-Palatinate","/w/index.php?title=North_Rhine-Westphalia&action=edit&section=9","/wiki/File:Raddampfer_Goethe_bei_Nacht001.jpg","//upload.wikimedia.org/wikipedia/commons/thumb/b/bb/Raddampfer_Goethe_bei_Nacht001.jpg/220px-Raddampfer_Goethe_bei_Nacht001.jpg","/wiki/File:Raddampfer_Goethe_bei_Nacht001.jpg","//bits.wikimedia.org/static-1.21wmf11/skins/common/images/magnify-clip.png","/wiki/Cologne","/wiki/File:Rheinkniebr%C3%BCcke_at_night.jpg","//upload.wikimedia.org/wikipedia/commons/thumb/c/c4/Rheinkniebr%C3%BCcke_at_night.jpg/220px-Rheinkniebr%C3%BCcke_at_night.jpg","/wiki/File:Rheinkniebr%C3%BCcke_at_night.jpg","//bits.wikimedia.org/static-1.21wmf11/skins/common/images/magnify-clip.png","/wiki/D%C3%BCsseldorf","/wiki/Rhine-Ruhr","/wiki/Metropolitan_regions_in_Germany","/wiki/Ruhr","/wiki/Bonn","/wiki/Cologne","/wiki/D%C3%BCsseldorf","/wiki/List_of_cities_in_Germany_with_more_than_100,000_inhabitants","/wiki/Cologne","/wiki/File:North_Rhine-Westphalia_location_map_02.svg","//upload.wikimedia.org/wikipedia/commons/thumb/e/eb/North_Rhine-Westphalia_location_map_02.svg/250px-North_Rhine-Westphalia_location_map_02.svg.png","/wiki/D%C3%BCsseldorf","/wiki/Dortmund","/wiki/Essen","/wiki/Duisburg","/wiki/Bochum","/wiki/Wuppertal","/wiki/Bielefeld","/wiki/Bonn","/wiki/M%C3%BCnster_(Westfalen)","/w/index.php?title=North_Rhine-Westphalia&action=edit&section=10","/wiki/Roman_Catholicism","/wiki/Protestantism","/wiki/Muslim","/wiki/Christianity","/wiki/Ruhr_University_Bochum","#cite_note-8","#cite_note-9","/wiki/Roman_Catholic_Church","/wiki/Evangelical_Church_in_Germany","/wiki/Muslim","/wiki/Eastern_Orthodox_Church","/wiki/New_Apostolic_Church","/wiki/New_religious_movements","/wiki/Esotericism","/wiki/Indian_religions","/wiki/Jews","/w/index.php?title=North_Rhine-Westphalia&action=edit&section=11","/wiki/Politics_of_North_Rhine-Westphalia","/wiki/Federal_republic","/wiki/Parliamentary","/wiki/Representative_democratic","/wiki/Christian_Democratic_Union_(Germany)","/wiki/Social_Democratic_Party_of_Germany","/wiki/Landtag_of_North_Rhine-Westphalia","#cite_note-NRWPolitcs-10","#cite_note-NRWPolitcs-10","/wiki/Mixed_member_proportional_representation","#cite_note-NRWPolitcs-10","#cite_note-NRWPolitcs-10","#cite_note-NRWPolitcs-10","/w/index.php?title=North_Rhine-Westphalia&action=edit&section=12","/wiki/List_of_Ministers-President_of_North_Rhine-Westphalia","/wiki/States_of_Germany","/wiki/Rudolf_Amelunxen","/wiki/Centre_Party_(Germany)","/wiki/Karl_Arnold","/w/index.php?title=Fritz_Steinhoff&action=edit&redlink=1","/wiki/Franz_Meyers","/wiki/Heinz_K%C3%BChn","/wiki/Johannes_Rau","/wiki/Wolfgang_Clement","/wiki/Peer_Steinbr%C3%BCck","/wiki/J%C3%BCrgen_R%C3%BCttgers","/wiki/Hannelore_Kraft","/wiki/Cabinet_Kraft_II","/w/index.php?title=North_Rhine-Westphalia&action=edit&section=13","/wiki/North_Rhine-Westphalia_state_election,_2012","/wiki/North_Rhine-Westphalia_state_election,_2010","//en.wikipedia.org/w/index.php?title=Template:North_Rhine-Westphalia_state_election,_2012&action=edit","//en.wikipedia.org/w/index.php?title=Template_talk:North_Rhine-Westphalia_state_election,_2012&redirect=no","/wiki/Landtag_of_North_Rhine-Westphalia","/wiki/North_Rhine-Westphalia_state_election,_2010","/wiki/File:Flag_of_North_Rhine-Westphalia.svg","//upload.wikimedia.org/wikipedia/commons/thumb/8/84/Flag_of_North_Rhine-Westphalia.svg/30px-Flag_of_North_Rhine-Westphalia.svg.png","/w/index.php?title=Next_North_Rhine-Westphalia_state_election&action=edit&redlink=1","/wiki/Social_Democratic_Party_of_Germany","//upload.wikimedia.org/wikipedia/commons/thumb/b/b0/Increase2.svg/11px-Increase2.svg.png","//upload.wikimedia.org/wikipedia/commons/thumb/b/b0/Increase2.svg/11px-Increase2.svg.png","/wiki/Christian_Democratic_Union_(Germany)","//upload.wikimedia.org/wikipedia/commons/thumb/e/ed/Decrease2.svg/11px-Decrease2.svg.png","//upload.wikimedia.org/wikipedia/commons/thumb/9/96/Steady2.svg/11px-Steady2.svg.png","/wiki/Alliance_%2790/The_Greens","//upload.wikimedia.org/wikipedia/commons/thumb/e/ed/Decrease2.svg/11px-Decrease2.svg.png","//upload.wikimedia.org/wikipedia/commons/thumb/b/b0/Increase2.svg/11px-Increase2.svg.png","/wiki/Free_Democratic_Party_(Germany)","//upload.wikimedia.org/wikipedia/commons/thumb/b/b0/Increase2.svg/11px-Increase2.svg.png","//upload.wikimedia.org/wikipedia/commons/thumb/b/b0/Increase2.svg/11px-Increase2.svg.png","/wiki/Pirate_Party_Germany","//upload.wikimedia.org/wikipedia/commons/thumb/b/b0/Increase2.svg/11px-Increase2.svg.png","//upload.wikimedia.org/wikipedia/commons/thumb/b/b0/Increase2.svg/11px-Increase2.svg.png","/wiki/The_Left_(Germany)","//upload.wikimedia.org/wikipedia/commons/thumb/e/ed/Decrease2.svg/11px-Decrease2.svg.png","//upload.wikimedia.org/wikipedia/commons/thumb/e/ed/Decrease2.svg/11px-Decrease2.svg.png","//upload.wikimedia.org/wikipedia/commons/thumb/b/b0/Increase2.svg/11px-Increase2.svg.png","//upload.wikimedia.org/wikipedia/commons/thumb/9/96/Steady2.svg/11px-Steady2.svg.png","//upload.wikimedia.org/wikipedia/commons/thumb/9/96/Steady2.svg/11px-Steady2.svg.png","//upload.wikimedia.org/wikipedia/commons/thumb/9/96/Steady2.svg/11px-Steady2.svg.png","//upload.wikimedia.org/wikipedia/commons/thumb/b/b0/Increase2.svg/11px-Increase2.svg.png","//upload.wikimedia.org/wikipedia/commons/thumb/b/b0/Increase2.svg/11px-Increase2.svg.png","http://www.wahlergebnisse.nrw.de/landtagswahlen/2012/aktuell/dateien/a000lw1200.html","/w/index.php?title=North_Rhine-Westphalia&action=edit&section=14","/wiki/File:Wiki_letter_w_cropped.svg","//upload.wikimedia.org/wikipedia/commons/thumb/1/1c/Wiki_letter_w_cropped.svg/20px-Wiki_letter_w_cropped.svg.png","//en.wikipedia.org/w/index.php?title=North_Rhine-Westphalia&action=edit","/wiki/Landschaftsverb%C3%A4nde","/wiki/Ruhr_Area","/wiki/Flag_of_North_Rhine-Westphalia","/wiki/Rhineland","/wiki/Westfalen","/wiki/Lippe","/wiki/Widukind","/wiki/Henry_the_Lion","/wiki/Hengist_and_Horsa","/wiki/Wikipedia:Citation_needed","/w/index.php?title=North_Rhine-Westphalia&action=edit&section=15","//upload.wikimedia.org/wikipedia/en/thumb/4/4a/Commons-logo.svg/30px-Commons-logo.svg.png","//commons.wikimedia.org/wiki/Category:Architecture_of_North_Rhine-Westphalia","#cite_note-CultureNRW-11","#cite_note-CultureNRW-11","/wiki/Wikipedia:No_original_research#Synthesis_of_published_material_that_advances_a_position","/w/index.php?title=North_Rhine-Westphalia&action=edit&section=16","/wiki/File:L%C3%B6wenstein_House_Aachen_(Germany).jpg","//upload.wikimedia.org/wikipedia/commons/thumb/1/1b/L%C3%B6wenstein_House_Aachen_%28Germany%29.jpg/99px-L%C3%B6wenstein_House_Aachen_%28Germany%29.jpg","/wiki/Aachen","/wiki/File:Fr%C3%BCh_Brauhaus_K%C3%B6ln_-_Am_Hof_12_und_14_(4626-28).jpg","//upload.wikimedia.org/wikipedia/commons/thumb/9/9f/Fr%C3%BCh_Brauhaus_K%C3%B6ln_-_Am_Hof_12_und_14_%284626-28%29.jpg/103px-Fr%C3%BCh_Brauhaus_K%C3%B6ln_-_Am_Hof_12_und_14_%284626-28%29.jpg","/wiki/C%C3%B6lner_Hofbr%C3%A4u_Fr%C3%BCh","/wiki/Cologne","/wiki/File:Dortmund-alter-markt-reinoldikirche_(mb).jpg","//upload.wikimedia.org/wikipedia/commons/thumb/2/27/Dortmund-alter-markt-reinoldikirche_%28mb%29.jpg/99px-Dortmund-alter-markt-reinoldikirche_%28mb%29.jpg","/wiki/Reinoldikirche","/wiki/Dortmund","/wiki/File:Muenster-100725-16053-Rathaus.jpg","//upload.wikimedia.org/wikipedia/commons/thumb/e/e0/Muenster-100725-16053-Rathaus.jpg/92px-Muenster-100725-16053-Rathaus.jpg","/wiki/Historical_City_Hall_of_M%C3%BCnster","/wiki/M%C3%BCnster","/wiki/File:Alt_Monschau_-_geo.hlipp.de_-_6903.jpg","//upload.wikimedia.org/wikipedia/commons/thumb/d/d0/Alt_Monschau_-_geo.hlipp.de_-_6903.jpg/105px-Alt_Monschau_-_geo.hlipp.de_-_6903.jpg","/wiki/Monschau","/w/index.php?title=North_Rhine-Westphalia&action=edit&section=17","/wiki/File:Zeche-Zollern_2138.JPG","//upload.wikimedia.org/wikipedia/commons/thumb/0/0f/Zeche-Zollern_2138.JPG/120px-Zeche-Zollern_2138.JPG","/wiki/Zeche_Zollern","/wiki/Dortmund","/wiki/File:D%C3%BCsseldorf,_Medienhafen.jpg","//upload.wikimedia.org/wikipedia/commons/thumb/5/5b/D%C3%BCsseldorf%2C_Medienhafen.jpg/107px-D%C3%BCsseldorf%2C_Medienhafen.jpg","/wiki/Neuer_Zollhof","/wiki/File:Krefeld_haus_lange_gartenseite04_12.jpg","//upload.wikimedia.org/wikipedia/commons/thumb/2/29/Krefeld_haus_lange_gartenseite04_12.jpg/107px-Krefeld_haus_lange_gartenseite04_12.jpg","/wiki/Haus_Lange_and_Haus_Esters","/wiki/Krefeld","/wiki/File:Langen_Foundation_Neuss_02.jpg","//upload.wikimedia.org/wikipedia/commons/thumb/3/32/Langen_Foundation_Neuss_02.jpg/107px-Langen_Foundation_Neuss_02.jpg","/wiki/Langen_Foundation","/wiki/Neuss","/wiki/File:Schwebebahnstation_Zoo-Stadion_13_ies.jpg","//upload.wikimedia.org/wikipedia/commons/thumb/1/15/Schwebebahnstation_Zoo-Stadion_13_ies.jpg/107px-Schwebebahnstation_Zoo-Stadion_13_ies.jpg","/wiki/Wuppertal_Schwebebahn","/wiki/Wuppertal","/w/index.php?title=North_Rhine-Westphalia&action=edit&section=18","/wiki/List_of_World_Heritage_Sites_in_Europe#Germany","/wiki/Aachen_Cathedral","/wiki/Cologne_Cathedral","/wiki/Zeche_Zollverein","/wiki/Augustusburg_and_Falkenlust_Palaces,_Br%C3%BChl","/wiki/Br%C3%BChl,_North_Rhine-Westphalia","/wiki/World_Heritage_Sites","#cite_note-CultureNRW-11","/wiki/File:Schloss_Augustusburg_Bruehl.jpg","//upload.wikimedia.org/wikipedia/commons/thumb/a/a8/Schloss_Augustusburg_Bruehl.jpg/100px-Schloss_Augustusburg_Bruehl.jpg","/wiki/Augustusburg_and_Falkenlust_Palaces,_Br%C3%BChl","/wiki/File:Aachen_Cathedral_North_View_at_Evening.jpg","//upload.wikimedia.org/wikipedia/commons/thumb/6/69/Aachen_Cathedral_North_View_at_Evening.jpg/107px-Aachen_Cathedral_North_View_at_Evening.jpg","/wiki/Aachen_Cathedral","/wiki/File:Kdom.jpg","//upload.wikimedia.org/wikipedia/commons/thumb/2/27/Kdom.jpg/98px-Kdom.jpg","/wiki/Cologne_Cathedral","/wiki/File:Zollverein_Schacht_12.jpg","//upload.wikimedia.org/wikipedia/commons/thumb/c/c6/Zollverein_Schacht_12.jpg/100px-Zollverein_Schacht_12.jpg","/wiki/Zollverein_Coal_Mine_Industrial_Complex","/w/index.php?title=North_Rhine-Westphalia&action=edit&section=19","//upload.wikimedia.org/wikipedia/en/thumb/4/4a/Commons-logo.svg/30px-Commons-logo.svg.png","//commons.wikimedia.org/wiki/Category:Cuisine_of_North_Rhine-Westphalia","/wiki/File:Wiki_letter_w_cropped.svg","//upload.wikimedia.org/wikipedia/commons/thumb/1/1c/Wiki_letter_w_cropped.svg/20px-Wiki_letter_w_cropped.svg.png","//en.wikipedia.org/w/index.php?title=North_Rhine-Westphalia&action=edit","/wiki/Landschaftsverb%C3%A4nde","/wiki/Ruhr_Area","/wiki/List_of_German_dishes","/w/index.php?title=North_Rhine-Westphalia&action=edit&section=20","/w/index.php?title=North_Rhine-Westphalia&action=edit&section=21","/wiki/Altbier","/wiki/D%C3%BCsseldorf","/wiki/Lower_Rhine_Region","/wiki/K%C3%B6lsch_(beer)","/wiki/Cologne","/w/index.php?title=Dortmunder_Export(beer)&action=edit&redlink=1","/wiki/Dortmund","/w/index.php?title=North_Rhine-Westphalia&action=edit&section=22","//upload.wikimedia.org/wikipedia/en/thumb/4/4a/Commons-logo.svg/30px-Commons-logo.svg.png","//commons.wikimedia.org/wiki/Category:Festivals_of_North_Rhine-Westphalia","/wiki/File:Wiki_letter_w_cropped.svg","//upload.wikimedia.org/wikipedia/commons/thumb/1/1c/Wiki_letter_w_cropped.svg/20px-Wiki_letter_w_cropped.svg.png","//en.wikipedia.org/w/index.php?title=North_Rhine-Westphalia&action=edit","/wiki/Cologne","/wiki/Dortmund","/wiki/Duisburg","/wiki/M%C3%BCnster","/wiki/Oberhausen","/wiki/L%C3%BCnen","#cite_note-CultureNRW-11","/wiki/Cologne_Carnival","/wiki/Ruhrtriennale","/wiki/GamesCom","/wiki/Cologne","/w/index.php?title=North_Rhine-Westphalia&action=edit&section=23","/wiki/File:Wiki_letter_w_cropped.svg","//upload.wikimedia.org/wikipedia/commons/thumb/1/1c/Wiki_letter_w_cropped.svg/20px-Wiki_letter_w_cropped.svg.png","//en.wikipedia.org/w/index.php?title=North_Rhine-Westphalia&action=edit","/wiki/Lied_f%C3%BCr_NRW","/wiki/Heavy_metal_music","/wiki/Speed_metal","/wiki/Thrash_metal","/wiki/Accept","/wiki/Angel_Dust_(band)","/wiki/Blind_Guardian","/wiki/Doro_(musician)","/wiki/Warlock_(band)","/wiki/Grave_Digger_(band)","/wiki/Holy_Moses","/wiki/Kreator","/wiki/Rage_(band)","/wiki/Scanner_(band)","/wiki/Sodom_(band)","/w/index.php?title=North_Rhine-Westphalia&action=edit&section=24","/wiki/Economy_of_North_Rhine-Westphalia","/wiki/NRW.INVEST","/wiki/File:Bundesarchiv_B_145_Bild-F079042-0013,_Duisburg,_Thyssen-Stahlwerk.jpg","//upload.wikimedia.org/wikipedia/commons/thumb/7/7d/Bundesarchiv_B_145_Bild-F079042-0013%2C_Duisburg%2C_Thyssen-Stahlwerk.jpg/220px-Bundesarchiv_B_145_Bild-F079042-0013%2C_Duisburg%2C_Thyssen-Stahlwerk.jpg","/wiki/File:Bundesarchiv_B_145_Bild-F079042-0013,_Duisburg,_Thyssen-Stahlwerk.jpg","//bits.wikimedia.org/static-1.21wmf11/skins/common/images/magnify-clip.png","/wiki/ThyssenKrupp","/wiki/List_of_steel_producers","/wiki/File:K%C3%B6ln_Messe_Eingang_S%C3%BCd.jpg","//upload.wikimedia.org/wikipedia/commons/thumb/6/66/K%C3%B6ln_Messe_Eingang_S%C3%BCd.jpg/220px-K%C3%B6ln_Messe_Eingang_S%C3%BCd.jpg","/wiki/File:K%C3%B6ln_Messe_Eingang_S%C3%BCd.jpg","//bits.wikimedia.org/static-1.21wmf11/skins/common/images/magnify-clip.png","/wiki/Koelnmesse","/wiki/Cologne","/wiki/Trade_fair","/wiki/Ruhr","/wiki/Wirtschaftswunder","#cite_note-12","/wiki/West_Germany","#cite_note-13","#cite_note-14","/wiki/Foreign_direct_investment","#cite_note-15","#cite_note-CultureNRW-11","/wiki/Industrial_heritage","#cite_note-CultureNRW-11","/wiki/Ruhr","/wiki/Westphalia","/wiki/Bergisches_Land","/wiki/Lower_Rhine_region_(Germany)","/wiki/Hidden_Champions","/wiki/Economic_sector","/w/index.php?title=North_Rhine-Westphalia&action=edit&section=25","/wiki/Education_in_North_Rhine-Westphalia","/wiki/File:1196-18-rwth-aachen-hg-von-hendrik-brixius.jpg","//upload.wikimedia.org/wikipedia/commons/thumb/2/27/1196-18-rwth-aachen-hg-von-hendrik-brixius.jpg/220px-1196-18-rwth-aachen-hg-von-hendrik-brixius.jpg","/wiki/File:1196-18-rwth-aachen-hg-von-hendrik-brixius.jpg","//bits.wikimedia.org/static-1.21wmf11/skins/common/images/magnify-clip.png","/wiki/RWTH_Aachen","/wiki/RWTH_Aachen","/wiki/Deutsche_Forschungsgemeinschaft","/wiki/German_Universities_Excellence_Initiative","/wiki/Category:Universities_and_colleges_in_North_Rhine-Westphalia","#cite_note-16","/wiki/University_of_Cologne","/w/index.php?title=North_Rhine-Westphalia&action=edit&section=26","/wiki/File:Westfalenstadion_von_oben.jpg","//upload.wikimedia.org/wikipedia/commons/thumb/2/2b/Westfalenstadion_von_oben.jpg/220px-Westfalenstadion_von_oben.jpg","/wiki/File:Westfalenstadion_von_oben.jpg","//bits.wikimedia.org/static-1.21wmf11/skins/common/images/magnify-clip.png","/wiki/Signal_Iduna_Park","/wiki/Fu%C3%9Fball-Bundesliga","/wiki/Borussia_Dortmund","/w/index.php?title=North_Rhine-Westphalia&action=edit&section=27","/wiki/List_of_German_football_champions","/wiki/Borussia_Dortmund","/wiki/Bayer_04_Leverkusen","/wiki/1._FC_K%C3%B6ln","/wiki/Borussia_M%C3%B6nchengladbach","/wiki/FC_Schalke_04","/wiki/MSV_Duisburg","/wiki/VfL_Bochum","/wiki/Arminia_Bielefeld","/wiki/Alemannia_Aachen","/wiki/Fortuna_D%C3%BCsseldorf","/wiki/Wuppertaler_SV_Borussia","/wiki/SC_Paderborn_07","/wiki/1974_FIFA_World_Cup","/wiki/2006_FIFA_World_Cup","/wiki/FIFA_World_Cup","/wiki/2011_FIFA_Women%27s_World_Cup","/wiki/FIFA_Women%27s_World_Cup","/wiki/Rheinstadion","/wiki/RheinEnergieStadion","/wiki/Cologne","/wiki/Parkstadion","/wiki/Signal_Iduna_Park","/wiki/Dortmund","/wiki/Borussia-Park","/wiki/M%C3%B6nchengladbach","/wiki/BayArena","/wiki/Leverkusen","/wiki/Ruhrstadion","/wiki/Bochum","/w/index.php?title=North_Rhine-Westphalia&action=edit&section=28","/wiki/Deutsche_Eishockey_Liga","/wiki/K%C3%B6lner_Haie","/wiki/Krefeld_Pinguine","/wiki/DEG_Metro_Stars","/wiki/Iserlohn_Roosters","/w/index.php?title=North_Rhine-Westphalia&action=edit&section=29","/wiki/File:Flag_of_North_Rhine-Westphalia.svg","//upload.wikimedia.org/wikipedia/commons/thumb/8/84/Flag_of_North_Rhine-Westphalia.svg/32px-Flag_of_North_Rhine-Westphalia.svg.png","/wiki/Portal:North_Rhine-Westphalia","/wiki/File:Flag_of_Germany.svg","//upload.wikimedia.org/wikipedia/en/thumb/b/ba/Flag_of_Germany.svg/32px-Flag_of_Germany.svg.png","/wiki/Portal:Germany","/wiki/File:Europe_green_light.png","//upload.wikimedia.org/wikipedia/commons/thumb/3/3b/Europe_green_light.png/32px-Europe_green_light.png","/wiki/Portal:Europe","/wiki/File:Flag_of_Europe.svg","//upload.wikimedia.org/wikipedia/commons/thumb/b/b7/Flag_of_Europe.svg/32px-Flag_of_Europe.svg.png","/wiki/Portal:European_Union","/wiki/Kunstsammlung_NRW","/wiki/Kunststiftung_NRW","/wiki/NRW_Forum","/wiki/Outline_of_Germany","/w/index.php?title=North_Rhine-Westphalia&action=edit&section=30","#cite_ref-1","http://www.it.nrw.de/statistik/a/daten/amtlichebevoelkerungszahlen/index.html","/wiki/Landesbetrieb_Information_und_Technik_NRW","http://www.it.nrw.de/statistik/a/daten/amtlichebevoelkerungszahlen/index.html","#cite_ref-2","http://www.statistik-portal.de/Statistik-Portal/de_jb27_jahrtab65.asp","http://www.statistik-portal.de/Statistik-Portal/de_jb27_jahrtab65.asp","#cite_ref-eb1911_3-0","#cite_ref-eb1911_3-1","#cite_ref-eb1911_3-2","#cite_ref-eb1911_3-3","/wiki/File:Wikisource-logo.svg","//upload.wikimedia.org/wikipedia/commons/thumb/4/4c/Wikisource-logo.svg/12px-Wikisource-logo.svg.png","//en.wikisource.org/wiki/1911_Encyclop%C3%A6dia_Britannica/Rhine_Province","/wiki/Encyclop%C3%A6dia_Britannica_Eleventh_Edition","#cite_ref-HistoryNRW_4-0","#cite_ref-HistoryNRW_4-1","http://www.nrw.de/en/north-rhine-westphalia/history/","http://www.nrw.de/en/north-rhine-westphalia/history/","#cite_ref-DWNRW_5-0","http://www.dw-world.de/dw/article/0,,3901456,00.html","/wiki/Deutsche_Welle","#cite_ref-6","#cite_ref-7","#cite_ref-8","http://www.ruhr-uni-bochum.de/relwiss/rp/Zwischenbericht.pdf","http://www.ruhr-uni-bochum.de/relwiss/rp/Zwischenbericht.pdf","#cite_ref-9","http://www.ruhr-uni-bochum.de/relwiss/rp/religionen.html","http://www.ruhr-uni-bochum.de/relwiss/rp/religionen.html","#cite_ref-NRWPolitcs_10-0","#cite_ref-NRWPolitcs_10-1","#cite_ref-NRWPolitcs_10-2","#cite_ref-NRWPolitcs_10-3","#cite_ref-NRWPolitcs_10-4","http://www.landtag.nrw.de/portal/WWW/GB_II/II.1/OeA/International/en/en.jsp#a1","/wiki/Landtag_of_North_Rhine-Westphalia","http://www.landtag.nrw.de/portal/WWW/GB_II/II.1/OeA/International/en/en.jsp#a1","#cite_ref-CultureNRW_11-0","#cite_ref-CultureNRW_11-1","#cite_ref-CultureNRW_11-2","#cite_ref-CultureNRW_11-3","#cite_ref-CultureNRW_11-4","#cite_ref-CultureNRW_11-5","http://www.nrw.de/en/north-rhine-westphalia/culture/","http://www.nrw.de/en/north-rhine-westphalia/culture/","#cite_ref-12","http://www.wirtschaft.nrw.de/witelegramm/indikatoren/wachstum/index.php","/wiki/Wikipedia:Link_rot","#cite_ref-13","http://www.vgrdl.de/Arbeitskreis_VGR/tab01.asp","/wiki/Wikipedia:Link_rot","#cite_ref-14","http://www.pub.arbeitsamt.de/hst/services/statistik/000000/html/start/karten/aloq_kreis.html","http://www.pub.arbeitsamt.de/hst/services/statistik/000000/html/start/karten/aloq_kreis.html","#cite_ref-15","http://www.neweuropeaneconomy.com/business_info/FDI/","http://www.neweuropeaneconomy.com/business_info/FDI/","#cite_ref-16","http://www.innovation.nrw.de/objekt-pool/download_dateien/hochschulen_und_forschung/Statistik_und_Planung/2010/6_Studierende_nach_Hochschulen.pdf","http://www.innovation.nrw.de/objekt-pool/download_dateien/hochschulen_und_forschung/Statistik_und_Planung/2010/6_Studierende_nach_Hochschulen.pdf","/w/index.php?title=North_Rhine-Westphalia&action=edit&section=31","//upload.wikimedia.org/wikipedia/en/thumb/4/4a/Commons-logo.svg/30px-Commons-logo.svg.png","//commons.wikimedia.org/wiki/Category:North_Rhine-Westphalia","http://www.nrw.de/","http://www.landtag.nrw.de/portal/WWW/GB_II/II.1/Oeffentlichkeitsarbeit/International/en/en.jsp","http://www.nrw-tourismus.de/","http://www.westfaelische-geschichte.de","http://www.lwl.org/westfaelische-geschichte/portal/Internet/ku.php?tab=que&ID=1","http://www.reise-photografie.de/nordrhein-westfalen.htm","//upload.wikimedia.org/wikipedia/commons/thumb/b/b0/Openstreetmap_logo.svg/16px-Openstreetmap_logo.svg.png","http://www.openstreetmap.org/browse/relation/62761","/wiki/OpenStreetMap","/wiki/Template:States_of_the_Federal_Republic_of_Germany","/wiki/Template_talk:States_of_the_Federal_Republic_of_Germany","//en.wikipedia.org/w/index.php?title=Template:States_of_the_Federal_Republic_of_Germany&action=edit","/wiki/Germany","//upload.wikimedia.org/wikipedia/en/thumb/b/ba/Flag_of_Germany.svg/22px-Flag_of_Germany.svg.png","/wiki/States_of_Germany","/wiki/Germany","//upload.wikimedia.org/wikipedia/commons/thumb/5/5c/Flag_of_Baden-W%C3%BCrttemberg.svg/22px-Flag_of_Baden-W%C3%BCrttemberg.svg.png","/wiki/Baden-W%C3%BCrttemberg","//upload.wikimedia.org/wikipedia/commons/thumb/1/16/Flag_of_Bavaria_%28striped%29.svg/22px-Flag_of_Bavaria_%28striped%29.svg.png","/wiki/Bavaria","//upload.wikimedia.org/wikipedia/commons/thumb/0/01/Flag_of_Brandenburg.svg/22px-Flag_of_Brandenburg.svg.png","/wiki/Brandenburg","//upload.wikimedia.org/wikipedia/commons/thumb/f/f7/Flag_of_Hesse.svg/22px-Flag_of_Hesse.svg.png","/wiki/Hesse","//upload.wikimedia.org/wikipedia/commons/thumb/8/81/Flag_of_Lower_Saxony.svg/22px-Flag_of_Lower_Saxony.svg.png","/wiki/Lower_Saxony","//upload.wikimedia.org/wikipedia/commons/thumb/c/ce/Flag_of_Mecklenburg-Western_Pomerania.svg/22px-Flag_of_Mecklenburg-Western_Pomerania.svg.png","/wiki/Mecklenburg-Vorpommern","//upload.wikimedia.org/wikipedia/commons/thumb/8/84/Flag_of_North_Rhine-Westphalia.svg/22px-Flag_of_North_Rhine-Westphalia.svg.png","//upload.wikimedia.org/wikipedia/commons/thumb/b/b7/Flag_of_Rhineland-Palatinate.svg/22px-Flag_of_Rhineland-Palatinate.svg.png","/wiki/Rhineland-Palatinate","//upload.wikimedia.org/wikipedia/commons/thumb/f/f7/Flag_of_Saarland.svg/22px-Flag_of_Saarland.svg.png","/wiki/Saarland","//upload.wikimedia.org/wikipedia/commons/thumb/f/fd/Flag_of_Saxony.svg/22px-Flag_of_Saxony.svg.png","/wiki/Saxony","//upload.wikimedia.org/wikipedia/commons/thumb/1/1a/Flag_of_Saxony-Anhalt.svg/22px-Flag_of_Saxony-Anhalt.svg.png","/wiki/Saxony-Anhalt","//upload.wikimedia.org/wikipedia/commons/thumb/b/b4/Flag_of_Schleswig-Holstein.svg/22px-Flag_of_Schleswig-Holstein.svg.png","/wiki/Schleswig-Holstein","//upload.wikimedia.org/wikipedia/commons/thumb/b/bd/Flag_of_Thuringia.svg/22px-Flag_of_Thuringia.svg.png","/wiki/Thuringia","/wiki/File:States_of_Germany.svg","//upload.wikimedia.org/wikipedia/commons/thumb/d/d3/States_of_Germany.svg/70px-States_of_Germany.svg.png","/wiki/City-state","//upload.wikimedia.org/wikipedia/commons/thumb/e/ec/Flag_of_Berlin.svg/22px-Flag_of_Berlin.svg.png","/wiki/Berlin","//upload.wikimedia.org/wikipedia/commons/thumb/0/0e/Flag_of_Bremen.svg/22px-Flag_of_Bremen.svg.png","/wiki/Bremen_(state)","//upload.wikimedia.org/wikipedia/commons/thumb/7/74/Flag_of_Hamburg.svg/22px-Flag_of_Hamburg.svg.png","/wiki/Hamburg","//upload.wikimedia.org/wikipedia/commons/thumb/b/b0/Flagge_Gro%C3%9Fherzogtum_Baden_%281891-1918%29.svg/22px-Flagge_Gro%C3%9Fherzogtum_Baden_%281891-1918%29.svg.png","/wiki/South_Baden","//upload.wikimedia.org/wikipedia/commons/thumb/8/86/Flag_of_Germany_%283-2_aspect_ratio%29.svg/22px-Flag_of_Germany_%283-2_aspect_ratio%29.svg.png","/wiki/W%C3%BCrttemberg-Baden","//upload.wikimedia.org/wikipedia/commons/thumb/1/14/Flagge_K%C3%B6nigreich_W%C3%BCrttemberg.svg/22px-Flagge_K%C3%B6nigreich_W%C3%BCrttemberg.svg.png","/wiki/W%C3%BCrttemberg-Hohenzollern","/wiki/Template:Germany_districts_North_Rhine-Westphalia","/wiki/Template_talk:Germany_districts_North_Rhine-Westphalia","//en.wikipedia.org/w/index.php?title=Template:Germany_districts_North_Rhine-Westphalia&action=edit","/wiki/File:Flag_of_North_Rhine-Westphalia.svg","//upload.wikimedia.org/wikipedia/commons/thumb/8/84/Flag_of_North_Rhine-Westphalia.svg/30px-Flag_of_North_Rhine-Westphalia.svg.png","/wiki/File:Flag_of_Germany.svg","//upload.wikimedia.org/wikipedia/en/thumb/b/ba/Flag_of_Germany.svg/30px-Flag_of_Germany.svg.png","/wiki/Urban_districts_of_Germany","/wiki/Bielefeld","/wiki/Bochum","/wiki/Bonn","/wiki/Bottrop","/wiki/Dortmund","/wiki/Duisburg","/wiki/D%C3%BCsseldorf","/wiki/Essen","/wiki/Gelsenkirchen","/wiki/Hagen","/wiki/Hamm","/wiki/Herne,_Germany","/wiki/Cologne","/wiki/Krefeld","/wiki/Leverkusen","/wiki/M%C3%B6nchengladbach","/wiki/M%C3%BClheim","/wiki/M%C3%BCnster","/wiki/Oberhausen","/wiki/Remscheid","/wiki/Solingen","/wiki/Wuppertal","/wiki/File:Deutschland_Lage_von_Nordrhein-Westfalen.svg","//upload.wikimedia.org/wikipedia/commons/thumb/e/eb/Deutschland_Lage_von_Nordrhein-Westfalen.svg/90px-Deutschland_Lage_von_Nordrhein-Westfalen.svg.png","/wiki/List_of_rural_districts_of_Germany","/wiki/Aachen_(district)","/wiki/Borken_(district)","/wiki/Coesfeld_(district)","/wiki/D%C3%BCren_(district)","/wiki/Ennepe-Ruhr-Kreis","/wiki/Euskirchen_(district)","/wiki/G%C3%BCtersloh_(district)","/wiki/Heinsberg_(district)","/wiki/Herford_(district)","/wiki/Hochsauerlandkreis","/wiki/H%C3%B6xter_(district)","/wiki/Kleve_(district)","/wiki/Lippe","/wiki/M%C3%A4rkischer_Kreis","/wiki/Mettmann_(district)","/wiki/Minden-L%C3%BCbbecke","/wiki/Oberbergischer_Kreis","/wiki/Olpe_(district)","/wiki/Paderborn_(district)","/wiki/Recklinghausen_(district)","/wiki/Rheinisch-Bergischer_Kreis","/wiki/Rhein-Erft-Kreis","/wiki/Rhein-Kreis_Neuss","/wiki/Rhein-Sieg-Kreis","/wiki/Siegen-Wittgenstein","/wiki/Soest_(district)","/wiki/Steinfurt_(district)","/wiki/Unna_(district)","/wiki/Viersen_(district)","/wiki/Warendorf_(district)","/wiki/Wesel_(district)","http://en.wikipedia.org/w/index.php?title=North_Rhine-Westphalia&oldid=544042293","/wiki/Help:Categories","/wiki/Category:North_Rhine-Westphalia","/wiki/Category:NUTS_1_statistical_regions_of_the_European_Union","/wiki/Category:States_and_territories_established_in_1946","/wiki/Category:States_of_Germany","/wiki/Category:Wikipedia_articles_incorporating_a_citation_from_the_1911_Encyclopaedia_Britannica_with_Wikisource_reference","/wiki/Category:All_articles_with_dead_external_links","/wiki/Category:Articles_with_dead_external_links_from_October_2012","/wiki/Category:Pages_with_bad_rounding_precision","/wiki/Category:All_articles_with_unsourced_statements","/wiki/Category:Articles_with_unsourced_statements_from_September_2010","/wiki/Category:Articles_containing_German_language_text","/wiki/Category:Articles_to_be_expanded_from_April_2011","/wiki/Category:All_articles_to_be_expanded","/wiki/Category:Articles_with_unsourced_statements_from_May_2010","/wiki/Category:Articles_that_may_contain_original_research_from_April_2011","/wiki/Category:Use_dmy_dates_from_April_2012","/w/index.php?title=Special:UserLogin&returnto=North+Rhine-Westphalia&type=signup","/w/index.php?title=Special:UserLogin&returnto=North+Rhine-Westphalia","/wiki/North_Rhine-Westphalia","/wiki/Talk:North_Rhine-Westphalia","#","/wiki/North_Rhine-Westphalia","/w/index.php?title=North_Rhine-Westphalia&action=edit","/w/index.php?title=North_Rhine-Westphalia&action=history","#","/w/index.php","//bits.wikimedia.org/static-1.21wmf11/skins/vector/images/search-ltr.png?303-4","/wiki/Main_Page","/wiki/Main_Page","/wiki/Portal:Contents","/wiki/Portal:Featured_content","/wiki/Portal:Current_events","/wiki/Special:Random","//donate.wikimedia.org/wiki/Special:FundraiserRedirector?utm_source=donate&utm_medium=sidebar&utm_campaign=C13_en.wikipedia.org&uselang=en","/wiki/Help:Contents","/wiki/Wikipedia:About","/wiki/Wikipedia:Community_portal","/wiki/Special:RecentChanges","/wiki/Wikipedia:Contact_us","/wiki/Special:WhatLinksHere/North_Rhine-Westphalia","/wiki/Special:RecentChangesLinked/North_Rhine-Westphalia","/wiki/Wikipedia:File_Upload_Wizard","/wiki/Special:SpecialPages","/w/index.php?title=North_Rhine-Westphalia&oldid=544042293","/w/index.php?title=North_Rhine-Westphalia&action=info","/w/index.php?title=Special:Cite&page=North_Rhine-Westphalia&id=544042293","/w/index.php?title=Special:Book&bookcmd=book_creator&referer=North+Rhine-Westphalia","/w/index.php?title=Special:Book&bookcmd=render_article&arttitle=North+Rhine-Westphalia&oldid=544042293&writer=rl","/w/index.php?title=North_Rhine-Westphalia&printable=yes","//af.wikipedia.org/wiki/Noordryn-Wesfale","//als.wikipedia.org/wiki/Nordrhein-Westfalen","//ar.wikipedia.org/wiki/%D8%B4%D9%85%D8%A7%D9%84_%D8%A7%D9%84%D8%B1%D8%A7%D9%8A%D9%86-%D9%88%D8%B3%D8%AA%D9%81%D8%A7%D9%84%D9%8A%D8%A7","//an.wikipedia.org/wiki/Renania_d%27o_Norte-Westfalia","//ay.wikipedia.org/wiki/Nordrhein-Westfalen_suyu","//az.wikipedia.org/wiki/%C5%9Eimali_Reyn-Vestfaliya","//zh-min-nan.wikipedia.org/wiki/Nordrhein-Westfalen","//be.wikipedia.org/wiki/%D0%9F%D0%B0%D1%9E%D0%BD%D0%BE%D1%87%D0%BD%D1%8B_%D0%A0%D1%8D%D0%B9%D0%BD-%D0%92%D0%B5%D1%81%D1%82%D1%84%D0%B0%D0%BB%D1%96%D1%8F","//be-x-old.wikipedia.org/wiki/%D0%9F%D0%B0%D1%9E%D0%BD%D0%BE%D1%87%D0%BD%D1%8B_%D0%A0%D0%B0%D0%B9%D0%BD_%E2%80%94_%D0%92%D1%8D%D1%81%D1%82%D1%84%D0%B0%D0%BB%D1%96%D1%8F","//bg.wikipedia.org/wiki/%D0%A1%D0%B5%D0%B2%D0%B5%D1%80%D0%B5%D0%BD_%D0%A0%D0%B5%D0%B9%D0%BD-%D0%92%D0%B5%D1%81%D1%82%D1%84%D0%B0%D0%BB%D0%B8%D1%8F","//bar.wikipedia.org/wiki/Nordrhein-Westfalen","//bs.wikipedia.org/wiki/Sjeverna_Rajna-Vestfalija","//br.wikipedia.org/wiki/Nordrhein-Westfalen","//ca.wikipedia.org/wiki/Rin_del_Nord_-_Westf%C3%A0lia","//cv.wikipedia.org/wiki/%C3%87%D1%83%D1%80%C3%A7%C4%95%D1%80_%D0%A0%D0%B5%D0%B9%D0%BD-%D0%92%D0%B5%D1%81%D1%82%D1%84%D0%B0%D0%BB%D0%B8","//cs.wikipedia.org/wiki/Severn%C3%AD_Por%C3%BDn%C3%AD-Vestf%C3%A1lsko","//co.wikipedia.org/wiki/Nordu_Renu-Westfalia","//cy.wikipedia.org/wiki/Nordrhein-Westfalen","//da.wikipedia.org/wiki/Nordrhein-Westfalen","//pdc.wikipedia.org/wiki/Nordrhoi-Wessfoale","//de.wikipedia.org/wiki/Nordrhein-Westfalen","//dsb.wikipedia.org/wiki/Nordrhein-Westfalska","//et.wikipedia.org/wiki/Nordrhein-Westfalen","//el.wikipedia.org/wiki/%CE%92%CF%8C%CF%81%CE%B5%CE%B9%CE%B1_%CE%A1%CE%B7%CE%BD%CE%B1%CE%BD%CE%AF%CE%B1-%CE%92%CE%B5%CF%83%CF%84%CF%86%CE%B1%CE%BB%CE%AF%CE%B1","//es.wikipedia.org/wiki/Renania_del_Norte-Westfalia","//eo.wikipedia.org/wiki/Nordrejn-Vestfalio","//eu.wikipedia.org/wiki/Ipar_Renania-Westfalia","//fa.wikipedia.org/wiki/%D9%86%D9%88%D8%B1%D8%AF%D8%B1%D8%A7%DB%8C%D9%86-%D9%88%D8%B3%D8%AA%D9%81%D8%A7%D9%84%D9%86","//fr.wikipedia.org/wiki/Rh%C3%A9nanie-du-Nord-Westphalie","//fy.wikipedia.org/wiki/Noardryn-Westfalen","//ga.wikipedia.org/wiki/Tuaisceart_na_R%C3%A9ine_agus_an_Viostf%C3%A1il","//gv.wikipedia.org/wiki/Yn_Rhine_Hwoaie-Westfalen","//gd.wikipedia.org/wiki/Nordrhein-Westfalen","//gl.wikipedia.org/wiki/Renania_do_Norte-Westfalia_-_Nordrhein-Westfalen","//ko.wikipedia.org/wiki/%EB%85%B8%EB%A5%B4%ED%8A%B8%EB%9D%BC%EC%9D%B8%EB%B2%A0%EC%8A%A4%ED%8A%B8%ED%8C%94%EB%A0%8C_%EC%A3%BC","//hsb.wikipedia.org/wiki/Sewjerorynsko-Westfalska","//hr.wikipedia.org/wiki/Sjeverna_Rajna-Vestfalija","//io.wikipedia.org/wiki/Nordrheno-Vestfalia","//ilo.wikipedia.org/wiki/Amianan_a_Renania-Wespalia","//id.wikipedia.org/wiki/Nordrhein-Westfalen","//ia.wikipedia.org/wiki/Rhenania_del_Nord_-_Westfalia","//ie.wikipedia.org/wiki/Nordrhein-Vestfalia","//os.wikipedia.org/wiki/%D0%A6%C3%A6%D0%B3%D0%B0%D1%82_%D0%A0%D0%B5%D0%B9%D0%BD-%D0%92%D0%B5%D1%81%D1%82%D1%84%D0%B0%D0%BB%D0%B8","//is.wikipedia.org/wiki/Nor%C3%B0urr%C3%ADn-Vestfal%C3%ADa","//it.wikipedia.org/wiki/Renania_Settentrionale-Vestfalia","//he.wikipedia.org/wiki/%D7%A0%D7%95%D7%A8%D7%93%D7%A8%D7%99%D7%99%D7%9F-%D7%95%D7%A1%D7%98%D7%A4%D7%90%D7%9C%D7%99%D7%94","//jv.wikipedia.org/wiki/Nordrhein-Westfalen","//pam.wikipedia.org/wiki/Pangulung_Rhine-Westphalia","//ka.wikipedia.org/wiki/%E1%83%A9%E1%83%A0%E1%83%93%E1%83%98%E1%83%9A%E1%83%9D%E1%83%94%E1%83%97%E1%83%98_%E1%83%A0%E1%83%90%E1%83%98%E1%83%9C-%E1%83%95%E1%83%94%E1%83%A1%E1%83%A2%E1%83%A4%E1%83%90%E1%83%9A%E1%83%98%E1%83%90","//kk.wikipedia.org/wiki/%D0%A1%D0%BE%D0%BB%D1%82%D2%AF%D1%81%D1%82%D1%96%D0%BA_%D0%A0%D0%B5%D0%B9%D0%BD-%D0%92%D0%B5%D1%81%D1%82%D1%84%D0%B0%D0%BB%D0%B8%D1%8F","//kw.wikipedia.org/wiki/Nordrhein-Westfalen","//sw.wikipedia.org/wiki/Rhine_Kaskazini-Westfalia","//ku.wikipedia.org/wiki/Nordrhein-Westfalen","//la.wikipedia.org/wiki/Rhenania_Septentrionalis-Vestfalia","//lv.wikipedia.org/wiki/Zieme%C4%BCreina-Vestf%C4%81lene","//lt.wikipedia.org/wiki/%C5%A0iaur%C4%97s_Reinas-Vestfalija","//lij.wikipedia.org/wiki/Renania_do_N%C3%B2rd-Vestfall-ia","//li.wikipedia.org/wiki/Noordrien-Wesfale","//lmo.wikipedia.org/wiki/Nord_Reno-Westfalia","//hu.wikipedia.org/wiki/%C3%89szak-Rajna%E2%80%93Vesztf%C3%A1lia","//mk.wikipedia.org/wiki/%D0%A1%D0%B5%D0%B2%D0%B5%D1%80%D0%BD%D0%B0_%D0%A0%D0%B0%D1%98%D0%BD%D0%B0-%D0%92%D0%B5%D1%81%D1%82%D1%84%D0%B0%D0%BB%D0%B8%D1%98%D0%B0","//mr.wikipedia.org/wiki/%E0%A4%A8%E0%A5%8B%E0%A4%B0%E0%A5%8D%E0%A4%A1%E0%A4%B0%E0%A5%8D%E2%80%8D%E0%A4%B9%E0%A4%BE%E0%A4%87%E0%A4%A8-%E0%A4%B5%E0%A5%87%E0%A4%B8%E0%A5%8D%E0%A4%9F%E0%A4%AB%E0%A4%BE%E0%A4%B2%E0%A4%A8","//ms.wikipedia.org/wiki/North_Rhine-Westphalia","//nah.wikipedia.org/wiki/Rhein_Mictl%C4%81mpa-Westfalen","//nl.wikipedia.org/wiki/Noordrijn-Westfalen","//nds-nl.wikipedia.org/wiki/Noordrhain-Westfele","//ja.wikipedia.org/wiki/%E3%83%8E%E3%83%AB%E3%83%88%E3%83%A9%E3%82%A4%E3%83%B3%EF%BC%9D%E3%83%B4%E3%82%A7%E3%82%B9%E3%83%88%E3%83%95%E3%82%A1%E3%83%BC%E3%83%AC%E3%83%B3%E5%B7%9E","//nap.wikipedia.org/wiki/Nord_Reno-Westfalia","//frr.wikipedia.org/wiki/Nordrhin-Weestf%C3%A5%C3%A5len","//no.wikipedia.org/wiki/Nordrhein-Westfalen","//nn.wikipedia.org/wiki/Nordrhein-Westfalen","//oc.wikipedia.org/wiki/Ren_del_N%C3%B2rd-Vestf%C3%A0lia","//uz.wikipedia.org/wiki/Shimoliy_Reyn-Vestfaliya","//pa.wikipedia.org/wiki/%E0%A8%89%E0%A9%B1%E0%A8%A4%E0%A8%B0%E0%A9%80_%E0%A8%B0%E0%A8%BE%E0%A8%88%E0%A8%A8-%E0%A8%AA%E0%A9%B1%E0%A8%9B%E0%A8%AE%E0%A9%80_%E0%A8%AB%E0%A8%BC%E0%A8%BE%E0%A8%B2%E0%A8%A8","//pfl.wikipedia.org/wiki/Nordrhoi-Weschdfaale","//pnb.wikipedia.org/wiki/%D8%A7%D8%AA%D9%84%D8%A7_%D8%B1%D8%A7%D8%A6%DB%8C%D9%86_%D9%84%DB%8C%D9%86%D8%AF%D8%A7_%D9%81%D8%A7%D9%84%DB%8C%DB%81","//pms.wikipedia.org/wiki/N%C3%B2rd_Ren-Westfalia","//nds.wikipedia.org/wiki/Noordrhien-Westfalen","//pl.wikipedia.org/wiki/Nadrenia_P%C3%B3%C5%82nocna-Westfalia","//pt.wikipedia.org/wiki/Ren%C3%A2nia_do_Norte-Vestf%C3%A1lia","//ksh.wikipedia.org/wiki/Nordrhein-Westfalen","//ro.wikipedia.org/wiki/Renania_de_Nord-Westfalia","//rm.wikipedia.org/wiki/Rain_dal_Nord-Vestfalia","//qu.wikipedia.org/wiki/Nordrhein-Westfalen","//ru.wikipedia.org/wiki/%D0%A1%D0%B5%D0%B2%D0%B5%D1%80%D0%BD%D1%8B%D0%B9_%D0%A0%D0%B5%D0%B9%D0%BD-%D0%92%D0%B5%D1%81%D1%82%D1%84%D0%B0%D0%BB%D0%B8%D1%8F","//se.wikipedia.org/wiki/Nordrhein-Westfalen","//sco.wikipedia.org/wiki/North_Rhine-Westphalie","//stq.wikipedia.org/wiki/Noudrhien-W%C3%A4%C3%A4stfoalen","//sq.wikipedia.org/wiki/Nordrhein-Westfalen","//simple.wikipedia.org/wiki/North_Rhine-Westphalia","//sk.wikipedia.org/wiki/Severn%C3%A9_Por%C3%BDnie-Vestf%C3%A1lsko","//sl.wikipedia.org/wiki/Severno_Porenje-Vestfalija","//sr.wikipedia.org/wiki/%D0%A1%D0%B5%D0%B2%D0%B5%D1%80%D0%BD%D0%B0_%D0%A0%D0%B0%D1%98%D0%BD%D0%B0-%D0%92%D0%B5%D1%81%D1%82%D1%84%D0%B0%D0%BB%D0%B8%D1%98%D0%B0","//sh.wikipedia.org/wiki/Sjeverna_Rajna-Vestfalija","//fi.wikipedia.org/wiki/Nordrhein-Westfalen","//sv.wikipedia.org/wiki/Nordrhein-Westfalen","//tl.wikipedia.org/wiki/Hilagang_Renania-Westfalia","//th.wikipedia.org/wiki/%E0%B8%A3%E0%B8%B1%E0%B8%90%E0%B8%99%E0%B8%AD%E0%B8%A3%E0%B9%8C%E0%B8%94%E0%B9%84%E0%B8%A3%E0%B8%99%E0%B9%8C-%E0%B9%80%E0%B8%A7%E0%B8%AA%E0%B8%97%E0%B9%8C%E0%B8%9F%E0%B8%B2%E0%B9%80%E0%B8%A5%E0%B8%B4%E0%B8%99","//tr.wikipedia.org/wiki/Kuzey_Ren-Vestfalya","//uk.wikipedia.org/wiki/%D0%9F%D1%96%D0%B2%D0%BD%D1%96%D1%87%D0%BD%D0%B8%D0%B9_%D0%A0%D0%B5%D0%B9%D0%BD-%D0%92%D0%B5%D1%81%D1%82%D1%84%D0%B0%D0%BB%D1%96%D1%8F","//vec.wikipedia.org/wiki/Nord_Reno-Westfalia","//vi.wikipedia.org/wiki/Nordrhein-Westfalen","//vo.wikipedia.org/wiki/Nol%C3%BCdarin%C3%A4n-Vesfal%C3%A4n","//war.wikipedia.org/wiki/Nordrhein-Westfalen","//yi.wikipedia.org/wiki/%D7%A0%D7%90%D7%A8%D7%93_%D7%A8%D7%99%D7%99%D7%9F-%D7%95%D7%95%D7%A2%D7%A1%D7%98%D7%A4%D7%90%D7%9C%D7%99%D7%A2","//yo.wikipedia.org/wiki/Nordrhein-Westfalen","//diq.wikipedia.org/wiki/Ren-Westfalya_Z%C4%B1mey","//zh.wikipedia.org/wiki/%E5%8C%97%E8%8E%B1%E8%8C%B5%EF%BC%8D%E5%A8%81%E6%96%AF%E7%89%B9%E6%B3%95%E4%BC%A6","//www.wikidata.org/wiki/Special:ItemByTitle/enwiki/North Rhine-Westphalia","//en.wikipedia.org/wiki/Wikipedia:Text_of_Creative_Commons_Attribution-ShareAlike_3.0_Unported_License","//creativecommons.org/licenses/by-sa/3.0/","//wikimediafoundation.org/wiki/Terms_of_Use","//www.wikimediafoundation.org/","//en.wikipedia.org/wiki/Wikipedia:Contact_us","//wikimediafoundation.org/wiki/Privacy_policy","/wiki/Wikipedia:About","/wiki/Wikipedia:General_disclaimer","http://en.m.wikipedia.org/wiki/North_Rhine-Westphalia","//wikimediafoundation.org/","//bits.wikimedia.org/images/wikimedia-button.png","//www.mediawiki.org/","//bits.wikimedia.org/static-1.21wmf11/skins/common/images/poweredby_mediawiki_88x31.png","//bits.wikimedia.org/en.wikipedia.org/load.php?debug=false&lang=en&modules=skins.vector&only=scripts&skin=vector&*","/w/index.php?title=MediaWiki:Gadget-ReferenceTooltips.js&action=raw&ctype=text/javascript&508635914","//bits.wikimedia.org/en.wikipedia.org/load.php?debug=false&lang=en&modules=site&only=scripts&skin=vector&*"],"instances":["district","band","district","river","district","river","district","westfalen","district","band","district","wine_region","band","district","band","district","district","district","river","district","district","germany","district","district","rothaargebirge","band","district","germany","region","district","district","beer","band","germany","district","district","state","district","musician","gorge"],"pdf":["http://www.ruhr-uni-bochum.de/relwiss/rp/Zwischenbericht.pdf","http://www.ruhr-uni-bochum.de/relwiss/rp/Zwischenbericht.pdf","http://www.innovation.nrw.de/objekt-pool/download_dateien/hochschulen_und_forschung/Statistik_und_Planung/2010/6_Studierende_nach_Hochschulen.pdf","http://www.innovation.nrw.de/objekt-pool/download_dateien/hochschulen_und_forschung/Statistik_und_Planung/2010/6_Studierende_nach_Hochschulen.pdf"],"categories":["North Rhine-Westphalia|","NUTS 1 statistical regions of the European Union","States and territories established in 1946","States of Germany"],"headings":["History","Geography","Demographics","Politics","Culture","Economy","Education","Sports","See also","References","External links"],"image":["//upload.wikimedia.org/wikipedia/commons/thumb/8/84/Flag_of_North_Rhine-Westphalia.svg/120px-Flag_of_North_Rhine-Westphalia.svg.png","//upload.wikimedia.org/wikipedia/commons/thumb/b/bb/Coat_of_arms_of_North_Rhine-Westfalia.svg/75px-Coat_of_arms_of_North_Rhine-Westfalia.svg.png","//upload.wikimedia.org/wikipedia/commons/thumb/e/eb/Deutschland_Lage_von_Nordrhein-Westfalen.svg/155px-Deutschland_Lage_von_Nordrhein-Westfalen.svg.png","//upload.wikimedia.org/wikipedia/commons/thumb/2/21/Speaker_Icon.svg/13px-Speaker_Icon.svg.png","//upload.wikimedia.org/wikipedia/commons/thumb/8/8a/Westfaelischer_Friede_in_Muenster_%28Gerard_Terborch_1648%29.jpg/220px-Westfaelischer_Friede_in_Muenster_%28Gerard_Terborch_1648%29.jpg","//bits.wikimedia.org/static-1.21wmf11/skins/common/images/magnify-clip.png","//upload.wikimedia.org/wikipedia/commons/thumb/e/e6/1801_Cary_Map_of_Westphalia%2C_Germany_-_Geographicus_-_Westphalia-cary-1799.jpg/220px-1801_Cary_Map_of_Westphalia%2C_Germany_-_Geographicus_-_Westphalia-cary-1799.jpg","//bits.wikimedia.org/static-1.21wmf11/skins/common/images/magnify-clip.png","//upload.wikimedia.org/wikipedia/commons/thumb/c/ca/North_Rhine-Westphalia_Topography_08.png/220px-North_Rhine-Westphalia_Topography_08.png","//bits.wikimedia.org/static-1.21wmf11/skins/common/images/magnify-clip.png","//upload.wikimedia.org/wikipedia/commons/thumb/4/40/Bonn_Drachenfels4.JPG/220px-Bonn_Drachenfels4.JPG","//bits.wikimedia.org/static-1.21wmf11/skins/common/images/magnify-clip.png","//upload.wikimedia.org/wikipedia/commons/thumb/9/9c/Abendsonne_%C3%BCber_Glehn.JPG/220px-Abendsonne_%C3%BCber_Glehn.JPG","//bits.wikimedia.org/static-1.21wmf11/skins/common/images/magnify-clip.png","//upload.wikimedia.org/wikipedia/commons/3/31/North_Rhine-Westphalia_Municipalities.png","//upload.wikimedia.org/wikipedia/commons/thumb/f/ff/North_rhine_w_Landschaftsverb%C3%A4nde.svg/300px-North_rhine_w_Landschaftsverb%C3%A4nde.svg.png","//upload.wikimedia.org/wikipedia/commons/thumb/c/c7/RB_D%C3%BCsseldorf.svg/60px-RB_D%C3%BCsseldorf.svg.png","//upload.wikimedia.org/wikipedia/commons/thumb/2/21/NRW_rbarnsberg_grey.png/60px-NRW_rbarnsberg_grey.png","//upload.wikimedia.org/wikipedia/commons/thumb/7/77/NRW_rbkoeln_grey.png/60px-NRW_rbkoeln_grey.png","//upload.wikimedia.org/wikipedia/commons/thumb/f/fc/RB_Detmold.svg/60px-RB_Detmold.svg.png","//upload.wikimedia.org/wikipedia/commons/thumb/7/71/NRW_rbmuenster_grey.png/60px-NRW_rbmuenster_grey.png","//upload.wikimedia.org/wikipedia/commons/thumb/c/c3/NRW_districts.png/300px-NRW_districts.png","//upload.wikimedia.org/wikipedia/commons/thumb/f/fb/DEU_Staedteregion_Aachen_COA.svg/20px-DEU_Staedteregion_Aachen_COA.svg.png","//upload.wikimedia.org/wikipedia/commons/thumb/c/c0/Wappen_Kreis_Borken.svg/20px-Wappen_Kreis_Borken.svg.png","//upload.wikimedia.org/wikipedia/commons/thumb/d/d0/Kreis_Coesfeld_coa.svg/20px-Kreis_Coesfeld_coa.svg.png","//upload.wikimedia.org/wikipedia/commons/thumb/5/50/Wappen_Kreis_D%C3%BCren.svg/20px-Wappen_Kreis_D%C3%BCren.svg.png","//upload.wikimedia.org/wikipedia/commons/thumb/8/89/Wappen_des_Ennepe-Ruhr-Kreises.svg/20px-Wappen_des_Ennepe-Ruhr-Kreises.svg.png","//upload.wikimedia.org/wikipedia/commons/thumb/4/4e/Wappen_rheinerftkreis.svg/20px-Wappen_rheinerftkreis.svg.png","//upload.wikimedia.org/wikipedia/commons/thumb/7/78/Wappen_Kreis_Euskirchen.svg/20px-Wappen_Kreis_Euskirchen.svg.png","//upload.wikimedia.org/wikipedia/commons/thumb/c/c5/Kreiswappen_des_Kreises_G%C3%BCtersloh.svg/20px-Kreiswappen_des_Kreises_G%C3%BCtersloh.svg.png","//upload.wikimedia.org/wikipedia/commons/thumb/b/b5/DEU_Kreis_Heinsberg_COA.svg/20px-DEU_Kreis_Heinsberg_COA.svg.png","//upload.wikimedia.org/wikipedia/commons/thumb/3/37/Kreiswappen_des_Kreises_Herford.svg/20px-Kreiswappen_des_Kreises_Herford.svg.png","//upload.wikimedia.org/wikipedia/commons/thumb/c/c0/Kreiswappen_Hochsauerlandkreis.svg/20px-Kreiswappen_Hochsauerlandkreis.svg.png","//upload.wikimedia.org/wikipedia/commons/thumb/1/12/Kreiswappen_des_Kreises_H%C3%B6xter.svg/20px-Kreiswappen_des_Kreises_H%C3%B6xter.svg.png","//upload.wikimedia.org/wikipedia/commons/thumb/9/99/Kreiswappen_des_Kreises_Kleve.svg/20px-Kreiswappen_des_Kreises_Kleve.svg.png","//upload.wikimedia.org/wikipedia/commons/thumb/a/a9/Kreiswappen_des_Kreises_Lippe.svg/20px-Kreiswappen_des_Kreises_Lippe.svg.png","//upload.wikimedia.org/wikipedia/commons/thumb/1/1a/Kreiswappen_des_M%C3%A4rkischen_Kreises.svg/20px-Kreiswappen_des_M%C3%A4rkischen_Kreises.svg.png","//upload.wikimedia.org/wikipedia/commons/thumb/d/d3/Kreiswappen_des_Kreises_Mettmann.png/20px-Kreiswappen_des_Kreises_Mettmann.png","//upload.wikimedia.org/wikipedia/commons/thumb/7/7e/Kreiswappen_des_Kreises_Minden-L%C3%BCbbecke.svg/20px-Kreiswappen_des_Kreises_Minden-L%C3%BCbbecke.svg.png","//upload.wikimedia.org/wikipedia/commons/thumb/a/af/Kreiswappen_des_Rhein-Kreises_Neuss.svg/20px-Kreiswappen_des_Rhein-Kreises_Neuss.svg.png","//upload.wikimedia.org/wikipedia/commons/thumb/4/47/Wappen-oberberg-k.png/20px-Wappen-oberberg-k.png","//upload.wikimedia.org/wikipedia/commons/thumb/e/e7/Wappen_des_Kreises_Olpe.svg/20px-Wappen_des_Kreises_Olpe.svg.png","//upload.wikimedia.org/wikipedia/commons/thumb/a/a3/Kreiswappen_des_Kreises_Paderborn.svg/20px-Kreiswappen_des_Kreises_Paderborn.svg.png","//upload.wikimedia.org/wikipedia/commons/thumb/9/92/Kreis_Recklinghausen_Wappen.svg/20px-Kreis_Recklinghausen_Wappen.svg.png","//upload.wikimedia.org/wikipedia/commons/thumb/e/eb/Kreiswappen_des_Rheinisch-Bergischen_Kreises.png/20px-Kreiswappen_des_Rheinisch-Bergischen_Kreises.png","//upload.wikimedia.org/wikipedia/commons/thumb/6/67/Rhein-Sieg-Kreis-Wappen.png/20px-Rhein-Sieg-Kreis-Wappen.png","//upload.wikimedia.org/wikipedia/commons/thumb/f/fd/DEU_Kreis_Siegen-Wittgenstein_COA.svg/20px-DEU_Kreis_Siegen-Wittgenstein_COA.svg.png","//upload.wikimedia.org/wikipedia/commons/thumb/4/4d/DE_Kreis_Soest_COA.svg/20px-DE_Kreis_Soest_COA.svg.png","//upload.wikimedia.org/wikipedia/commons/thumb/c/c9/DEU_Kreis_Steinfurt_COA.svg/20px-DEU_Kreis_Steinfurt_COA.svg.png","//upload.wikimedia.org/wikipedia/commons/thumb/2/2f/Wappen_Kreis_Unna.png/20px-Wappen_Kreis_Unna.png","//upload.wikimedia.org/wikipedia/commons/thumb/b/bc/Kreiswappen_des_Kreises_Viersen.svg/20px-Kreiswappen_des_Kreises_Viersen.svg.png","//upload.wikimedia.org/wikipedia/commons/thumb/8/8e/Wappen_des_Kreises_Warendorf.svg/20px-Wappen_des_Kreises_Warendorf.svg.png","//upload.wikimedia.org/wikipedia/commons/thumb/5/5a/Kreiswappen_des_Kreises_Wesel.svg/20px-Kreiswappen_des_Kreises_Wesel.svg.png","//upload.wikimedia.org/wikipedia/commons/thumb/9/90/Stadtwappen_der_kreisfreien_Stadt_Aachen.svg/20px-Stadtwappen_der_kreisfreien_Stadt_Aachen.svg.png","//upload.wikimedia.org/wikipedia/commons/thumb/7/74/Wappen_Bielefeld.svg/20px-Wappen_Bielefeld.svg.png","//upload.wikimedia.org/wikipedia/commons/thumb/b/b5/Stadtwappen_der_kreisfreien_Stadt_Bochum.svg/20px-Stadtwappen_der_kreisfreien_Stadt_Bochum.svg.png","//upload.wikimedia.org/wikipedia/commons/thumb/f/fb/Wappen-stadt-bonn.svg/20px-Wappen-stadt-bonn.svg.png","//upload.wikimedia.org/wikipedia/commons/thumb/f/fb/DEU_Bottrop_COA.svg/20px-DEU_Bottrop_COA.svg.png","//upload.wikimedia.org/wikipedia/commons/thumb/c/c0/Wappen_Koeln.svg/20px-Wappen_Koeln.svg.png","//upload.wikimedia.org/wikipedia/commons/thumb/d/d2/Coat_of_arms_of_Dortmund.svg/20px-Coat_of_arms_of_Dortmund.svg.png","//upload.wikimedia.org/wikipedia/commons/thumb/4/49/Stadtwappen_der_Stadt_Duisburg.svg/20px-Stadtwappen_der_Stadt_Duisburg.svg.png","//upload.wikimedia.org/wikipedia/commons/thumb/7/75/Wappen_der_Landeshauptstadt_Duesseldorf.svg/20px-Wappen_der_Landeshauptstadt_Duesseldorf.svg.png","//upload.wikimedia.org/wikipedia/commons/thumb/1/1c/Wappen_Stadt_Essen_DE.svg/20px-Wappen_Stadt_Essen_DE.svg.png","//upload.wikimedia.org/wikipedia/commons/thumb/0/09/Stadtwappen_der_kreisfreien_Stadt_Gelsenkirchen.png/20px-Stadtwappen_der_kreisfreien_Stadt_Gelsenkirchen.png","//upload.wikimedia.org/wikipedia/commons/thumb/e/ef/Stadtwappen_der_kreisfreien_Stadt_Hagen.png/20px-Stadtwappen_der_kreisfreien_Stadt_Hagen.png","//upload.wikimedia.org/wikipedia/commons/thumb/8/86/Stadtwappen_der_kreisfreien_Stadt_Hamm.svg/20px-Stadtwappen_der_kreisfreien_Stadt_Hamm.svg.png","//upload.wikimedia.org/wikipedia/commons/thumb/d/dd/Herne_Coat_of_Arms.svg/20px-Herne_Coat_of_Arms.svg.png","//upload.wikimedia.org/wikipedia/commons/thumb/0/0f/DEU_Krefeld_COA.svg/20px-DEU_Krefeld_COA.svg.png","//upload.wikimedia.org/wikipedia/commons/thumb/3/3a/Stadtwappen_der_kreisfreien_Stadt_Leverkusen.png/20px-Stadtwappen_der_kreisfreien_Stadt_Leverkusen.png","//upload.wikimedia.org/wikipedia/commons/thumb/f/fa/Stadtwappen_der_kreisfreien_Stadt_M%C3%B6nchengladbach.svg/20px-Stadtwappen_der_kreisfreien_Stadt_M%C3%B6nchengladbach.svg.png","//upload.wikimedia.org/wikipedia/commons/thumb/4/41/Wappen_M%C3%BClheim_an_der_Ruhr.jpg/20px-Wappen_M%C3%BClheim_an_der_Ruhr.jpg","//upload.wikimedia.org/wikipedia/commons/thumb/b/bf/Wappen_M%C3%BCnster_Westfalen.svg/20px-Wappen_M%C3%BCnster_Westfalen.svg.png","//upload.wikimedia.org/wikipedia/commons/thumb/1/12/Stadtwappen_der_kreisfreien_Stadt_Oberhausen.png/20px-Stadtwappen_der_kreisfreien_Stadt_Oberhausen.png","//upload.wikimedia.org/wikipedia/commons/thumb/5/51/Stadtwappen_der_kreisfreien_Stadt_Remscheid.png/20px-Stadtwappen_der_kreisfreien_Stadt_Remscheid.png","//upload.wikimedia.org/wikipedia/commons/thumb/b/bf/Stadtwappen_der_kreisfreien_Stadt_Solingen.png/20px-Stadtwappen_der_kreisfreien_Stadt_Solingen.png","//upload.wikimedia.org/wikipedia/commons/thumb/d/df/DEU_Wuppertal_COA.svg/20px-DEU_Wuppertal_COA.svg.png","//upload.wikimedia.org/wikipedia/commons/thumb/b/bb/Raddampfer_Goethe_bei_Nacht001.jpg/220px-Raddampfer_Goethe_bei_Nacht001.jpg","//bits.wikimedia.org/static-1.21wmf11/skins/common/images/magnify-clip.png","//upload.wikimedia.org/wikipedia/commons/thumb/c/c4/Rheinkniebr%C3%BCcke_at_night.jpg/220px-Rheinkniebr%C3%BCcke_at_night.jpg","//bits.wikimedia.org/static-1.21wmf11/skins/common/images/magnify-clip.png","//upload.wikimedia.org/wikipedia/commons/thumb/e/eb/North_Rhine-Westphalia_location_map_02.svg/250px-North_Rhine-Westphalia_location_map_02.svg.png","//upload.wikimedia.org/wikipedia/commons/thumb/8/84/Flag_of_North_Rhine-Westphalia.svg/30px-Flag_of_North_Rhine-Westphalia.svg.png","//upload.wikimedia.org/wikipedia/commons/thumb/b/b0/Increase2.svg/11px-Increase2.svg.png","//upload.wikimedia.org/wikipedia/commons/thumb/b/b0/Increase2.svg/11px-Increase2.svg.png","//upload.wikimedia.org/wikipedia/commons/thumb/e/ed/Decrease2.svg/11px-Decrease2.svg.png","//upload.wikimedia.org/wikipedia/commons/thumb/9/96/Steady2.svg/11px-Steady2.svg.png","//upload.wikimedia.org/wikipedia/commons/thumb/e/ed/Decrease2.svg/11px-Decrease2.svg.png","//upload.wikimedia.org/wikipedia/commons/thumb/b/b0/Increase2.svg/11px-Increase2.svg.png","//upload.wikimedia.org/wikipedia/commons/thumb/b/b0/Increase2.svg/11px-Increase2.svg.png","//upload.wikimedia.org/wikipedia/commons/thumb/b/b0/Increase2.svg/11px-Increase2.svg.png","//upload.wikimedia.org/wikipedia/commons/thumb/b/b0/Increase2.svg/11px-Increase2.svg.png","//upload.wikimedia.org/wikipedia/commons/thumb/b/b0/Increase2.svg/11px-Increase2.svg.png","//upload.wikimedia.org/wikipedia/commons/thumb/e/ed/Decrease2.svg/11px-Decrease2.svg.png","//upload.wikimedia.org/wikipedia/commons/thumb/e/ed/Decrease2.svg/11px-Decrease2.svg.png","//upload.wikimedia.org/wikipedia/commons/thumb/b/b0/Increase2.svg/11px-Increase2.svg.png","//upload.wikimedia.org/wikipedia/commons/thumb/9/96/Steady2.svg/11px-Steady2.svg.png","//upload.wikimedia.org/wikipedia/commons/thumb/9/96/Steady2.svg/11px-Steady2.svg.png","//upload.wikimedia.org/wikipedia/commons/thumb/9/96/Steady2.svg/11px-Steady2.svg.png","//upload.wikimedia.org/wikipedia/commons/thumb/b/b0/Increase2.svg/11px-Increase2.svg.png","//upload.wikimedia.org/wikipedia/commons/thumb/b/b0/Increase2.svg/11px-Increase2.svg.png","//upload.wikimedia.org/wikipedia/commons/thumb/1/1c/Wiki_letter_w_cropped.svg/20px-Wiki_letter_w_cropped.svg.png","//upload.wikimedia.org/wikipedia/en/thumb/4/4a/Commons-logo.svg/30px-Commons-logo.svg.png","//upload.wikimedia.org/wikipedia/commons/thumb/1/1b/L%C3%B6wenstein_House_Aachen_%28Germany%29.jpg/99px-L%C3%B6wenstein_House_Aachen_%28Germany%29.jpg","//upload.wikimedia.org/wikipedia/commons/thumb/9/9f/Fr%C3%BCh_Brauhaus_K%C3%B6ln_-_Am_Hof_12_und_14_%284626-28%29.jpg/103px-Fr%C3%BCh_Brauhaus_K%C3%B6ln_-_Am_Hof_12_und_14_%284626-28%29.jpg","//upload.wikimedia.org/wikipedia/commons/thumb/2/27/Dortmund-alter-markt-reinoldikirche_%28mb%29.jpg/99px-Dortmund-alter-markt-reinoldikirche_%28mb%29.jpg","//upload.wikimedia.org/wikipedia/commons/thumb/e/e0/Muenster-100725-16053-Rathaus.jpg/92px-Muenster-100725-16053-Rathaus.jpg","//upload.wikimedia.org/wikipedia/commons/thumb/d/d0/Alt_Monschau_-_geo.hlipp.de_-_6903.jpg/105px-Alt_Monschau_-_geo.hlipp.de_-_6903.jpg","//upload.wikimedia.org/wikipedia/commons/thumb/0/0f/Zeche-Zollern_2138.JPG/120px-Zeche-Zollern_2138.JPG","//upload.wikimedia.org/wikipedia/commons/thumb/5/5b/D%C3%BCsseldorf%2C_Medienhafen.jpg/107px-D%C3%BCsseldorf%2C_Medienhafen.jpg","//upload.wikimedia.org/wikipedia/commons/thumb/2/29/Krefeld_haus_lange_gartenseite04_12.jpg/107px-Krefeld_haus_lange_gartenseite04_12.jpg","//upload.wikimedia.org/wikipedia/commons/thumb/3/32/Langen_Foundation_Neuss_02.jpg/107px-Langen_Foundation_Neuss_02.jpg","//upload.wikimedia.org/wikipedia/commons/thumb/1/15/Schwebebahnstation_Zoo-Stadion_13_ies.jpg/107px-Schwebebahnstation_Zoo-Stadion_13_ies.jpg","//upload.wikimedia.org/wikipedia/commons/thumb/a/a8/Schloss_Augustusburg_Bruehl.jpg/100px-Schloss_Augustusburg_Bruehl.jpg","//upload.wikimedia.org/wikipedia/commons/thumb/6/69/Aachen_Cathedral_North_View_at_Evening.jpg/107px-Aachen_Cathedral_North_View_at_Evening.jpg","//upload.wikimedia.org/wikipedia/commons/thumb/2/27/Kdom.jpg/98px-Kdom.jpg","//upload.wikimedia.org/wikipedia/commons/thumb/c/c6/Zollverein_Schacht_12.jpg/100px-Zollverein_Schacht_12.jpg","//upload.wikimedia.org/wikipedia/en/thumb/4/4a/Commons-logo.svg/30px-Commons-logo.svg.png","//upload.wikimedia.org/wikipedia/commons/thumb/1/1c/Wiki_letter_w_cropped.svg/20px-Wiki_letter_w_cropped.svg.png","//upload.wikimedia.org/wikipedia/en/thumb/4/4a/Commons-logo.svg/30px-Commons-logo.svg.png","//upload.wikimedia.org/wikipedia/commons/thumb/1/1c/Wiki_letter_w_cropped.svg/20px-Wiki_letter_w_cropped.svg.png","//upload.wikimedia.org/wikipedia/commons/thumb/1/1c/Wiki_letter_w_cropped.svg/20px-Wiki_letter_w_cropped.svg.png","//upload.wikimedia.org/wikipedia/commons/thumb/7/7d/Bundesarchiv_B_145_Bild-F079042-0013%2C_Duisburg%2C_Thyssen-Stahlwerk.jpg/220px-Bundesarchiv_B_145_Bild-F079042-0013%2C_Duisburg%2C_Thyssen-Stahlwerk.jpg","//bits.wikimedia.org/static-1.21wmf11/skins/common/images/magnify-clip.png","//upload.wikimedia.org/wikipedia/commons/thumb/6/66/K%C3%B6ln_Messe_Eingang_S%C3%BCd.jpg/220px-K%C3%B6ln_Messe_Eingang_S%C3%BCd.jpg","//bits.wikimedia.org/static-1.21wmf11/skins/common/images/magnify-clip.png","//upload.wikimedia.org/wikipedia/commons/thumb/2/27/1196-18-rwth-aachen-hg-von-hendrik-brixius.jpg/220px-1196-18-rwth-aachen-hg-von-hendrik-brixius.jpg","//bits.wikimedia.org/static-1.21wmf11/skins/common/images/magnify-clip.png","//upload.wikimedia.org/wikipedia/commons/thumb/2/2b/Westfalenstadion_von_oben.jpg/220px-Westfalenstadion_von_oben.jpg","//bits.wikimedia.org/static-1.21wmf11/skins/common/images/magnify-clip.png","//upload.wikimedia.org/wikipedia/commons/thumb/8/84/Flag_of_North_Rhine-Westphalia.svg/32px-Flag_of_North_Rhine-Westphalia.svg.png","//upload.wikimedia.org/wikipedia/en/thumb/b/ba/Flag_of_Germany.svg/32px-Flag_of_Germany.svg.png","//upload.wikimedia.org/wikipedia/commons/thumb/3/3b/Europe_green_light.png/32px-Europe_green_light.png","//upload.wikimedia.org/wikipedia/commons/thumb/b/b7/Flag_of_Europe.svg/32px-Flag_of_Europe.svg.png","//upload.wikimedia.org/wikipedia/commons/thumb/4/4c/Wikisource-logo.svg/12px-Wikisource-logo.svg.png","//upload.wikimedia.org/wikipedia/en/thumb/4/4a/Commons-logo.svg/30px-Commons-logo.svg.png","//upload.wikimedia.org/wikipedia/commons/thumb/b/b0/Openstreetmap_logo.svg/16px-Openstreetmap_logo.svg.png","//upload.wikimedia.org/wikipedia/en/thumb/b/ba/Flag_of_Germany.svg/22px-Flag_of_Germany.svg.png","//upload.wikimedia.org/wikipedia/commons/thumb/5/5c/Flag_of_Baden-W%C3%BCrttemberg.svg/22px-Flag_of_Baden-W%C3%BCrttemberg.svg.png","//upload.wikimedia.org/wikipedia/commons/thumb/1/16/Flag_of_Bavaria_%28striped%29.svg/22px-Flag_of_Bavaria_%28striped%29.svg.png","//upload.wikimedia.org/wikipedia/commons/thumb/0/01/Flag_of_Brandenburg.svg/22px-Flag_of_Brandenburg.svg.png","//upload.wikimedia.org/wikipedia/commons/thumb/f/f7/Flag_of_Hesse.svg/22px-Flag_of_Hesse.svg.png","//upload.wikimedia.org/wikipedia/commons/thumb/8/81/Flag_of_Lower_Saxony.svg/22px-Flag_of_Lower_Saxony.svg.png","//upload.wikimedia.org/wikipedia/commons/thumb/c/ce/Flag_of_Mecklenburg-Western_Pomerania.svg/22px-Flag_of_Mecklenburg-Western_Pomerania.svg.png","//upload.wikimedia.org/wikipedia/commons/thumb/8/84/Flag_of_North_Rhine-Westphalia.svg/22px-Flag_of_North_Rhine-Westphalia.svg.png","//upload.wikimedia.org/wikipedia/commons/thumb/b/b7/Flag_of_Rhineland-Palatinate.svg/22px-Flag_of_Rhineland-Palatinate.svg.png","//upload.wikimedia.org/wikipedia/commons/thumb/f/f7/Flag_of_Saarland.svg/22px-Flag_of_Saarland.svg.png","//upload.wikimedia.org/wikipedia/commons/thumb/f/fd/Flag_of_Saxony.svg/22px-Flag_of_Saxony.svg.png","//upload.wikimedia.org/wikipedia/commons/thumb/1/1a/Flag_of_Saxony-Anhalt.svg/22px-Flag_of_Saxony-Anhalt.svg.png","//upload.wikimedia.org/wikipedia/commons/thumb/b/b4/Flag_of_Schleswig-Holstein.svg/22px-Flag_of_Schleswig-Holstein.svg.png","//upload.wikimedia.org/wikipedia/commons/thumb/b/bd/Flag_of_Thuringia.svg/22px-Flag_of_Thuringia.svg.png","//upload.wikimedia.org/wikipedia/commons/thumb/d/d3/States_of_Germany.svg/70px-States_of_Germany.svg.png","//upload.wikimedia.org/wikipedia/commons/thumb/e/ec/Flag_of_Berlin.svg/22px-Flag_of_Berlin.svg.png","//upload.wikimedia.org/wikipedia/commons/thumb/0/0e/Flag_of_Bremen.svg/22px-Flag_of_Bremen.svg.png","//upload.wikimedia.org/wikipedia/commons/thumb/7/74/Flag_of_Hamburg.svg/22px-Flag_of_Hamburg.svg.png","//upload.wikimedia.org/wikipedia/commons/thumb/b/b0/Flagge_Gro%C3%9Fherzogtum_Baden_%281891-1918%29.svg/22px-Flagge_Gro%C3%9Fherzogtum_Baden_%281891-1918%29.svg.png","//upload.wikimedia.org/wikipedia/commons/thumb/8/86/Flag_of_Germany_%283-2_aspect_ratio%29.svg/22px-Flag_of_Germany_%283-2_aspect_ratio%29.svg.png","//upload.wikimedia.org/wikipedia/commons/thumb/1/14/Flagge_K%C3%B6nigreich_W%C3%BCrttemberg.svg/22px-Flagge_K%C3%B6nigreich_W%C3%BCrttemberg.svg.png","//upload.wikimedia.org/wikipedia/commons/thumb/8/84/Flag_of_North_Rhine-Westphalia.svg/30px-Flag_of_North_Rhine-Westphalia.svg.png","//upload.wikimedia.org/wikipedia/en/thumb/b/ba/Flag_of_Germany.svg/30px-Flag_of_Germany.svg.png","//upload.wikimedia.org/wikipedia/commons/thumb/e/eb/Deutschland_Lage_von_Nordrhein-Westfalen.svg/90px-Deutschland_Lage_von_Nordrhein-Westfalen.svg.png","//bits.wikimedia.org/static-1.21wmf11/skins/vector/images/search-ltr.png?303-4","//bits.wikimedia.org/images/wikimedia-button.png","//bits.wikimedia.org/static-1.21wmf11/skins/common/images/poweredby_mediawiki_88x31.png"],"tags":[["lorraine","region"],["lippe","state"],["porta_westfalica","gorge"],["langenberg","rothaargebirge"],["ruhr","river"],["ems","river"],["mittelrhein","wine_region"],["pader","river"],["münster","region"],["aachen","district"],["borken","district"],["coesfeld","district"],["düren","district"],["euskirchen","district"],["gütersloh","district"],["heinsberg","district"],["herford","district"],["höxter","district"],["cleves","district"],["mettmann","district"],["olpe","district"],["paderborn","district"],["recklinghausen","district"],["soest","district"],["steinfurt","district"],["unna","district"],["viersen","district"],["warendorf","district"],["wesel","district"],["münster","westfalen"],["christian_democratic_union","germany"],["centre_party","germany"],["kölsch","beer"],["dortmunder_export(beer"],["angel_dust","band"],["doro","musician"],["warlock","band"],["grave_digger","band"],["rage","band"],["scanner","band"],["sodom","band"],["lower_rhine_region","germany"]],"members":["heinsberg","angel_dust","cleves","ruhr","viersen","pader","coesfeld","münster","borken","rage","unna","mittelrhein","scanner","gütersloh","sodom","düren","warendorf","soest","ems","mettmann","höxter","christian_democratic_union","wesel","olpe","langenberg","warlock","recklinghausen","lower_rhine_region","lorraine","steinfurt","herford","kölsch","grave_digger","centre_party","euskirchen","aachen","lippe","paderborn","doro","porta_westfalica"],"related":["States_of_Germany","Germany","Rhine_province","Province_of_Westphalia","Prussia","Düsseldorf","Cologne","Social_Democratic_Party_of_Germany","Alliance_'90/The_Greens","Ancient_Rome","Battle_of_Teutoburg_Forest","Germanic_tribes","Charlemagne","Paderborn","Saxon_Wars","Widukind","Detmold","Bielefeld","Lemgo","Enger","Eastphalia","Engern","Duchy_of_Saxony","Frederick_I,_Holy_Roman_Emperor","Duchy_of_Westphalia","Lippe_River","Münster","John_Cary","Brandenburg-Prussia","Peace_of_Westphalia","Thirty_Years'_War","Westphalian_sovereignty","Protestant_Reformation","Lutheranism","Münster","Paderborn","Prussian_Army","Battle_of_Jena-Auerstedt","Treaties_of_Tilsit","Kingdom_of_Westphalia","Napoleon_I_of_France","First_French_Empire","Vassal_state","Hesse","Eastphalia","Congress_of_Vienna","Kingdom_of_Prussia","Province_of_Westphalia","Osnabrück","Kingdom_of_Hanover","Grand_Duchy_of_Oldenburg","Treveri","Eburones","Mattiaci","Chatti","Usipetes","Tencteri","Franks","Carolingian_Empire","Treaty_of_Verdun","East_Francia","Lotharingia","Holy_Roman_Empire","Upper_Lorraine","Lower_Lorraine","Holy_Roman_Emperor","Lorraine_(region)","Duchy_of_Cleves","Prussian_Guelders","Moers","Rhineland","Grand_Duchy_of_Berg","Electorate_of_Trier","Electorate_of_Cologne","Aachen","Cologne","Rhine_province","Eupen","Malmedy","Belgium","German-Speaking_Community_of_Belgium","British_Zone_of_Occupation","Province_of_Westphalia","Rhine_Province","Prussia","Lippe_(state)","Constitution_of_North_Rhine-Westphalia","Referendum","Bonn","Lower_Rhine","Central_Uplands","Porta_Westfalica_(gorge)","Belgium","Netherlands","Lower_Saxony","Rhineland-Palatinate","Hesse","Westphalian_Lowland","Rhineland","North_German_Plain","Beckum_Hills","Stemmer_Berge","Central_Uplands","Weser_Uplands","Egge_Hills","Wiehen_Hills","Wesergebirge","Teutoburg_Forest","Sauerland","Bergisches_Land","Siegerland","Siebengebirge","Eifel","Rothaargebirge","Hesse","Langenberg_(Rothaargebirge)","Kahler_Asten","Selfkant","Höxter","Weser","Hellenthal","Eifel","Rahden","Kranenburg","Niederzier","Rhine","Ruhr_(river)","Ems_(river)","Lippe_River","Weser","Middle_Rhine","Mittelrhein_(wine_region)","Lower_Rhine","Pader_(river)","Paderborn","Regierungsbezirk","Urban_districts_of_Germany","Regierungsbezirk","Regierungsbezirk","Rhineland","Bergisches_Land","Eifel","Lower_Rhine","Cologne/Bonn_region","Westphalia","Münster_(region)","Sauerland","Siegerland","Lippe","Aachen_(district)","Borken_(district)","Coesfeld_(district)","Düren_(district)","Ennepe-Ruhr-Kreis","Rhein-Erft-Kreis","Euskirchen_(district)","Gütersloh_(district)","Heinsberg_(district)","Herford_(district)","Hochsauerland","Höxter_(district)","Cleves_(district)","Lippe","Märkischer_Kreis","Mettmann_(district)","Minden-Lübbecke","Rhein-Kreis_Neuss","Oberbergischer_Kreis","Olpe_(district)","Paderborn_(district)","Recklinghausen_(district)","Rheinisch-Bergischer_Kreis","Rhein-Sieg-Kreis","Siegen-Wittgenstein","Soest_(district)","Steinfurt_(district)","Unna_(district)","Viersen_(district)","Warendorf_(district)","Wesel_(district)","Bottrop","Gelsenkirchen","Hagen","Hamm","Herne,_Germany","Krefeld","Leverkusen","Mülheim","Oberhausen","Remscheid","Solingen","Belgium","Netherlands","Lower_Saxony","Hesse","Rhineland-Palatinate","Rhine-Ruhr","Metropolitan_regions_in_Germany","Ruhr","Bonn","Cologne","Düsseldorf","List_of_cities_in_Germany_with_more_than_100,000_inhabitants","Cologne","Düsseldorf","Dortmund","Essen","Duisburg","Bochum","Wuppertal","Bielefeld","Bonn","Münster_(Westfalen)","Ruhr_University_Bochum","Roman_Catholic_Church","Evangelical_Church_in_Germany","Muslim","Eastern_Orthodox_Church","New_Apostolic_Church","New_religious_movements","Esotericism","Indian_religions","Jews","Federal_republic","Parliamentary","Representative_democratic","Christian_Democratic_Union_(Germany)","Social_Democratic_Party_of_Germany","Landtag_of_North_Rhine-Westphalia","List_of_Ministers-President_of_North_Rhine-Westphalia","States_of_Germany","Rudolf_Amelunxen","Centre_Party_(Germany)","Karl_Arnold","Fritz_Steinhoff","Franz_Meyers","Heinz_Kühn","Johannes_Rau","Wolfgang_Clement","Peer_Steinbrück","Jürgen_Rüttgers","Hannelore_Kraft","Cabinet_Kraft_II","North_Rhine-Westphalia_state_election,_2010","Flag_of_North_Rhine-Westphalia","Rhineland","Westfalen","Lippe","Widukind","Henry_the_Lion","Hengist_and_Horsa","Aachen","Cölner_Hofbräu_Früh","Cologne","Reinoldikirche","Dortmund","Historical_City_Hall_of_Münster","Münster","Monschau","Zeche_Zollern","Dortmund","Neuer_Zollhof","Haus_Lange_and_Haus_Esters","Krefeld","Langen_Foundation","Neuss","Wuppertal_Schwebebahn","Wuppertal","Aachen_Cathedral","Cologne_Cathedral","Zeche_Zollverein","Augustusburg_and_Falkenlust_Palaces,_Brühl","Brühl,_North_Rhine-Westphalia","World_Heritage_Sites","Augustusburg_and_Falkenlust_Palaces,_Brühl","Aachen_Cathedral","Cologne_Cathedral","Zollverein_Coal_Mine_Industrial_Complex","Altbier","Düsseldorf","Lower_Rhine_Region","Kölsch_(beer)","Cologne","Dortmunder_Export(beer)","Dortmund","Cologne","Dortmund","Duisburg","Münster","Oberhausen","Lünen","Cologne_Carnival","Ruhrtriennale","GamesCom","Cologne","Lied_für_NRW","Heavy_metal_music","Speed_metal","Thrash_metal","Accept","Angel_Dust_(band)","Blind_Guardian","Doro_(musician)","Warlock_(band)","Grave_Digger_(band)","Holy_Moses","Kreator","Rage_(band)","Scanner_(band)","Sodom_(band)","List_of_steel_producers","Cologne","Trade_fair","Ruhr","Wirtschaftswunder","West_Germany","Foreign_direct_investment","Industrial_heritage","Ruhr","Westphalia","Bergisches_Land","Lower_Rhine_region_(Germany)","Hidden_Champions","Economic_sector","RWTH_Aachen","Deutsche_Forschungsgemeinschaft","German_Universities_Excellence_Initiative","University_of_Cologne","Fußball-Bundesliga","Borussia_Dortmund","List_of_German_football_champions","Borussia_Dortmund","Bayer_04_Leverkusen","1._FC_Köln","Borussia_Mönchengladbach","FC_Schalke_04","MSV_Duisburg","VfL_Bochum","Arminia_Bielefeld","Alemannia_Aachen","Fortuna_Düsseldorf","Wuppertaler_SV_Borussia","SC_Paderborn_07","1974_FIFA_World_Cup","2006_FIFA_World_Cup","FIFA_World_Cup","2011_FIFA_Women's_World_Cup","FIFA_Women's_World_Cup","Rheinstadion","RheinEnergieStadion","Cologne","Parkstadion","Signal_Iduna_Park","Dortmund","Borussia-Park","Mönchengladbach","BayArena","Leverkusen","Ruhrstadion","Bochum","Deutsche_Eishockey_Liga","Kölner_Haie","Krefeld_Pinguine","DEG_Metro_Stars","Iserlohn_Roosters","Kunstsammlung_NRW","Kunststiftung_NRW","NRW_Forum","Outline_of_Germany"]}