{"cursor":"4833","size":15,"audio":[],"currentlang":"en","article":"\n\n'Monte' may refer to:\n","linknr":246,"url":"monte","recorded":1363501931,"links":["/w/index.php?title=Monte&action=edit","/w/index.php?title=Monte&action=edit","//en.wikipedia.org/apple-touch-icon.png","//bits.wikimedia.org/favicon/wikipedia.ico","/w/opensearch_desc.php","//en.wikipedia.org/w/api.php?action=rsd","//creativecommons.org/licenses/by-sa/3.0/","/w/index.php?title=Special:RecentChanges&feed=atom","//bits.wikimedia.org/en.wikipedia.org/load.php?debug=false&lang=en&modules=ext.gadget.DRN-wizard%2CReferenceTooltips%2Ccharinsert%2Cteahouse%7Cext.wikihiero%7Cmediawiki.legacy.commonPrint%2Cshared%7Cmw.PopUpMediaTransform%7Cskins.vector&only=styles&skin=vector&*","//bits.wikimedia.org/en.wikipedia.org/load.php?debug=false&lang=en&modules=site&only=styles&skin=vector&*","//bits.wikimedia.org/en.wikipedia.org/load.php?debug=false&lang=en&modules=startup&only=scripts&skin=vector&*","//bits.wikimedia.org/geoiplookup","//meta.wikimedia.org","#mw-head","#p-search","#Persons","#Surname","#Given_name","#Places","#Brazil","#Canada","#France","#India","#Italy","#Mexico","#Montenegro","#Monaco","#Portugal","#Switzerland","#United_States_of_America","#Other","#See_also","//upload.wikimedia.org/wikipedia/commons/thumb/f/f8/Wiktionary-logo-en.svg/37px-Wiktionary-logo-en.svg.png","//en.wiktionary.org/wiki/monte","/w/index.php?title=Monte&action=edit&section=1","/w/index.php?title=Monte&action=edit&section=2","/wiki/Philippe_de_Monte","/wiki/Lou_Monte","/w/index.php?title=Monte&action=edit&section=3","/wiki/Monte_Attell","/wiki/Monte_Irvin","/wiki/Monte_Melkonian","/wiki/Escape_the_Fate","/wiki/Monte_Scheinblum","/wiki/La_Monte_Young","/wiki/Monte_Pittman","/w/index.php?title=Monte&action=edit&section=4","/w/index.php?title=Monte&action=edit&section=5","/wiki/Bar%C3%A3o_de_Monte_Alto","/wiki/Minas_Gerais","/wiki/Belo_Monte","/wiki/Alagoas","/wiki/Buriti_dos_Montes","/wiki/Piau%C3%AD","/wiki/Campina_do_Monte_Alegre","/wiki/S%C3%A3o_Paulo_(state)","/wiki/Monte_Alegre,_Par%C3%A1","/wiki/Monte_Alegre,_Rio_Grande_do_Norte","/wiki/Monte_Alegre_dos_Campos","/wiki/Rio_Grande_do_Sul","/wiki/Monte_Alegre_de_Goi%C3%A1s","/wiki/Goi%C3%A1s","/wiki/Monte_Alegre_de_Minas","/wiki/Minas_Gerais","/wiki/Monte_Alegre_do_Piau%C3%AD","/wiki/Piau%C3%AD","/wiki/Monte_Alegre_de_Sergipe","/wiki/Sergipe","/wiki/Monte_Alegre_do_Sul","/wiki/Monte_Alto,_S%C3%A3o_Paulo","/wiki/Monte_Apraz%C3%ADvel","/wiki/Monte_Azul","/wiki/Monte_Azul_Paulista","/wiki/Monte_Belo","/wiki/Monte_Belo_do_Sul","/w/index.php?title=Monte_Carlo,_Brazil&action=edit&redlink=1","/wiki/Santa_Catarina_(state)","/wiki/Monte_Carmelo","/wiki/Monte_Carmo","/wiki/Tocantins_(state)","/wiki/Monte_Castelo,_S%C3%A3o_Paulo","/wiki/Monte_Castelo,_Santa_Catarina","/wiki/Monte_Formoso","/wiki/Monte_das_Gameleiras","/wiki/Monte_Horebe","/wiki/Para%C3%ADba","/wiki/Monte_Mor","/wiki/Monte_Negro","/wiki/Rond%C3%B4nia","/wiki/Monte_Santo,_Bahia","/wiki/Monte_Santo_de_Minas","/wiki/Monte_Santo_do_Tocantins","/wiki/Monte_Si%C3%A3o","/wiki/Montes_Altos","/wiki/Maranh%C3%A3o","/wiki/Montes_Claros","/wiki/Montes_Claros_de_Goi%C3%A1s","/wiki/Nova_Monte_Verde","/wiki/Mato_Grosso","/wiki/Palmas_de_Monte_Alto","/wiki/Santa_B%C3%A1rbara_do_Monte_Verde","/w/index.php?title=Santa_Cruz_de_Monte_Castelo&action=edit&redlink=1","/wiki/Santana_dos_Montes","/wiki/S%C3%A3o_Joaquim_do_Monte","/wiki/Pernambuco","/wiki/S%C3%A3o_Lu%C3%ADs_de_Montes_Belos","/wiki/Santo_Ant%C3%B4nio_do_Monte","/w/index.php?title=Monte&action=edit&section=6","/wiki/Monte_Creek,_British_Columbia","/w/index.php?title=Monte_Lake,_British_Columbia&action=edit&redlink=1","/wiki/Monte_Cristo_Mountains","/wiki/British_Columbia","/w/index.php?title=Monte&action=edit&section=7","/wiki/Monte,_Haute-Corse","/wiki/Haute-Corse","/wiki/France","/w/index.php?title=Monte&action=edit&section=8","/w/index.php?title=Monte_Hill_-_Margao&action=edit&redlink=1","/w/index.php?title=Monte_Hill_-_Old_Goa&action=edit&redlink=1","/w/index.php?title=Monte&action=edit&section=9","/wiki/Monte_Argentario","/wiki/Province_of_Grosseto","/wiki/Monte_Berico","/wiki/Monte_Bianco","/wiki/Monte_Cassino","/wiki/Montecorvino_(disambiguation)","/wiki/Montecristo","/wiki/Monte_Isola","/wiki/Province_of_Brescia","/wiki/Monte_Milone_(disambiguation)","/wiki/Montemurro","/w/index.php?title=Monte_Pennino&action=edit&redlink=1","/wiki/Umbria","/wiki/Montepulciano","/wiki/Province_of_Siena","/wiki/Monteriggioni","/wiki/Monteroni_d%27Arbia","/wiki/Monte_Rosa","/wiki/Monte_Vergine_(disambiguation)","/wiki/Monte_Vidon_(disambiguation)","/w/index.php?title=Monte&action=edit&section=10","/wiki/Monte_Alban","/w/index.php?title=Estado_de_Oaxaca&action=edit&redlink=1","/w/index.php?title=Monte&action=edit&section=11","/wiki/Montenegro","/w/index.php?title=Monte&action=edit&section=12","/wiki/Monte_Carlo","/wiki/Monaco","/w/index.php?title=Monte&action=edit&section=13","/wiki/Fafe","/wiki/Monte_(Funchal)","/wiki/Murtosa","/wiki/Terras_de_Bouro","/w/index.php?title=Monte&action=edit&section=14","/w/index.php?title=Monte,_Switzerland&action=edit&redlink=1","/wiki/Canton_of_Ticino","/wiki/Monte_Ceneri_Pass","/wiki/Monte_San_Giorgio","/w/index.php?title=Monte&action=edit&section=15","/wiki/Monte_Vista,_Colorado","/wiki/La_Monte,_Missouri","/w/index.php?title=Monte&action=edit&section=16","/wiki/Monte_(mascot)","/wiki/Monte_Bank","/wiki/Three-card_Monte","/wiki/Count_of_Monte_Cristo","/wiki/Alexandre_Dumas,_p%C3%A8re","/wiki/Monte_(University_of_Montana_mascot)","/wiki/The_Big_Bang_Theory","/w/index.php?title=Monte&action=edit&section=17","/wiki/Del_Monte_(disambiguation)","/wiki/Mont_(disambiguation)","/wiki/Montefiore_(disambiguation)","/wiki/Monti_(disambiguation)","/wiki/Monticello_(disambiguation)","/wiki/Monty_(disambiguation)","/wiki/File:Disambig_gray.svg","//upload.wikimedia.org/wikipedia/en/thumb/5/5f/Disambig_gray.svg/30px-Disambig_gray.svg.png","/wiki/Help:Disambiguation","//en.wikipedia.org/w/index.php?title=Special:WhatLinksHere/Monte&namespace=0","http://en.wikipedia.org/w/index.php?title=Monte&oldid=540613524","/wiki/Help:Categories","/wiki/Category:Disambiguation_pages","/wiki/Category:All_article_disambiguation_pages","/wiki/Category:All_disambiguation_pages","/w/index.php?title=Special:UserLogin&returnto=Monte&type=signup","/w/index.php?title=Special:UserLogin&returnto=Monte","/wiki/Monte","/wiki/Talk:Monte","#","/wiki/Monte","/w/index.php?title=Monte&action=edit","/w/index.php?title=Monte&action=history","#","/w/index.php","//bits.wikimedia.org/static-1.21wmf11/skins/vector/images/search-ltr.png?303-4","/wiki/Main_Page","/wiki/Main_Page","/wiki/Portal:Contents","/wiki/Portal:Featured_content","/wiki/Portal:Current_events","/wiki/Special:Random","//donate.wikimedia.org/wiki/Special:FundraiserRedirector?utm_source=donate&utm_medium=sidebar&utm_campaign=C13_en.wikipedia.org&uselang=en","/wiki/Help:Contents","/wiki/Wikipedia:About","/wiki/Wikipedia:Community_portal","/wiki/Special:RecentChanges","/wiki/Wikipedia:Contact_us","/wiki/Special:WhatLinksHere/Monte","/wiki/Special:RecentChangesLinked/Monte","/wiki/Wikipedia:File_Upload_Wizard","/wiki/Special:SpecialPages","/w/index.php?title=Monte&oldid=540613524","/w/index.php?title=Monte&action=info","/w/index.php?title=Special:Cite&page=Monte&id=540613524","/w/index.php?title=Special:Book&bookcmd=book_creator&referer=Monte","/w/index.php?title=Special:Book&bookcmd=render_article&arttitle=Monte&oldid=540613524&writer=rl","/w/index.php?title=Monte&printable=yes","//bg.wikipedia.org/wiki/%D0%9C%D0%BE%D0%BD%D1%82%D0%B5_(%D0%BF%D0%BE%D1%8F%D1%81%D0%BD%D0%B5%D0%BD%D0%B8%D0%B5)","//br.wikipedia.org/wiki/Monte","//de.wikipedia.org/wiki/Monte","//es.wikipedia.org/wiki/Monte","//fr.wikipedia.org/wiki/Monte","//gl.wikipedia.org/wiki/Monte","//it.wikipedia.org/wiki/Monte","//nl.wikipedia.org/wiki/Monte","//ja.wikipedia.org/wiki/%E3%83%A2%E3%83%B3%E3%83%86","//pl.wikipedia.org/wiki/Monte","//pt.wikipedia.org/wiki/Monte","//ru.wikipedia.org/wiki/%D0%9C%D0%BE%D0%BD%D1%82%D0%B5_(%D0%B7%D0%BD%D0%B0%D1%87%D0%B5%D0%BD%D0%B8%D1%8F)","//tr.wikipedia.org/wiki/Monte","//www.wikidata.org/wiki/Special:ItemByTitle/enwiki/Monte","//en.wikipedia.org/wiki/Wikipedia:Text_of_Creative_Commons_Attribution-ShareAlike_3.0_Unported_License","//creativecommons.org/licenses/by-sa/3.0/","//wikimediafoundation.org/wiki/Terms_of_Use","//www.wikimediafoundation.org/","//wikimediafoundation.org/wiki/Privacy_policy","/wiki/Wikipedia:About","/wiki/Wikipedia:General_disclaimer","http://en.m.wikipedia.org/wiki/Monte","//wikimediafoundation.org/","//bits.wikimedia.org/images/wikimedia-button.png","//www.mediawiki.org/","//bits.wikimedia.org/static-1.21wmf11/skins/common/images/poweredby_mediawiki_88x31.png","//bits.wikimedia.org/en.wikipedia.org/load.php?debug=false&lang=en&modules=skins.vector&only=scripts&skin=vector&*","/w/index.php?title=MediaWiki:Gadget-ReferenceTooltips.js&action=raw&ctype=text/javascript&508635914","//bits.wikimedia.org/en.wikipedia.org/load.php?debug=false&lang=en&modules=site&only=scripts&skin=vector&*"],"instances":["university_of_montana_mascot","disambiguation","disambiguation","disambiguation","state","disambiguation","state","disambiguation","disambiguation","disambiguation","disambiguation","disambiguation","state","disambiguation"],"pdf":[],"categories":[],"headings":["Persons","Places","Other","See also"],"image":["//upload.wikimedia.org/wikipedia/commons/thumb/f/f8/Wiktionary-logo-en.svg/37px-Wiktionary-logo-en.svg.png","//upload.wikimedia.org/wikipedia/en/thumb/5/5f/Disambig_gray.svg/30px-Disambig_gray.svg.png","//bits.wikimedia.org/static-1.21wmf11/skins/vector/images/search-ltr.png?303-4","//bits.wikimedia.org/images/wikimedia-button.png","//bits.wikimedia.org/static-1.21wmf11/skins/common/images/poweredby_mediawiki_88x31.png"],"tags":[["são_paulo","state"],["santa_catarina","state"],["tocantins","state"],["montecorvino","disambiguation"],["monte_milone","disambiguation"],["monte_vergine","disambiguation"],["monte_vidon","disambiguation"],["monte","funchal"],["monte","mascot"],["monte","university_of_montana_mascot"],["del_monte","disambiguation"],["mont","disambiguation"],["montefiore","disambiguation"],["monti","disambiguation"],["monticello","disambiguation"],["monty","disambiguation"]],"members":["monte","monte_vidon","montecorvino","montefiore","tocantins","monti","santa_catarina","monticello","monte_milone","monte_vergine","monty","del_monte","são_paulo","mont"],"related":["Philippe_de_Monte","Lou_Monte","Monte_Attell","Monte_Irvin","Monte_Melkonian","Escape_the_Fate","Monte_Scheinblum","La_Monte_Young","Monte_Pittman","Barão_de_Monte_Alto","Minas_Gerais","Belo_Monte","Alagoas","Buriti_dos_Montes","Piauí","Campina_do_Monte_Alegre","São_Paulo_(state)","Monte_Alegre,_Pará","Monte_Alegre,_Rio_Grande_do_Norte","Monte_Alegre_dos_Campos","Rio_Grande_do_Sul","Monte_Alegre_de_Goiás","Goiás","Monte_Alegre_de_Minas","Minas_Gerais","Monte_Alegre_do_Piauí","Piauí","Monte_Alegre_de_Sergipe","Sergipe","Monte_Alegre_do_Sul","Monte_Alto,_São_Paulo","Monte_Aprazível","Monte_Azul","Monte_Azul_Paulista","Monte_Belo","Monte_Belo_do_Sul","Monte_Carlo,_Brazil","Santa_Catarina_(state)","Monte_Carmelo","Monte_Carmo","Tocantins_(state)","Monte_Castelo,_São_Paulo","Monte_Castelo,_Santa_Catarina","Monte_Formoso","Monte_das_Gameleiras","Monte_Horebe","Paraíba","Monte_Mor","Monte_Negro","Rondônia","Monte_Santo,_Bahia","Monte_Santo_de_Minas","Monte_Santo_do_Tocantins","Monte_Sião","Montes_Altos","Maranhão","Montes_Claros","Montes_Claros_de_Goiás","Nova_Monte_Verde","Mato_Grosso","Palmas_de_Monte_Alto","Santa_Bárbara_do_Monte_Verde","Santa_Cruz_de_Monte_Castelo","Santana_dos_Montes","São_Joaquim_do_Monte","Pernambuco","São_Luís_de_Montes_Belos","Santo_Antônio_do_Monte","Monte_Creek,_British_Columbia","Monte_Lake,_British_Columbia","Monte_Cristo_Mountains","British_Columbia","Monte,_Haute-Corse","Haute-Corse","France","Monte_Hill_-_Margao","Monte_Hill_-_Old_Goa","Monte_Argentario","Province_of_Grosseto","Monte_Berico","Monte_Bianco","Monte_Cassino","Montecorvino_(disambiguation)","Montecristo","Monte_Isola","Province_of_Brescia","Monte_Milone_(disambiguation)","Montemurro","Monte_Pennino","Umbria","Montepulciano","Province_of_Siena","Monteriggioni","Monteroni_d'Arbia","Monte_Rosa","Monte_Vergine_(disambiguation)","Monte_Vidon_(disambiguation)","Monte_Alban","Estado_de_Oaxaca","Montenegro","Monte_Carlo","Monaco","Fafe","Monte_(Funchal)","Murtosa","Terras_de_Bouro","Monte,_Switzerland","Canton_of_Ticino","Monte_Ceneri_Pass","Monte_San_Giorgio","Monte_Vista,_Colorado","La_Monte,_Missouri","Monte_(mascot)","Monte_Bank","Three-card_Monte","Count_of_Monte_Cristo","Alexandre_Dumas,_père","Monte_(University_of_Montana_mascot)","The_Big_Bang_Theory","Del_Monte_(disambiguation)","Mont_(disambiguation)","Montefiore_(disambiguation)","Monti_(disambiguation)","Monticello_(disambiguation)","Monty_(disambiguation)"]}