{"cursor":"51963","size":15,"audio":[],"currentlang":"en","article":"\n\n\nThe 'North American Numbering Plan' ('NANP') is an integrated telephone\nnumbering plan that encompasses 24 countries and territories primarily in North\nAmerica and the Caribbean.\n\nThe NANP is a standardized system of numbering plan areas (NPA) using telephone\nnumbers consisting of three-digit area code, a three-digit central office code,\nand a four-digit station number. Through this plan, telephone calls can be\ndirected to particular regions of the larger NANP public switched telephone\nnetwork (PSTN), where they are further routed by the local networks. The NANP is\nadministered by the North American Numbering Plan Administration (NANPA), a\nservice operated by Neustar corporation. The international calling code for the\nNANP is 1. Not all North American countries participate in the NANP.\n","linknr":1100,"url":"North_American_Numbering_Plan","recorded":1374520242,"links":["/w/index.php?title=North_American_Numbering_Plan&action=edit","/w/index.php?title=North_American_Numbering_Plan&action=edit","//bits.wikimedia.org/favicon/wikipedia.ico","/w/opensearch_desc.php","//en.wikipedia.org/w/api.php?action=rsd","//creativecommons.org/licenses/by-sa/3.0/","/w/index.php?title=Special:RecentChanges&feed=atom","//bits.wikimedia.org/en.wikipedia.org/load.php?debug=false&lang=en&modules=ext.gadget.DRN-wizard%2CReferenceTooltips%2Ccharinsert%2Cteahouse%7Cext.rtlcite%2Cwikihiero%7Cext.uls.nojs%7Cmediawiki.legacy.commonPrint%2Cshared%7Cmw.PopUpMediaTransform%7Cskins.vector&only=styles&skin=vector&*","//bits.wikimedia.org/en.wikipedia.org/load.php?debug=false&lang=en&modules=site&only=styles&skin=vector&*","//bits.wikimedia.org/en.wikipedia.org/load.php?debug=false&lang=en&modules=startup&only=scripts&skin=vector&*","//bits.wikimedia.org/geoiplookup","//meta.wikimedia.org","#mw-navigation","#p-search","/wiki/Nanpa_(disambiguation)","/wiki/List_of_North_American_Numbering_Plan_area_codes","/wiki/Telephone_numbering_plan","/wiki/Numbering_plan_area","/wiki/Telephone_number","/wiki/Telephone","/wiki/Public_switched_telephone_network","/wiki/Neustar","/wiki/International_calling_code","#History","#Numbering_system","#Expansion","#Splits_and_overlays","#Expansion_issues","#Decrease_in_expansion_rate","#New_area_codes_outside_the_U.S._and_Canada","#Number_size_expansion","#NANP_countries_and_territories","#Toll_charges","#Dial_plans","#Special_numbers_and_codes","#Alphabetic_mnemonic_system","#Cellular_services","#Fictional_telephone_numbers","#See_also","#References","#External_links","/w/index.php?title=North_American_Numbering_Plan&action=edit&section=1","/wiki/Bell_System","#cite_note-bstj1952-1","/wiki/Direct_distance_dialing","/wiki/Neustar","/wiki/Lockheed_Martin","/wiki/United_States","/wiki/Insular_area","/wiki/Canada","/wiki/Bermuda","/wiki/Caribbean","#cite_note-2","#cite_note-3","/wiki/Metonymy","/wiki/Area_codes_201_and_551","#cite_note-4","/wiki/United_Kingdom","/wiki/Colonial_Office","/wiki/Bermuda","/wiki/British_West_Indies","/wiki/Trinidad_and_Tobago","/wiki/Canada","/wiki/British_Empire","/wiki/All_Red_Line","/wiki/Mexico","/wiki/Central_America","/wiki/Caribbean","/wiki/Cuba","/wiki/Haiti","/wiki/French_Caribbean","/wiki/Dominican_Republic","/wiki/Mexico_City","/wiki/Sint_Maarten","#cite_note-Sint_Maarten_delay-5","/wiki/Saint_Pierre_and_Miquelon","/wiki/Greenland","/wiki/European_Union","/wiki/France","/wiki/Denmark","/wiki/Englewood,_New_Jersey","/wiki/Alameda,_California","#cite_note-6","/wiki/Original_area_codes","/wiki/Rotary_telephone","#cite_note-7","/wiki/New_York_City","/wiki/Chicago","/wiki/Los_Angeles","/wiki/Detroit","/wiki/Philadelphia","/wiki/South_Dakota","/wiki/North_Carolina","/wiki/South_Carolina","/wiki/Maritimes","#cite_note-8","/wiki/Telcordia_Technologies","/wiki/Telephone_exchange","/wiki/San_Antonio","/wiki/Maryland","/wiki/Mexico","/wiki/United_States","/wiki/Canada","/wiki/Greater_Toronto_Area","/wiki/Georgia_(U.S._state)","/wiki/Atlanta","/wiki/Area_codes_430_and_903","/wiki/Area_code_214","/w/index.php?title=North_American_Numbering_Plan&action=edit&section=2","/wiki/E.164","/wiki/List_of_country_calling_codes","/wiki/International_Telecommunication_Union","/wiki/List_of_country_calling_codes","/wiki/Trunk_code","/wiki/E.123","/wiki/List_of_North_American_Numbering_Plan_area_codes","#cite_note-9","/wiki/NXX","/wiki/Country_calling_code","/wiki/Original_area_codes","/wiki/N11_code","/wiki/555_(telephone_number)","/w/index.php?title=North_American_Numbering_Plan&action=edit&section=3","/wiki/Fax","/wiki/Modem","/wiki/Mobile_phone","/wiki/Incumbent_local_exchange_carrier","/wiki/Overlay_plan","/wiki/Teletypewriter_eXchange","/wiki/Telex","/wiki/Area_code_334","/wiki/Area_code_360","/wiki/Area_code_520","/wiki/Area_code_700","/wiki/900_number","/wiki/Area_code_775","/wiki/Area_code_702","/wiki/Las_Vegas_metropolitan_area","/w/index.php?title=North_American_Numbering_Plan&action=edit&section=4","/wiki/United_States","/wiki/Canada","/wiki/Manhattan","/wiki/Wikipedia:Citation_needed","/wiki/Atlanta","/wiki/1996_Summer_Olympics","/wiki/New_York_City","/wiki/BellSouth","/wiki/Regional_Bell_Operating_Company","/wiki/Wikipedia:Citation_needed","/wiki/Nashua,_New_Hampshire","/wiki/Metropolitan_area","/wiki/Federal_Communications_Commission","/w/index.php?title=North_American_Numbering_Plan&action=edit&section=5","/wiki/Area_code_612","/wiki/Minneapolis_%E2%80%93_Saint_Paul","/wiki/Area_code_651","/wiki/Saint_Paul,_Minnesota","/wiki/Minnesota_Public_Utilities_Commission","/wiki/Area_code_763","/wiki/Area_code_952","/w/index.php?title=North_American_Numbering_Plan&action=edit&section=6","/wiki/Neustar","/wiki/Local_number_portability","/w/index.php?title=North_American_Numbering_Plan&action=edit&section=7","/wiki/Puerto_Rico","/wiki/United_States_Virgin_Islands","/wiki/Telephone_numbers_in_the_Dominican_Republic","/wiki/Dominican_Republic","/wiki/Northern_Mariana_Islands","/wiki/Guam","/wiki/American_Samoa","/wiki/Sint_Maarten","#cite_note-Sint_Maarten_delay-5","/w/index.php?title=North_American_Numbering_Plan&action=edit&section=8","/wiki/North_American_Numbering_Plan_expansion","#cite_note-10","/wiki/Area_code","/wiki/San_Francisco","/wiki/Telephone_numbers_in_the_United_Kingdom#PhONEday","/wiki/United_Kingdom","/wiki/Interexchange_carrier","/wiki/Vertical_service_code","/wiki/Callback_(telecommunications)","/wiki/Call_waiting","/w/index.php?title=North_American_Numbering_Plan&action=edit&section=9","//upload.wikimedia.org/wikipedia/commons/thumb/8/87/Flag_of_American_Samoa.svg/23px-Flag_of_American_Samoa.svg.png","/wiki/American_Samoa","/wiki/Area_code_684","//upload.wikimedia.org/wikipedia/commons/thumb/b/b4/Flag_of_Anguilla.svg/23px-Flag_of_Anguilla.svg.png","/wiki/Anguilla","/wiki/Area_code_264","//upload.wikimedia.org/wikipedia/commons/thumb/8/89/Flag_of_Antigua_and_Barbuda.svg/23px-Flag_of_Antigua_and_Barbuda.svg.png","/wiki/Antigua_and_Barbuda","/wiki/Area_code_268","//upload.wikimedia.org/wikipedia/commons/thumb/9/93/Flag_of_the_Bahamas.svg/23px-Flag_of_the_Bahamas.svg.png","/wiki/The_Bahamas","/wiki/Area_code_242","//upload.wikimedia.org/wikipedia/commons/thumb/e/ef/Flag_of_Barbados.svg/23px-Flag_of_Barbados.svg.png","/wiki/Barbados","/wiki/Area_code_246","//upload.wikimedia.org/wikipedia/commons/thumb/b/bf/Flag_of_Bermuda.svg/23px-Flag_of_Bermuda.svg.png","/wiki/Bermuda","/wiki/Area_code_441","//upload.wikimedia.org/wikipedia/commons/thumb/4/42/Flag_of_the_British_Virgin_Islands.svg/23px-Flag_of_the_British_Virgin_Islands.svg.png","/wiki/British_Virgin_Islands","/wiki/Area_code_284","//upload.wikimedia.org/wikipedia/en/thumb/c/cf/Flag_of_Canada.svg/23px-Flag_of_Canada.svg.png","/wiki/Canada","/wiki/Area_code_514","/wiki/Area_code_613","//upload.wikimedia.org/wikipedia/commons/thumb/0/0f/Flag_of_the_Cayman_Islands.svg/23px-Flag_of_the_Cayman_Islands.svg.png","/wiki/Cayman_Islands","/wiki/Area_code_345","//upload.wikimedia.org/wikipedia/commons/thumb/c/c4/Flag_of_Dominica.svg/23px-Flag_of_Dominica.svg.png","/wiki/Dominica","/wiki/Area_code_767","//upload.wikimedia.org/wikipedia/commons/thumb/9/9f/Flag_of_the_Dominican_Republic.svg/23px-Flag_of_the_Dominican_Republic.svg.png","/wiki/Dominican_Republic","/wiki/Telephone_numbers_in_the_Dominican_Republic","/wiki/Telephone_numbers_in_the_Dominican_Republic","/wiki/Telephone_numbers_in_the_Dominican_Republic","//upload.wikimedia.org/wikipedia/commons/thumb/b/bc/Flag_of_Grenada.svg/23px-Flag_of_Grenada.svg.png","/wiki/Grenada","/wiki/Area_code_473","//upload.wikimedia.org/wikipedia/commons/thumb/0/07/Flag_of_Guam.svg/23px-Flag_of_Guam.svg.png","/wiki/Guam","/wiki/Area_code_671","//upload.wikimedia.org/wikipedia/commons/thumb/0/0a/Flag_of_Jamaica.svg/23px-Flag_of_Jamaica.svg.png","/wiki/Jamaica","/wiki/Area_code_876","//upload.wikimedia.org/wikipedia/commons/thumb/d/d0/Flag_of_Montserrat.svg/23px-Flag_of_Montserrat.svg.png","/wiki/Montserrat","/wiki/Area_code_664","//upload.wikimedia.org/wikipedia/commons/thumb/e/e0/Flag_of_the_Northern_Mariana_Islands.svg/23px-Flag_of_the_Northern_Mariana_Islands.svg.png","/wiki/Northern_Mariana_Islands","/wiki/Area_code_670","//upload.wikimedia.org/wikipedia/commons/thumb/2/28/Flag_of_Puerto_Rico.svg/23px-Flag_of_Puerto_Rico.svg.png","/wiki/Puerto_Rico","/wiki/Telephone_numbers_in_Puerto_Rico","/wiki/Telephone_numbers_in_Puerto_Rico","//upload.wikimedia.org/wikipedia/commons/thumb/f/fe/Flag_of_Saint_Kitts_and_Nevis.svg/23px-Flag_of_Saint_Kitts_and_Nevis.svg.png","/wiki/Saint_Kitts_and_Nevis","/wiki/Area_code_869","//upload.wikimedia.org/wikipedia/commons/thumb/9/9f/Flag_of_Saint_Lucia.svg/23px-Flag_of_Saint_Lucia.svg.png","/wiki/Saint_Lucia","/wiki/Area_code_758","//upload.wikimedia.org/wikipedia/commons/thumb/6/6d/Flag_of_Saint_Vincent_and_the_Grenadines.svg/23px-Flag_of_Saint_Vincent_and_the_Grenadines.svg.png","/wiki/Saint_Vincent_and_the_Grenadines","/wiki/Area_code_784","//upload.wikimedia.org/wikipedia/commons/thumb/d/d3/Flag_of_Sint_Maarten.svg/23px-Flag_of_Sint_Maarten.svg.png","/wiki/Sint_Maarten","#cite_note-Sint_Maarten_delay-5","/wiki/Area_code_721","//upload.wikimedia.org/wikipedia/commons/thumb/6/64/Flag_of_Trinidad_and_Tobago.svg/23px-Flag_of_Trinidad_and_Tobago.svg.png","/wiki/Trinidad_and_Tobago","/wiki/Area_code_868","//upload.wikimedia.org/wikipedia/commons/thumb/a/a0/Flag_of_the_Turks_and_Caicos_Islands.svg/23px-Flag_of_the_Turks_and_Caicos_Islands.svg.png","/wiki/Turks_and_Caicos_Islands","/wiki/Area_code_649","//upload.wikimedia.org/wikipedia/en/thumb/a/a4/Flag_of_the_United_States.svg/23px-Flag_of_the_United_States.svg.png","/wiki/United_States","/wiki/Area_code_212","/wiki/Area_code_213","/wiki/Area_code_312","//upload.wikimedia.org/wikipedia/commons/thumb/f/f8/Flag_of_the_United_States_Virgin_Islands.svg/23px-Flag_of_the_United_States_Virgin_Islands.svg.png","/wiki/United_States_Virgin_Islands","/wiki/Area_code_340","/w/index.php?title=North_American_Numbering_Plan&action=edit&section=10","/wiki/Bermuda","/wiki/Toll-free","/wiki/Toll-free_telephone_number","/wiki/Scam","/wiki/Caribbean","/wiki/Telephone_numbers_in_the_Dominican_Republic","/wiki/Jamaica","/wiki/Area_code_900","/wiki/Cable_%26_Wireless_(Caribbean)","#cite_note-11","#cite_note-12","/w/index.php?title=North_American_Numbering_Plan&action=edit&section=11","/wiki/Dial_plan","#cite_note-13","/w/index.php?title=North_American_Numbering_Plan&action=edit&section=12","/wiki/Operator_assistance","/wiki/Long-distance_operator","/wiki/011","/wiki/Interexchange_carrier","/wiki/2-1-1","/wiki/Ringback_number","/wiki/3-1-1","/wiki/Ringback_number","/wiki/Party_line_(telephony)","/wiki/Area_code_410","/wiki/Local_exchange","/wiki/4-1-1","/wiki/5-1-1","/wiki/Automatic_number_announcement_circuit","/wiki/6-1-1","/wiki/7-1-1","/wiki/8-1-1","/wiki/Telehealth","/wiki/9-1-1","/wiki/Emergency_telephone_number","/wiki/Automatic_number_announcement_circuit","/wiki/Vertical_service_code","/wiki/Caller_ID","/wiki/Call_tracing","/wiki/Called-party_camp-on","/wiki/Touch-Tone","/wiki/Telephone","/wiki/Rotary_dial_telephone","/wiki/Touch-Tone","/wiki/Emergency_telephone_number","/wiki/Trinidad_and_Tobago","/wiki/Dominica","/wiki/999_(emergency_telephone_number)","/wiki/United_Kingdom","/wiki/Barbados","/wiki/Police","/wiki/Fire_station","/wiki/Ambulance","/wiki/Jamaica","/wiki/Police","/wiki/Fire_station","/wiki/Ambulance","/wiki/European_Union","/wiki/1-1-2","/wiki/Emergency_telephone_number","/wiki/GSM","/wiki/International_Telecommunication_Union","/wiki/Trunk_prefix","/w/index.php?title=North_American_Numbering_Plan&action=edit&section=13","/wiki/ISO/IEC_9995","/wiki/E.161","/wiki/Voicemail","/wiki/World_War_II","/wiki/New_York_City","/wiki/Glenn_Miller","/wiki/PEnnsylvania_6-5000","/wiki/Hotel_Pennsylvania","/wiki/BUtterfield_8","/wiki/Manhattan","/wiki/555_(telephone_number)","/wiki/Bell_of_Pennsylvania","/wiki/Mnemonic","/wiki/1-800-Flowers","/wiki/Phoneword","/wiki/Voice_over_IP","/wiki/Smartphone","/wiki/BlackBerry","/wiki/Area_code_423","/wiki/East_Tennessee","/wiki/Knoxville,_Tennessee","/wiki/Area_code_865","/wiki/University_of_Tennessee","#cite_note-14","#cite_note-15","#cite_note-16","/w/index.php?title=North_American_Numbering_Plan&action=edit&section=14","/wiki/Area_code_600","/wiki/Cellular_phones","/wiki/AT%26T_Mobility","/wiki/Sprint_Nextel","/wiki/T-Mobile_USA","/wiki/Mobile_phone_penetration_rate","/wiki/Telemarketing","/wiki/Nuisance_call","/wiki/Local_number_portability","/wiki/New_York_City","/wiki/Wikipedia:Citation_needed","/wiki/Hurricane_Katrina","/w/index.php?title=North_American_Numbering_Plan&action=edit&section=15","/wiki/555_(telephone_number)","/wiki/United_States","/wiki/Television_show","/wiki/Film","/wiki/Telephone_number","/wiki/1982_in_music","/wiki/867-5309/Jenny","/wiki/Tommy_Tutone","/wiki/555-1212","/wiki/Directory_assistance","/wiki/Wikipedia:Avoid_weasel_words","/wiki/Wikipedia:Avoid_weasel_words","/wiki/Bell_Canada","/wiki/BCTel","#cite_note-17","/wiki/Area_code_500","/w/index.php?title=North_American_Numbering_Plan&action=edit&section=16","/wiki/List_of_area_code_overlays","/wiki/List_of_country_calling_codes","/wiki/List_of_North_American_Numbering_Plan_area_codes","/wiki/List_of_original_NANPA_area_codes","/wiki/North_American_Numbering_Plan_expansion","/wiki/Area_codes_in_the_Caribbean","/wiki/Vertical_service_code","/w/index.php?title=North_American_Numbering_Plan&action=edit&section=17","#cite_ref-bstj1952_1-0","#cite_ref-2","http://www.nanpa.com/about_us/index.html","#cite_ref-3","#cite_ref-4","http://scholar.lib.vt.edu/VA-news/VA-Pilot/issues/1995/vp951101/11010459.htm","/wiki/The_Virginian-Pilot","#cite_ref-Sint_Maarten_delay_5-0","#cite_ref-Sint_Maarten_delay_5-1","#cite_ref-Sint_Maarten_delay_5-2","http://www.nanpa.com/pdf/PL_418.pdf","http://www.nanpa.com/pdf/PL_423.pdf","#cite_ref-6","http://www.corp.att.com/attlabs/reputation/timeline/51trans.html","/wiki/AT%26T_Corporation","#cite_ref-7","http://www.area-codes.com/area-code-history.asp","#cite_ref-8","http://www.research.att.com/evergreen/about_us/tech_timeline.html?fbid=G8k7IXVYM6x","#cite_ref-9","http://www.nanpa.com/area_codes/index.html","#cite_ref-10","http://www.nanpa.com/pdf/NRUF/April_2008_NANP_Exhaust_Analysis.pdf","#cite_ref-11","http://www.ftc.gov.bb/index.php?option=com_content&task=view&id=18&Itemid=45","#cite_ref-12","http://www.ectel.int/telecoms-regulations.html","#cite_ref-13","http://www.nanpa.com/nas/public/npa_query_step1.do?method=resetNpaReportModel","#cite_ref-14","http://www.areacode-info.com/headline/1999/tn990417.htm","#cite_ref-15","http://www.state.tn.us/tra/pressr/1999/vol865.pdf","#cite_ref-16","/wiki/Associated_Press","http://areacode-info.com/!headline/1998/nv980206a.htm","/wiki/Greenspun_Media_Group","#cite_ref-17","/w/index.php?title=North_American_Numbering_Plan&action=edit&section=18","http://www.nanpa.com","http://www.cnac.ca/","http://www.ectel.int/Regulatory%20Framework/July25thNumberingPlanVersion15.pdf","http://www.lincmad.com/map1947.html","http://www.radicalcartography.net/?areacode","http://www.nanc-chair.org/","http://www.porticus.org/bell/doc/NANP_Discussion_2003R3.doc","/wiki/Template:Telecommunications","/wiki/Template_talk:Telecommunications","//en.wikipedia.org/w/index.php?title=Template:Telecommunications&action=edit","/wiki/Telecommunication","/wiki/History_of_telecommunication","/wiki/Beacon#For_defensive_communications","/wiki/History_of_broadcasting","/wiki/Communications_satellite#History","/wiki/Computer_network#History","/wiki/Drums_in_communication","/wiki/Electrical_telegraph#History","/wiki/Fax#History","/wiki/Heliograph#History","/wiki/Hydraulic_telegraph#Greek_hydraulic_semaphore_system","/wiki/History_of_the_Internet","/wiki/Mass_media#History","/wiki/History_of_mobile_phones","/wiki/Optical_communication","/wiki/Semaphore_line#History","/wiki/Photophone","/wiki/History_of_the_prepaid_mobile_phone","/wiki/History_of_radio","/wiki/Radiotelephone","/wiki/Communications_satellite","/wiki/Smoke_signal","/wiki/History_of_telecommunication","/wiki/Telegraphy","/wiki/History_of_the_telephone","/wiki/The_Telephone_Cases","/wiki/History_of_television","/wiki/Timeline_of_communication_technology","/wiki/Submarine_communications_cable#Early_history:_telegraph_and_coaxial_cables","/wiki/Videoconferencing#History","/wiki/Videophone#Early_history","/wiki/History_of_videotelephony","/wiki/File:Telecom-icon.svg","//upload.wikimedia.org/wikipedia/commons/thumb/4/4e/Telecom-icon.svg/100px-Telecom-icon.svg.png","/wiki/Invention","/wiki/Edwin_Howard_Armstrong","/wiki/John_Logie_Baird","/wiki/Alexander_Graham_Bell","/wiki/Tim_Berners-Lee","/wiki/Jagadish_Chandra_Bose","/wiki/Vint_Cerf","/wiki/Claude_Chappe","/wiki/Lee_De_Forest","/wiki/Philo_Farnsworth","/wiki/Reginald_Fessenden","/wiki/Elisha_Gray","/wiki/Guglielmo_Marconi","/wiki/Alexander_Stepanovich_Popov","/wiki/Johann_Philipp_Reis","/wiki/Nikola_Tesla","/wiki/Camille_Papin_Tissot","/wiki/Alfred_Vail","/wiki/Charles_Wheatstone","/wiki/Vladimir_K._Zworykin","/wiki/Telecommunications_link","/wiki/Node_(networking)","/wiki/Terminal_(telecommunication)","/wiki/Transmission_medium","/wiki/Coaxial_cable","/wiki/Free-space_optical_communication","/wiki/Optical_fiber","/wiki/Radio_waves","/wiki/Telephone_line","/wiki/Microwave#Communication","/wiki/Circuit_switching","/wiki/Packet_switching","/wiki/Telephone_exchange","/wiki/Network_switch","/wiki/Multiplexing","/wiki/Multi-user_MIMO#SDMA","/wiki/Frequency-division_multiplexing","/wiki/Time-division_multiplexing","/wiki/Polarization-division_multiplexing","/wiki/Orbital_angular_momentum_multiplexing","/wiki/Code_division_multiple_access","/wiki/Telecommunications_network","/wiki/ARPANET","/wiki/BITNET","/wiki/Ethernet","/wiki/FidoNet","/wiki/Internet","/wiki/Integrated_Services_Digital_Network","/wiki/Local_area_network","/wiki/Mobile_telephony","/wiki/Next-generation_network","/wiki/Public_switched_telephone_network","/wiki/Radio_network","/wiki/Telecommunications_equipment","/wiki/Television_network","/wiki/Telex","/wiki/Wide_area_network","/wiki/Wireless_network","/wiki/World_Wide_Web","/wiki/Geography","/wiki/Template:Africa_topic","/wiki/Template_talk:Africa_topic","//en.wikipedia.org/w/index.php?title=Template:Africa_topic&action=edit","/wiki/Telecommunications_in_Africa","/wiki/Sovereign_state","/wiki/Telecommunications_in_Algeria","/wiki/Telecommunications_in_Angola","/wiki/Telecommunications_in_Benin","/wiki/Telecommunications_in_Botswana","/wiki/Telecommunications_in_Burkina_Faso","/wiki/Telecommunications_in_Burundi","/wiki/Telecommunications_in_Cameroon","/wiki/Telecommunications_in_Cape_Verde","/wiki/Telecommunications_in_the_Central_African_Republic","/wiki/Telecommunications_in_Chad","/wiki/Telecommunications_in_Comoros","/wiki/Telecommunications_in_the_Democratic_Republic_of_the_Congo","/wiki/Telecommunications_in_the_Republic_of_the_Congo","/wiki/Telecommunications_in_Djibouti","/wiki/Telecommunications_in_Egypt","/wiki/Telecommunications_in_Equatorial_Guinea","/wiki/Telecommunications_in_Eritrea","/wiki/Telecommunications_in_Ethiopia","/wiki/Telecommunications_in_Gabon","/wiki/Telecommunications_in_the_Gambia","/wiki/Telecommunications_in_Ghana","/wiki/Telecommunications_in_Guinea","/wiki/Telecommunications_in_Guinea-Bissau","/wiki/Telecommunications_in_Ivory_Coast","/wiki/Telecommunications_in_Kenya","/wiki/Telecommunications_in_Lesotho","/wiki/Telecommunications_in_Liberia","/wiki/Telecommunications_in_Libya","/wiki/Telecommunications_in_Madagascar","/wiki/Telecommunications_in_Malawi","/wiki/Telecommunications_in_Mali","/wiki/Telecommunications_in_Mauritania","/wiki/Telecommunications_in_Mauritius","/wiki/Telecommunications_in_Morocco","/wiki/Telecommunications_in_Mozambique","/wiki/Telecommunications_in_Namibia","/wiki/Telecommunications_in_Niger","/wiki/Telecommunications_in_Nigeria","/wiki/Telecommunications_in_Rwanda","/wiki/Telecommunications_in_S%C3%A3o_Tom%C3%A9_and_Pr%C3%ADncipe","/wiki/Telecommunications_in_Senegal","/wiki/Telecommunications_in_Seychelles","/wiki/Telecommunications_in_Sierra_Leone","/wiki/Telecommunications_in_Somalia","/wiki/Telecommunications_in_South_Africa","/w/index.php?title=Telecommunications_in_South_Sudan&action=edit&redlink=1","/wiki/Telecommunications_in_Sudan","/wiki/Telecommunications_in_Swaziland","/wiki/Telecommunications_in_Tanzania","/wiki/Telecommunications_in_Togo","/wiki/Telecommunications_in_Tunisia","/wiki/Telecommunications_in_Uganda","/wiki/Telecommunications_in_Zambia","/wiki/Telecommunications_in_Zimbabwe","/wiki/List_of_states_with_limited_recognition","/wiki/Telecommunications_in_the_Sahrawi_Arab_Democratic_Republic","/wiki/Telecommunications_in_Somaliland","/wiki/Dependent_territory","/wiki/Telecommunications_in_the_Canary_Islands","/wiki/Telecommunications_in_Ceuta","/wiki/Telecommunications_in_Melilla","/w/index.php?title=Telecommunications_in_Plazas_de_soberan%C3%ADa&action=edit&redlink=1","/wiki/Telecommunications_in_Madeira","/wiki/Telecommunications_in_Mayotte","/wiki/Telecommunications_in_R%C3%A9union","/wiki/Telecommunications_in_Saint_Helena","/wiki/Telecommunications_in_Ascension_Island","/wiki/Telecommunications_in_Tristan_da_Cunha","/wiki/Telecommunications_in_Western_Sahara","/wiki/Template:Asia_topic","/wiki/Template_talk:Asia_topic","//en.wikipedia.org/w/index.php?title=Template:Asia_topic&action=edit","/wiki/Telecommunications_in_Asia","/wiki/List_of_sovereign_states","/wiki/Telecommunications_in_Afghanistan","/wiki/Telecommunications_in_Armenia","/wiki/Telecommunications_in_Azerbaijan","/wiki/Telecommunications_in_Bahrain","/wiki/Telecommunications_in_Bangladesh","/wiki/Telecommunications_in_Bhutan","/wiki/Telecommunications_in_Brunei","/wiki/Telecommunications_in_Burma","/wiki/Telecommunications_in_Cambodia","/wiki/Telecommunications_in_the_People%27s_Republic_of_China","/wiki/Telecommunications_in_Cyprus","/wiki/Telecommunications_in_East_Timor","/wiki/Telecommunications_in_Egypt","/wiki/Telecommunications_in_Georgia_(country)","/wiki/Telecommunications_in_India","/wiki/Telecommunications_in_Indonesia","/wiki/Telecommunications_in_Iran","/wiki/Telecommunications_in_Iraq","/wiki/Telecommunications_in_Israel","/wiki/Telecommunications_in_Japan","/wiki/Telecommunications_in_Jordan","/wiki/Telecommunications_in_Kazakhstan","/wiki/Telecommunications_in_North_Korea","/wiki/Telecommunications_in_South_Korea","/wiki/Telecommunications_in_Kuwait","/wiki/Telecommunications_in_Kyrgyzstan","/wiki/Telecommunications_in_Laos","/wiki/Telecommunications_in_Lebanon","/wiki/Telecommunications_in_Malaysia","/wiki/Telecommunications_in_the_Maldives","/wiki/Telecommunications_in_Mongolia","/wiki/Telecommunications_in_Nepal","/wiki/Telecommunications_in_Oman","/wiki/Telecommunications_in_Pakistan","/wiki/Telecommunications_in_the_Philippines","/wiki/Telecommunications_in_Qatar","/wiki/Telecommunications_in_Russia","/wiki/Telecommunications_in_Saudi_Arabia","/wiki/Telecommunications_in_Singapore","/wiki/Telecommunications_in_Sri_Lanka","/wiki/Telecommunications_in_Syria","/wiki/Telecommunications_in_Tajikistan","/wiki/Telecommunications_in_Thailand","/wiki/Telecommunications_in_Turkey","/wiki/Telecommunications_in_Turkmenistan","/wiki/Telecommunications_in_the_United_Arab_Emirates","/wiki/Telecommunications_in_Uzbekistan","/wiki/Telecommunications_in_Vietnam","/wiki/Telecommunications_in_Yemen","/wiki/List_of_states_with_limited_recognition","/w/index.php?title=Telecommunications_in_Abkhazia&action=edit&redlink=1","/wiki/Telecommunications_in_the_Nagorno-Karabakh_Republic","/wiki/Telecommunications_in_Northern_Cyprus","/wiki/Telecommunications_in_the_Palestinian_territories","/w/index.php?title=Telecommunications_in_South_Ossetia&action=edit&redlink=1","/wiki/Telecommunications_in_Taiwan","/wiki/Dependent_territory","/wiki/Territory_(country_subdivision)","/w/index.php?title=Telecommunications_in_the_British_Indian_Ocean_Territory&action=edit&redlink=1","/w/index.php?title=Telecommunications_in_Christmas_Island&action=edit&redlink=1","/w/index.php?title=Telecommunications_in_the_Cocos_(Keeling)_Islands&action=edit&redlink=1","/wiki/Telecommunications_in_Hong_Kong","/wiki/Telecommunications_in_Macau","/wiki/Template:Europe_topic","/wiki/Template_talk:Europe_topic","//en.wikipedia.org/w/index.php?title=Template:Europe_topic&action=edit","/wiki/Telecommunications_in_Europe","/wiki/Sovereign_state","/wiki/Telecommunications_in_Albania","/wiki/Telecommunications_in_Andorra","/wiki/Telecommunications_in_Armenia","/wiki/Telecommunications_in_Austria","/wiki/Telecommunications_in_Azerbaijan","/wiki/Telecommunications_in_Belarus","/wiki/Telecommunications_in_Belgium","/wiki/Telecommunications_in_Bosnia_and_Herzegovina","/wiki/Telecommunications_in_Bulgaria","/wiki/Telecommunications_in_Croatia","/wiki/Telecommunications_in_Cyprus","/wiki/Telecommunications_in_the_Czech_Republic","/wiki/Telecommunications_in_Denmark","/wiki/Telecommunications_in_Estonia","/wiki/Telecommunications_in_Finland","/wiki/Telecommunications_in_France","/wiki/Telecommunications_in_Georgia_(country)","/wiki/Telecommunications_in_Germany","/wiki/Telecommunications_in_Greece","/wiki/Telecommunications_in_Hungary","/wiki/Telecommunications_in_Iceland","/wiki/Telecommunications_in_the_Republic_of_Ireland","/wiki/Telecommunications_in_Italy","/wiki/Telecommunications_in_Kazakhstan","/wiki/Telecommunications_in_Latvia","/wiki/Telecommunications_in_Liechtenstein","/wiki/Telecommunications_in_Lithuania","/wiki/Telecommunications_in_Luxembourg","/wiki/Telecommunications_in_the_Republic_of_Macedonia","/wiki/Telecommunications_in_Malta","/wiki/Telecommunications_in_Moldova","/wiki/Telecommunications_in_Monaco","/wiki/Telecommunications_in_Montenegro","/wiki/Telecommunications_in_the_Netherlands","/wiki/Telecommunications_in_Norway","/wiki/Telecommunications_in_Poland","/wiki/Telecommunications_in_Portugal","/wiki/Telecommunications_in_Romania","/wiki/Telecommunications_in_Russia","/wiki/Telecommunications_in_San_Marino","/wiki/Telecommunications_in_Serbia","/wiki/Telecommunications_in_Slovakia","/wiki/Telecommunications_in_Slovenia","/wiki/Telecommunications_in_Spain","/wiki/Telecommunications_in_Sweden","/wiki/Telecommunications_in_Switzerland","/wiki/Telecommunications_in_Turkey","/wiki/Telecommunications_in_Ukraine","/wiki/Telecommunications_in_the_United_Kingdom","/wiki/List_of_states_with_limited_recognition","/w/index.php?title=Telecommunications_in_Abkhazia&action=edit&redlink=1","/wiki/Telecommunications_in_Kosovo","/wiki/Telecommunications_in_the_Nagorno-Karabakh_Republic","/wiki/Telecommunications_in_Northern_Cyprus","/w/index.php?title=Telecommunications_in_South_Ossetia&action=edit&redlink=1","/wiki/Telecommunications_in_Transnistria","/wiki/Dependent_territory","/w/index.php?title=Telecommunications_in_%C3%85land&action=edit&redlink=1","/wiki/Telecommunications_in_the_Faroe_Islands","/wiki/Telecommunications_in_Gibraltar","/w/index.php?title=Telecommunications_in_Guernsey&action=edit&redlink=1","/wiki/Telecommunications_in_Jersey","/wiki/Telecommunications_in_the_Isle_of_Man","/w/index.php?title=Telecommunications_in_Svalbard&action=edit&redlink=1","/wiki/Telecommunications_in_the_European_Union","/wiki/Template:North_America_topic","/wiki/Template_talk:North_America_topic","//en.wikipedia.org/w/index.php?title=Template:North_America_topic&action=edit","/wiki/Telecommunications_in_North_America","/wiki/Telecommunications_in_Antigua_and_Barbuda","/wiki/Telecommunications_in_the_Bahamas","/wiki/Telecommunications_in_Barbados","/wiki/Telecommunications_in_Belize","/wiki/Telecommunications_in_Canada","/wiki/Telecommunications_in_Costa_Rica","/wiki/Telecommunications_in_Cuba","/wiki/Telecommunications_in_Dominica","/wiki/Telecommunications_in_the_Dominican_Republic","/wiki/Telecommunications_in_El_Salvador","/wiki/Telecommunications_in_Grenada","/wiki/Telecommunications_in_Guatemala","/wiki/Telecommunications_in_Haiti","/wiki/Telecommunications_in_Honduras","/wiki/Telecommunications_in_Jamaica","/wiki/Telecommunications_in_Mexico","/wiki/Telecommunications_in_Nicaragua","/wiki/Telecommunications_in_Panama","/wiki/Telecommunications_in_Saint_Kitts_and_Nevis","/wiki/Telecommunications_in_Saint_Lucia","/wiki/Telecommunications_in_Saint_Vincent_and_the_Grenadines","/wiki/Telecommunications_in_Trinidad_and_Tobago","/wiki/Telecommunications_in_the_United_States","/wiki/Telecommunications_in_Anguilla","/wiki/Telecommunications_in_Aruba","/wiki/Telecommunications_in_Bermuda","/w/index.php?title=Telecommunications_in_Bonaire&action=edit&redlink=1","/wiki/Telecommunications_in_the_British_Virgin_Islands","/wiki/Telecommunications_in_the_Cayman_Islands","/wiki/Telecommunications_in_Cura%C3%A7ao","/wiki/Telecommunications_in_Greenland","/wiki/Telecommunications_in_Guadeloupe","/wiki/Telecommunications_in_Martinique","/wiki/Telecommunications_in_Montserrat","/wiki/Telecommunications_in_Navassa_Island","/wiki/Telecommunications_in_Puerto_Rico","/wiki/Telecommunications_in_Saint_Barth%C3%A9lemy","/w/index.php?title=Telecommunications_in_the_Collectivity_of_Saint_Martin&action=edit&redlink=1","/wiki/Telecommunications_in_Saint_Pierre_and_Miquelon","/w/index.php?title=Telecommunications_in_Saba&action=edit&redlink=1","/w/index.php?title=Telecommunications_in_Sint_Eustatius&action=edit&redlink=1","/w/index.php?title=Telecommunications_in_Sint_Maarten&action=edit&redlink=1","/wiki/Telecommunications_in_the_Turks_and_Caicos_Islands","/wiki/Telecommunications_in_the_United_States_Virgin_Islands","/wiki/Template:Oceania_topic","/wiki/Template_talk:Oceania_topic","//en.wikipedia.org/w/index.php?title=Template:Oceania_topic&action=edit","/wiki/Telecommunications_in_Oceania","/wiki/Sovereign_state","/wiki/Telecommunications_in_Australia","/wiki/Telecommunications_in_East_Timor","/wiki/Telecommunications_in_Fiji","/wiki/Telecommunications_in_Indonesia","/wiki/Telecommunications_in_Kiribati","/wiki/Telecommunications_in_the_Marshall_Islands","/wiki/Telecommunications_in_the_Federated_States_of_Micronesia","/wiki/Telecommunications_in_Nauru","/wiki/Telecommunications_in_New_Zealand","/wiki/Telecommunications_in_Palau","/wiki/Telecommunications_in_Papua_New_Guinea","/wiki/Telecommunications_in_Samoa","/wiki/Telecommunications_in_the_Solomon_Islands","/wiki/Telecommunications_in_Tonga","/wiki/Telecommunications_in_Tuvalu","/wiki/Telecommunications_in_Vanuatu","/wiki/Dependent_territory","/wiki/Telecommunications_in_American_Samoa","/w/index.php?title=Telecommunications_in_Christmas_Island&action=edit&redlink=1","/w/index.php?title=Telecommunications_in_the_Cocos_(Keeling)_Islands&action=edit&redlink=1","/wiki/Telecommunications_in_the_Cook_Islands","/w/index.php?title=Telecommunications_in_Easter_Island&action=edit&redlink=1","/wiki/Telecommunications_in_French_Polynesia","/wiki/Telecommunications_in_Guam","/w/index.php?title=Telecommunications_in_Hawaii&action=edit&redlink=1","/wiki/Telecommunications_in_New_Caledonia","/wiki/Telecommunications_in_Niue","/w/index.php?title=Telecommunications_in_Norfolk_Island&action=edit&redlink=1","/w/index.php?title=Telecommunications_in_the_Northern_Mariana_Islands&action=edit&redlink=1","/w/index.php?title=Telecommunications_in_the_Pitcairn_Islands&action=edit&redlink=1","/w/index.php?title=Telecommunications_in_Tokelau&action=edit&redlink=1","/w/index.php?title=Telecommunications_in_Wallis_and_Futuna&action=edit&redlink=1","/wiki/Template:South_America_topic","/wiki/Template_talk:South_America_topic","//en.wikipedia.org/w/index.php?title=Template:South_America_topic&action=edit","/wiki/Telecommunications_in_South_America","/wiki/List_of_sovereign_states","/wiki/Telecommunications_in_Argentina","/wiki/Telecommunications_in_Bolivia","/wiki/Telecommunications_in_Brazil","/wiki/Telecommunications_in_Chile","/wiki/Telecommunications_in_Colombia","/wiki/Telecommunications_in_Ecuador","/wiki/Telecommunications_in_Guyana","/wiki/Telecommunications_in_Paraguay","/wiki/Telecommunications_in_Peru","/wiki/Telecommunications_in_Suriname","/wiki/Telecommunications_in_Trinidad_and_Tobago","/wiki/Telecommunications_in_Uruguay","/wiki/Telecommunications_in_Venezuela","/wiki/Dependent_territory","/wiki/Telecommunications_in_Aruba","/w/index.php?title=Telecommunications_in_Bonaire&action=edit&redlink=1","/wiki/Telecommunications_in_Cura%C3%A7ao","/wiki/Telecommunications_in_the_Falkland_Islands","/wiki/Telecommunications_in_French_Guiana","/wiki/Telecommunications_in_South_Georgia_and_the_South_Sandwich_Islands","/wiki/Template:Americas_topic","/wiki/Template_talk:Americas_topic","//en.wikipedia.org/w/index.php?title=Template:Americas_topic&action=edit","/wiki/Americas","/wiki/Telephone_numbers_in_North_America","/wiki/Telephone_numbers_in_South_America","/wiki/Sovereign_state","/wiki/Telephone_numbers_in_Antigua_and_Barbuda","/wiki/Telephone_numbers_in_Argentina","/wiki/Telephone_numbers_in_the_Bahamas","/wiki/Telephone_numbers_in_Barbados","/wiki/Telephone_numbers_in_Belize","/wiki/Telephone_numbers_in_Bolivia","/wiki/Telephone_numbers_in_Brazil","/wiki/Telephone_numbers_in_Canada","/wiki/Telephone_numbers_in_Chile","/wiki/Telephone_numbers_in_Colombia","/wiki/Telephone_numbers_in_Costa_Rica","/wiki/Telephone_numbers_in_Cuba","/wiki/Telephone_numbers_in_Dominica","/wiki/Telephone_numbers_in_the_Dominican_Republic","/wiki/Telephone_numbers_in_Ecuador","/wiki/Telephone_numbers_in_El_Salvador","/wiki/Telephone_numbers_in_Grenada","/wiki/Telephone_numbers_in_Guatemala","/wiki/Telephone_numbers_in_Guyana","/wiki/Telephone_numbers_in_Haiti","/wiki/Telephone_numbers_in_Honduras","/wiki/Telephone_numbers_in_Jamaica","/wiki/Telephone_numbers_in_Mexico","/wiki/Telephone_numbers_in_Nicaragua","/wiki/Telephone_numbers_in_Panama","/wiki/Telephone_numbers_in_Paraguay","/wiki/Telephone_numbers_in_Peru","/wiki/Telephone_numbers_in_Saint_Kitts_and_Nevis","/wiki/Telephone_numbers_in_Saint_Lucia","/wiki/Telephone_numbers_in_Saint_Vincent_and_the_Grenadines","/wiki/Telephone_numbers_in_Suriname","/wiki/Telephone_numbers_in_Trinidad_and_Tobago","/wiki/Telephone_numbers_in_the_United_States","/wiki/Telephone_numbers_in_Uruguay","/wiki/Telephone_numbers_in_Venezuela","/wiki/Americas","//upload.wikimedia.org/wikipedia/commons/thumb/c/ca/Americas_%28orthographic_projection%29.svg/100px-Americas_%28orthographic_projection%29.svg.png","/wiki/Dependent_territory","/wiki/Territory_(administrative_division)","/wiki/Telephone_numbers_in_Anguilla","/wiki/Telephone_numbers_in_Aruba","/wiki/Telephone_numbers_in_Bermuda","/wiki/Telephone_numbers_in_Bonaire","/wiki/Telephone_numbers_in_the_British_Virgin_Islands","/wiki/Telephone_numbers_in_the_Cayman_Islands","/wiki/Telephone_numbers_in_Cura%C3%A7ao","/wiki/Telephone_numbers_in_the_Falkland_Islands","/wiki/Telephone_numbers_in_French_Guiana","/wiki/Telephone_numbers_in_Greenland","/wiki/Telephone_numbers_in_Guadeloupe","/wiki/Telephone_numbers_in_Martinique","/wiki/Telephone_numbers_in_Montserrat","/w/index.php?title=Telephone_numbers_in_Navassa_Island&action=edit&redlink=1","/wiki/Telephone_numbers_in_Puerto_Rico","/wiki/Telephone_numbers_in_Saint_Barth%C3%A9lemy","/wiki/Telephone_numbers_in_Saint_Martin_(France)","/wiki/Telephone_numbers_in_Saint_Pierre_and_Miquelon","/wiki/Telephone_numbers_in_Saba","/wiki/Telephone_numbers_in_Sint_Eustatius","/wiki/Telephone_numbers_in_Sint_Maarten","/wiki/Telephone_numbers_in_South_Georgia_and_the_South_Sandwich_Islands","/wiki/Telephone_numbers_in_the_Turks_and_Caicos_Islands","/wiki/Telephone_numbers_in_the_United_States_Virgin_Islands","/wiki/Template:Area_code_list","/wiki/Template_talk:Area_code_list","//en.wikipedia.org/w/index.php?title=Template:Area_code_list&action=edit","/wiki/List_of_North_American_Numbering_Plan_area_codes","/wiki/Telephone_numbering_plan","/wiki/List_of_Alberta_area_codes","/wiki/List_of_British_Columbia_area_codes","/wiki/Area_code_204","/wiki/Area_code_506","/wiki/Area_code_709","/wiki/Area_code_867","/wiki/Area_code_902","/wiki/Area_code_867","/wiki/List_of_Ontario_area_codes","/wiki/Area_code_902","/wiki/List_of_Quebec_area_codes","/wiki/Area_codes_306_and_639","/wiki/Area_code_867","/wiki/Area_codes_in_the_Caribbean","/wiki/Area_code_264","/wiki/Area_code_268","/wiki/Area_code_242","/wiki/Area_code_246","/wiki/Area_code_441","/wiki/Area_code_284","/wiki/Area_code_345","/wiki/Area_code_767","/wiki/Telephone_numbers_in_the_Dominican_Republic","/wiki/Area_code_473","/wiki/Area_code_876","/wiki/Area_code_664","/wiki/Telephone_numbers_in_Puerto_Rico","/wiki/Area_code_869","/wiki/Area_code_758","/wiki/Area_code_784","/wiki/Area_code_721","/wiki/Area_code_868","/wiki/Area_code_649","/wiki/Area_code_340","/wiki/Oceania","/wiki/Area_code_684","/wiki/Area_code_670","/wiki/Area_code_671","/wiki/List_of_Alabama_area_codes","/wiki/Area_code_907","/wiki/List_of_Arizona_area_codes","/wiki/List_of_Arkansas_area_codes","/wiki/List_of_California_area_codes","/wiki/List_of_Colorado_area_codes","/wiki/List_of_Connecticut_area_codes","/wiki/Area_code_302","/wiki/Area_code_202","/wiki/List_of_Florida_area_codes","/wiki/List_of_Georgia_area_codes","/wiki/Area_code_808","/wiki/Area_code_208","/wiki/List_of_Illinois_area_codes","/wiki/List_of_Indiana_area_codes","/wiki/List_of_Iowa_area_codes","/wiki/List_of_Kansas_area_codes","/wiki/List_of_Kentucky_area_codes","/wiki/List_of_Louisiana_area_codes","/wiki/Area_code_207","/wiki/List_of_Maryland_area_codes","/wiki/List_of_Massachusetts_area_codes","/wiki/List_of_Michigan_area_codes","/wiki/List_of_Minnesota_area_codes","/wiki/List_of_Mississippi_area_codes","/wiki/List_of_Missouri_area_codes","/wiki/Area_code_406","/wiki/List_of_Nebraska_area_codes","/wiki/List_of_Nevada_area_codes","/wiki/Area_code_603","/wiki/List_of_New_Jersey_area_codes","/wiki/List_of_New_Mexico_area_codes","/wiki/List_of_New_York_area_codes","/wiki/List_of_North_Carolina_area_codes","/wiki/Area_code_701","/wiki/List_of_Ohio_area_codes","/wiki/List_of_Oklahoma_area_codes","/wiki/List_of_Oregon_area_codes","/wiki/List_of_Pennsylvania_area_codes","/wiki/Area_code_401","/wiki/List_of_South_Carolina_area_codes","/wiki/Area_code_605","/wiki/List_of_Tennessee_area_codes","/wiki/List_of_Texas_area_codes","/wiki/List_of_Utah_area_codes","/wiki/Area_code_710","/wiki/Area_code_802","/wiki/List_of_Virginia_area_codes","/wiki/List_of_Washington_area_codes","/wiki/Area_codes_304_and_681","/wiki/List_of_Wisconsin_area_codes","/wiki/Area_code_307","/w/index.php?title=Template:Telephone_numbers_by_continent&action=edit&redlink=1","/w/index.php?title=Template_talk:Telephone_numbers_by_continent&action=edit&redlink=1","//en.wikipedia.org/w/index.php?title=Template:Telephone_numbers_by_continent&action=edit","/wiki/Telephone_numbers_in_Africa","/wiki/Telephone_numbers_in_Asia","/wiki/Telephone_numbers_in_Europe","/wiki/Telephone_numbers_in_North_America","/wiki/Telephone_numbers_in_Oceania","/wiki/Telephone_numbers_in_South_America","//en.wikipedia.org/w/index.php?title=Special:CentralAutoLogin/start&type=1x1&from=enwiki","http://en.wikipedia.org/w/index.php?title=North_American_Numbering_Plan&oldid=563529784","/wiki/Help:Categories","/wiki/Category:North_American_Numbering_Plan","/wiki/Category:Telephone_numbers","/wiki/Category:All_articles_with_unsourced_statements","/wiki/Category:Articles_with_unsourced_statements_from_January_2012","/wiki/Category:Articles_with_unsourced_statements_from_December_2009","/wiki/Category:Articles_with_unsourced_statements_from_August_2009","/wiki/Category:All_articles_with_specifically_marked_weasel-worded_phrases","/wiki/Category:Articles_with_specifically_marked_weasel-worded_phrases_from_March_2013","/w/index.php?title=Special:UserLogin&returnto=North+American+Numbering+Plan&type=signup","/w/index.php?title=Special:UserLogin&returnto=North+American+Numbering+Plan","/wiki/North_American_Numbering_Plan","/wiki/Talk:North_American_Numbering_Plan","#","/wiki/North_American_Numbering_Plan","/w/index.php?title=North_American_Numbering_Plan&action=edit","/w/index.php?title=North_American_Numbering_Plan&action=history","#","/w/index.php","//bits.wikimedia.org/static-1.22wmf10/skins/vector/images/search-ltr.png?303-4","/wiki/Main_Page","/wiki/Main_Page","/wiki/Portal:Contents","/wiki/Portal:Featured_content","/wiki/Portal:Current_events","/wiki/Special:Random","//donate.wikimedia.org/wiki/Special:FundraiserRedirector?utm_source=donate&utm_medium=sidebar&utm_campaign=C13_en.wikipedia.org&uselang=en","/wiki/Help:Contents","/wiki/Wikipedia:About","/wiki/Wikipedia:Community_portal","/wiki/Special:RecentChanges","//en.wikipedia.org/wiki/Wikipedia:Contact_us","/wiki/Special:WhatLinksHere/North_American_Numbering_Plan","/wiki/Special:RecentChangesLinked/North_American_Numbering_Plan","/wiki/Wikipedia:File_Upload_Wizard","/wiki/Special:SpecialPages","/w/index.php?title=North_American_Numbering_Plan&oldid=563529784","/w/index.php?title=North_American_Numbering_Plan&action=info","//www.wikidata.org/wiki/Q13562566","/w/index.php?title=Special:Cite&page=North_American_Numbering_Plan&id=563529784","/w/index.php?title=Special:Book&bookcmd=book_creator&referer=North+American+Numbering+Plan","/w/index.php?title=Special:Book&bookcmd=render_article&arttitle=North+American+Numbering+Plan&oldid=563529784&writer=rl","/w/index.php?title=North_American_Numbering_Plan&printable=yes","//de.wikipedia.org/wiki/Nordamerikanischer_Nummerierungsplan","//fr.wikipedia.org/wiki/Plan_de_num%C3%A9rotation_nord-am%C3%A9ricain","//simple.wikipedia.org/wiki/North_American_Numbering_Plan","#","//www.wikidata.org/wiki/Q13562566#sitelinks-wikipedia","//en.wikipedia.org/wiki/Wikipedia:Text_of_Creative_Commons_Attribution-ShareAlike_3.0_Unported_License","//creativecommons.org/licenses/by-sa/3.0/","//wikimediafoundation.org/wiki/Terms_of_Use","//wikimediafoundation.org/wiki/Privacy_policy","//www.wikimediafoundation.org/","//wikimediafoundation.org/wiki/Privacy_policy","/wiki/Wikipedia:About","/wiki/Wikipedia:General_disclaimer","//en.wikipedia.org/wiki/Wikipedia:Contact_us","//en.m.wikipedia.org/wiki/North_American_Numbering_Plan","//wikimediafoundation.org/","//bits.wikimedia.org/images/wikimedia-button.png","//www.mediawiki.org/","//bits.wikimedia.org/static-1.22wmf10/skins/common/images/poweredby_mediawiki_88x31.png","//bits.wikimedia.org/en.wikipedia.org/load.php?debug=false&lang=en&modules=site&only=scripts&skin=vector&*"],"instances":["emergency_telephone_number","telecommunications","telephony","caribbean","telephone_number"],"pdf":["http://www.nanpa.com/pdf/PL_418.pdf","http://www.nanpa.com/pdf/PL_423.pdf","http://www.nanpa.com/pdf/NRUF/April_2008_NANP_Exhaust_Analysis.pdf","http://www.state.tn.us/tra/pressr/1999/vol865.pdf","http://www.ectel.int/Regulatory%20Framework/July25thNumberingPlanVersion15.pdf"],"categories":["North American Numbering Plan|*","Telephone numbers"],"headings":["History","Numbering system","Expansion","{{anchor|List of NANPA countries and territories}} NANP countries and territories","Toll charges","Dial plans","Alphabetic mnemonic system","Cellular services","Fictional telephone numbers","See also","References","External links"],"image":["//upload.wikimedia.org/wikipedia/commons/thumb/8/87/Flag_of_American_Samoa.svg/23px-Flag_of_American_Samoa.svg.png","//upload.wikimedia.org/wikipedia/commons/thumb/b/b4/Flag_of_Anguilla.svg/23px-Flag_of_Anguilla.svg.png","//upload.wikimedia.org/wikipedia/commons/thumb/8/89/Flag_of_Antigua_and_Barbuda.svg/23px-Flag_of_Antigua_and_Barbuda.svg.png","//upload.wikimedia.org/wikipedia/commons/thumb/9/93/Flag_of_the_Bahamas.svg/23px-Flag_of_the_Bahamas.svg.png","//upload.wikimedia.org/wikipedia/commons/thumb/e/ef/Flag_of_Barbados.svg/23px-Flag_of_Barbados.svg.png","//upload.wikimedia.org/wikipedia/commons/thumb/b/bf/Flag_of_Bermuda.svg/23px-Flag_of_Bermuda.svg.png","//upload.wikimedia.org/wikipedia/commons/thumb/4/42/Flag_of_the_British_Virgin_Islands.svg/23px-Flag_of_the_British_Virgin_Islands.svg.png","//upload.wikimedia.org/wikipedia/en/thumb/c/cf/Flag_of_Canada.svg/23px-Flag_of_Canada.svg.png","//upload.wikimedia.org/wikipedia/commons/thumb/0/0f/Flag_of_the_Cayman_Islands.svg/23px-Flag_of_the_Cayman_Islands.svg.png","//upload.wikimedia.org/wikipedia/commons/thumb/c/c4/Flag_of_Dominica.svg/23px-Flag_of_Dominica.svg.png","//upload.wikimedia.org/wikipedia/commons/thumb/9/9f/Flag_of_the_Dominican_Republic.svg/23px-Flag_of_the_Dominican_Republic.svg.png","//upload.wikimedia.org/wikipedia/commons/thumb/b/bc/Flag_of_Grenada.svg/23px-Flag_of_Grenada.svg.png","//upload.wikimedia.org/wikipedia/commons/thumb/0/07/Flag_of_Guam.svg/23px-Flag_of_Guam.svg.png","//upload.wikimedia.org/wikipedia/commons/thumb/0/0a/Flag_of_Jamaica.svg/23px-Flag_of_Jamaica.svg.png","//upload.wikimedia.org/wikipedia/commons/thumb/d/d0/Flag_of_Montserrat.svg/23px-Flag_of_Montserrat.svg.png","//upload.wikimedia.org/wikipedia/commons/thumb/e/e0/Flag_of_the_Northern_Mariana_Islands.svg/23px-Flag_of_the_Northern_Mariana_Islands.svg.png","//upload.wikimedia.org/wikipedia/commons/thumb/2/28/Flag_of_Puerto_Rico.svg/23px-Flag_of_Puerto_Rico.svg.png","//upload.wikimedia.org/wikipedia/commons/thumb/f/fe/Flag_of_Saint_Kitts_and_Nevis.svg/23px-Flag_of_Saint_Kitts_and_Nevis.svg.png","//upload.wikimedia.org/wikipedia/commons/thumb/9/9f/Flag_of_Saint_Lucia.svg/23px-Flag_of_Saint_Lucia.svg.png","//upload.wikimedia.org/wikipedia/commons/thumb/6/6d/Flag_of_Saint_Vincent_and_the_Grenadines.svg/23px-Flag_of_Saint_Vincent_and_the_Grenadines.svg.png","//upload.wikimedia.org/wikipedia/commons/thumb/d/d3/Flag_of_Sint_Maarten.svg/23px-Flag_of_Sint_Maarten.svg.png","//upload.wikimedia.org/wikipedia/commons/thumb/6/64/Flag_of_Trinidad_and_Tobago.svg/23px-Flag_of_Trinidad_and_Tobago.svg.png","//upload.wikimedia.org/wikipedia/commons/thumb/a/a0/Flag_of_the_Turks_and_Caicos_Islands.svg/23px-Flag_of_the_Turks_and_Caicos_Islands.svg.png","//upload.wikimedia.org/wikipedia/en/thumb/a/a4/Flag_of_the_United_States.svg/23px-Flag_of_the_United_States.svg.png","//upload.wikimedia.org/wikipedia/commons/thumb/f/f8/Flag_of_the_United_States_Virgin_Islands.svg/23px-Flag_of_the_United_States_Virgin_Islands.svg.png","//upload.wikimedia.org/wikipedia/commons/thumb/4/4e/Telecom-icon.svg/100px-Telecom-icon.svg.png","//upload.wikimedia.org/wikipedia/commons/thumb/c/ca/Americas_%28orthographic_projection%29.svg/100px-Americas_%28orthographic_projection%29.svg.png","//en.wikipedia.org/w/index.php?title=Special:CentralAutoLogin/start&type=1x1&from=enwiki","//bits.wikimedia.org/static-1.22wmf10/skins/vector/images/search-ltr.png?303-4","//bits.wikimedia.org/images/wikimedia-button.png","//bits.wikimedia.org/static-1.22wmf10/skins/common/images/poweredby_mediawiki_88x31.png"],"tags":[["georgia","u.s._state"],["555","telephone_number"],["callback","telecommunications"],["cable_&_wireless","caribbean"],["party_line","telephony"],["999","emergency_telephone_number"],["555","telephone_number"]],"members":["georgia","999","callback","party_line","555"],"related":["Telephone_numbering_plan","Numbering_plan_area","Telephone_number","Telephone","Public_switched_telephone_network","Neustar","International_calling_code","Bell_System","Direct_distance_dialing","Neustar","Lockheed_Martin","United_States","Insular_area","Canada","Bermuda","Caribbean","Metonymy","Area_codes_201_and_551","United_Kingdom","Colonial_Office","Bermuda","British_West_Indies","Trinidad_and_Tobago","Canada","British_Empire","All_Red_Line","Mexico","Central_America","Caribbean","Cuba","Haiti","French_Caribbean","Dominican_Republic","Mexico_City","Sint_Maarten","Saint_Pierre_and_Miquelon","Greenland","European_Union","France","Denmark","Englewood,_New_Jersey","Alameda,_California","AT&T_Corporation","Original_area_codes","Rotary_telephone","New_York_City","Chicago","Los_Angeles","Detroit","Philadelphia","South_Dakota","North_Carolina","South_Carolina","Maritimes","Telcordia_Technologies","Telephone_exchange","San_Antonio","Maryland","Mexico","United_States","Canada","Greater_Toronto_Area","Georgia_(U.S._state)","Atlanta","Area_codes_430_and_903","Area_code_214","E.164","International_Telecommunication_Union","List_of_country_calling_codes","Trunk_code","E.123","Country_calling_code","Original_area_codes","N11_code","555_(telephone_number)","Fax","Modem","Mobile_phone","Incumbent_local_exchange_carrier","Overlay_plan","Teletypewriter_eXchange","Telex","Area_code_334","Area_code_360","Area_code_520","Area_code_700","900_number","Area_code_775","Area_code_702","Las_Vegas_metropolitan_area","United_States","Canada","Manhattan","Atlanta","1996_Summer_Olympics","New_York_City","BellSouth","Regional_Bell_Operating_Company","Nashua,_New_Hampshire","Metropolitan_area","Federal_Communications_Commission","Area_code_612","Minneapolis_–_Saint_Paul","Area_code_651","Saint_Paul,_Minnesota","Minnesota_Public_Utilities_Commission","Area_code_763","Area_code_952","Neustar","Local_number_portability","Puerto_Rico","United_States_Virgin_Islands","Telephone_numbers_in_the_Dominican_Republic","Dominican_Republic","Northern_Mariana_Islands","Guam","American_Samoa","Sint_Maarten","Area_code","San_Francisco","United_Kingdom","Interexchange_carrier","Vertical_service_code","Callback_(telecommunications)","Call_waiting","Fort_Covington,_New_York","St._Regis,_Quebec","Derby_Line,_Vermont","Rock_Island,_Quebec","Hyder,_Alaska","Estcourt_Station,_Maine","Bermuda","Toll-free","Toll-free_telephone_number","Scam","Caribbean","Telephone_numbers_in_the_Dominican_Republic","Jamaica","Area_code_900","Cable_&_Wireless_(Caribbean)","Dial_plan","Operator_assistance","Long-distance_operator","011","Interexchange_carrier","2-1-1","Ringback_number","3-1-1","Ringback_number","Party_line_(telephony)","Area_code_410","Local_exchange","4-1-1","5-1-1","Automatic_number_announcement_circuit","6-1-1","7-1-1","8-1-1","Telehealth","9-1-1","Emergency_telephone_number","Automatic_number_announcement_circuit","Vertical_service_code","Caller_ID","Call_tracing","Called-party_camp-on","Touch-Tone","Telephone","Rotary_dial_telephone","Touch-Tone","Emergency_telephone_number","Trinidad_and_Tobago","Dominica","999_(emergency_telephone_number)","United_Kingdom","Barbados","Police","Fire_station","Ambulance","Jamaica","Police","Fire_station","Ambulance","European_Union","1-1-2","Emergency_telephone_number","GSM","International_Telecommunication_Union","Trunk_prefix","ISO/IEC_9995","E.161","Voicemail","World_War_II","New_York_City","Glenn_Miller","PEnnsylvania_6-5000","Hotel_Pennsylvania","BUtterfield_8","Manhattan","555_(telephone_number)","Bell_of_Pennsylvania","Mnemonic","1-800-Flowers","Phoneword","Voice_over_IP","Smartphone","BlackBerry","Area_code_423","East_Tennessee","Knoxville,_Tennessee","Area_code_865","University_of_Tennessee","Greenspun_Media_Group","Area_code_600","Cellular_phones","AT&T_Mobility","Sprint_Nextel","T-Mobile_USA","Mobile_phone_penetration_rate","Telemarketing","Nuisance_call","Local_number_portability","New_York_City","Hurricane_Katrina","United_States","Television_show","Film","Telephone_number","1982_in_music","867-5309/Jenny","Tommy_Tutone","555-1212","Directory_assistance","Bell_Canada","BCTel","Area_code_500","List_of_area_code_overlays","List_of_country_calling_codes","List_of_North_American_Numbering_Plan_area_codes","List_of_original_NANPA_area_codes","North_American_Numbering_Plan_expansion","Area_codes_in_the_Caribbean","Vertical_service_code"]}