{"cursor":"3097","size":15,"audio":[],"currentlang":"en","article":"{{Infobox settlement\n| name = North Aegean type = Region of Greece native_name = image_blank_emblem =\n| North Aegean.png blank_emblem_type = Logo image_map =\n| Periferia_Voriou_Egeou.png subdivision_type = Country subdivision_name =\n| leader_title = Regional governor leader_name = Athanasios Giakalis\n| leader_party = PASOK parts_type = Regional units parts_style = list p1 = Chios\n| p2 = Ikaria p3 = Lemnos p4 = Lesbos p5 = Samos seat_type = Capital seat =\n| Mytilene population_total = 199231 population_as_of = 2011 area_total_km2 =\n| 3836 population_density_km2 = auto iso_code = GR-K website =\n| [http://www.pvaigaiou.gov.gr/ www.pvaigaiou.gov.gr] latd = 38.7 longd = 26.0\n| coordinates_display = yes\n}}\n\nThe 'North Aegean' () is one of the thirteen regions of Greece. It comprises\nthe islands of the north-eastern Aegean Sea, except for Samothrace, which\nbelongs to the region of East Macedonia and Thrace, and Imbros and Tenedos\nwhich belong to Turkey.\n","linknr":423,"url":"North_Aegean","recorded":1374859968,"links":["/w/index.php?title=North_Aegean&action=edit","/w/index.php?title=North_Aegean&action=edit","//bits.wikimedia.org/favicon/wikipedia.ico","/w/opensearch_desc.php","//en.wikipedia.org/w/api.php?action=rsd","//creativecommons.org/licenses/by-sa/3.0/","/w/index.php?title=Special:RecentChanges&feed=atom","//bits.wikimedia.org/en.wikipedia.org/load.php?debug=false&lang=en&modules=ext.gadget.DRN-wizard%2CReferenceTooltips%2Ccharinsert%2Cteahouse%7Cext.rtlcite%2Cwikihiero%7Cmediawiki.legacy.commonPrint%2Cshared%7Cmw.PopUpMediaTransform%7Cskins.vector&only=styles&skin=vector&*","//bits.wikimedia.org/en.wikipedia.org/load.php?debug=false&lang=en&modules=site&only=styles&skin=vector&*","//bits.wikimedia.org/en.wikipedia.org/load.php?debug=false&lang=en&modules=startup&only=scripts&skin=vector&*","//bits.wikimedia.org/geoiplookup","//meta.wikimedia.org","#mw-navigation","#p-search","/wiki/Modern_regions_of_Greece","/wiki/File:North_Aegean.png","//upload.wikimedia.org/wikipedia/commons/thumb/e/e5/North_Aegean.png/100px-North_Aegean.png","/wiki/File:Periferia_Voriou_Egeou.png","//upload.wikimedia.org/wikipedia/commons/thumb/e/e8/Periferia_Voriou_Egeou.png/250px-Periferia_Voriou_Egeou.png","//tools.wmflabs.org/geohack/geohack.php?pagename=North_Aegean&params=38.7_N_26.0_E_type:city(199231)_region:GR","/wiki/Geographic_coordinate_system","//tools.wmflabs.org/geohack/geohack.php?pagename=North_Aegean&params=38.7_N_26.0_E_type:city(199231)_region:GR","//upload.wikimedia.org/wikipedia/commons/thumb/5/5c/Flag_of_Greece.svg/23px-Flag_of_Greece.svg.png","/wiki/Greece","/wiki/Mytilene","/wiki/Regional_units_of_Greece","/wiki/Chios_(regional_unit)","/wiki/Ikaria_(regional_unit)","/wiki/Lemnos_(regional_unit)","/wiki/Lesbos","/wiki/Samos","/wiki/Panhellenic_Socialist_Movement","/wiki/ISO_3166","http://www.pvaigaiou.gov.gr/","/wiki/Greek_language","/wiki/Modern_regions_of_Greece","/wiki/Aegean_Sea","/wiki/Samothrace","/wiki/East_Macedonia_and_Thrace","/wiki/Imbros","/wiki/Tenedos","/wiki/Turkey","/w/index.php?title=North_Aegean&action=edit&section=1","/wiki/Kallikratis_plan","/wiki/South_Aegean","/wiki/Piraeus","/wiki/Mytilene","/wiki/Lesbos","/wiki/Prefectures_of_Greece","/wiki/Samos_Prefecture","/wiki/Chios_Prefecture","/wiki/Lesbos_Prefecture","/wiki/Regional_units_of_Greece","#cite_note-Kallikratis-1","/wiki/Chios_(regional_unit)","/wiki/Ikaria_(regional_unit)","/wiki/Lemnos_(regional_unit)","/wiki/Samos","/w/index.php?title=Athanasios_Giakalis&action=edit&redlink=1","/wiki/Greek_local_elections,_2010","/wiki/Panhellenic_Socialist_Movement","/w/index.php?title=North_Aegean&action=edit&section=2","/wiki/Chios_(town)","/wiki/Kalloni","/wiki/Karlovasi","/wiki/Myrina,_Greece","/wiki/Mytilene","/wiki/Omiroupoli","/wiki/Pythagoreio","/wiki/Vathy,_Samos","/w/index.php?title=North_Aegean&action=edit&section=3","//upload.wikimedia.org/wikipedia/en/thumb/4/4a/Commons-logo.svg/30px-Commons-logo.svg.png","//commons.wikimedia.org/wiki/Category:North_Aegean","#cite_ref-Kallikratis_1-0","http://www.kedke.gr/uploads2010/FEKB129211082010_kallikratis.pdf","/wiki/Template:North_Aegean","/wiki/Template_talk:North_Aegean","//en.wikipedia.org/w/index.php?title=Template:North_Aegean&action=edit","/wiki/Administrative_divisions_of_Greece","/wiki/Mytilini","/wiki/Chios_(regional_unit)","/wiki/Chios","/wiki/Oinousses","/wiki/Psara","/wiki/File:Periferia_Voriou_Egeou.png","//upload.wikimedia.org/wikipedia/commons/thumb/e/e8/Periferia_Voriou_Egeou.png/120px-Periferia_Voriou_Egeou.png","/wiki/Ikaria_(regional_unit)","/wiki/Fournoi_Korseon","/wiki/Icaria","/wiki/Lemnos_(regional_unit)","/wiki/Agios_Efstratios","/wiki/Lemnos","/wiki/Lesbos","/wiki/Lesbos","/wiki/Samos","/wiki/Samos","/w/index.php?title=Athanasios_Giakalis&action=edit&redlink=1","http://www.pvaigaiou.gov.gr/","/wiki/Template:Peripheries_of_Greece","/wiki/Template_talk:Peripheries_of_Greece","//en.wikipedia.org/w/index.php?title=Template:Peripheries_of_Greece&action=edit","/wiki/Modern_regions_of_Greece","/wiki/Greece","/wiki/Attica_(region)","/wiki/Central_Greece_(region)","/wiki/Central_Macedonia","/wiki/Crete","/wiki/East_Macedonia_and_Thrace","/wiki/Epirus_(region)","/wiki/Ionian_Islands_(region)","/wiki/Peloponnese_(region)","/wiki/South_Aegean","/wiki/Thessaly","/wiki/West_Greece","/wiki/West_Macedonia","/wiki/File:Flag_of_Greece.svg","//upload.wikimedia.org/wikipedia/commons/thumb/5/5c/Flag_of_Greece.svg/40px-Flag_of_Greece.svg.png","/wiki/Template:Aegean_Sea","/wiki/Template_talk:Aegean_Sea","//en.wikipedia.org/w/index.php?title=Template:Aegean_Sea&action=edit","/wiki/Aegean_Sea","//upload.wikimedia.org/wikipedia/commons/thumb/5/5c/Flag_of_Greece.svg/23px-Flag_of_Greece.svg.png","/wiki/Greece","//upload.wikimedia.org/wikipedia/commons/thumb/b/b4/Flag_of_Turkey.svg/23px-Flag_of_Turkey.svg.png","/wiki/Turkey","/wiki/Aegean_civilization","/wiki/Aegean_Islands","/wiki/Aegean_dispute","/wiki/List_of_Aegean_Islands","/wiki/Cyclades","/wiki/Amorgos","/wiki/Anafi","/wiki/Andros","/wiki/Antimilos","/wiki/Antiparos","/wiki/Delos","/wiki/Despotiko","/wiki/Donoussa","/wiki/Folegandros","/wiki/Gyaros","/wiki/Ios_(island)","/wiki/Irakleia,_Cyclades","/wiki/Lagousa","/wiki/Kea_(island)","/wiki/Keros","/wiki/Kimolos","/wiki/Koufonisia","/wiki/Kythnos","/wiki/Milos","/wiki/Mykonos","/w/index.php?title=Nata_Island&action=edit&redlink=1","/wiki/Naxos_(island)","/wiki/Paros","/wiki/Polyaigos","/wiki/Rineia","/wiki/Santorini","/wiki/Schoinoussa","/wiki/Serifopoula","/wiki/Serifos","/wiki/Sifnos","/wiki/Sikinos","/wiki/Syros","/wiki/Therasia","/wiki/Tinos","/wiki/Vous_Island","/wiki/File:Aegean_with_legends.svg","//upload.wikimedia.org/wikipedia/commons/thumb/c/c7/Aegean_with_legends.svg/150px-Aegean_with_legends.svg.png","/wiki/Dodecanese","/wiki/Agathonisi","/wiki/Arkoi","/wiki/Armathia","/w/index.php?title=Alimia&action=edit&redlink=1","/w/index.php?title=Astakida&action=edit&redlink=1","/wiki/Astypalaia","/wiki/%C3%87atalada","/wiki/Chalki","/w/index.php?title=Chamili&action=edit&redlink=1","/wiki/Farmakonisi","/w/index.php?title=Gaidaros&action=edit&redlink=1","/wiki/Gyali","/wiki/Imia/Kardak","/wiki/Kalolimnos","/wiki/Kalymnos","/w/index.php?title=Kandelioussa&action=edit&redlink=1","/wiki/Kara_Ada_(Bodrum)","/wiki/Karpathos","/wiki/Kasos","/w/index.php?title=Kinaros&action=edit&redlink=1","/wiki/Kos","/wiki/K%C3%BC%C3%A7%C3%BCk_Tav%C5%9Fan_Adas%C4%B1","/wiki/Leros","/wiki/Leipsoi","/wiki/Lebynthos","/w/index.php?title=Nimos&action=edit&redlink=1","/wiki/Nisyros","/wiki/Patmos","/w/index.php?title=Pacheia&action=edit&redlink=1","/w/index.php?title=Platy_(island)&action=edit&redlink=1","/wiki/Pserimos","/wiki/Rhodes","/wiki/Saria_Island","/wiki/Salih_Ada","/wiki/Symi","/wiki/Syrna_(island)","/wiki/Telendos","/wiki/Tilos","/wiki/Zafora","/wiki/Agios_Efstratios","/wiki/Ammouliani","/wiki/Ayval%C4%B1k_Islands","/wiki/B%C3%BCy%C3%BCk_Ada","/wiki/Chios","/wiki/Chryse_Island","/wiki/Cunda_Island","/wiki/Fo%C3%A7a_Islands","/wiki/Fournoi_Korseon","/wiki/Icaria","/wiki/Imbros","/wiki/Koukonesi","/wiki/Lemnos","/wiki/Lesbos_Island","/wiki/Metalik_Ada","/wiki/Nisiopi","/wiki/Oinousses","/wiki/Psara","/wiki/Samiopoula","/wiki/Samos","/wiki/Samothrace","/wiki/Tenedos","/wiki/Thasos","/wiki/Thymaina","/wiki/Uzunada","/wiki/Saronic_Islands","/wiki/Aegina","/w/index.php?title=Agios_Georgios_Island&action=edit&redlink=1","/wiki/Angistri","/wiki/Dokos","/wiki/Hydra,_Saronic_Islands","/wiki/Poros","/wiki/Psyttaleia","/wiki/Salamis_Island","/wiki/Spetses","/wiki/Sporades","/wiki/Adelfoi_Islets","/w/index.php?title=Agios_Georgios_Skopelou&action=edit&redlink=1","/wiki/Alonnisos","/w/index.php?title=Argos_Skiathou&action=edit&redlink=1","/w/index.php?title=Dasia_(islet)&action=edit&redlink=1","/wiki/Erinia","/wiki/Gioura","/w/index.php?title=Grammeza&action=edit&redlink=1","/wiki/Kyra_Panagia","/w/index.php?title=Lekhoussa&action=edit&redlink=1","/wiki/Peristera","/wiki/Piperi,_Greece","/wiki/Psathoura","/wiki/Repi","/wiki/Sarakino","/w/index.php?title=Skandili&action=edit&redlink=1","/wiki/Skantzoura","/wiki/Skiathos","/wiki/Skopelos","/wiki/Skyropoula","/wiki/Skyros","/wiki/Tsougria","/wiki/Valaxa","/wiki/Afentis_Christos","/wiki/Agia_Varvara_(island)","/wiki/Agioi_Apostoloi","/wiki/Agioi_Pantes_(island)","/wiki/Agioi_Theodoroi_(islands)","/wiki/Agios_Nikolaos_(Chania)","/wiki/Anavatis","/wiki/Arnaouti","/wiki/Aspros_Volakas","/wiki/Avgo","/wiki/Crete","/wiki/Daskaleia","/wiki/Dia_(island)","/wiki/Diapori","/wiki/Dionysades","/wiki/Elasa","/wiki/Ftena_Trachylia","/wiki/Glaronisi","/wiki/Gramvousa","/wiki/Grandes_(islands)","/wiki/Spinalonga","/wiki/Karavi","/wiki/Karga","/wiki/Katergo","/wiki/Kavallos","/wiki/Kefali","/wiki/Kolokythas","/wiki/Koursaroi","/wiki/Kyriamadi","/wiki/Lazaretta","/wiki/Leon_(Souda_Bay)","/wiki/Mavros","/wiki/Mavros_Volakas","/wiki/Megatzedes","/wiki/Mochlos","/wiki/Nikolos","/wiki/Palaiosouda","/wiki/Peristeri","/wiki/Peristerovrachoi","/wiki/Petalida","/wiki/Petalouda","/wiki/Pontikaki","/wiki/Pontikonisi","/wiki/Praso_(Kissamos)","/wiki/Prosfora","/wiki/Pseira","/wiki/Sideros","/wiki/Souda_(island)","/wiki/Valenti","/wiki/Vryonisi","/wiki/Antikythera","/wiki/Euboea","/wiki/Cythera_(island)","/wiki/Makronisos","http://en.wikipedia.org/w/index.php?title=North_Aegean&oldid=555570698","/wiki/Help:Categories","/wiki/Category:NUTS_2_statistical_regions_of_the_European_Union","/wiki/Category:States_and_territories_established_in_1987","/wiki/Category:Articles_containing_Greek-language_text","/wiki/Category:Commons_category_with_local_link_same_as_on_Wikidata","/w/index.php?title=Special:UserLogin&returnto=North+Aegean&type=signup","/w/index.php?title=Special:UserLogin&returnto=North+Aegean","/wiki/North_Aegean","/wiki/Talk:North_Aegean","#","/wiki/North_Aegean","/w/index.php?title=North_Aegean&action=edit","/w/index.php?title=North_Aegean&action=history","#","/w/index.php","//bits.wikimedia.org/static-1.22wmf8/skins/vector/images/search-ltr.png?303-4","/wiki/Main_Page","/wiki/Main_Page","/wiki/Portal:Contents","/wiki/Portal:Featured_content","/wiki/Portal:Current_events","/wiki/Special:Random","//donate.wikimedia.org/wiki/Special:FundraiserRedirector?utm_source=donate&utm_medium=sidebar&utm_campaign=C13_en.wikipedia.org&uselang=en","/wiki/Help:Contents","/wiki/Wikipedia:About","/wiki/Wikipedia:Community_portal","/wiki/Special:RecentChanges","//en.wikipedia.org/wiki/Wikipedia:Contact_us","/wiki/Special:WhatLinksHere/North_Aegean","/wiki/Special:RecentChangesLinked/North_Aegean","/wiki/Wikipedia:File_Upload_Wizard","/wiki/Special:SpecialPages","/w/index.php?title=North_Aegean&oldid=555570698","/w/index.php?title=North_Aegean&action=info","/w/index.php?title=Special:Cite&page=North_Aegean&id=555570698","/w/index.php?title=Special:Book&bookcmd=book_creator&referer=North+Aegean","/w/index.php?title=Special:Book&bookcmd=render_article&arttitle=North+Aegean&oldid=555570698&writer=rl","/w/index.php?title=North_Aegean&printable=yes","//ar.wikipedia.org/wiki/%D8%B4%D9%85%D8%A7%D9%84_%D8%A5%D9%8A%D8%AC%D8%A9","//bg.wikipedia.org/wiki/%D0%A1%D0%B5%D0%B2%D0%B5%D1%80%D0%B5%D0%BD_%D0%95%D0%B3%D0%B5%D0%B9","//ca.wikipedia.org/wiki/Egeu_Septentrional","//cs.wikipedia.org/wiki/Severn%C3%AD_Egeis","//de.wikipedia.org/wiki/N%C3%B6rdliche_%C3%84g%C3%A4is","//et.wikipedia.org/wiki/P%C3%B5hja-Egeus","//el.wikipedia.org/wiki/%CE%A0%CE%B5%CF%81%CE%B9%CF%86%CE%AD%CF%81%CE%B5%CE%B9%CE%B1_%CE%92%CE%BF%CF%81%CE%B5%CE%AF%CE%BF%CF%85_%CE%91%CE%B9%CE%B3%CE%B1%CE%AF%CE%BF%CF%85","//es.wikipedia.org/wiki/Egeo_Septentrional","//eo.wikipedia.org/wiki/Norda_Egeo","//fa.wikipedia.org/wiki/%D8%A7%D8%B3%D8%AA%D8%A7%D9%86_%D8%A7%DA%98%D9%87_%D8%B4%D9%85%D8%A7%D9%84%DB%8C","//fr.wikipedia.org/wiki/%C3%89g%C3%A9e-Septentrionale","//gl.wikipedia.org/wiki/Exeo_Setentrional","//ko.wikipedia.org/wiki/%EB%B6%81%EB%B6%80_%EC%97%90%EA%B2%8C_%EC%A3%BC","//hr.wikipedia.org/wiki/Periferija_Sjeverni_Egej","//id.wikipedia.org/wiki/Aegea_Utara","//it.wikipedia.org/wiki/Egeo_Settentrionale","//he.wikipedia.org/wiki/%D7%A6%D7%A4%D7%95%D7%9F_%D7%94%D7%99%D7%9D_%D7%94%D7%90%D7%92%D7%90%D7%99","//jv.wikipedia.org/wiki/Aegea_Lor","//ka.wikipedia.org/wiki/%E1%83%A9%E1%83%A0%E1%83%93%E1%83%98%E1%83%9A%E1%83%9D%E1%83%94%E1%83%97_%E1%83%94%E1%83%92%E1%83%94%E1%83%9D%E1%83%A1%E1%83%98%E1%83%A1_%E1%83%99%E1%83%A3%E1%83%9C%E1%83%AB%E1%83%A3%E1%83%9A%E1%83%94%E1%83%91%E1%83%98","//la.wikipedia.org/wiki/Aegaeum_Boreale_(regio_Graeciae)","//lt.wikipedia.org/wiki/%C5%A0iaur%C4%97s_Eg%C4%97jo_periferija","//li.wikipedia.org/wiki/Noord-Ege%C3%AFsche_Eilen","//lmo.wikipedia.org/wiki/Egeo_Setentriunal","//hu.wikipedia.org/wiki/%C3%89szak-%C3%89gei-szigetek","//mk.wikipedia.org/wiki/%D0%A1%D0%B5%D0%B2%D0%B5%D1%80%D0%B5%D0%BD_%D0%95%D0%B3%D0%B5%D1%98","//ms.wikipedia.org/wiki/Aegea_Utara","//nl.wikipedia.org/wiki/Noord-Ege%C3%AFsche_Eilanden","//ja.wikipedia.org/wiki/%E5%8C%97%E3%82%A8%E3%83%BC%E3%82%B2","//no.wikipedia.org/wiki/Nordlige_egeiske_%C3%B8yer","//nn.wikipedia.org/wiki/Dei_nordlege_egeiske_%C3%B8yane","//pnb.wikipedia.org/wiki/%D8%B5%D9%88%D8%A8%DB%81_%D8%A7%D8%AA%D9%84%D8%A7_%D8%A7%DB%8C%D8%AC%DB%8C%D8%A6%D9%86","//pl.wikipedia.org/wiki/Region_Wyspy_Egejskie_P%C3%B3%C5%82nocne","//pt.wikipedia.org/wiki/Egeu_Setentrional","//ro.wikipedia.org/wiki/Egeea_de_Nord","//ru.wikipedia.org/wiki/%D0%A1%D0%B5%D0%B2%D0%B5%D1%80%D0%BD%D1%8B%D0%B5_%D0%AD%D0%B3%D0%B5%D0%B9%D1%81%D0%BA%D0%B8%D0%B5_%D0%BE%D1%81%D1%82%D1%80%D0%BE%D0%B2%D0%B0","//sco.wikipedia.org/wiki/North_Aegean","//sr.wikipedia.org/wiki/%D0%9F%D0%B5%D1%80%D0%B8%D1%84%D0%B5%D1%80%D0%B8%D1%98%D0%B0_%D0%A1%D0%B5%D0%B2%D0%B5%D1%80%D0%BD%D0%B8_%D0%95%D0%B3%D0%B5%D1%98","//sh.wikipedia.org/wiki/Periferija_Severni_Egej","//fi.wikipedia.org/wiki/Pohjois-Egean_saaret","//sv.wikipedia.org/wiki/Nordegeiska_%C3%B6arna","//tr.wikipedia.org/wiki/Kuzey_Ege_(Yunanistan)","//uk.wikipedia.org/wiki/%D0%9F%D1%96%D0%B2%D0%BD%D1%96%D1%87%D0%BD%D1%96_%D0%95%D0%B3%D0%B5%D0%B9%D1%81%D1%8C%D0%BA%D1%96_%D0%BE%D1%81%D1%82%D1%80%D0%BE%D0%B2%D0%B8_(%D0%BF%D0%B5%D1%80%D0%B8%D1%84%D0%B5%D1%80%D1%96%D1%8F)","//vi.wikipedia.org/wiki/B%E1%BA%AFc_Aegea","//war.wikipedia.org/wiki/Amihanan_nga_Aegeo","//zh.wikipedia.org/wiki/%E5%8C%97%E6%84%9B%E7%90%B4","//en.wikipedia.org/wiki/Enwikivoyage:North_Aegean_Islands","//en.wikipedia.org/wiki/Ruwikivoyage:%D0%A1%D0%B5%D0%B2%D0%B5%D1%80%D0%BE-%D0%AD%D0%B3%D0%B5%D0%B9%D1%81%D0%BA%D0%B8%D0%B5_%D0%BE%D1%81%D1%82%D1%80%D0%BE%D0%B2%D0%B0","//en.wikipedia.org/wiki/Nlwikivoyage:Noord-Ege%C3%AFsche_Eilanden","//en.wikipedia.org/wiki/Itwikivoyage:Egeo_settentrionale","//www.wikidata.org/wiki/Q173620#sitelinks","//en.wikipedia.org/wiki/Wikipedia:Text_of_Creative_Commons_Attribution-ShareAlike_3.0_Unported_License","//creativecommons.org/licenses/by-sa/3.0/","//wikimediafoundation.org/wiki/Terms_of_Use","//wikimediafoundation.org/wiki/Privacy_policy","//www.wikimediafoundation.org/","//wikimediafoundation.org/wiki/Privacy_policy","/wiki/Wikipedia:About","/wiki/Wikipedia:General_disclaimer","//en.wikipedia.org/wiki/Wikipedia:Contact_us","//en.m.wikipedia.org/wiki/North_Aegean","//wikimediafoundation.org/","//bits.wikimedia.org/images/wikimedia-button.png","//www.mediawiki.org/","//bits.wikimedia.org/static-1.22wmf8/skins/common/images/poweredby_mediawiki_88x31.png","//bits.wikimedia.org/en.wikipedia.org/load.php?debug=false&lang=en&modules=site&only=scripts&skin=vector&*"],"instances":["regional_unit","regional_unit","town"],"pdf":["http://www.kedke.gr/uploads2010/FEKB129211082010_kallikratis.pdf"],"categories":["NUTS 2 statistical regions of the European Union","States and territories established in 1987"],"headings":["Administration","Major communities","References"],"image":["//upload.wikimedia.org/wikipedia/commons/thumb/e/e5/North_Aegean.png/100px-North_Aegean.png","//upload.wikimedia.org/wikipedia/commons/thumb/e/e8/Periferia_Voriou_Egeou.png/250px-Periferia_Voriou_Egeou.png","//upload.wikimedia.org/wikipedia/commons/thumb/5/5c/Flag_of_Greece.svg/23px-Flag_of_Greece.svg.png","//upload.wikimedia.org/wikipedia/en/thumb/4/4a/Commons-logo.svg/30px-Commons-logo.svg.png","//upload.wikimedia.org/wikipedia/commons/thumb/e/e8/Periferia_Voriou_Egeou.png/120px-Periferia_Voriou_Egeou.png","//upload.wikimedia.org/wikipedia/commons/thumb/5/5c/Flag_of_Greece.svg/40px-Flag_of_Greece.svg.png","//upload.wikimedia.org/wikipedia/commons/thumb/5/5c/Flag_of_Greece.svg/23px-Flag_of_Greece.svg.png","//upload.wikimedia.org/wikipedia/commons/thumb/b/b4/Flag_of_Turkey.svg/23px-Flag_of_Turkey.svg.png","//upload.wikimedia.org/wikipedia/commons/thumb/c/c7/Aegean_with_legends.svg/150px-Aegean_with_legends.svg.png","//bits.wikimedia.org/static-1.22wmf8/skins/vector/images/search-ltr.png?303-4","//bits.wikimedia.org/images/wikimedia-button.png","//bits.wikimedia.org/static-1.22wmf8/skins/common/images/poweredby_mediawiki_88x31.png"],"tags":[["chios","regional_unit"],["ikaria","regional_unit"],["lemnos","regional_unit"],["chios","regional_unit"],["ikaria","regional_unit"],["lemnos","regional_unit"],["chios","town"]],"members":["lemnos","ikaria","chios"],"related":["Modern_regions_of_Greece","Panhellenic_Socialist_Movement","Regional_units_of_Greece","Chios_(regional_unit)","Ikaria_(regional_unit)","Lemnos_(regional_unit)","Lesbos","Samos","Mytilene","Modern_regions_of_Greece","Aegean_Sea","Samothrace","East_Macedonia_and_Thrace","Imbros","Tenedos","Turkey","Kallikratis_plan","South_Aegean","Piraeus","Mytilene","Lesbos","Prefectures_of_Greece","Samos_Prefecture","Chios_Prefecture","Lesbos_Prefecture","Regional_units_of_Greece","Chios_(regional_unit)","Ikaria_(regional_unit)","Lemnos_(regional_unit)","Samos","Athanasios_Giakalis","Greek_local_elections,_2010","Panhellenic_Socialist_Movement","Chios_(town)","Kalloni","Karlovasi","Myrina,_Greece","Mytilene","Omiroupoli","Pythagoreio","Vathy,_Samos"]}