{"cursor":"34504","size":15,"audio":[],"currentlang":"en","article":"{{Infobox settlement |name = Olympia, Washington |official_name = City of\nOlympia |settlement_type = State Capital |nickname = Oly, O Town |image_skyline\n= Olympia_bh_aug05.jpg |imagesize = 250px |image_caption = |image_flag =\n|image_seal = |image_map = Thurston County Washington Incorporated and\nUnincorporated areas Olympia Highlighted.svg |mapsize = 250px |map_caption =\n|coordinates_display= inline,title |coordinates_region = US-WA |subdivision_type\n= Country |subdivision_name = United States |subdivision_type1 = State\n|subdivision_name1 = Washington |subdivision_type2 = County |subdivision_name2 =\nThurston |government_type = Council/City Manager |leader_title = Mayor\n|leader_name = Stephen Buxbaum |established_title = Incorporated\n|established_date = January 28, 1859 |area_magnitude = |area_total_sq_mi = 19.68\n|area_footnotes =  |area_total_km2 = 50.97\n|area_land_sq_mi = 17.82 |area_land_km2 = 46.15 |area_water_sq_mi = 1.86\n|area_water_km2 = 4.82 |area_urban_sq_mi = |area_urban_km2 = |area_metro_sq_mi =\n|area_metro_km2 = |population_footnotes =  |population_as_of = 2010 |population_est = 47698\n|pop_est_as_of = 2012 |population_note =\n|population_total = 46478 |population_metro = 252264 |population_urban = 176617\n|population_density_km2 = 1007.0 |population_density_sq_mi = 2608.2\n|population_demonym = Olympian |timezone = Pacific |utc_offset = -8\n|timezone_DST = Pacific |utc_offset_DS = -7 |latd=47|latm=2|lats=33|latNS=N\n|longd=122|longm=53|longs=35|longEW=W |elevation_m = 29 |elevation_ft = 95\n|website = |postal_code_type = ZIP codes |postal_code = 98500-98599 |area_code =\n360 |blank_name = FIPS code |blank_info = 53-51300 |blank1_name = GNIS feature\nID |blank1_info = 1533353 |footnotes = }}\n\n'Olympia' is the capital of the U.S. state of Washington and the county seat\nof Thurston County. It was incorporated on January 28, 1859. The population\nwas 46,478 at the 2010 census. The city borders Lacey, Washington, to the\neast, and Tumwater to the south. Olympia is a major cultural center of the\nPuget Sound region.\n","linknr":1127,"url":"Olympia,_Washington","recorded":1374861620,"links":["/w/index.php?title=Olympia,_Washington&action=edit","/w/index.php?title=Olympia,_Washington&action=edit","//bits.wikimedia.org/favicon/wikipedia.ico","/w/opensearch_desc.php","//en.wikipedia.org/w/api.php?action=rsd","//creativecommons.org/licenses/by-sa/3.0/","/w/index.php?title=Special:RecentChanges&feed=atom","//bits.wikimedia.org/en.wikipedia.org/load.php?debug=false&lang=en&modules=ext.gadget.DRN-wizard%2CReferenceTooltips%2Ccharinsert%2Cteahouse%7Cext.rtlcite%2Cwikihiero%7Cext.uls.nojs%7Cmediawiki.legacy.commonPrint%2Cshared%7Cmw.PopUpMediaTransform%7Cskins.vector&only=styles&skin=vector&*","//bits.wikimedia.org/en.wikipedia.org/load.php?debug=false&lang=en&modules=site&only=styles&skin=vector&*","//bits.wikimedia.org/en.wikipedia.org/load.php?debug=false&lang=en&modules=startup&only=scripts&skin=vector&*","//bits.wikimedia.org/geoiplookup","//meta.wikimedia.org","#mw-navigation","#p-search","/wiki/State_capital","/wiki/File:Olympia_bh_aug05.jpg","//upload.wikimedia.org/wikipedia/commons/thumb/a/a6/Olympia_bh_aug05.jpg/250px-Olympia_bh_aug05.jpg","/wiki/File:Thurston_County_Washington_Incorporated_and_Unincorporated_areas_Olympia_Highlighted.svg","//upload.wikimedia.org/wikipedia/commons/thumb/1/11/Thurston_County_Washington_Incorporated_and_Unincorporated_areas_Olympia_Highlighted.svg/250px-Thurston_County_Washington_Incorporated_and_Unincorporated_areas_Olympia_Highlighted.svg.png","//tools.wmflabs.org/geohack/geohack.php?pagename=Olympia,_Washington&params=47_2_33_N_122_53_35_W_type:city(46478)_region:US-WA","/wiki/Geographic_coordinate_system","//tools.wmflabs.org/geohack/geohack.php?pagename=Olympia,_Washington&params=47_2_33_N_122_53_35_W_type:city(46478)_region:US-WA","/wiki/List_of_countries","/wiki/United_States","/wiki/U.S._state","/wiki/Washington_(state)","/wiki/List_of_counties_in_Washington","/wiki/Thurston_County,_Washington","/wiki/Municipal_corporation","/wiki/Mayor","#cite_note-Gazetteer_files-1","/wiki/State_capital","/wiki/2010_United_States_Census","#cite_note-FactFinder-2","#cite_note-urban_population-3","/wiki/State_capital","#cite_note-2012_Pop_Estimate-4","/wiki/Urban_area","/wiki/Metropolitan_area","/wiki/Demonym","/wiki/Time_zone","/wiki/Pacific_Time_Zone","/wiki/UTC-8","/wiki/Daylight_saving_time","/wiki/UTC","/wiki/ZIP_code","/wiki/Telephone_numbering_plan","/wiki/Area_code_360","/wiki/Federal_Information_Processing_Standard","/wiki/Geographic_Names_Information_System","#cite_note-GR3-5","http://www.olympiawa.gov","/wiki/Capital_(political)","/wiki/U.S._state","/wiki/Washington_(state)","/wiki/County_seat","/wiki/Thurston_County,_Washington","#cite_note-GR6-6","/wiki/2010_United_States_Census","/wiki/Lacey,_Washington","/wiki/Tumwater","/wiki/Puget_Sound","#History","#Recent_mayors","#Geography_and_climate","#Parks","#Artesian_water","#Demographics","#2010_census","#2000_census","#Schools_and_universities","#Arts","#Sports","#Transportation","#Rail","#Bus","#Airport","#Media","#Notable_residents","#Sister_cities","#Fictional_references","#Influences_on_music","#See_also","#References","#External_links","/w/index.php?title=Olympia,_Washington&action=edit&section=1","/wiki/History_of_Olympia,_Washington","/wiki/File:Olympia_old_cap_aug_05.jpg","//upload.wikimedia.org/wikipedia/commons/thumb/e/e1/Olympia_old_cap_aug_05.jpg/220px-Olympia_old_cap_aug_05.jpg","/wiki/File:Olympia_old_cap_aug_05.jpg","//bits.wikimedia.org/static-1.22wmf10/skins/common/images/magnify-clip.png","/wiki/Lushootseed","/wiki/Squaxin_Island_Tribe","/wiki/Nisqually_(tribe)","/wiki/Puyallup_(tribe)","/wiki/Chehalis_(tribe)","/wiki/Suquamish","/wiki/Duwamish_tribe","/wiki/Peter_Puget","/wiki/Vancouver_Expedition","/wiki/Oregon_Trail","/wiki/Isaac_N._Ebey","#cite_note-7","/wiki/Olympic_Mountains","/wiki/Puget_Sound_Mosquito_Fleet","/wiki/Olympia_Brewing_Company","/wiki/Olympia_(beer)","/wiki/Nisqually_earthquake","/wiki/The_Evergreen_State_College","/wiki/South_Puget_Sound_Community_College","#cite_note-8","/w/index.php?title=Olympia,_Washington&action=edit&section=2","#cite_note-9","/wiki/Mark_Foutch","/w/index.php?title=Olympia,_Washington&action=edit&section=3","/wiki/File:Olympia_Washington.jpg","//upload.wikimedia.org/wikipedia/en/thumb/f/fc/Olympia_Washington.jpg/220px-Olympia_Washington.jpg","/wiki/File:Olympia_Washington.jpg","//bits.wikimedia.org/static-1.22wmf10/skins/common/images/magnify-clip.png","//tools.wmflabs.org/geohack/geohack.php?pagename=Olympia,_Washington&params=47_2_33_N_122_53_35_W_type:city","#cite_note-GR1-10","/wiki/United_States_Census_Bureau","#cite_note-Gazetteer_files-1","/wiki/Puget_Sound","/wiki/Budd_Inlet","/wiki/Deschutes_River_(Washington)","/wiki/Estuary","/wiki/Capitol_Lake","/wiki/Reclaimed_land","/wiki/Lacey,_Washington","/wiki/Tumwater,_Washington","/wiki/Oceanic_climate","/wiki/K%C3%B6ppen_climate_classification","/wiki/Mediterranean_climate","/wiki/Aleutian_Islands","/wiki/Alaska","#cite_note-NOAA-11","#cite_note-12","#cite_note-NOAA-11","/wiki/Precipitation","#cite_note-NOAA-11","/w/index.php?title=Olympia,_Washington&action=edit&section=4","/wiki/Public_park","/wiki/Woodard_Bay_Natural_Resources_Conservation_Area","/wiki/Henderson_Inlet","/wiki/Percival_Landing_Park","/wiki/Boardwalk","/wiki/Watershed_Park","/wiki/Waterworks","/wiki/Priest_Point_Park","/w/index.php?title=Burfoot_Park&action=edit&redlink=1","/wiki/Sunrise_Park","/w/index.php?title=Yauger_Park&action=edit&redlink=1","/wiki/Skate_park","/wiki/Nisqually_National_Wildlife_Refuge","/wiki/Capitol_State_Forest","/w/index.php?title=Olympia,_Washington&action=edit&section=5","/wiki/Artesian_water","#cite_note-13","/wiki/Bigelow_Neighborhood","/w/index.php?title=McAllister_Springs&action=edit&redlink=1","/wiki/Olympia_Brewery","/wiki/H2Olympia","#cite_note-14","/w/index.php?title=Olympia,_Washington&action=edit&section=6","/wiki/1870_United_States_Census","/wiki/1880_United_States_Census","/wiki/1890_United_States_Census","/wiki/1900_United_States_Census","/wiki/1910_United_States_Census","/wiki/1920_United_States_Census","/wiki/1930_United_States_Census","/wiki/1940_United_States_Census","/wiki/1950_United_States_Census","/wiki/1960_United_States_Census","/wiki/1970_United_States_Census","/wiki/1980_United_States_Census","/wiki/1990_United_States_Census","/wiki/2000_United_States_Census","/wiki/2010_United_States_Census","http://www.census.gov/prod/www/abs/decennial/","http://www.census.gov/popest/data/cities/totals/2011/tables/SUB-EST2011-03-53.csv","/w/index.php?title=Olympia,_Washington&action=edit&section=7","/wiki/Census","#cite_note-FactFinder-2","/wiki/Population_density","/wiki/White_(U.S._Census)","/wiki/African_American_(U.S._Census)","/wiki/Native_American_(U.S._Census)","/wiki/Asian_(U.S._Census)","/wiki/Race_(U.S._Census)","/wiki/Race_(U.S._Census)","/wiki/Hispanic_(U.S._Census)","/wiki/Latino_(U.S._Census)","/wiki/Marriage","/w/index.php?title=Olympia,_Washington&action=edit&section=8","/wiki/Census","/wiki/Population_density","/wiki/Race_and_ethnicity_in_the_United_States_Census","/wiki/Race_and_ethnicity_in_the_United_States_Census","/wiki/Race_and_ethnicity_in_the_United_States_Census","/wiki/Race_and_ethnicity_in_the_United_States_Census","/wiki/Race_and_ethnicity_in_the_United_States_Census","/wiki/Race_and_ethnicity_in_the_United_States_Census","/wiki/Hispanic_(U.S._Census)","/wiki/Latino","/wiki/Germans","/wiki/Irish_people","/wiki/English_people","/wiki/Norwegians","/wiki/United_states","/wiki/Census_2000","/wiki/English_language","/wiki/Spanish_language","/wiki/Vietnamese_language","/wiki/Marriage","/wiki/Per_capita_income","/wiki/Poverty_line","/w/index.php?title=Olympia,_Washington&action=edit&section=9","/wiki/Olympia_School_District","/wiki/Olympia_High_School_(Washington)","/wiki/Capital_High_School_(Washington)","/wiki/The_Evergreen_State_College","/wiki/South_Puget_Sound_Community_College","/w/index.php?title=Olympia,_Washington&action=edit&section=10","/wiki/File:Oly_WA_Capitol_Theater_03.jpg","//upload.wikimedia.org/wikipedia/commons/thumb/3/3f/Oly_WA_Capitol_Theater_03.jpg/220px-Oly_WA_Capitol_Theater_03.jpg","/wiki/File:Oly_WA_Capitol_Theater_03.jpg","//bits.wikimedia.org/static-1.22wmf10/skins/common/images/magnify-clip.png","/wiki/Olympia_Film_Society","/wiki/Theatre","/wiki/Murals","/wiki/Sculpture","/wiki/Percival_Landing","/w/index.php?title=The_Washington_Center_for_the_Performing_Arts&action=edit&redlink=1","/wiki/Monarch_Contemporary_Art_Center_and_Sculpture_Park","/wiki/Sculpture_garden","/wiki/Art_gallery","/wiki/Olympia_Film_Society","/wiki/Earth_Day","/wiki/Procession_of_the_Species","#cite_note-15","/wiki/Reader%27s_Digest","#cite_note-16","#cite_note-17","/w/index.php?title=Olympia,_Washington&action=edit&section=11","/wiki/Joan_Benoit","/wiki/Gold_medal","/wiki/1984_Summer_Olympics","/wiki/Los_Angeles","/wiki/Oly_Rollers","/wiki/Women%27s_Flat_Track_Derby_Association","/wiki/Philadelphia,_Pennsylvania","#cite_note-18","/w/index.php?title=Guerilla_Running_Racing_Club&action=edit&redlink=1","/wiki/Wikipedia:Citation_needed","/w/index.php?title=Olympia,_Washington&action=edit&section=12","/wiki/File:Intercity_Transit_902.JPG","//upload.wikimedia.org/wikipedia/commons/thumb/e/ea/Intercity_Transit_902.JPG/220px-Intercity_Transit_902.JPG","/wiki/File:Intercity_Transit_902.JPG","//bits.wikimedia.org/static-1.22wmf10/skins/common/images/magnify-clip.png","/wiki/Intercity_Transit","/w/index.php?title=Olympia,_Washington&action=edit&section=13","/wiki/Amtrak","/wiki/Centennial_Station","/wiki/Coast_Starlight","/wiki/Portland,_Oregon","/wiki/Sacramento,_California","/wiki/Emeryville,_California","/wiki/San_Francisco","/wiki/Los_Angeles_Union_Station","/wiki/Tacoma","/wiki/Seattle","/wiki/Amtrak_Cascades","/wiki/Vancouver,_British_Columbia","/wiki/Eugene,_Oregon","/w/index.php?title=Olympia,_Washington&action=edit&section=14","/wiki/Intercity_Transit","/wiki/Intercity_Transit","/w/index.php?title=Grays_Harbor_Transit&action=edit&redlink=1","/w/index.php?title=Mason_Transit&action=edit&redlink=1","/wiki/Pierce_Transit","/wiki/Sound_Transit","#cite_note-19","#cite_note-20","/wiki/American_Public_Transportation_Association","#cite_note-21","/w/index.php?title=Olympia,_Washington&action=edit&section=15","/wiki/Olympia_Regional_Airport","/wiki/General_aviation","/wiki/Corporate_aviation","/wiki/Father%27s_Day","#cite_note-22","/w/index.php?title=Olympia,_Washington&action=edit&section=16","/wiki/The_Olympian","/wiki/Weekly_Volcano","/w/index.php?title=Olympia,_Washington&action=edit&section=17","/wiki/List_of_people_from_Olympia,_Washington","/wiki/Kasey_Keller","/wiki/Seattle_Sounders_FC","/wiki/Riot_grrrl","/wiki/Bikini_Kill","/wiki/Bratmobile","/wiki/Sleater-Kinney","/wiki/Kurt_Cobain","/wiki/Nevermind","/wiki/Calvin_Johnson_(musician)","/wiki/Beat_Happening","/wiki/K_Records","/wiki/Kimya_Dawson","/wiki/Caitlin_Kittredge","/wiki/The_Fleetwoods","/wiki/William_Winlock_Miller_High_School","/wiki/Scott_LaValla","/w/index.php?title=Olympia,_Washington&action=edit&section=18","/wiki/Sister_city","/wiki/Kat%C5%8D,_Hy%C5%8Dgo","/wiki/Olympia,_Greece","/wiki/Samarkand","#cite_note-23","/w/index.php?title=Olympia,_Washington&action=edit&section=19","/wiki/Raymond_Chandler","/wiki/Philip_Marlowe","/wiki/Great_Depression","/wiki/Gossip_Girl","/wiki/Dan_Humphrey","/wiki/The_Evergreen_State_College","/w/index.php?title=Olympia,_Washington&action=edit&section=20","/wiki/Olympia_music_scene","/wiki/K_Records","/wiki/Punk_subculture","/wiki/Riot_grrrl","/wiki/Sleater-Kinney","/wiki/Hole_(band)","/wiki/Live_Through_This","/w/index.php?title=Mukilteo_Fairies&action=edit&redlink=1","/wiki/Team_Dresch","/wiki/Rancid_(band)","/wiki/...And_Out_Come_the_Wolves","/wiki/NOFX","/wiki/Rentokill_(band)","/wiki/Nirvana_(band)","/wiki/Kurt_Cobain","/wiki/Nevermind","/wiki/Modest_Mouse","/wiki/This_Is_a_Long_Drive_for_Someone_with_Nothing_to_Think_About","/wiki/Kimya_Dawson","/wiki/Macklemore","/wiki/Evergreen_State_College","/w/index.php?title=The_Language_Of_My_world&action=edit&redlink=1","/wiki/Bright_Eyes_(band)","/wiki/Death_Cab_for_Cutie","/w/index.php?title=Olympia,_Washington&action=edit&section=21","/wiki/File:Olympaaug05_v2.jpg","//upload.wikimedia.org/wikipedia/commons/thumb/9/9a/Olympaaug05_v2.jpg/220px-Olympaaug05_v2.jpg","/wiki/File:Olympaaug05_v2.jpg","//bits.wikimedia.org/static-1.22wmf10/skins/common/images/magnify-clip.png","/wiki/File:Flag_of_Washington.svg","//upload.wikimedia.org/wikipedia/commons/thumb/5/54/Flag_of_Washington.svg/32px-Flag_of_Washington.svg.png","/wiki/Portal:Washington","/wiki/Bigelow_House","/wiki/Bigelow_Neighborhood","/wiki/Capital_City_Pride","/wiki/Capital_High_School_(Washington)","/wiki/Pacific_Northwest","/wiki/Washington_State_Capitol","/wiki/CommonAction","/wiki/Lakefair","/wiki/Music_of_Washington","/wiki/Olympia_Airport","/wiki/Olympia_High_School_(Washington)","/wiki/Olympia_music_scene","/wiki/Port_Militarization_Resistance","/wiki/Procession_of_the_Species","/wiki/The_Evergreen_State_College","/w/index.php?title=Olympia,_Washington&action=edit&section=22","#cite_ref-Gazetteer_files_1-0","#cite_ref-Gazetteer_files_1-1","http://www.census.gov/geo/www/gazetteer/files/Gaz_places_national.txt","/wiki/United_States_Census_Bureau","#cite_ref-FactFinder_2-0","#cite_ref-FactFinder_2-1","http://factfinder2.census.gov/faces/nav/jsf/pages/index.xhtml","/wiki/United_States_Census_Bureau","#cite_ref-urban_population_3-0","http://www2.census.gov/geo/ua/ua_list_all.txt","#cite_ref-2012_Pop_Estimate_4-0","http://www.census.gov/popest/data/cities/totals/2012/SUB-EST2012.html","/wiki/United_States_Census_Bureau","#cite_ref-GR3_5-0","http://geonames.usgs.gov","/wiki/United_States_Geological_Survey","#cite_ref-GR6_6-0","http://www.naco.org/Counties/Pages/FindACounty.aspx","#cite_ref-7","http://olympiawa.gov/community/about-olympia/history-of-olympia-washington.aspx","#cite_ref-8","http://www.evergreen.edu/aboutevergreen/praise.htm","#cite_ref-9","http://olympiawa.gov/city-government/city-council-and-mayor/elected-officials-chronology-olympia-washington","#cite_ref-GR1_10-0","http://www.census.gov/geo/www/gazetteer/gazette.html","/wiki/United_States_Census_Bureau","#cite_ref-NOAA_11-0","#cite_ref-NOAA_11-1","#cite_ref-NOAA_11-2","http://www.nws.noaa.gov/climate/xmacis.php?wfo=sew","/wiki/National_Oceanic_and_Atmospheric_Administration","#cite_ref-12","http://www.msnbc.msn.com/id/18827213","#cite_ref-13","http://olympiawa.gov/documents/CouncilPackets/20100614/FA_DiamondPkgLotSTF.pdf","#cite_ref-14","http://www.theolympian.com/2011/01/13/1504565/city-will-protect-improve-well.html#storylink=mirelated","#cite_ref-15","http://www.procession.org/AboutStudio.php","#cite_ref-16","http://www.theolympian.com/living/story/888342.html","#cite_ref-17","http://www.rd.com/your-america-inspiring-people-and-stories/best-of-america-just-for-fun-awards/article141292-6.html","#cite_ref-18","http://www.derbynewsnetwork.com/2009/11/2009_nationals_capsule_recaps","#cite_ref-19","http://www.intercitytransit.com/page.cfm?ID=0290","/wiki/Wikipedia:Link_rot","#cite_ref-20","http://www.intercitytransit.com/mapsandschedules/routemapsandschedules/Pages/603-605-612%20Weekdays-Northbound.aspx","#cite_ref-21","http://www.intercitytransit.com/newsandinfo/newsroom/Pages/hybridssummer2012.aspx","#cite_ref-22","http://www.olympicflightmuseum.com/airshow.php","#cite_ref-23","http://www.olympiawa.gov/community/about/Sister_City/","/w/index.php?title=Olympia,_Washington&action=edit&section=23","//upload.wikimedia.org/wikipedia/en/thumb/4/4a/Commons-logo.svg/30px-Commons-logo.svg.png","//commons.wikimedia.org/wiki/Category:Olympia,_Washington","//upload.wikimedia.org/wikipedia/commons/thumb/8/8a/Wikivoyage-logo.svg/40px-Wikivoyage-logo.svg.png","/wiki/Wikivoyage","//en.wikivoyage.org/wiki/Olympia_(Washington)","http://olympiawa.gov/parks","http://www.ci.olympia.wa.us/","http://www.thurstonchamber.com/","http://www.olympiahistory.org","http://www.dmoz.org/Regional/North_America/United_States/Washington/Localities/O/Olympia/","/wiki/Open_Directory_Project","/wiki/Template:Thurston_County,_Washington","/wiki/Template_talk:Thurston_County,_Washington","//en.wikipedia.org/w/index.php?title=Template:Thurston_County,_Washington&action=edit","/wiki/Thurston_County,_Washington","/wiki/County_seat","/wiki/List_of_cities_in_Washington","/wiki/Lacey,_Washington","/wiki/Rainier,_Washington","/wiki/Tenino,_Washington","/wiki/Tumwater,_Washington","/wiki/Yelm,_Washington","//upload.wikimedia.org/wikipedia/commons/thumb/8/8f/Map_of_Washington_highlighting_Thurston_County.svg/100px-Map_of_Washington_highlighting_Thurston_County.svg.png","/wiki/List_of_towns_in_Washington","/wiki/Bucoda,_Washington","/wiki/List_of_census-designated_places_in_Washington","/wiki/Grand_Mound,_Washington","/wiki/Nisqually_Indian_Community,_Washington","/wiki/North_Yelm,_Washington","/wiki/Rochester,_Washington","/wiki/Tanglewilde-Thompson_Place,_Washington","/wiki/List_of_unincorporated_communities_in_Washington","/wiki/Boston_Harbor,_Washington","/wiki/Driftwood,_Washington","/wiki/East_Olympia,_Washington","/wiki/Gate,_Washington","/wiki/Littlerock,_Washington","/wiki/Mushroom_Corner,_Washington","/wiki/List_of_Indian_reservations_in_Washington","/wiki/Chehalis_Indian_Reservation","/wiki/List_of_ghost_towns_in_Washington","/wiki/Tono,_Washington","/wiki/Template:Washington","/wiki/Template_talk:Washington","//en.wikipedia.org/w/index.php?title=Template:Washington&action=edit","//upload.wikimedia.org/wikipedia/commons/thumb/5/54/Flag_of_Washington.svg/23px-Flag_of_Washington.svg.png","/wiki/U.S._state","/wiki/Washington_(state)","/wiki/Category:Washington_(state)","/wiki/Category:Government_of_Washington_(state)","/wiki/List_of_cities_in_Washington","/wiki/List_of_towns_in_Washington","/wiki/List_of_census-designated_places_in_Washington","/wiki/United_States_congressional_delegations_from_Washington","/wiki/City_government_in_Washington_(state)","/wiki/List_of_federal_lands_in_Washington_(state)","/wiki/List_of_Governors_of_Washington","/wiki/History_of_Washington_(state)","/wiki/Washington_(state)#Geography","/wiki/List_of_people_from_Washington","/wiki/List_of_Washington_initiatives_to_the_legislature","/wiki/List_of_Washington_initiatives_to_the_people","/wiki/Washington_State_Legislature","/wiki/Music_of_Washington_(state)","/wiki/List_of_Washington_state_parks","/wiki/State_highways_in_Washington","/wiki/List_of_Washington_state_symbols","/wiki/Category:Visitor_attractions_in_Washington_(state)","/wiki/Category:Washington_(state)_culture","/wiki/Crime_in_Washington_(state)","/wiki/Demographics_of_Washington","/wiki/Economy_of_Washington_(state)","/wiki/Education_in_Washington","/wiki/Washington_(state)#Politics","/wiki/Regions_of_the_United_States#Washington","/wiki/Western_Washington","/wiki/Kitsap_Peninsula","/wiki/Long_Beach_Peninsula","/wiki/Olympic_Peninsula","/wiki/Puget_Sound_region","/wiki/San_Juan_Islands","/wiki/Skagit_Valley","/wiki/Eastern_Washington","/wiki/Inland_Northwest_(United_States)","/wiki/Central_Washington","/wiki/Columbia_Plateau","/wiki/Methow_River","/wiki/Okanagan_Country","/wiki/Palouse","/wiki/Yakima_River","/wiki/Cascade_Range","/wiki/Columbia_River_Gorge","/wiki/Columbia_River","/wiki/List_of_cities_in_Washington","/wiki/Seattle","/wiki/Spokane,_Washington","/wiki/Tacoma,_Washington","/wiki/Vancouver,_Washington","/wiki/Bellevue,_Washington","/wiki/Kent,_Washington","/wiki/Everett,_Washington","/wiki/Renton,_Washington","/wiki/Yakima,_Washington","/wiki/Federal_Way,_Washington","/wiki/Spokane_Valley,_Washington","/wiki/Bellingham,_Washington","/wiki/Kennewick,_Washington","/wiki/Auburn,_Washington","/wiki/Pasco,_Washington","/wiki/Marysville,_Washington","/wiki/Lakewood,_Washington","/wiki/Redmond,_Washington","/wiki/Shoreline,_Washington","/wiki/Kirkland,_Washington","/wiki/Richland,_Washington","/wiki/Sammamish,_Washington","/wiki/Lacey,_Washington","/wiki/Edmonds,_Washington","/wiki/Seattle_metropolitan_area","/wiki/Spokane_metropolitan_area","/wiki/Tri-Cities,_Washington","/wiki/Wenatchee_%E2%80%93_East_Wenatchee_metropolitan_area","/wiki/Portland,_Oregon_metropolitan_area","/wiki/List_of_counties_in_Washington","/wiki/Adams_County,_Washington","/wiki/Asotin_County,_Washington","/wiki/Benton_County,_Washington","/wiki/Chelan_County,_Washington","/wiki/Clallam_County,_Washington","/wiki/Clark_County,_Washington","/wiki/Columbia_County,_Washington","/wiki/Cowlitz_County,_Washington","/wiki/Douglas_County,_Washington","/wiki/Ferry_County,_Washington","/wiki/Franklin_County,_Washington","/wiki/Garfield_County,_Washington","/wiki/Grant_County,_Washington","/wiki/Grays_Harbor_County,_Washington","/wiki/Island_County,_Washington","/wiki/Jefferson_County,_Washington","/wiki/King_County,_Washington","/wiki/Kitsap_County,_Washington","/wiki/Kittitas_County,_Washington","/wiki/Klickitat_County,_Washington","/wiki/Lewis_County,_Washington","/wiki/Lincoln_County,_Washington","/wiki/Mason_County,_Washington","/wiki/Okanogan_County,_Washington","/wiki/Pacific_County,_Washington","/wiki/Pend_Oreille_County,_Washington","/wiki/Pierce_County,_Washington","/wiki/San_Juan_County,_Washington","/wiki/Skagit_County,_Washington","/wiki/Skamania_County,_Washington","/wiki/Snohomish_County,_Washington","/wiki/Spokane_County,_Washington","/wiki/Stevens_County,_Washington","/wiki/Thurston_County,_Washington","/wiki/Wahkiakum_County,_Washington","/wiki/Walla_Walla_County,_Washington","/wiki/Whatcom_County,_Washington","/wiki/Whitman_County,_Washington","/wiki/Yakima_County,_Washington","/wiki/Washington_state_legislative_districts","/wiki/Washington%27s_1st_legislative_district","/wiki/Washington%27s_2nd_legislative_district","/wiki/Washington%27s_3rd_legislative_district","/wiki/Washington%27s_4th_legislative_district","/wiki/Washington%27s_5th_legislative_district","/wiki/Washington%27s_6th_legislative_district","/wiki/Washington%27s_7th_legislative_district","/wiki/Washington%27s_8th_legislative_district","/wiki/Washington%27s_9th_legislative_district","/wiki/Washington%27s_10th_legislative_district","/wiki/Washington%27s_11th_legislative_district","/wiki/Washington%27s_12th_legislative_district","/wiki/Washington%27s_13th_legislative_district","/wiki/Washington%27s_14th_legislative_district","/wiki/Washington%27s_15th_legislative_district","/wiki/Washington%27s_16th_legislative_district","/wiki/Washington%27s_17th_legislative_district","/wiki/Washington%27s_18th_legislative_district","/wiki/Washington%27s_19th_legislative_district","/wiki/Washington%27s_20th_legislative_district","/wiki/Washington%27s_21st_legislative_district","/wiki/Washington%27s_22nd_legislative_district","/wiki/Washington%27s_23rd_legislative_district","/wiki/Washington%27s_24th_legislative_district","/wiki/Washington%27s_25th_legislative_district","/wiki/Washington%27s_26th_legislative_district","/wiki/Washington%27s_27th_legislative_district","/wiki/Washington%27s_28th_legislative_district","/wiki/Washington%27s_29th_legislative_district","/wiki/Washington%27s_30th_legislative_district","/wiki/Washington%27s_31st_legislative_district","/wiki/Washington%27s_32nd_legislative_district","/wiki/Washington%27s_33rd_legislative_district","/wiki/Washington%27s_34th_legislative_district","/wiki/Washington%27s_35th_legislative_district","/wiki/Washington%27s_36th_legislative_district","/wiki/Washington%27s_37th_legislative_district","/wiki/Washington%27s_38th_legislative_district","/wiki/Washington%27s_39th_legislative_district","/wiki/Washington%27s_40th_legislative_district","/wiki/Washington%27s_41st_legislative_district","/wiki/Washington%27s_42nd_legislative_district","/wiki/Washington%27s_43rd_legislative_district","/wiki/Washington%27s_44th_legislative_district","/wiki/Washington%27s_45th_legislative_district","/wiki/Washington%27s_46th_legislative_district","/wiki/Washington%27s_47th_legislative_district","/wiki/Washington%27s_48th_legislative_district","/wiki/Washington%27s_49th_legislative_district","/wiki/Template:Olympia","/wiki/Template_talk:Olympia","//en.wikipedia.org/w/index.php?title=Template:Olympia&action=edit","/wiki/History_of_Olympia,_Washington","/wiki/List_of_people_from_Olympia,_Washington","/wiki/Template:US_state_capitals","/wiki/Template_talk:US_state_capitals","//en.wikipedia.org/w/index.php?title=Template:US_state_capitals&action=edit","/wiki/List_of_capitals_in_the_United_States","/wiki/Alabama","/wiki/Montgomery,_Alabama","/wiki/Alaska","/wiki/Juneau,_Alaska","/wiki/Arizona","/wiki/Phoenix,_Arizona","/wiki/Arkansas","/wiki/Little_Rock,_Arkansas","/wiki/California","/wiki/Sacramento,_California","/wiki/Colorado","/wiki/Denver","/wiki/Connecticut","/wiki/Hartford,_Connecticut","/wiki/Delaware","/wiki/Dover,_Delaware","/wiki/Florida","/wiki/Tallahassee,_Florida","/wiki/Georgia_(U.S._state)","/wiki/Atlanta","/wiki/Hawaii","/wiki/Honolulu","/wiki/Idaho","/wiki/Boise,_Idaho","/wiki/Illinois","/wiki/Springfield,_Illinois","/wiki/Indiana","/wiki/Indianapolis","/wiki/Iowa","/wiki/Des_Moines,_Iowa","/wiki/Kansas","/wiki/Topeka,_Kansas","/wiki/Kentucky","/wiki/Frankfort,_Kentucky","/wiki/Louisiana","/wiki/Baton_Rouge,_Louisiana","/wiki/Maine","/wiki/Augusta,_Maine","/wiki/Maryland","/wiki/Annapolis,_Maryland","/wiki/Massachusetts","/wiki/Boston","/wiki/Michigan","/wiki/Lansing,_Michigan","/wiki/Minnesota","/wiki/Saint_Paul,_Minnesota","/wiki/Mississippi","/wiki/Jackson,_Mississippi","/wiki/Missouri","/wiki/Jefferson_City,_Missouri","/wiki/Montana","/wiki/Helena,_Montana","/wiki/Nebraska","/wiki/Lincoln,_Nebraska","/wiki/Nevada","/wiki/Carson_City,_Nevada","/wiki/New_Hampshire","/wiki/Concord,_New_Hampshire","/wiki/New_Jersey","/wiki/Trenton,_New_Jersey","/wiki/New_Mexico","/wiki/Santa_Fe,_New_Mexico","/wiki/New_York","/wiki/Albany,_New_York","/wiki/North_Carolina","/wiki/Raleigh,_North_Carolina","/wiki/North_Dakota","/wiki/Bismarck,_North_Dakota","/wiki/Ohio","/wiki/Columbus,_Ohio","/wiki/Oklahoma","/wiki/Oklahoma_City","/wiki/Oregon","/wiki/Salem,_Oregon","/wiki/Pennsylvania","/wiki/Harrisburg,_Pennsylvania","/wiki/Rhode_Island","/wiki/Providence,_Rhode_Island","/wiki/South_Carolina","/wiki/Columbia,_South_Carolina","/wiki/South_Dakota","/wiki/Pierre,_South_Dakota","/wiki/Tennessee","/wiki/Nashville,_Tennessee","/wiki/Texas","/wiki/Austin,_Texas","/wiki/Utah","/wiki/Salt_Lake_City","/wiki/Vermont","/wiki/Montpelier,_Vermont","/wiki/Virginia","/wiki/Richmond,_Virginia","/wiki/Washington_(state)","/wiki/West_Virginia","/wiki/Charleston,_West_Virginia","/wiki/Wisconsin","/wiki/Madison,_Wisconsin","/wiki/Wyoming","/wiki/Cheyenne,_Wyoming","/wiki/Washington,_D.C.","/wiki/Washington,_D.C.","/wiki/American_Samoa","/wiki/Pago_Pago","/wiki/Guam","/wiki/Hag%C3%A5t%C3%B1a,_Guam","/wiki/Northern_Mariana_Islands","/wiki/Saipan","/wiki/Puerto_Rico","/wiki/San_Juan,_Puerto_Rico","/wiki/United_States_Virgin_Islands","/wiki/Charlotte_Amalie,_United_States_Virgin_Islands","/wiki/Federal_capital","/wiki/Template:Mosquito_Fleet","/wiki/Template_talk:Mosquito_Fleet","//en.wikipedia.org/w/index.php?title=Template:Mosquito_Fleet&action=edit","/wiki/Puget_Sound_Mosquito_Fleet","/wiki/Template:Mosquito_Fleet_ship_types","/wiki/Template_talk:Mosquito_Fleet_ship_types","//en.wikipedia.org/w/index.php?title=Template:Mosquito_Fleet_ship_types&action=edit","/wiki/Category:Steamboats_of_Washington_(state)","/wiki/Albion_(steamboat)","/wiki/Alice_(steam_tug_1897)","/wiki/Alice_Gertrude","/wiki/Annie_M._Pence","/wiki/Aquilo_(steamboat)","/wiki/Atlanta_(steamboat_1908)","/wiki/Audrey_(tugboat)","/wiki/Crest_(steamboat_1900)","/wiki/Bellingham_(steamship)","/wiki/Burton_(steamboat)","/wiki/C.C._Calkins","/wiki/C.C._Cherry","/wiki/Calista_(steamboat)","/wiki/Camano_(steamboat)","/wiki/Clallam_(steamboat)","/wiki/Concordia_(steamboat)","/wiki/Crest_(steamboat_1900)","/wiki/Crystal_(steamboat)","/wiki/Daring_(steamboat_1909)","/wiki/Dart_(steamboat)","/wiki/Dauntless_(steamboat)","/wiki/Defiance_(steamboat)","/wiki/Dix_(steamboat)","/wiki/Dode_(steamboat)","/wiki/Dove_(steamboat)","/wiki/Eagle_(steamboat)","/wiki/Elfin_(steamboat)","/wiki/Elk_(steam_tug)","/wiki/Elsinore_(steamboat)","/wiki/Fleetwood_(steamboat)","/wiki/Florence_K","/wiki/Fortuna_(steamboat)","/wiki/Flyer_(steamboat)","/wiki/General_Miles","/wiki/Sechelt_(steamboat)","/wiki/Hector_(steamboat_1897)","/wiki/Hyak_(steamboat_1909)","/wiki/Inland_Flyer","/wiki/Iola_(steamboat_1885)","/wiki/Island_Princess_(steamboat)","/wiki/Islander_(steamboat)","/wiki/Elk_(steam_tug)","/wiki/L.T._Haas_(steamboat)","/wiki/Lady_of_the_Lake_(steamboat)","/wiki/Magnolia_(steamboat)","/wiki/Mizpah_(steamboat)","/wiki/Monticello_2_(steamboat)","/wiki/Otter_(sternwheeler)","/wiki/Quickstep_(steamboat)","/wiki/Rosalie_(steamship)","/wiki/Sentinel_(steamboat)","/wiki/Triton_(steamboat)","/wiki/Urania_(steamboat)","/wiki/Vashon_(steamboat_1905)","/wiki/Verona_(steamship)","/wiki/Victor_(steamboat_1893)","/wiki/Virginia_V","/wiki/Willapa_(steamship)","/wiki/SS_Asbury_Park","/wiki/M/V_Coho","/wiki/Duwamish_(fireboat)","/wiki/El_Primero","/wiki/Jessie_Banning","/wiki/Kulshan_(steamship)","/wiki/Potlatch_(steamship)","/wiki/Sioux_(steamship)","/wiki/Sol_Duc_(steamship)","/wiki/Tacoma_(steamship)","/wiki/Bailey_Gatzert_(sternwheeler)","/wiki/Capital_City_(sternwheeler)","/wiki/Chehalis_(steamboat_1867)","/wiki/City_of_Shelton_(sternwheeler)","/wiki/Clara_Brown_(steamboat)","/wiki/Comet_(sternwheeler)","/wiki/Daisy_(steamboat)","/wiki/Enterprise_(1855)","/wiki/Fairhaven_(sternwheeler)","/wiki/Fidalgo_(sternwheeler)","/wiki/Greyhound_(sternwheeler_1890)","/wiki/Hassalo_(sternwheeler_1880)","/wiki/Henry_Bailey_(sternwheeler)","/wiki/Irene_(sternwheeler)","/wiki/Monte_Cristo_(sternwheeler)","/wiki/Multnomah_(sternwheeler)","/wiki/Northern_Light_(sternwheeler)","/wiki/Old_Settler_(sternwheeler)","/wiki/Otter_(sternwheeler)","/wiki/S.G._Simpson_(sternwheeler)","/wiki/Teaser_(sternwheeler)","/wiki/Triumph_(sternwheeler)","/wiki/WT_Preston","/wiki/Zephyr_(steamboat)","/wiki/Alaskan_(sidewheeler)","/wiki/Beaver_(steamship)","/wiki/Cyrus_Walker_(sidewheel_tug)","/wiki/PS_Eliza_Anderson","/wiki/Fairy_(steamboat)","/wiki/George_E._Starr_(steamboat)","/wiki/Idaho_(sidewheeler_1860)","/wiki/King_County_(steam_ferry)","/wiki/Kirkland_(sidewheeler)","/wiki/Leschi_(steam_ferry)","/wiki/North_Pacific_(sidewheeler)","/wiki/Princess_Louise_(sidewheeler)","/wiki/Olympian_(sidewheeler)","/wiki/T.J._Potter","/wiki/Wilson_G._Hunt_(sidewheeler)","/wiki/West_Seattle_(steam_ferry)","/wiki/Yosemite_(sidewheeler)","/wiki/Alice_(steam_tug_1897)","/wiki/C.C._Cherry","/wiki/Cyrus_Walker_(sidewheel_tug)","/wiki/Duwamish_(fireboat)","/wiki/Echo_(steam_tug)","/wiki/Elk_(steam_tug)","/wiki/Goliah_(steam_tug_1849)","/wiki/USS_Goliah_(SP-1494)","/wiki/Hector_(steamboat_1897)","/wiki/Rabboni_(steam_tug)","/wiki/Portland_(steam_tug_1875)","/wiki/Richard_Holyoke_(steam_tug)","/wiki/Lady_of_the_Lake_(steamboat_1897)","/wiki/Wallowa_(steam_tug)","/wiki/Bailey_Gatzert_(sternwheeler)","/wiki/SS_Asbury_Park","/wiki/Florence_K","/wiki/Fortuna_(steamboat)","/wiki/Sioux_(steamship)","/wiki/City_of_Clinton_(steam_ferry)","/wiki/City_of_Mukilteo_(steam_ferry)","/wiki/City_of_Seattle_(steam_ferry)","/wiki/Issaquah_(steam_ferry)","/wiki/King_County_(steam_ferry)","/wiki/Leschi_(steam_ferry)","/wiki/West_Seattle_(steam_ferry)","/wiki/Alverene_(motor_launch)","/wiki/Bainbridge_(motor_vessel)","/wiki/M/V_Coho","/wiki/Lotus_(motor_vessel)","/wiki/Speeder_(motor_vessel)","/wiki/Suquamish_(motor_vessel)","/wiki/Template:Mosquito_Fleet_companies","/wiki/Template_talk:Mosquito_Fleet_companies","//en.wikipedia.org/w/index.php?title=Template:Mosquito_Fleet_companies&action=edit","/wiki/Angeles_Brewing_and_Malting_Company","/wiki/Puget_Sound_Navigation_Company","/wiki/Hale_Passage_and_Wollochet_Bay_Navigation_Company","/wiki/Kitsap_County_Transportation_Company","/wiki/Hunt_Brothers_(steamboat_line)","/wiki/Island_Transportation_Company","/wiki/Kitsap_County_Transportation_Company","/wiki/La_Conner_Trading_and_Transportation_Company","/wiki/Matthew_McDowell","/wiki/Merchants_Transportation_Company","/wiki/Moe_Brothers","/wiki/Oregon_Railway_and_Navigation_Company","/wiki/Oregon_Steam_Navigation_Company","/wiki/Puget_Sound_Navigation_Company","/wiki/Pacific_Coast_Steamship_Company","/wiki/Straits_Steamship_Company","/wiki/Tacoma_and_Burton_Navigation_Company","/wiki/Vashon_Navigation_Company","/wiki/Pacific_Tow_Boat_Company","/wiki/Kitsap_County_Transportation_Company","/wiki/Oregon_and_Washington_Ferry_and_Navigation_Co.","/wiki/Puget_Sound_Navigation_Company","/wiki/West_Seattle_Land_and_Improvement_Company","/wiki/Crawford_and_Reid_(shipbuilders)","/wiki/J._F._Duthie_%26_Company","/wiki/John_J._Holland","/wiki/King_and_Winge_Shipbuilding_Company","/wiki/Lake_Washington_Shipyard","/wiki/Robert_Moran_(shipbuilder)","/wiki/Martinolich_Shipbuilding_Company","/wiki/William_Rankin_Ballard","/wiki/Thomas_Coupe","/wiki/Joshua_Green_(seaman_and_banker)","/wiki/Matthew_McDowell","/wiki/Template:Steamboats_Outside_Washington","/wiki/Template_talk:Steamboats_Outside_Washington","//en.wikipedia.org/w/index.php?title=Template:Steamboats_Outside_Washington&action=edit","/wiki/Steamboats_of_Lake_Washington","/wiki/Steamboats_of_the_Columbia_River","/wiki/Steamboats_of_the_Cowlitz_River","/wiki/Steamboats_of_Grays_Harbor_and_Chehalis_and_Hoquiam_Rivers","/wiki/Steamboats_of_Willapa_Bay","/wiki/Steamboats_of_Columbia_River,_Wenatchee_Reach","/wiki/Steamboats_of_Lake_Crescent,_Washington","/wiki/Steamboats_of_the_Columbia_River","/wiki/Steamboats_of_the_Willamette_River","/wiki/Steamboats_of_the_Oregon_Coast","/wiki/Steamboats_of_Yaquina_Bay_and_Yaquina_River","/wiki/Steamboats_of_the_Coquille_River","/wiki/Steamboats_of_Coos_Bay","/wiki/Steamboats_of_the_Upper_Fraser_River","/wiki/Vessels_of_the_Lakes_Route","/wiki/Steamboats_of_the_Arrow_Lakes","/wiki/Steamboats_of_Lake_Okanagan","/wiki/Steamboats_of_the_upper_Columbia_and_Kootenay_Rivers","/wiki/Steamboats_of_the_Skeena_River","/wiki/Steamboats_of_the_Stikine_River","/wiki/Steamboats_of_the_Peace_River","/wiki/Steamboats_of_the_Yukon_River","/wiki/Steamboats_of_the_Mackenzie_River","/wiki/Template:Columbia_River_steamboats","/wiki/Template:Steamboats_British_Columbia","/wiki/Template:California_Steamboats","/wiki/List_of_ships_in_British_Columbia","/wiki/List_of_Royal_Navy_ships_in_the_Pacific_Northwest","/wiki/List_of_steamboats_on_the_Columbia_River","/wiki/Washington_State_Ferries","//en.wikipedia.org/w/index.php?title=Special:CentralAutoLogin/start&type=1x1&from=enwiki","http://en.wikipedia.org/w/index.php?title=Olympia,_Washington&oldid=564045089","/wiki/Help:Categories","/wiki/Category:Olympia,_Washington","/wiki/Category:County_seats_in_Washington_(state)","/wiki/Category:Populated_places_established_in_1853","/wiki/Category:Populated_places_in_Thurston_County,_Washington","/wiki/Category:Cities_in_Washington_(state)","/wiki/Category:All_articles_with_dead_external_links","/wiki/Category:Articles_with_dead_external_links_from_November_2011","/wiki/Category:All_articles_with_unsourced_statements","/wiki/Category:Articles_with_unsourced_statements_from_April_2012","/wiki/Category:Commons_category_template_with_no_category_set","/wiki/Category:Commons_category_with_page_title_same_as_on_Wikidata","/w/index.php?title=Special:UserLogin&returnto=Olympia%2C+Washington&type=signup","/w/index.php?title=Special:UserLogin&returnto=Olympia%2C+Washington","/wiki/Olympia,_Washington","/wiki/Talk:Olympia,_Washington","#","/wiki/Olympia,_Washington","/w/index.php?title=Olympia,_Washington&action=edit","/w/index.php?title=Olympia,_Washington&action=history","#","/w/index.php","//bits.wikimedia.org/static-1.22wmf10/skins/vector/images/search-ltr.png?303-4","/wiki/Main_Page","/wiki/Main_Page","/wiki/Portal:Contents","/wiki/Portal:Featured_content","/wiki/Portal:Current_events","/wiki/Special:Random","//donate.wikimedia.org/wiki/Special:FundraiserRedirector?utm_source=donate&utm_medium=sidebar&utm_campaign=C13_en.wikipedia.org&uselang=en","/wiki/Help:Contents","/wiki/Wikipedia:About","/wiki/Wikipedia:Community_portal","/wiki/Special:RecentChanges","//en.wikipedia.org/wiki/Wikipedia:Contact_us","/wiki/Special:WhatLinksHere/Olympia,_Washington","/wiki/Special:RecentChangesLinked/Olympia,_Washington","/wiki/Wikipedia:File_Upload_Wizard","/wiki/Special:SpecialPages","/w/index.php?title=Olympia,_Washington&oldid=564045089","/w/index.php?title=Olympia,_Washington&action=info","//www.wikidata.org/wiki/Q42735","/w/index.php?title=Special:Cite&page=Olympia%2C_Washington&id=564045089","/w/index.php?title=Special:Book&bookcmd=book_creator&referer=Olympia%2C+Washington","/w/index.php?title=Special:Book&bookcmd=render_article&arttitle=Olympia%2C+Washington&oldid=564045089&writer=rl","/w/index.php?title=Olympia,_Washington&printable=yes","//ar.wikipedia.org/wiki/%D8%A3%D9%88%D9%84%D9%85%D8%A8%D9%8A%D8%A7%D8%8C_%D9%88%D8%A7%D8%B4%D9%86%D8%B7%D9%86","//an.wikipedia.org/wiki/Olympia_(Washington)","//ast.wikipedia.org/wiki/Olympia_(Washington)","//zh-min-nan.wikipedia.org/wiki/Olympia,_Washington","//bg.wikipedia.org/wiki/%D0%9E%D0%BB%D0%B8%D0%BC%D0%BF%D0%B8%D1%8F_(%D0%92%D0%B0%D1%88%D0%B8%D0%BD%D0%B3%D1%82%D0%BE%D0%BD)","//bs.wikipedia.org/wiki/Olympia_(Washington)","//br.wikipedia.org/wiki/Olympia_(Washington)","//ca.wikipedia.org/wiki/Olympia_(Washington)","//cs.wikipedia.org/wiki/Olympia_(Washington)","//co.wikipedia.org/wiki/Olympia_(Washington)","//cy.wikipedia.org/wiki/Olympia,_Washington","//da.wikipedia.org/wiki/Olympia_(Washington)","//de.wikipedia.org/wiki/Olympia_(Washington)","//et.wikipedia.org/wiki/Olympia","//el.wikipedia.org/wiki/%CE%9F%CE%BB%CF%8D%CE%BC%CF%80%CE%B9%CE%B1_(%CE%9F%CF%85%CE%AC%CF%83%CE%B9%CE%BD%CE%B3%CE%BA%CF%84%CE%BF%CE%BD)","//es.wikipedia.org/wiki/Olympia_(Washington)","//eo.wikipedia.org/wiki/Olympia_(Va%C5%9Dingtonio)","//eu.wikipedia.org/wiki/Olympia_(Washington)","//fa.wikipedia.org/wiki/%D8%A7%D9%88%D9%84%D9%85%D9%BE%DB%8C%D8%A7%D8%8C_%D9%88%D8%A7%D8%B4%DB%8C%D9%86%DA%AF%D8%AA%D9%86","//fo.wikipedia.org/wiki/Olympia_(Washington)","//fr.wikipedia.org/wiki/Olympia_(Washington)","//fy.wikipedia.org/wiki/Olympia_(Washington)","//ga.wikipedia.org/wiki/Olympia","//gl.wikipedia.org/wiki/Olympia,_Washington","//ko.wikipedia.org/wiki/%EC%98%AC%EB%A6%BC%ED%94%BC%EC%95%84_(%EC%9B%8C%EC%8B%B1%ED%84%B4_%EC%A3%BC)","//hy.wikipedia.org/wiki/%D5%95%D5%AC%D5%AB%D5%B4%D5%BA%D5%AB%D5%A1_(%D5%8E%D5%A1%D5%B7%D5%AB%D5%B6%D5%A3%D5%BF%D5%B8%D5%B6)","//io.wikipedia.org/wiki/Olympia,_Washington","//id.wikipedia.org/wiki/Olympia,_Washington","//ia.wikipedia.org/wiki/Olympia,_Washington","//os.wikipedia.org/wiki/%D0%9E%D0%BB%D0%B8%D0%BC%D0%BF%D0%B8_(%D0%92%D0%B0%D1%88%D0%B8%D0%BD%D0%B3%D1%82%D0%BE%D0%BD)","//it.wikipedia.org/wiki/Olympia_(Washington)","//he.wikipedia.org/wiki/%D7%90%D7%95%D7%9C%D7%99%D7%9E%D7%A4%D7%99%D7%94_(%D7%95%D7%95%D7%A9%D7%99%D7%A0%D7%92%D7%98%D7%95%D7%9F)","//kw.wikipedia.org/wiki/Olympia,_Washington","//sw.wikipedia.org/wiki/Olympia,_Washington","//ht.wikipedia.org/wiki/Olympia_(Wachint%C3%B2n)","//ku.wikipedia.org/wiki/Olympia_(Washington)","//mrj.wikipedia.org/wiki/%D0%9E%D0%BB%D0%B8%D0%BC%D0%BF%D0%B8_(%D0%92%D0%B0%D1%88%D0%B8%D0%BD%D0%B3%D1%82%D0%BE%D0%BD)","//lv.wikipedia.org/wiki/Olimpija_(ASV)","//lt.wikipedia.org/wiki/Olimpija_(Va%C5%A1ingtonas)","//lij.wikipedia.org/wiki/Olympia_(Washington)","//lmo.wikipedia.org/wiki/Olympia,_Washington","//hu.wikipedia.org/wiki/Olympia_(Washington)","//mk.wikipedia.org/wiki/%D0%9E%D0%BB%D0%B8%D0%BC%D0%BF%D0%B8%D1%98%D0%B0_(%D0%92%D0%B0%D1%88%D0%B8%D0%BD%D0%B3%D1%82%D0%BE%D0%BD)","//mg.wikipedia.org/wiki/Olympia,_Washington","//mr.wikipedia.org/wiki/%E0%A4%91%E0%A4%B2%E0%A4%BF%E0%A4%82%E0%A4%AA%E0%A4%BF%E0%A4%AF%E0%A4%BE,_%E0%A4%B5%E0%A5%89%E0%A4%B6%E0%A4%BF%E0%A4%82%E0%A4%97%E0%A5%8D%E0%A4%9F%E0%A4%A8","//ms.wikipedia.org/wiki/Olympia,_Washington","//nl.wikipedia.org/wiki/Olympia_(Washington)","//ja.wikipedia.org/wiki/%E3%82%AA%E3%83%AA%E3%83%B3%E3%83%94%E3%82%A2_(%E3%83%AF%E3%82%B7%E3%83%B3%E3%83%88%E3%83%B3%E5%B7%9E)","//no.wikipedia.org/wiki/Olympia_(Washington)","//oc.wikipedia.org/wiki/Olympia_(Washington)","//uz.wikipedia.org/wiki/Olympia_(Washington)","//pnb.wikipedia.org/wiki/%D8%A7%D9%88%D9%84%D9%85%D9%BE%DB%8C%D8%A7","//pms.wikipedia.org/wiki/Olympia_(Washington)","//pl.wikipedia.org/wiki/Olympia_(Waszyngton)","//pt.wikipedia.org/wiki/Olympia_(Washington)","//ro.wikipedia.org/wiki/Olympia,_Washington","//qu.wikipedia.org/wiki/Olympia_(Washington)","//ru.wikipedia.org/wiki/%D0%9E%D0%BB%D0%B8%D0%BC%D0%BF%D0%B8%D1%8F_(%D0%92%D0%B0%D1%88%D0%B8%D0%BD%D0%B3%D1%82%D0%BE%D0%BD)","//sq.wikipedia.org/wiki/Olympia","//simple.wikipedia.org/wiki/Olympia,_Washington","//sk.wikipedia.org/wiki/Olympia_(Washington)","//sr.wikipedia.org/wiki/%D0%9E%D0%BB%D0%B8%D0%BC%D0%BF%D0%B8%D1%98%D0%B0_(%D0%92%D0%B0%D1%88%D0%B8%D0%BD%D0%B3%D1%82%D0%BE%D0%BD)","//sh.wikipedia.org/wiki/Olympia_(Washington)","//fi.wikipedia.org/wiki/Olympia_(Washington)","//sv.wikipedia.org/wiki/Olympia,_Washington","//tl.wikipedia.org/wiki/Olympia,_Washington","//ta.wikipedia.org/wiki/%E0%AE%92%E0%AE%B2%E0%AE%BF%E0%AE%AE%E0%AF%8D%E0%AE%AA%E0%AE%BF%E0%AE%AF%E0%AE%BE,_%E0%AE%B5%E0%AE%BE%E0%AE%B7%E0%AE%BF%E0%AE%99%E0%AF%8D%E0%AE%9F%E0%AE%A9%E0%AF%8D","//tr.wikipedia.org/wiki/Olympia,_Washington","//uk.wikipedia.org/wiki/%D0%9E%D0%BB%D1%96%D0%BC%D0%BF%D1%96%D1%8F_(%D0%92%D0%B0%D1%88%D0%B8%D0%BD%D0%B3%D1%82%D0%BE%D0%BD)","//ur.wikipedia.org/wiki/%D8%A7%D9%88%D9%84%D9%85%D9%BE%DB%8C%D8%A7%D8%8C_%D9%88%D8%A7%D8%B4%D9%86%DA%AF%D9%B9%D9%86","//vec.wikipedia.org/wiki/Olympia_(Washington)","//vi.wikipedia.org/wiki/Olympia,_Washington","//vo.wikipedia.org/wiki/Olympia","//war.wikipedia.org/wiki/Olympia,_Washington","//bat-smg.wikipedia.org/wiki/Olimp%C4%97j%C4%97_(Va%C5%A1ingtons)","//zh.wikipedia.org/wiki/%E5%A5%A7%E6%9E%97%E5%8C%B9%E4%BA%9E_(%E8%8F%AF%E7%9B%9B%E9%A0%93%E5%B7%9E)","#","//www.wikidata.org/wiki/Q42735#sitelinks-wikipedia","//en.wikipedia.org/wiki/Wikipedia:Text_of_Creative_Commons_Attribution-ShareAlike_3.0_Unported_License","//creativecommons.org/licenses/by-sa/3.0/","//wikimediafoundation.org/wiki/Terms_of_Use","//wikimediafoundation.org/wiki/Privacy_policy","//www.wikimediafoundation.org/","//wikimediafoundation.org/wiki/Privacy_policy","/wiki/Wikipedia:About","/wiki/Wikipedia:General_disclaimer","//en.wikipedia.org/wiki/Wikipedia:Contact_us","//en.m.wikipedia.org/wiki/Olympia,_Washington","//wikimediafoundation.org/","//bits.wikimedia.org/images/wikimedia-button.png","//www.mediawiki.org/","//bits.wikimedia.org/static-1.22wmf10/skins/common/images/poweredby_mediawiki_88x31.png","//bits.wikimedia.org/en.wikipedia.org/load.php?debug=false&lang=en&modules=site&only=scripts&skin=vector&*"],"instances":["musician","band","tribe","band","washington","beer","band","tribe","state","tribe","band","band","washington","washington","political"],"pdf":["http://olympiawa.gov/documents/CouncilPackets/20100614/FA_DiamondPkgLotSTF.pdf"],"categories":["Olympia, Washington|","County seats in Washington (state)","Populated places established in 1853","Populated places in Thurston County, Washington","Cities in Washington (state)"],"headings":["History","Geography and climate","Demographics","Schools and universities","Arts","Sports","Transportation","Media","Notable residents","Sister cities","Fictional references","Influences on music","See also","References","External links"],"image":["//upload.wikimedia.org/wikipedia/commons/thumb/a/a6/Olympia_bh_aug05.jpg/250px-Olympia_bh_aug05.jpg","//upload.wikimedia.org/wikipedia/commons/thumb/1/11/Thurston_County_Washington_Incorporated_and_Unincorporated_areas_Olympia_Highlighted.svg/250px-Thurston_County_Washington_Incorporated_and_Unincorporated_areas_Olympia_Highlighted.svg.png","//upload.wikimedia.org/wikipedia/commons/thumb/e/e1/Olympia_old_cap_aug_05.jpg/220px-Olympia_old_cap_aug_05.jpg","//bits.wikimedia.org/static-1.22wmf10/skins/common/images/magnify-clip.png","//upload.wikimedia.org/wikipedia/en/thumb/f/fc/Olympia_Washington.jpg/220px-Olympia_Washington.jpg","//bits.wikimedia.org/static-1.22wmf10/skins/common/images/magnify-clip.png","//upload.wikimedia.org/wikipedia/commons/thumb/3/3f/Oly_WA_Capitol_Theater_03.jpg/220px-Oly_WA_Capitol_Theater_03.jpg","//bits.wikimedia.org/static-1.22wmf10/skins/common/images/magnify-clip.png","//upload.wikimedia.org/wikipedia/commons/thumb/e/ea/Intercity_Transit_902.JPG/220px-Intercity_Transit_902.JPG","//bits.wikimedia.org/static-1.22wmf10/skins/common/images/magnify-clip.png","//upload.wikimedia.org/wikipedia/commons/thumb/9/9a/Olympaaug05_v2.jpg/220px-Olympaaug05_v2.jpg","//bits.wikimedia.org/static-1.22wmf10/skins/common/images/magnify-clip.png","//upload.wikimedia.org/wikipedia/commons/thumb/5/54/Flag_of_Washington.svg/32px-Flag_of_Washington.svg.png","//upload.wikimedia.org/wikipedia/en/thumb/4/4a/Commons-logo.svg/30px-Commons-logo.svg.png","//upload.wikimedia.org/wikipedia/commons/thumb/8/8a/Wikivoyage-logo.svg/40px-Wikivoyage-logo.svg.png","//upload.wikimedia.org/wikipedia/commons/thumb/8/8f/Map_of_Washington_highlighting_Thurston_County.svg/100px-Map_of_Washington_highlighting_Thurston_County.svg.png","//upload.wikimedia.org/wikipedia/commons/thumb/5/54/Flag_of_Washington.svg/23px-Flag_of_Washington.svg.png","//en.wikipedia.org/w/index.php?title=Special:CentralAutoLogin/start&type=1x1&from=enwiki","//bits.wikimedia.org/static-1.22wmf10/skins/vector/images/search-ltr.png?303-4","//bits.wikimedia.org/images/wikimedia-button.png","//bits.wikimedia.org/static-1.22wmf10/skins/common/images/poweredby_mediawiki_88x31.png"],"tags":[["washington","state"],["capital","political"],["washington","state"],["nisqually","tribe"],["puyallup","tribe"],["chehalis","tribe"],["olympia","beer"],["deschutes_river","washington"],["white","u.s._census"],["african_american","u.s._census"],["native_american","u.s._census"],["asian","u.s._census"],["race","u.s._census"],["race","u.s._census"],["hispanic","u.s._census"],["latino","u.s._census"],["hispanic","u.s._census"],["olympia_high_school","washington"],["capital_high_school","washington"],["calvin_johnson","musician"],["hole","band"],["rancid","band"],["rentokill","band"],["nirvana","band"],["bright_eyes","band"],["capital_high_school","washington"],["olympia_high_school","washington"]],"members":["latino","calvin_johnson","nirvana","nisqually","rentokill","deschutes_river","hispanic","african_american","white","olympia","race","bright_eyes","chehalis","washington","puyallup","rancid","hole","capital_high_school","native_american","asian","olympia_high_school","capital"],"related":["State_capital","List_of_countries","United_States","U.S._state","Washington_(state)","List_of_counties_in_Washington","Thurston_County,_Washington","Mayor","Municipal_corporation","2010_United_States_Census","Pacific_Time_Zone","ZIP_code","Area_code_360","Federal_Information_Processing_Standard","Geographic_Names_Information_System","Capital_(political)","U.S._state","Washington_(state)","County_seat","Thurston_County,_Washington","2010_United_States_Census","Lacey,_Washington","Tumwater","Puget_Sound","Lushootseed","Squaxin_Island_Tribe","Nisqually_(tribe)","Puyallup_(tribe)","Chehalis_(tribe)","Suquamish","Duwamish_tribe","Peter_Puget","Vancouver_Expedition","Oregon_Trail","Isaac_N._Ebey","Olympic_Mountains","Puget_Sound_Mosquito_Fleet","Olympia_Brewing_Company","Olympia_(beer)","Nisqually_earthquake","The_Evergreen_State_College","South_Puget_Sound_Community_College","Mark_Foutch","United_States_Census_Bureau","Puget_Sound","Budd_Inlet","Deschutes_River_(Washington)","Estuary","Capitol_Lake","Reclaimed_land","Lacey,_Washington","Tumwater,_Washington","Oceanic_climate","Köppen_climate_classification","Mediterranean_climate","Aleutian_Islands","Alaska","National_Oceanic_and_Atmospheric_Administration","Public_park","Woodard_Bay_Natural_Resources_Conservation_Area","Henderson_Inlet","Percival_Landing_Park","Boardwalk","Watershed_Park","Waterworks","Priest_Point_Park","Burfoot_Park","Sunrise_Park","Yauger_Park","Skate_park","Nisqually_National_Wildlife_Refuge","Capitol_State_Forest","Artesian_water","Bigelow_Neighborhood","McAllister_Springs","Olympia_Brewery","H2Olympia","Census","Population_density","White_(U.S._Census)","African_American_(U.S._Census)","Native_American_(U.S._Census)","Asian_(U.S._Census)","Race_(U.S._Census)","Race_(U.S._Census)","Hispanic_(U.S._Census)","Latino_(U.S._Census)","Marriage","Census","Population_density","Race_and_ethnicity_in_the_United_States_Census","Race_and_ethnicity_in_the_United_States_Census","Race_and_ethnicity_in_the_United_States_Census","Race_and_ethnicity_in_the_United_States_Census","Race_and_ethnicity_in_the_United_States_Census","Race_and_ethnicity_in_the_United_States_Census","Hispanic_(U.S._Census)","Latino","Germans","Irish_people","English_people","Norwegians","United_states","Census_2000","English_language","Spanish_language","Vietnamese_language","Marriage","Per_capita_income","Poverty_line","Olympia_School_District","Olympia_High_School_(Washington)","Capital_High_School_(Washington)","The_Evergreen_State_College","South_Puget_Sound_Community_College","Theatre","Murals","Sculpture","Percival_Landing","The_Washington_Center_for_the_Performing_Arts","Monarch_Contemporary_Art_Center_and_Sculpture_Park","Sculpture_garden","Art_gallery","Olympia_Film_Society","Earth_Day","Procession_of_the_Species","Joan_Benoit","Gold_medal","1984_Summer_Olympics","Los_Angeles","Oly_Rollers","Women's_Flat_Track_Derby_Association","Philadelphia,_Pennsylvania","Guerilla_Running_Racing_Club","Amtrak","Centennial_Station","Coast_Starlight","Portland,_Oregon","Sacramento,_California","Emeryville,_California","San_Francisco","Los_Angeles_Union_Station","Tacoma","Seattle","Amtrak_Cascades","Vancouver,_British_Columbia","Eugene,_Oregon","Intercity_Transit","Grays_Harbor_Transit","Mason_Transit","Pierce_Transit","Sound_Transit","American_Public_Transportation_Association","Olympia_Regional_Airport","General_aviation","Corporate_aviation","Father's_Day","The_Olympian","Weekly_Volcano","Kasey_Keller","Seattle_Sounders_FC","Riot_grrrl","Bikini_Kill","Bratmobile","Sleater-Kinney","Kurt_Cobain","Calvin_Johnson_(musician)","Beat_Happening","K_Records","Kimya_Dawson","Caitlin_Kittredge","The_Fleetwoods","William_Winlock_Miller_High_School","Scott_LaValla","Sister_city","Katō,_Hyōgo","Olympia,_Greece","Samarkand","Raymond_Chandler","Philip_Marlowe","Great_Depression","Gossip_Girl","Dan_Humphrey","The_Evergreen_State_College","K_Records","Punk_subculture","Riot_grrrl","Sleater-Kinney","Hole_(band)","Mukilteo_Fairies","Team_Dresch","Rancid_(band)","NOFX","Rentokill_(band)","Nirvana_(band)","Kurt_Cobain","Modest_Mouse","Kimya_Dawson","Macklemore","Evergreen_State_College","Bright_Eyes_(band)","Death_Cab_for_Cutie","Bigelow_House","Bigelow_Neighborhood","Capital_City_Pride","Capital_High_School_(Washington)","Pacific_Northwest","Washington_State_Capitol","CommonAction","Lakefair","Music_of_Washington","Olympia_Airport","Olympia_High_School_(Washington)","Olympia_music_scene","Port_Militarization_Resistance","Procession_of_the_Species","The_Evergreen_State_College"]}