{"cursor":"3119","size":15,"audio":[],"currentlang":"en","article":"\n\n{{Infobox French commune |name = Saint-Paul-lÃ¨s-Durance |image coat of arms =\nBlason de la ville de Saint-Paul-lÃ¨s-Durance (13).svg |region = Provence-Alpes-\nCÃ´te d'Azur |department = Bouches-du-RhÃ´ne |arrondissement = Aix-en-Provence\n|canton = Peyrolles-en-Provence |INSEE = 13099 |postal code = 13115 |mayor =\nRoger Pizot |term = 2008–2014 |intercommunality = Pays d'Aix |longitude =\n5.7083 |latitude = 43.6878 |elevation m = 254 |elevation min m = 230 |elevation\nmax m = 519 |area km2 = 45.81 |population = 973 |population date = 2008 }}\n\n'Saint-Paul-lÃ¨s-Durance' is a commune in the Bouches-du-RhÃ´ne department in\nsouthern France.\n\nThe Cadarache research center for nuclear energy is located in Saint-Paul-lÃ¨s-\nDurance.\n","linknr":286,"url":"Saint-Paul-lès-Durance","recorded":1374540035,"links":["/w/index.php?title=Saint-Paul-l%C3%A8s-Durance&action=edit","/w/index.php?title=Saint-Paul-l%C3%A8s-Durance&action=edit","//bits.wikimedia.org/favicon/wikipedia.ico","/w/opensearch_desc.php","//en.wikipedia.org/w/api.php?action=rsd","//creativecommons.org/licenses/by-sa/3.0/","/w/index.php?title=Special:RecentChanges&feed=atom","//bits.wikimedia.org/en.wikipedia.org/load.php?debug=false&lang=en&modules=ext.gadget.DRN-wizard%2CReferenceTooltips%2Ccharinsert%2Cteahouse%7Cext.rtlcite%2Cwikihiero%7Cext.uls.nojs%7Cmediawiki.legacy.commonPrint%2Cshared%7Cmw.PopUpMediaTransform%7Cskins.vector&only=styles&skin=vector&*","//bits.wikimedia.org/en.wikipedia.org/load.php?debug=false&lang=en&modules=site&only=styles&skin=vector&*","//bits.wikimedia.org/en.wikipedia.org/load.php?debug=false&lang=en&modules=startup&only=scripts&skin=vector&*","//bits.wikimedia.org/geoiplookup","//meta.wikimedia.org","#mw-navigation","#p-search","/wiki/File:Translation_to_english_arrow.svg","//upload.wikimedia.org/wikipedia/commons/thumb/8/8a/Translation_to_english_arrow.svg/50px-Translation_to_english_arrow.svg.png","//fr.wikipedia.org/wiki/Saint-Paul-l%C3%A8s-Durance","//fr.wikipedia.org/wiki/","http://translate.google.com/translate?&u=http%3A%2F%2Ffr.wikipedia.org%2Fwiki%2FSaint-Paul-l%C3%A8s-Durance&sl=fr&tl=en","/wiki/Talk:Saint-Paul-l%C3%A8s-Durance","/wiki/Wikipedia:Copying_within_Wikipedia","/wiki/Wikipedia:Translation","/wiki/File:Blason_de_la_ville_de_Saint-Paul-l%C3%A8s-Durance_(13).svg","//upload.wikimedia.org/wikipedia/commons/thumb/6/68/Blason_de_la_ville_de_Saint-Paul-l%C3%A8s-Durance_%2813%29.svg/73px-Blason_de_la_ville_de_Saint-Paul-l%C3%A8s-Durance_%2813%29.svg.png","/wiki/File:France_location_map-Regions_and_departements.svg","//upload.wikimedia.org/wikipedia/commons/thumb/3/3b/France_location_map-Regions_and_departements.svg/270px-France_location_map-Regions_and_departements.svg.png","//upload.wikimedia.org/wikipedia/en/thumb/0/0c/Red_pog.svg/6px-Red_pog.svg.png","/wiki/File:Provence-Alpes-Cote_d%27azur_region_location_map.svg","//upload.wikimedia.org/wikipedia/commons/thumb/9/9b/Provence-Alpes-Cote_d%27azur_region_location_map.svg/270px-Provence-Alpes-Cote_d%27azur_region_location_map.svg.png","//upload.wikimedia.org/wikipedia/en/thumb/0/0c/Red_pog.svg/6px-Red_pog.svg.png","/wiki/Regions_of_France","/wiki/Provence-Alpes-C%C3%B4te_d%27Azur","/wiki/Departments_of_France","/wiki/Bouches-du-Rh%C3%B4ne","/wiki/Arrondissements_of_France","/wiki/Arrondissement_of_Aix-en-Provence","/wiki/Cantons_of_France","/wiki/Communes_of_France#Intercommunality","/wiki/Demographics_of_France","/wiki/INSEE_code","http://recensement.insee.fr/searchResults.action?zoneSearchField=&codeZone=13099-COM","/wiki/Postal_codes_in_France","/wiki/Population_without_double_counting","/wiki/Geographic_coordinate_system","//tools.wmflabs.org/geohack/geohack.php?pagename=Saint-Paul-l%C3%A8s-Durance&params=43.6878_N_5.7083_E_region:FR-13_type:city(973)","/wiki/Communes_of_France","/wiki/Bouches-du-Rh%C3%B4ne","/wiki/Departments_of_France","/wiki/France","/wiki/Cadarache","/wiki/Nuclear_physics","#Population","#See_also","#References","#External_links","/w/index.php?title=Saint-Paul-l%C3%A8s-Durance&action=edit&section=1","/w/index.php?title=Saint-Paul-l%C3%A8s-Durance&action=edit&section=2","/wiki/Communes_of_the_Bouches-du-Rh%C3%B4ne_department","/w/index.php?title=Saint-Paul-l%C3%A8s-Durance&action=edit&section=3","http://www.insee.fr/en/home/home_page.asp","/w/index.php?title=Saint-Paul-l%C3%A8s-Durance&action=edit&section=4","http://www.stpaul.fr/","http://www.quid.fr/communes.html?mode=detail&id=27854&req=Saint-Paul-les-Durance&style=fiche","http://www.lion1906.com/Pages/ResultatProximiteCoord.php?RadLat1=0.762495565142853&RadLong1=0.0996292114733694","http://www.lion1906.com/Pages/ResultatLocalisation.php?InseeVille=130099","http://www.mapquest.com/maps/map.adp?latlongtype=decimal&latitude=43.6877777777778&longitude=5.70833333333333&zoom=8","http://www.clochers.org/Fichiers_HTML/Accueil/Accueil_clochers/13/accueil_13099.htm","http://www.taxe.com/rwtax/DMN~0_QueryID~13099_step~3.htm","http://alize2.finances.gouv.fr/communes/tableau.asp?icom=099&dep=013&type=BPS&param=0","http://www.meteoconsult.fr/ter/france/prevision/detail.php?ville=Saint-Paul-Les-Durance&num_ville=4981","//upload.wikimedia.org/wikipedia/en/thumb/4/4a/Commons-logo.svg/30px-Commons-logo.svg.png","//commons.wikimedia.org/wiki/Category:Saint-Paul-l%C3%A8s-Durance","/wiki/Template:Bouches-du-Rh%C3%B4ne_communes","/wiki/Template_talk:Bouches-du-Rh%C3%B4ne_communes","//en.wikipedia.org/w/index.php?title=Template:Bouches-du-Rh%C3%B4ne_communes&action=edit","/wiki/Communes_of_the_Bouches-du-Rh%C3%B4ne_department","/wiki/Bouches-du-Rh%C3%B4ne","/wiki/File:Flag_of_France.svg","//upload.wikimedia.org/wikipedia/en/thumb/c/c3/Flag_of_France.svg/17px-Flag_of_France.svg.png","/wiki/Aix-en-Provence","/wiki/Allauch","/wiki/Alleins","/wiki/Arles","/wiki/Aubagne","/wiki/Aureille","/wiki/Auriol,_Bouches-du-Rh%C3%B4ne","/wiki/Aurons","/wiki/La_Barben","/wiki/Barbentane","/wiki/Les_Baux-de-Provence","/wiki/Beaurecueil","/wiki/Belcod%C3%A8ne","/wiki/Berre-l%27%C3%89tang","/wiki/Bouc-Bel-Air","/wiki/La_Bouilladisse","/wiki/Boulbon","/wiki/Cabannes,_Bouches-du-Rh%C3%B4ne","/wiki/Cabri%C3%A8s","/wiki/Cadolive","/wiki/Carnoux-en-Provence","/wiki/Carry-le-Rouet","/wiki/Cassis","/wiki/Ceyreste","/wiki/Charleval,_Bouches-du-Rh%C3%B4ne","/wiki/Ch%C3%A2teauneuf-le-Rouge","/wiki/Ch%C3%A2teauneuf-les-Martigues","/wiki/Ch%C3%A2teaurenard","/wiki/La_Ciotat","/wiki/Cornillon-Confoux","/wiki/Coudoux","/wiki/Cuges-les-Pins","/wiki/La_Destrousse","/wiki/%C3%89guilles","/wiki/Ensu%C3%A8s-la-Redonne","/wiki/Eygali%C3%A8res","/wiki/Eygui%C3%A8res","/wiki/Eyragues","/wiki/La_Fare-les-Oliviers","/wiki/Fontvieille,_Bouches-du-Rh%C3%B4ne","/wiki/Fos-sur-Mer","/wiki/Fuveau","/wiki/Gardanne","/wiki/G%C3%A9menos","/wiki/Gignac-la-Nerthe","/wiki/Grans","/wiki/Graveson","/wiki/Gr%C3%A9asque","/wiki/Istres","/wiki/Jouques","/wiki/Lamanon","/wiki/Lambesc","/wiki/Lan%C3%A7on-Provence","/wiki/Maillane","/wiki/Mallemort","/wiki/Marignane","/wiki/Marseille","/wiki/Martigues","/wiki/Mas-Blanc-des-Alpilles","/wiki/Maussane-les-Alpilles","/wiki/Meyrargues","/wiki/Meyreuil","/wiki/Mimet","/wiki/Miramas","/wiki/Moll%C3%A9g%C3%A8s","/wiki/Mouri%C3%A8s","/wiki/Noves","/wiki/Orgon","/wiki/Paradou","/wiki/P%C3%A9lissanne","/wiki/Les_Pennes-Mirabeau","/wiki/La_Penne-sur-Huveaune","/wiki/Peynier","/wiki/Peypin","/wiki/Peyrolles-en-Provence","/wiki/Plan-de-Cuques","/wiki/Plan-d%27Orgon","/wiki/Port-de-Bouc","/wiki/Port-Saint-Louis-du-Rh%C3%B4ne","/wiki/Puyloubier","/wiki/Le_Puy-Sainte-R%C3%A9parade","/wiki/Rognac","/wiki/Rognes,_Bouches-du-Rh%C3%B4ne","/wiki/Rognonas","/wiki/La_Roque-d%27Anth%C3%A9ron","/wiki/Roquefort-la-B%C3%A9doule","/wiki/Roquevaire","/wiki/Rousset,_Bouches-du-Rh%C3%B4ne","/wiki/Le_Rove","/wiki/Saint-Andiol","/wiki/Saint-Antonin-sur-Bayon","/wiki/Saint-Cannat","/wiki/Saint-Chamas","/wiki/Saintes-Maries-de-la-Mer","/wiki/Saint-Est%C3%A8ve-Janson","/wiki/Saint-%C3%89tienne-du-Gr%C3%A8s","/wiki/Saint-Marc-Jaumegarde","/wiki/Saint-Martin-de-Crau","/wiki/Saint-Mitre-les-Remparts","/wiki/Saint-Pierre-de-M%C3%A9zoargues","/wiki/Saint-R%C3%A9my-de-Provence","/wiki/Saint-Savournin","/wiki/Saint-Victoret","/wiki/Salon-de-Provence","/wiki/Sausset-les-Pins","/wiki/S%C3%A9nas","/wiki/Sept%C3%A8mes-les-Vallons","/wiki/Simiane-Collongue","/wiki/Tarascon","/wiki/Le_Tholonet","/wiki/Trets","/wiki/Vauvenargues,_Bouches-du-Rh%C3%B4ne","/wiki/Velaux","/wiki/Venelles","/wiki/Ventabren","/wiki/Vern%C3%A8gues","/wiki/Verqui%C3%A8res","/wiki/Vitrolles,_Bouches-du-Rh%C3%B4ne","/wiki/File:Blason_d%C3%A9partement_fr_Bouches-du-Rh%C3%B4ne.svg","//upload.wikimedia.org/wikipedia/commons/thumb/4/45/Blason_d%C3%A9partement_fr_Bouches-du-Rh%C3%B4ne.svg/27px-Blason_d%C3%A9partement_fr_Bouches-du-Rh%C3%B4ne.svg.png","/wiki/Bouches-du-Rh%C3%B4ne","/wiki/Wikipedia:Stub","//en.wikipedia.org/w/index.php?title=Saint-Paul-l%C3%A8s-Durance&action=edit","/wiki/Template:BouchesRh%C3%B4ne-geo-stub","/wiki/Template_talk:BouchesRh%C3%B4ne-geo-stub","//en.wikipedia.org/w/index.php?title=Template:BouchesRh%C3%B4ne-geo-stub&action=edit","http://en.wikipedia.org/w/index.php?title=Saint-Paul-lès-Durance&oldid=539772426","/wiki/Help:Categories","/wiki/Category:Communes_of_Bouches-du-Rh%C3%B4ne","/wiki/Category:Bouches-du-Rh%C3%B4ne_geography_stubs","/wiki/Category:Articles_to_be_expanded_from_December_2008","/wiki/Category:All_articles_to_be_expanded","/wiki/Category:Articles_needing_translation_from_French_Wikipedia","/wiki/Category:Articles_with_French-language_external_links","/w/index.php?title=Special:UserLogin&returnto=Saint-Paul-l%C3%A8s-Durance&type=signup","/w/index.php?title=Special:UserLogin&returnto=Saint-Paul-l%C3%A8s-Durance","/wiki/Saint-Paul-l%C3%A8s-Durance","/wiki/Talk:Saint-Paul-l%C3%A8s-Durance","#","/wiki/Saint-Paul-l%C3%A8s-Durance","/w/index.php?title=Saint-Paul-l%C3%A8s-Durance&action=edit","/w/index.php?title=Saint-Paul-l%C3%A8s-Durance&action=history","#","/w/index.php","//bits.wikimedia.org/static-1.22wmf9/skins/vector/images/search-ltr.png?303-4","/wiki/Main_Page","/wiki/Main_Page","/wiki/Portal:Contents","/wiki/Portal:Featured_content","/wiki/Portal:Current_events","/wiki/Special:Random","//donate.wikimedia.org/wiki/Special:FundraiserRedirector?utm_source=donate&utm_medium=sidebar&utm_campaign=C13_en.wikipedia.org&uselang=en","/wiki/Help:Contents","/wiki/Wikipedia:About","/wiki/Wikipedia:Community_portal","/wiki/Special:RecentChanges","//en.wikipedia.org/wiki/Wikipedia:Contact_us","/wiki/Special:WhatLinksHere/Saint-Paul-l%C3%A8s-Durance","/wiki/Special:RecentChangesLinked/Saint-Paul-l%C3%A8s-Durance","/wiki/Wikipedia:File_Upload_Wizard","/wiki/Special:SpecialPages","/w/index.php?title=Saint-Paul-l%C3%A8s-Durance&oldid=539772426","/w/index.php?title=Saint-Paul-l%C3%A8s-Durance&action=info","//www.wikidata.org/wiki/Q682206","/w/index.php?title=Special:Cite&page=Saint-Paul-l%C3%A8s-Durance&id=539772426","/w/index.php?title=Special:Book&bookcmd=book_creator&referer=Saint-Paul-l%C3%A8s-Durance","/w/index.php?title=Special:Book&bookcmd=render_article&arttitle=Saint-Paul-l%C3%A8s-Durance&oldid=539772426&writer=rl","/w/index.php?title=Saint-Paul-l%C3%A8s-Durance&printable=yes","//ca.wikipedia.org/wiki/Sant_Pau_de_Dur%C3%A8n%C3%A7a","//ceb.wikipedia.org/wiki/Saint-Paul-l%C3%A8s-Durance","//de.wikipedia.org/wiki/Saint-Paul-l%C3%A8s-Durance","//es.wikipedia.org/wiki/Saint-Paul-l%C3%A8s-Durance","//eu.wikipedia.org/wiki/Saint-Paul-l%C3%A8s-Durance","//fr.wikipedia.org/wiki/Saint-Paul-l%C3%A8s-Durance","//ilo.wikipedia.org/wiki/Saint-Paul-l%C3%A8s-Durance","//it.wikipedia.org/wiki/Saint-Paul-l%C3%A8s-Durance","//lmo.wikipedia.org/wiki/Saint-Paul-l%C3%A8s-Durance","//mg.wikipedia.org/wiki/Saint-Paul-l%C3%A8s-Durance","//ms.wikipedia.org/wiki/Saint-Paul-l%C3%A8s-Durance","//nl.wikipedia.org/wiki/Saint-Paul-l%C3%A8s-Durance","//oc.wikipedia.org/wiki/Sant_Pau_de_Duren%C3%A7a","//pl.wikipedia.org/wiki/Saint-Paul-l%C3%A8s-Durance","//ru.wikipedia.org/wiki/%D0%A1%D0%B5%D0%BD-%D0%9F%D0%BE%D0%BB%D1%8C-%D0%BB%D0%B5-%D0%94%D1%8E%D1%80%D0%B0%D0%BD%D1%81","//simple.wikipedia.org/wiki/Saint-Paul-l%C3%A8s-Durance","//sk.wikipedia.org/wiki/Saint-Paul-l%C3%A8s-Durance","//sv.wikipedia.org/wiki/Saint-Paul-l%C3%A8s-Durance","//uk.wikipedia.org/wiki/%D0%A1%D0%B5%D0%BD-%D0%9F%D0%BE%D0%BB%D1%8C-%D0%BB%D0%B5-%D0%94%D1%8E%D1%80%D0%B0%D0%BD%D1%81","//vi.wikipedia.org/wiki/Saint-Paul-l%C3%A8s-Durance","//vo.wikipedia.org/wiki/Saint-Paul-l%C3%A8s-Durance","//war.wikipedia.org/wiki/Saint-Paul-l%C3%A8s-Durance","//zh.wikipedia.org/wiki/%E5%9C%A3%E6%B3%A2%E8%8E%B1%E8%BF%AA%E6%9C%97%E5%85%8B_(%E7%BD%97%E8%AE%B7%E6%B2%B3%E5%8F%A3%E7%9C%81)","#","//www.wikidata.org/wiki/Q682206#sitelinks-wikipedia","//en.wikipedia.org/wiki/Wikipedia:Text_of_Creative_Commons_Attribution-ShareAlike_3.0_Unported_License","//creativecommons.org/licenses/by-sa/3.0/","//wikimediafoundation.org/wiki/Terms_of_Use","//wikimediafoundation.org/wiki/Privacy_policy","//www.wikimediafoundation.org/","//wikimediafoundation.org/wiki/Privacy_policy","/wiki/Wikipedia:About","/wiki/Wikipedia:General_disclaimer","//en.wikipedia.org/wiki/Wikipedia:Contact_us","//en.m.wikipedia.org/wiki/Saint-Paul-l%C3%A8s-Durance","//wikimediafoundation.org/","//bits.wikimedia.org/images/wikimedia-button.png","//www.mediawiki.org/","//bits.wikimedia.org/static-1.22wmf9/skins/common/images/poweredby_mediawiki_88x31.png","//bits.wikimedia.org/en.wikipedia.org/load.php?debug=false&lang=en&modules=site&only=scripts&skin=vector&*"],"instances":[],"pdf":[],"categories":["Communes of Bouches-du-Rhône"],"headings":["Population","See also","References","External links"],"image":["//upload.wikimedia.org/wikipedia/commons/thumb/8/8a/Translation_to_english_arrow.svg/50px-Translation_to_english_arrow.svg.png","//upload.wikimedia.org/wikipedia/commons/thumb/6/68/Blason_de_la_ville_de_Saint-Paul-l%C3%A8s-Durance_%2813%29.svg/73px-Blason_de_la_ville_de_Saint-Paul-l%C3%A8s-Durance_%2813%29.svg.png","//upload.wikimedia.org/wikipedia/commons/thumb/3/3b/France_location_map-Regions_and_departements.svg/270px-France_location_map-Regions_and_departements.svg.png","//upload.wikimedia.org/wikipedia/en/thumb/0/0c/Red_pog.svg/6px-Red_pog.svg.png","//upload.wikimedia.org/wikipedia/commons/thumb/9/9b/Provence-Alpes-Cote_d%27azur_region_location_map.svg/270px-Provence-Alpes-Cote_d%27azur_region_location_map.svg.png","//upload.wikimedia.org/wikipedia/en/thumb/0/0c/Red_pog.svg/6px-Red_pog.svg.png","//upload.wikimedia.org/wikipedia/en/thumb/4/4a/Commons-logo.svg/30px-Commons-logo.svg.png","//upload.wikimedia.org/wikipedia/en/thumb/c/c3/Flag_of_France.svg/17px-Flag_of_France.svg.png","//upload.wikimedia.org/wikipedia/commons/thumb/4/45/Blason_d%C3%A9partement_fr_Bouches-du-Rh%C3%B4ne.svg/27px-Blason_d%C3%A9partement_fr_Bouches-du-Rh%C3%B4ne.svg.png","//bits.wikimedia.org/static-1.22wmf9/skins/vector/images/search-ltr.png?303-4","//bits.wikimedia.org/images/wikimedia-button.png","//bits.wikimedia.org/static-1.22wmf9/skins/common/images/poweredby_mediawiki_88x31.png"],"tags":[],"members":[],"related":["Communes_of_France","Bouches-du-Rhône","Departments_of_France","France","Cadarache","Nuclear_physics","Communes_of_the_Bouches-du-Rhône_department"]}