{"cursor":"3590","size":15,"audio":[],"currentlang":"en","article":"{{Infobox settlement\n| name = South Aegean type = Region of Greece native_name = image_flag = South\n| Aegean Periphery flag.svg image_map = Periferia_Notiou_Egeou.png\n| subdivision_type = Country subdivision_name = leader_title = Regional governor\n| leader_name = Ioannis Machairidis leader_party = PASOK parts_type = Regional\n| units parts_style = list p1 = Andros p2 = Kalymnos p3 = Karpathos p4 = Kea-\n| Kythnos p5 = Kos p6 = Milos p7 = Mykonos p8 = Naxos p9 = Paros p10= Rhodes\n| p11= Syros p12= Thira p13= Tinos seat_type = Capital seat = Ermoupoli\n| population_total = 308975 population_as_of = 2011 area_total_km2 = 5286\n| population_density_km2 = auto iso_code = GR-L website =\n| [http://www.pnai.gov.gr/ www.pnai.gov.gr] latd = 36.8 longd = 26.2\n| coordinates_display = yes\n}}\n\nThe 'South Aegean' () is one of the thirteen regions of Greece. It consists of\nthe Cyclades and Dodecanese island groups in the central and southeastern\nAegean Sea.\n","linknr":271,"url":"South_Aegean","recorded":1372152380,"links":["/w/index.php?title=South_Aegean&action=edit","/w/index.php?title=South_Aegean&action=edit","//bits.wikimedia.org/favicon/wikipedia.ico","/w/opensearch_desc.php","//en.wikipedia.org/w/api.php?action=rsd","//creativecommons.org/licenses/by-sa/3.0/","/w/index.php?title=Special:RecentChanges&feed=atom","//bits.wikimedia.org/en.wikipedia.org/load.php?debug=false&lang=en&modules=ext.gadget.DRN-wizard%2CReferenceTooltips%2Ccharinsert%2Cteahouse%7Cext.rtlcite%2Cwikihiero%7Cmediawiki.legacy.commonPrint%2Cshared%7Cmw.PopUpMediaTransform%7Cskins.vector&only=styles&skin=vector&*","//bits.wikimedia.org/en.wikipedia.org/load.php?debug=false&lang=en&modules=site&only=styles&skin=vector&*","//bits.wikimedia.org/en.wikipedia.org/load.php?debug=false&lang=en&modules=startup&only=scripts&skin=vector&*","//bits.wikimedia.org/geoiplookup","//meta.wikimedia.org","#mw-navigation","#p-search","/wiki/Modern_regions_of_Greece","/wiki/File:South_Aegean_Region_flag.svg","//upload.wikimedia.org/wikipedia/commons/thumb/6/6e/South_Aegean_Region_flag.svg/100px-South_Aegean_Region_flag.svg.png","/wiki/File:Periferia_Notiou_Egeou.png","//upload.wikimedia.org/wikipedia/commons/thumb/4/4e/Periferia_Notiou_Egeou.png/250px-Periferia_Notiou_Egeou.png","//tools.wmflabs.org/geohack/geohack.php?pagename=South_Aegean&params=36.8_N_26.2_E_type:city(308975)_region:GR","/wiki/Geographic_coordinate_system","//tools.wmflabs.org/geohack/geohack.php?pagename=South_Aegean&params=36.8_N_26.2_E_type:city(308975)_region:GR","//upload.wikimedia.org/wikipedia/commons/thumb/5/5c/Flag_of_Greece.svg/22px-Flag_of_Greece.svg.png","/wiki/Greece","/wiki/Ermoupoli","/wiki/Regional_units_of_Greece","/wiki/Andros","/wiki/Kalymnos_(regional_unit)","/wiki/Karpathos_(regional_unit)","/wiki/Kea-Kythnos","/wiki/Kos_(regional_unit)","/wiki/Milos_(regional_unit)","/wiki/Mykonos","/wiki/Naxos_(regional_unit)","/wiki/Paros_(regional_unit)","/wiki/Rhodes_(regional_unit)","/wiki/Syros","/wiki/Thira_(regional_unit)","/wiki/Tinos","/wiki/Panhellenic_Socialist_Movement","/wiki/ISO_3166","http://www.pnai.gov.gr/","/wiki/Greek_language","/wiki/Modern_regions_of_Greece","/wiki/Cyclades","/wiki/Dodecanese","/wiki/Aegean_Sea","/w/index.php?title=South_Aegean&action=edit&section=1","/wiki/Kallikratis_plan","/wiki/North_Aegean","/wiki/Piraeus","/wiki/Ermoupoli","/wiki/Syros","/wiki/Prefectures_of_Greece","/wiki/Cyclades","/wiki/Ermoupoli","/wiki/Dodecanese","/wiki/Rhodes_(city)","/wiki/Regional_units_of_Greece","#cite_note-Kallikratis-1","/wiki/Andros","/wiki/Kalymnos_(regional_unit)","/wiki/Karpathos_(regional_unit)","/wiki/Kea-Kythnos","/wiki/Kos_(regional_unit)","/wiki/Milos_(regional_unit)","/wiki/Mykonos","/wiki/Naxos_(regional_unit)","/wiki/Paros_(regional_unit)","/wiki/Rhodes_(regional_unit)","/wiki/Syros","/wiki/Thira_(regional_unit)","/wiki/Tinos","/w/index.php?title=Ioannis_Machairidis&action=edit&redlink=1","/wiki/Greek_local_elections,_2010","/wiki/Panhellenic_Socialist_Movement","/w/index.php?title=South_Aegean&action=edit&section=2","/wiki/Ermoupoli","/wiki/Ialysos","/wiki/Kallithea,_Rhodes","/wiki/Kalymnos","/wiki/Kos","/wiki/Mykonos","/wiki/Naxos_(city)","/wiki/Paros","/wiki/Petaloudes","/wiki/Rhodes_(city)","/wiki/Santorini","/w/index.php?title=South_Aegean&action=edit&section=3","//upload.wikimedia.org/wikipedia/en/thumb/4/4a/Commons-logo.svg/30px-Commons-logo.svg.png","//commons.wikimedia.org/wiki/Category:South_Aegean","#cite_ref-Kallikratis_1-0","http://www.kedke.gr/uploads2010/FEKB129211082010_kallikratis.pdf","/wiki/Template:South_Aegean","/wiki/Template_talk:South_Aegean","//en.wikipedia.org/w/index.php?title=Template:South_Aegean&action=edit","/wiki/Administrative_divisions_of_Greece","/wiki/Ermoupoli","/wiki/Andros","/wiki/Andros","/wiki/File:Periferia_Notiou_Egeou.png","//upload.wikimedia.org/wikipedia/commons/thumb/4/4e/Periferia_Notiou_Egeou.png/120px-Periferia_Notiou_Egeou.png","/wiki/Kalymnos_(regional_unit)","/wiki/Agathonisi","/wiki/Astypalaia","/wiki/Kalymnos","/wiki/Leipsoi","/wiki/Leros","/wiki/Patmos","/wiki/Karpathos_(regional_unit)","/wiki/Karpathos","/wiki/Kasos","/wiki/Kea-Kythnos","/wiki/Kea_(island)","/wiki/Kythnos","/wiki/Kos_(regional_unit)","/wiki/Kos","/wiki/Nisyros","/wiki/Milos_(regional_unit)","/wiki/Kimolos","/wiki/Milos","/wiki/Serifos","/wiki/Sifnos","/wiki/Mykonos","/wiki/Mykonos","/wiki/Naxos_(regional_unit)","/wiki/Amorgos","/wiki/Naxos_and_Lesser_Cyclades","/wiki/Paros_(regional_unit)","/wiki/Antiparos","/wiki/Paros","/wiki/Rhodes_(regional_unit)","/wiki/Halki_(Greece)","/wiki/Kastellorizo","/wiki/Rhodes","/wiki/Symi","/wiki/Tilos","/wiki/Syros","/wiki/Syros","/wiki/Thira_(regional_unit)","/wiki/Anafi","/wiki/Folegandros","/wiki/Ios_(island)","/wiki/Sikinos","/wiki/Santorini","/wiki/Tinos","/wiki/Tinos","/w/index.php?title=Ioannis_Machairidis&action=edit&redlink=1","//el.wikipedia.org/wiki/%CE%99%CF%89%CE%AC%CE%BD%CE%BD%CE%B7%CF%82_%CE%9C%CE%B1%CF%87%CE%B1%CE%B9%CF%81%CE%AF%CE%B4%CE%B7%CF%82","http://www.pnai.gov.gr/","/wiki/Template:Peripheries_of_Greece","/wiki/Template_talk:Peripheries_of_Greece","//en.wikipedia.org/w/index.php?title=Template:Peripheries_of_Greece&action=edit","/wiki/Modern_regions_of_Greece","/wiki/Greece","/wiki/Attica_(region)","/wiki/Central_Greece_(region)","/wiki/Central_Macedonia","/wiki/Crete","/wiki/East_Macedonia_and_Thrace","/wiki/Epirus_(region)","/wiki/Ionian_Islands_(region)","/wiki/North_Aegean","/wiki/Peloponnese_(region)","/wiki/Thessaly","/wiki/West_Greece","/wiki/West_Macedonia","/wiki/File:Flag_of_Greece.svg","//upload.wikimedia.org/wikipedia/commons/thumb/5/5c/Flag_of_Greece.svg/40px-Flag_of_Greece.svg.png","http://en.wikipedia.org/w/index.php?title=South_Aegean&oldid=555570885","/wiki/Help:Categories","/wiki/Category:South_Aegean","/wiki/Category:NUTS_2_statistical_regions_of_the_European_Union","/wiki/Category:States_and_territories_established_in_1987","/wiki/Category:Articles_containing_Greek-language_text","/wiki/Category:Pages_with_bad_rounding_precision","/wiki/Category:Commons_category_with_local_link_same_as_on_Wikidata","/w/index.php?title=Special:UserLogin&returnto=South+Aegean&type=signup","/w/index.php?title=Special:UserLogin&returnto=South+Aegean","/wiki/South_Aegean","/wiki/Talk:South_Aegean","#","/wiki/South_Aegean","/w/index.php?title=South_Aegean&action=edit","/w/index.php?title=South_Aegean&action=history","#","/w/index.php","//bits.wikimedia.org/static-1.22wmf7/skins/vector/images/search-ltr.png?303-4","/wiki/Main_Page","/wiki/Main_Page","/wiki/Portal:Contents","/wiki/Portal:Featured_content","/wiki/Portal:Current_events","/wiki/Special:Random","//donate.wikimedia.org/wiki/Special:FundraiserRedirector?utm_source=donate&utm_medium=sidebar&utm_campaign=C13_en.wikipedia.org&uselang=en","/wiki/Help:Contents","/wiki/Wikipedia:About","/wiki/Wikipedia:Community_portal","/wiki/Special:RecentChanges","//en.wikipedia.org/wiki/Wikipedia:Contact_us","/wiki/Special:WhatLinksHere/South_Aegean","/wiki/Special:RecentChangesLinked/South_Aegean","/wiki/Wikipedia:File_Upload_Wizard","/wiki/Special:SpecialPages","/w/index.php?title=South_Aegean&oldid=555570885","/w/index.php?title=South_Aegean&action=info","/w/index.php?title=Special:Cite&page=South_Aegean&id=555570885","/w/index.php?title=Special:Book&bookcmd=book_creator&referer=South+Aegean","/w/index.php?title=Special:Book&bookcmd=render_article&arttitle=South+Aegean&oldid=555570885&writer=rl","/w/index.php?title=South_Aegean&printable=yes","//ar.wikipedia.org/wiki/%D8%AC%D9%86%D9%88%D8%A8_%D8%A5%D9%8A%D8%AC%D8%A9","//bg.wikipedia.org/wiki/%D0%AE%D0%B6%D0%B5%D0%BD_%D0%95%D0%B3%D0%B5%D0%B9","//ca.wikipedia.org/wiki/Egeu_Meridional","//cs.wikipedia.org/wiki/Ji%C5%BEn%C3%AD_Egeis","//de.wikipedia.org/wiki/S%C3%BCdliche_%C3%84g%C3%A4is","//et.wikipedia.org/wiki/L%C3%B5una-Egeus","//el.wikipedia.org/wiki/%CE%A0%CE%B5%CF%81%CE%B9%CF%86%CE%AD%CF%81%CE%B5%CE%B9%CE%B1_%CE%9D%CE%BF%CF%84%CE%AF%CE%BF%CF%85_%CE%91%CE%B9%CE%B3%CE%B1%CE%AF%CE%BF%CF%85","//es.wikipedia.org/wiki/Egeo_Meridional","//eo.wikipedia.org/wiki/Suda_Egeo","//fa.wikipedia.org/wiki/%D8%A7%DA%98%D9%87_%D8%AC%D9%86%D9%88%D8%A8%DB%8C","//fr.wikipedia.org/wiki/%C3%89g%C3%A9e-M%C3%A9ridionale","//gl.wikipedia.org/wiki/Exeo_Meridional","//ko.wikipedia.org/wiki/%EB%82%A8%EB%B6%80_%EC%97%90%EA%B2%8C_%EC%A3%BC","//hr.wikipedia.org/wiki/Periferija_Ju%C5%BEni_Egej","//id.wikipedia.org/wiki/Aegea_Selatan","//it.wikipedia.org/wiki/Egeo_Meridionale","//he.wikipedia.org/wiki/%D7%93%D7%A8%D7%95%D7%9D_%D7%94%D7%99%D7%9D_%D7%94%D7%90%D7%92%D7%90%D7%99","//jv.wikipedia.org/wiki/Aegea_Kidul","//ka.wikipedia.org/wiki/%E1%83%A1%E1%83%90%E1%83%9B%E1%83%AE%E1%83%A0%E1%83%94%E1%83%97_%E1%83%94%E1%83%92%E1%83%94%E1%83%9D%E1%83%A1%E1%83%98%E1%83%A1_%E1%83%99%E1%83%A3%E1%83%9C%E1%83%AB%E1%83%A3%E1%83%9A%E1%83%94%E1%83%91%E1%83%98","//la.wikipedia.org/wiki/Aegaeum_Australe_(regio_Graeciae)","//lt.wikipedia.org/wiki/Piet%C5%B3_Eg%C4%97jo_periferija","//li.wikipedia.org/wiki/Zuid-Ege%C3%AFsche_Eilen","//lmo.wikipedia.org/wiki/Eg%C3%A9o_Meridiun%C3%A0l","//hu.wikipedia.org/wiki/D%C3%A9l-%C3%89gei-szigetek","//mk.wikipedia.org/wiki/%D0%88%D1%83%D0%B6%D0%B5%D0%BD_%D0%95%D0%B3%D0%B5%D1%98","//ms.wikipedia.org/wiki/Aegea_Selatan","//nl.wikipedia.org/wiki/Zuid-Ege%C3%AFsche_Eilanden","//ja.wikipedia.org/wiki/%E5%8D%97%E3%82%A8%E3%83%BC%E3%82%B2","//no.wikipedia.org/wiki/S%C3%B8rlige_egeiske_%C3%B8yer","//nn.wikipedia.org/wiki/Dei_s%C3%B8rlege_egeiske_%C3%B8yane","//pnb.wikipedia.org/wiki/%D8%B5%D9%88%D8%A8%DB%81_%D8%AA%DA%BE%D9%84%D9%88%D8%A7%DA%BA_%D8%A7%DB%8C%D8%AC%DB%8C%D8%A6%D9%86","//pl.wikipedia.org/wiki/Region_Wyspy_Egejskie_Po%C5%82udniowe","//pt.wikipedia.org/wiki/Egeu_Meridional","//ro.wikipedia.org/wiki/Egeea_de_Sud","//ru.wikipedia.org/wiki/%D0%AE%D0%B6%D0%BD%D1%8B%D0%B5_%D0%AD%D0%B3%D0%B5%D0%B9%D1%81%D0%BA%D0%B8%D0%B5_%D0%BE%D1%81%D1%82%D1%80%D0%BE%D0%B2%D0%B0","//sco.wikipedia.org/wiki/Sooth_Aegean","//sr.wikipedia.org/wiki/%D0%9F%D0%B5%D1%80%D0%B8%D1%84%D0%B5%D1%80%D0%B8%D1%98%D0%B0_%D0%88%D1%83%D0%B6%D0%BD%D0%B8_%D0%95%D0%B3%D0%B5%D1%98","//sh.wikipedia.org/wiki/Periferija_Ju%C5%BEni_Egej","//fi.wikipedia.org/wiki/Etel%C3%A4-Egean_saaret","//sv.wikipedia.org/wiki/Sydegeiska_%C3%B6arna","//tr.wikipedia.org/wiki/G%C3%BCney_Ege","//uk.wikipedia.org/wiki/%D0%9F%D1%96%D0%B2%D0%B4%D0%B5%D0%BD%D0%BD%D1%96_%D0%95%D0%B3%D0%B5%D0%B9%D1%81%D1%8C%D0%BA%D1%96_%D0%BE%D1%81%D1%82%D1%80%D0%BE%D0%B2%D0%B8","//vi.wikipedia.org/wiki/Nam_Aegea","//war.wikipedia.org/wiki/Salatan_nga_Aegeo","//zh.wikipedia.org/wiki/%E5%8D%97%E6%84%9B%E7%90%B4","//www.wikidata.org/wiki/Q173616#sitelinks","//en.wikipedia.org/wiki/Wikipedia:Text_of_Creative_Commons_Attribution-ShareAlike_3.0_Unported_License","//creativecommons.org/licenses/by-sa/3.0/","//wikimediafoundation.org/wiki/Terms_of_Use","//wikimediafoundation.org/wiki/Privacy_policy","//www.wikimediafoundation.org/","//wikimediafoundation.org/wiki/Privacy_policy","/wiki/Wikipedia:About","/wiki/Wikipedia:General_disclaimer","//en.wikipedia.org/wiki/Wikipedia:Contact_us","//en.m.wikipedia.org/wiki/South_Aegean","//wikimediafoundation.org/","//bits.wikimedia.org/images/wikimedia-button.png","//www.mediawiki.org/","//bits.wikimedia.org/static-1.22wmf7/skins/common/images/poweredby_mediawiki_88x31.png","/w/index.php?title=MediaWiki:Gadget-ReferenceTooltips.js&action=raw&ctype=text/javascript&508635914","//bits.wikimedia.org/en.wikipedia.org/load.php?debug=false&lang=en&modules=site&only=scripts&skin=vector&*"],"instances":["city","regional_unit","city","regional_unit","regional_unit","regional_unit","regional_unit","regional_unit"],"pdf":["http://www.kedke.gr/uploads2010/FEKB129211082010_kallikratis.pdf"],"categories":["South Aegean|","NUTS 2 statistical regions of the European Union","States and territories established in 1987"],"headings":["Administration","Major communities","References"],"image":["//upload.wikimedia.org/wikipedia/commons/thumb/6/6e/South_Aegean_Region_flag.svg/100px-South_Aegean_Region_flag.svg.png","//upload.wikimedia.org/wikipedia/commons/thumb/4/4e/Periferia_Notiou_Egeou.png/250px-Periferia_Notiou_Egeou.png","//upload.wikimedia.org/wikipedia/commons/thumb/5/5c/Flag_of_Greece.svg/22px-Flag_of_Greece.svg.png","//upload.wikimedia.org/wikipedia/en/thumb/4/4a/Commons-logo.svg/30px-Commons-logo.svg.png","//upload.wikimedia.org/wikipedia/commons/thumb/4/4e/Periferia_Notiou_Egeou.png/120px-Periferia_Notiou_Egeou.png","//upload.wikimedia.org/wikipedia/commons/thumb/5/5c/Flag_of_Greece.svg/40px-Flag_of_Greece.svg.png","//bits.wikimedia.org/static-1.22wmf7/skins/vector/images/search-ltr.png?303-4","//bits.wikimedia.org/images/wikimedia-button.png","//bits.wikimedia.org/static-1.22wmf7/skins/common/images/poweredby_mediawiki_88x31.png"],"tags":[["kalymnos","regional_unit"],["karpathos","regional_unit"],["kos","regional_unit"],["milos","regional_unit"],["naxos","regional_unit"],["paros","regional_unit"],["rhodes","regional_unit"],["thira","regional_unit"],["rhodes","city"],["kalymnos","regional_unit"],["karpathos","regional_unit"],["kos","regional_unit"],["milos","regional_unit"],["naxos","regional_unit"],["paros","regional_unit"],["rhodes","regional_unit"],["thira","regional_unit"],["naxos","city"],["rhodes","city"]],"members":["rhodes","kos","naxos","kalymnos","thira","paros","karpathos","milos"],"related":["Modern_regions_of_Greece","Panhellenic_Socialist_Movement","Regional_units_of_Greece","Andros","Kalymnos_(regional_unit)","Karpathos_(regional_unit)","Kea-Kythnos","Kos_(regional_unit)","Milos_(regional_unit)","Mykonos","Naxos_(regional_unit)","Paros_(regional_unit)","Rhodes_(regional_unit)","Syros","Thira_(regional_unit)","Tinos","Ermoupoli","Modern_regions_of_Greece","Cyclades","Dodecanese","Aegean_Sea","Kallikratis_plan","North_Aegean","Piraeus","Ermoupoli","Syros","Prefectures_of_Greece","Cyclades","Ermoupoli","Dodecanese","Rhodes_(city)","Regional_units_of_Greece","Andros","Kalymnos_(regional_unit)","Karpathos_(regional_unit)","Kea-Kythnos","Kos_(regional_unit)","Milos_(regional_unit)","Mykonos","Naxos_(regional_unit)","Paros_(regional_unit)","Rhodes_(regional_unit)","Syros","Thira_(regional_unit)","Tinos","Ioannis_Machairidis","Greek_local_elections,_2010","Panhellenic_Socialist_Movement","Ermoupoli","Ialysos","Kallithea,_Rhodes","Kalymnos","Kos","Mykonos","Naxos_(city)","Paros","Petaloudes","Rhodes_(city)","Santorini"]}