{"cursor":"1191","size":15,"audio":[],"currentlang":"en","article":"\n{{Infobox French commune |name = Dangers |region = Centre |department = Eure-et-\nLoir |arrondissement = Chartres |canton = Courville-sur-Eure |INSEE = 28128\n|postal code = 28190 |mayor = Jean-FranÃ§ois Morizeau |term = 2008–2014\n|intercommunality = CommunautÃ© d'agglomÃ©ration Chartres mÃ©tropole |longitude =\n1.3511 |latitude = 48.5094 |elevation m = 199 |elevation min m = 182 |elevation\nmax m = 223 |area km2 = 7.39 |population = 410 |population date = 2009 }}\n\n' Dangers' is a commune in the Eure-et-Loir department in northern France.\n","linknr":538,"url":"Dangers","recorded":1374545114,"links":["/w/index.php?title=Dangers&action=edit","/w/index.php?title=Dangers&action=edit","//bits.wikimedia.org/favicon/wikipedia.ico","/w/opensearch_desc.php","//en.wikipedia.org/w/api.php?action=rsd","//creativecommons.org/licenses/by-sa/3.0/","/w/index.php?title=Special:RecentChanges&feed=atom","//bits.wikimedia.org/en.wikipedia.org/load.php?debug=false&lang=en&modules=ext.gadget.DRN-wizard%2CReferenceTooltips%2Ccharinsert%2Cteahouse%7Cext.rtlcite%2Cwikihiero%7Cmediawiki.legacy.commonPrint%2Cshared%7Cmw.PopUpMediaTransform%7Cskins.vector&only=styles&skin=vector&*","//bits.wikimedia.org/en.wikipedia.org/load.php?debug=false&lang=en&modules=site&only=styles&skin=vector&*","//bits.wikimedia.org/en.wikipedia.org/load.php?debug=false&lang=en&modules=startup&only=scripts&skin=vector&*","//bits.wikimedia.org/geoiplookup","//meta.wikimedia.org","#mw-navigation","#p-search","/wiki/Dangers_(disambiguation)","/wiki/File:France_location_map-Regions_and_departements.svg","//upload.wikimedia.org/wikipedia/commons/thumb/3/3b/France_location_map-Regions_and_departements.svg/270px-France_location_map-Regions_and_departements.svg.png","//upload.wikimedia.org/wikipedia/en/thumb/0/0c/Red_pog.svg/6px-Red_pog.svg.png","/wiki/File:Centre-Loc.png","//upload.wikimedia.org/wikipedia/commons/thumb/f/fc/Centre-Loc.png/270px-Centre-Loc.png","//upload.wikimedia.org/wikipedia/en/thumb/0/0c/Red_pog.svg/6px-Red_pog.svg.png","/wiki/Regions_of_France","/wiki/Centre_(French_region)","/wiki/Departments_of_France","/wiki/Eure-et-Loir","/wiki/Arrondissements_of_France","/wiki/Arrondissement_of_Chartres","/wiki/Cantons_of_France","/wiki/Communes_of_France#Intercommunality","/wiki/Demographics_of_France","/wiki/INSEE_code","http://recensement.insee.fr/searchResults.action?zoneSearchField=&codeZone=28128-COM","/wiki/Postal_codes_in_France","/wiki/Population_without_double_counting","/wiki/Geographic_coordinate_system","//tools.wmflabs.org/geohack/geohack.php?pagename=Dangers&params=48.5094_N_1.3511_E_region:FR-28_type:city(410)","/wiki/Communes_of_France","/wiki/Eure-et-Loir","/wiki/Departments_of_France","/wiki/France","/w/index.php?title=Dangers&action=edit&section=1","/w/index.php?title=Dangers&action=edit&section=2","/wiki/Communes_of_the_Eure-et-Loir_department","/w/index.php?title=Dangers&action=edit&section=3","http://www.insee.fr/en/home/home_page.asp","/wiki/Template:Eure-et-Loir_communes","/wiki/Template_talk:Eure-et-Loir_communes","//en.wikipedia.org/w/index.php?title=Template:Eure-et-Loir_communes&action=edit","/wiki/Communes_of_the_Eure-et-Loir_department","/wiki/Eure-et-Loir","/wiki/File:Flag_of_France.svg","//upload.wikimedia.org/wikipedia/en/thumb/c/c3/Flag_of_France.svg/17px-Flag_of_France.svg.png","/wiki/Abondant","/wiki/Allaines-Mervilliers","/wiki/Allainville,_Eure-et-Loir","/wiki/Allonnes,_Eure-et-Loir","/wiki/Alluyes","/wiki/Amilly,_Eure-et-Loir","/wiki/Anet","/wiki/Ardelles","/wiki/Ardelu","/wiki/Argenvilliers","/wiki/Arrou","/wiki/Aunay-sous-Auneau","/wiki/Aunay-sous-Cr%C3%A9cy","/wiki/Auneau","/wiki/Les_Autels-Villevillon","/wiki/Autheuil,_Eure-et-Loir","/wiki/Authon-du-Perche","/wiki/Baigneaux,_Eure-et-Loir","/wiki/Baignolet","/wiki/Bailleau-Armenonville","/wiki/Bailleau-le-Pin","/wiki/Bailleau-l%27%C3%89v%C3%AAque","/wiki/Barjouville","/wiki/Barmainville","/wiki/Baudreville,_Eure-et-Loir","/wiki/La_Bazoche-Gouet","/wiki/Bazoches-en-Dunois","/wiki/Bazoches-les-Hautes","/wiki/Beauche","/wiki/Beaumont-les-Autels","/wiki/Beauvilliers,_Eure-et-Loir","/wiki/Belhomert-Gu%C3%A9houville","/wiki/Berch%C3%A8res-les-Pierres","/wiki/Berch%C3%A8res-Saint-Germain","/wiki/Berch%C3%A8res-sur-Vesgre","/wiki/B%C3%A9rou-la-Muloti%C3%A8re","/wiki/B%C3%A9thonvilliers","/wiki/B%C3%A9ville-le-Comte","/wiki/Billancelles","/wiki/Blandainville","/wiki/Bleury","/wiki/Boisgasson","/wiki/Boissy-en-Drouais","/wiki/Boissy-l%C3%A8s-Perche","/wiki/Boisville-la-Saint-P%C3%A8re","/wiki/Bonc%C3%A9","/wiki/Boncourt,_Eure-et-Loir","/wiki/Bonneval,_Eure-et-Loir","/wiki/Bouglainval","/wiki/Le_Boullay-les-Deux-%C3%89glises","/wiki/Le_Boullay-Mivoye","/wiki/Le_Boullay-Thierry","/wiki/La_Bourdini%C3%A8re-Saint-Loup","/wiki/Boutigny-Prouais","/wiki/Bouville,_Eure-et-Loir","/wiki/Br%C3%A9champs","/wiki/Brezolles","/wiki/Briconville","/wiki/Brou,_Eure-et-Loir","/wiki/Brou%C3%A9","/wiki/Brunelles","/wiki/B%C3%BB","/wiki/Bullainville","/wiki/Bullou","/wiki/Cernay,_Eure-et-Loir","/wiki/Challet","/wiki/Champagne,_Eure-et-Loir","/wiki/Champhol","/wiki/Champrond-en-G%C3%A2tine","/wiki/Champrond-en-Perchet","/wiki/Champseru","/wiki/La_Chapelle-d%27Aunainville","/wiki/La_Chapelle-du-Noyer","/wiki/La_Chapelle-Forainvilliers","/wiki/La_Chapelle-Fortin","/wiki/Chapelle-Guillaume","/wiki/Chapelle-Royale","/wiki/Charbonni%C3%A8res,_Eure-et-Loir","/wiki/Charonville","/wiki/Charpont","/wiki/Charray","/wiki/Chartainvilliers","/wiki/Chartres","/wiki/Chassant","/wiki/Ch%C3%A2taincourt","/wiki/Ch%C3%A2teaudun","/wiki/Ch%C3%A2teauneuf-en-Thymerais","/wiki/Les_Ch%C3%A2telets","/wiki/Les_Ch%C3%A2telliers-Notre-Dame","/wiki/Ch%C3%A2tenay,_Eure-et-Loir","/wiki/Ch%C3%A2tillon-en-Dunois","/wiki/Chaudon","/wiki/Chauffours","/wiki/La_Chauss%C3%A9e-d%27Ivry","/wiki/Cherisy","/wiki/Chuisnes","/wiki/Cintray,_Eure-et-Loir","/wiki/Civry","/wiki/Cl%C3%A9villiers","/wiki/Cloyes-sur-le-Loir","/wiki/Coltainville","/wiki/Combres","/wiki/Conie-Molitard","/wiki/Corancez","/wiki/Cormainville","/wiki/Les_Corv%C3%A9es-les-Yys","/wiki/Le_Coudray","/wiki/Coudray-au-Perche","/wiki/Coudreceau","/wiki/Coulombs,_Eure-et-Loir","/wiki/Courbehaye","/wiki/Courtalain","/wiki/Courville-sur-Eure","/wiki/Cr%C3%A9cy-Couv%C3%A9","/wiki/Croisilles,_Eure-et-Loir","/wiki/La_Croix-du-Perche","/wiki/Crucey-Villages","/wiki/Dambron","/wiki/Dammarie,_Eure-et-Loir","/wiki/Dampierre-sous-Brou","/wiki/Dampierre-sur-Avre","/wiki/Dancy,_Eure-et-Loir","/wiki/Dangeau","/wiki/Denonville","/wiki/Digny","/wiki/Donnemain-Saint-Mam%C3%A8s","/wiki/Douy","/wiki/Dreux","/wiki/Droue-sur-Drouette","/wiki/%C3%89cluzelles","/wiki/%C3%89crosnes","/wiki/%C3%89peautrolles","/wiki/%C3%89pernon","/wiki/Ermenonville-la-Grande","/wiki/Ermenonville-la-Petite","/wiki/Escorpain","/wiki/Les_%C3%89tilleux","/wiki/Fains-la-Folie","/wiki/Faverolles,_Eure-et-Loir","/wiki/Favi%C3%A8res,_Eure-et-Loir","/wiki/Le_Favril,_Eure-et-Loir","/wiki/La_Fert%C3%A9-Vidame","/wiki/La_Fert%C3%A9-Villeneuil","/wiki/Fessanvilliers-Mattanvilliers","/wiki/Flacey,_Eure-et-Loir","/wiki/Fontaine-la-Guyon","/wiki/Fontaine-les-Ribouts","/wiki/Fontaine-Simon","/wiki/Fontenay-sur-Conie","/wiki/Fontenay-sur-Eure","/wiki/La_Framboisi%C3%A8re","/wiki/Francourville","/wiki/Fraz%C3%A9","/wiki/Fresnay-le-Comte","/wiki/Fresnay-le-Gilmert","/wiki/Fresnay-l%27%C3%89v%C3%AAque","/wiki/Fr%C3%A9tigny","/wiki/Friaize","/wiki/Frunc%C3%A9","/wiki/Gallardon","/wiki/Garanci%C3%A8res-en-Beauce","/wiki/Garanci%C3%A8res-en-Drouais","/wiki/Garnay","/wiki/Gas,_Eure-et-Loir","/wiki/Gasville-Ois%C3%A8me","/wiki/La_Gaudaine","/wiki/Le_Gault-Saint-Denis","/wiki/Gellainville","/wiki/Germainville","/wiki/Germignonville","/wiki/Gilles,_Eure-et-Loir","/wiki/Gohory","/wiki/Gommerville,_Eure-et-Loir","/wiki/Gouillons","/wiki/Goussainville,_Eure-et-Loir","/wiki/Guainville","/wiki/Le_Gu%C3%A9-de-Longroi","/wiki/Guilleville","/wiki/Guillonville","/wiki/Hanches","/wiki/Happonvilliers","/wiki/Havelu","/wiki/Houville-la-Branche","/wiki/Houx","/wiki/Illiers-Combray","/wiki/Intr%C3%A9ville","/wiki/Jallans","/wiki/Janville,_Eure-et-Loir","/wiki/Jaudrais","/wiki/Jouy,_Eure-et-Loir","/wiki/Lamblore","/wiki/Landelles","/wiki/Langey","/wiki/Lanneray","/wiki/Laons","/wiki/L%C3%A9thuin","/wiki/Levainville","/wiki/L%C3%A8ves","/wiki/Levesville-la-Chenard","/wiki/Logron","/wiki/Loigny-la-Bataille","/wiki/Lormaye","/wiki/La_Loupe","/wiki/Louville-la-Chenard","/wiki/Louvilliers-en-Drouais","/wiki/Louvilliers-l%C3%A8s-Perche","/wiki/Luc%C3%A9,_Eure-et-Loir","/wiki/Luigny","/wiki/Luisant","/wiki/Lumeau","/wiki/Luplant%C3%A9","/wiki/Luray,_Eure-et-Loir","/wiki/Lutz-en-Dunois","/wiki/Magny,_Eure-et-Loir","/wiki/Maillebois","/wiki/Maintenon","/wiki/Mainvilliers,_Eure-et-Loir","/wiki/Maisons,_Eure-et-Loir","/wiki/La_Manceli%C3%A8re","/wiki/Manou,_Eure-et-Loir","/wiki/Marbou%C3%A9","/wiki/March%C3%A9ville","/wiki/Marchezais","/wiki/Margon,_Eure-et-Loir","/wiki/Marolles-les-Buis","/wiki/Marville-Moutiers-Br%C3%BBl%C3%A9","/wiki/Meauc%C3%A9","/wiki/Le_M%C3%A9e,_Eure-et-Loir","/wiki/M%C3%A9r%C3%A9glise","/wiki/M%C3%A9rouville","/wiki/Meslay-le-Grenet","/wiki/Meslay-le-Vidame","/wiki/Le_Mesnil-Simon,_Eure-et-Loir","/wiki/Le_Mesnil-Thomas","/wiki/M%C3%A9voisins","/wiki/M%C3%A9zi%C3%A8res-au-Perche","/wiki/M%C3%A9zi%C3%A8res-en-Drouais","/wiki/Miermaigne","/wiki/Migni%C3%A8res","/wiki/Mittainvilliers","/wiki/Moinville-la-Jeulin","/wiki/Mol%C3%A9ans","/wiki/Mondonville-Saint-Jean","/wiki/Montainville,_Eure-et-Loir","/wiki/Montboissier","/wiki/Montharville","/wiki/Montigny-le-Chartif","/wiki/Montigny-le-Gannelon","/wiki/Montigny-sur-Avre","/wiki/Montireau","/wiki/Montlandon","/wiki/Montreuil,_Eure-et-Loir","/wiki/Morainville","/wiki/Morancez","/wiki/Moriers","/wiki/Morvilliers,_Eure-et-Loir","/wiki/Mottereau","/wiki/Moulhard","/wiki/Moutiers,_Eure-et-Loir","/wiki/N%C3%A9ron,_Eure-et-Loir","/wiki/Neuvy-en-Beauce","/wiki/Neuvy-en-Dunois","/wiki/Nogent-le-Phaye","/wiki/Nogent-le-Roi","/wiki/Nogent-le-Rotrou","/wiki/Nogent-sur-Eure","/wiki/Nonvilliers-Grandhoux","/wiki/Nottonville","/wiki/Oinville-Saint-Liphard","/wiki/Oinville-sous-Auneau","/wiki/Oll%C3%A9","/wiki/Org%C3%A8res-en-Beauce","/wiki/Orlu,_Eure-et-Loir","/wiki/Ormoy,_Eure-et-Loir","/wiki/Orrouer","/wiki/Ouarville","/wiki/Ouerre","/wiki/Oulins","/wiki/Oysonville","/wiki/Ozoir-le-Breuil","/wiki/P%C3%A9ronville","/wiki/P%C3%A9zy","/wiki/Pierres,_Eure-et-Loir","/wiki/Les_Pinthi%C3%A8res","/wiki/Poinville","/wiki/Poisvilliers","/wiki/Pontgouin","/wiki/Poupry","/wiki/Prasville","/wiki/Pr%C3%A9-Saint-%C3%89vroult","/wiki/Pr%C3%A9-Saint-Martin","/wiki/Prudemanche","/wiki/Prunay-le-Gillon","/wiki/La_Puisaye","/wiki/Le_Puiset","/wiki/Puiseux,_Eure-et-Loir","/wiki/R%C3%A9clainville","/wiki/Les_Ressuintes","/wiki/Revercourt","/wiki/Rohaire","/wiki/Roinville,_Eure-et-Loir","/wiki/Romilly-sur-Aigre","/wiki/Rouvray-Saint-Denis","/wiki/Rouvray-Saint-Florentin","/wiki/Rouvres,_Eure-et-Loir","/wiki/Rueil-la-Gadeli%C3%A8re","/wiki/Saint-Ange-et-Tor%C3%A7ay","/wiki/Saint-Arnoult-des-Bois","/wiki/Saint-Aubin-des-Bois,_Eure-et-Loir","/wiki/Saint-Avit-les-Guespi%C3%A8res","/wiki/Saint-Bomer","/wiki/Saint-Christophe,_Eure-et-Loir","/wiki/Saint-Cloud-en-Dunois","/wiki/Saint-Denis-d%27Authou","/wiki/Saint-Denis-des-Puits","/wiki/Saint-Denis-les-Ponts","/wiki/Sainte-Gemme-Moronval","/wiki/Saint-%C3%89liph","/wiki/Saint-%C3%89man","/wiki/Saint-Georges-sur-Eure","/wiki/Saint-Germain-le-Gaillard,_Eure-et-Loir","/wiki/Saint-Hilaire-sur-Yerre","/wiki/Saint-Jean-de-Rebervilliers","/wiki/Saint-Jean-Pierre-Fixte","/wiki/Saint-Laurent-la-G%C3%A2tine","/wiki/Saint-L%C3%A9ger-des-Aub%C3%A9es","/wiki/Saint-Lubin-de-Cravant","/wiki/Saint-Lubin-de-la-Haye","/wiki/Saint-Lubin-des-Joncherets","/wiki/Saint-Lucien","/wiki/Saint-Luperce","/wiki/Saint-Maixme-Hauterive","/wiki/Saint-Martin-de-Nigelles","/wiki/Saint-Maurice-Saint-Germain","/wiki/Saint-Maur-sur-le-Loir","/wiki/Saint-Ouen-Marchefroy","/wiki/Saint-Pellerin,_Eure-et-Loir","/wiki/Saint-Piat","/wiki/Saint-Prest","/wiki/Saint-R%C3%A9my-sur-Avre","/wiki/Saint-Sauveur-Marville","/wiki/Saint-Symphorien-le-Ch%C3%A2teau","/wiki/Saint-Victor-de-Buthon","/wiki/Sainville","/wiki/Sancheville","/wiki/Sandarville","/wiki/Santeuil,_Eure-et-Loir","/wiki/Santilly,_Eure-et-Loir","/wiki/La_Saucelle","/wiki/Saulni%C3%A8res,_Eure-et-Loir","/wiki/Saumeray","/wiki/Saussay,_Eure-et-Loir","/wiki/Senantes,_Eure-et-Loir","/wiki/Senonches","/wiki/Serazereux","/wiki/Serville","/wiki/Soiz%C3%A9","/wiki/Sorel-Moussel","/wiki/Souanc%C3%A9-au-Perche","/wiki/Soulaires","/wiki/Sours","/wiki/Terminiers","/wiki/Theuville,_Eure-et-Loir","/wiki/Le_Thieulin","/wiki/Thimert-G%C3%A2telles","/wiki/Thiron_Gardais","/wiki/Thivars","/wiki/Thiville","/wiki/Tillay-le-P%C3%A9neux","/wiki/Toury","/wiki/Trancrainville","/wiki/Tremblay-les-Villages","/wiki/Tr%C3%A9on","/wiki/Trizay-Coutretot-Saint-Serge","/wiki/Trizay-l%C3%A8s-Bonneval","/wiki/Umpeau","/wiki/Unverre","/wiki/Varize,_Eure-et-Loir","/wiki/Vaupillon","/wiki/V%C3%A9rigny","/wiki/Ver-l%C3%A8s-Chartres","/wiki/Vernouillet,_Eure-et-Loir","/wiki/Vert-en-Drouais","/wiki/Viabon","/wiki/Vich%C3%A8res","/wiki/Vierville,_Eure-et-Loir","/wiki/Vieuvicq","/wiki/Villampuy","/wiki/Villars,_Eure-et-Loir","/wiki/Villeau","/wiki/Villebon","/wiki/Villemeux-sur-Eure","/wiki/Villeneuve-Saint-Nicolas","/wiki/Villiers-le-Morhier","/wiki/Villiers-Saint-Orien","/wiki/Vitray-en-Beauce","/wiki/Voise","/wiki/Voves","/wiki/Yermenonville","/wiki/Y%C3%A8vres","/wiki/Ymeray","/wiki/Ymonville","/wiki/File:Blason_d%C3%A9partement_fr_Eure-et-Loir.svg","//upload.wikimedia.org/wikipedia/commons/thumb/1/1b/Blason_d%C3%A9partement_fr_Eure-et-Loir.svg/27px-Blason_d%C3%A9partement_fr_Eure-et-Loir.svg.png","/wiki/Eure-et-Loir","/wiki/Wikipedia:Stub","//en.wikipedia.org/w/index.php?title=Dangers&action=edit","/wiki/Template:EureLoir-geo-stub","/wiki/Template_talk:EureLoir-geo-stub","//en.wikipedia.org/w/index.php?title=Template:EureLoir-geo-stub&action=edit","http://en.wikipedia.org/w/index.php?title=Dangers&oldid=545144829","/wiki/Help:Categories","/wiki/Category:Communes_of_Eure-et-Loir","/wiki/Category:Eure-et-Loir_geography_stubs","/w/index.php?title=Special:UserLogin&returnto=Dangers&type=signup","/w/index.php?title=Special:UserLogin&returnto=Dangers","/wiki/Dangers","/wiki/Talk:Dangers","#","/wiki/Dangers","/w/index.php?title=Dangers&action=edit","/w/index.php?title=Dangers&action=history","#","/w/index.php","//bits.wikimedia.org/static-1.22wmf8/skins/vector/images/search-ltr.png?303-4","/wiki/Main_Page","/wiki/Main_Page","/wiki/Portal:Contents","/wiki/Portal:Featured_content","/wiki/Portal:Current_events","/wiki/Special:Random","//donate.wikimedia.org/wiki/Special:FundraiserRedirector?utm_source=donate&utm_medium=sidebar&utm_campaign=C13_en.wikipedia.org&uselang=en","/wiki/Help:Contents","/wiki/Wikipedia:About","/wiki/Wikipedia:Community_portal","/wiki/Special:RecentChanges","//en.wikipedia.org/wiki/Wikipedia:Contact_us","/wiki/Special:WhatLinksHere/Dangers","/wiki/Special:RecentChangesLinked/Dangers","/wiki/Wikipedia:File_Upload_Wizard","/wiki/Special:SpecialPages","/w/index.php?title=Dangers&oldid=545144829","/w/index.php?title=Dangers&action=info","/w/index.php?title=Special:Cite&page=Dangers&id=545144829","/w/index.php?title=Special:Book&bookcmd=book_creator&referer=Dangers","/w/index.php?title=Special:Book&bookcmd=render_article&arttitle=Dangers&oldid=545144829&writer=rl","/w/index.php?title=Dangers&printable=yes","//ca.wikipedia.org/wiki/Dangers","//ceb.wikipedia.org/wiki/Dangers","//es.wikipedia.org/wiki/Dangers","//eu.wikipedia.org/wiki/Dangers","//fr.wikipedia.org/wiki/Dangers","//it.wikipedia.org/wiki/Dangers","//mg.wikipedia.org/wiki/Dangers","//ms.wikipedia.org/wiki/Dangers","//nl.wikipedia.org/wiki/Dangers","//oc.wikipedia.org/wiki/Dangers","//uz.wikipedia.org/wiki/Dangers","//pms.wikipedia.org/wiki/Dangers","//pl.wikipedia.org/wiki/Dangers","//pt.wikipedia.org/wiki/Dangers","//ro.wikipedia.org/wiki/Dangers","//sk.wikipedia.org/wiki/Dangers","//sv.wikipedia.org/wiki/Dangers","//bug.wikipedia.org/wiki/Dangers","//uk.wikipedia.org/wiki/%D0%94%D0%B0%D0%BD%D0%B6%D0%B5","//vi.wikipedia.org/wiki/Dangers","//vo.wikipedia.org/wiki/Dangers","//war.wikipedia.org/wiki/Dangers","//zh.wikipedia.org/wiki/%E5%BD%93%E7%83%AD%E5%B0%94","//www.wikidata.org/wiki/Q1139799#sitelinks","//en.wikipedia.org/wiki/Wikipedia:Text_of_Creative_Commons_Attribution-ShareAlike_3.0_Unported_License","//creativecommons.org/licenses/by-sa/3.0/","//wikimediafoundation.org/wiki/Terms_of_Use","//wikimediafoundation.org/wiki/Privacy_policy","//www.wikimediafoundation.org/","//wikimediafoundation.org/wiki/Privacy_policy","/wiki/Wikipedia:About","/wiki/Wikipedia:General_disclaimer","//en.wikipedia.org/wiki/Wikipedia:Contact_us","//en.m.wikipedia.org/wiki/Dangers","//wikimediafoundation.org/","//bits.wikimedia.org/images/wikimedia-button.png","//www.mediawiki.org/","//bits.wikimedia.org/static-1.22wmf8/skins/common/images/poweredby_mediawiki_88x31.png","/w/index.php?title=MediaWiki:Gadget-ReferenceTooltips.js&action=raw&ctype=text/javascript&508635914","//bits.wikimedia.org/en.wikipedia.org/load.php?debug=false&lang=en&modules=site&only=scripts&skin=vector&*"],"instances":[],"pdf":[],"categories":["Communes of Eure-et-Loir"],"headings":["Population","See also","References"],"image":["//upload.wikimedia.org/wikipedia/commons/thumb/3/3b/France_location_map-Regions_and_departements.svg/270px-France_location_map-Regions_and_departements.svg.png","//upload.wikimedia.org/wikipedia/en/thumb/0/0c/Red_pog.svg/6px-Red_pog.svg.png","//upload.wikimedia.org/wikipedia/commons/thumb/f/fc/Centre-Loc.png/270px-Centre-Loc.png","//upload.wikimedia.org/wikipedia/en/thumb/0/0c/Red_pog.svg/6px-Red_pog.svg.png","//upload.wikimedia.org/wikipedia/en/thumb/c/c3/Flag_of_France.svg/17px-Flag_of_France.svg.png","//upload.wikimedia.org/wikipedia/commons/thumb/1/1b/Blason_d%C3%A9partement_fr_Eure-et-Loir.svg/27px-Blason_d%C3%A9partement_fr_Eure-et-Loir.svg.png","//bits.wikimedia.org/static-1.22wmf8/skins/vector/images/search-ltr.png?303-4","//bits.wikimedia.org/images/wikimedia-button.png","//bits.wikimedia.org/static-1.22wmf8/skins/common/images/poweredby_mediawiki_88x31.png"],"tags":[],"members":[],"related":["Communes_of_France","Eure-et-Loir","Departments_of_France","France","Communes_of_the_Eure-et-Loir_department"]}