{"cursor":"29813","size":15,"audio":[],"currentlang":"en","article":", in the city of Ponce, is the seat of the government for both the city and the\nsurrounding [[barrio]]s making up the municipality.]] A 'municipality' is\nusually an urban administrative division having corporate status and usually\npowers of self-government or jurisdiction. The term municipality is also used to\nmean the governing body of a municipality. {{cite web |url=http://www.merriam-\nwebster.com/dictionary/municipality?show=0&t=1310881057 |title=Municipality |publisher=Merriam-\nWebster }} A municipality is a general-purpose administrative subdivision,\nas opposed to a special-purpose district. The term is derived from French\n\"municipalitÃ©\" and Latin \"municipalis\". {{cite web\n|url=http://www.yourdictionary.com/municipality |title=municipality definition\n|publisher=Yourdictionary.com }}\n","linknr":846,"url":"Municipalities","recorded":1374967499,"links":["/w/index.php?title=Municipality&action=edit","/w/index.php?title=Municipality&action=edit","//bits.wikimedia.org/favicon/wikipedia.ico","/w/opensearch_desc.php","//en.wikipedia.org/w/api.php?action=rsd","//creativecommons.org/licenses/by-sa/3.0/","/w/index.php?title=Special:RecentChanges&feed=atom","/wiki/Municipality","//bits.wikimedia.org/en.wikipedia.org/load.php?debug=false&lang=en&modules=ext.gadget.DRN-wizard%2CReferenceTooltips%2Ccharinsert%2Cteahouse%7Cext.rtlcite%2Cwikihiero%7Cext.uls.nojs%7Cmediawiki.legacy.commonPrint%2Cshared%7Cmw.PopUpMediaTransform%7Cskins.vector&only=styles&skin=vector&*","//bits.wikimedia.org/en.wikipedia.org/load.php?debug=false&lang=en&modules=site&only=styles&skin=vector&*","//bits.wikimedia.org/en.wikipedia.org/load.php?debug=false&lang=en&modules=startup&only=scripts&skin=vector&*","//bits.wikimedia.org/geoiplookup","//meta.wikimedia.org","/w/index.php?title=Municipalities&redirect=no","#mw-navigation","#p-search","/wiki/File:Ponce_City_Hall.JPG","//upload.wikimedia.org/wikipedia/commons/thumb/a/a2/Ponce_City_Hall.JPG/220px-Ponce_City_Hall.JPG","/wiki/File:Ponce_City_Hall.JPG","//bits.wikimedia.org/static-1.22wmf11/skins/common/images/magnify-clip.png","/wiki/Ponce_City_Hall","/wiki/Ponce,_Puerto_Rico","/wiki/Barrio","/wiki/Administrative_division","/wiki/Corporation","#cite_note-1","/wiki/Special-purpose_district","#cite_note-2","#Etymology","#Generic_term","#Political_powers","#In_various_countries","#English_speaking","#Chinese_speaking","#Municipalities_by_country","#See_also","#References","#External_links","/w/index.php?title=Municipality&action=edit&section=1","/wiki/English_language","/wiki/Roman_citizenship","/w/index.php?title=Municipality&action=edit&section=2","/wiki/Jurisdiction","/wiki/Monaco","/wiki/West_Hampton_Dunes,_New_York","/wiki/Populated_place","/wiki/City","/wiki/Town","/wiki/Village","/wiki/Township_(New_Jersey)","/wiki/Municipalities_of_Mexico","/wiki/Santiago","#cite_note-3","/w/index.php?title=Municipality&action=edit&section=3","/wiki/State_(polity)","/wiki/Income_tax","/wiki/Property_tax","/wiki/Corporate_income_tax","/w/index.php?title=Municipality&action=edit&section=4","/wiki/Communes_of_France","/wiki/Ayuntamiento","/w/index.php?title=Municipality&action=edit&section=5","/wiki/Australia","/wiki/Local_government_area","#cite_note-4","/wiki/Canada","#cite_note-CDNEncyclo-5","#cite_note-StatCan-6","/wiki/City","/wiki/District_municipality","/wiki/Municipal_district","/wiki/Parish_(administrative_division)","/wiki/Rural_municipality","/wiki/Town","/wiki/Township","/wiki/Ville","/wiki/Village","#cite_note-StatCan-6","/wiki/Ontario","#cite_note-OntarioMAH-7","#cite_note-OntarioMAH-7","/wiki/Nova_Scotia","#cite_note-NSMGA-8","/wiki/Local_government_in_the_United_Kingdom","/wiki/England","/wiki/Wales","/wiki/Scotland","/wiki/Northern_Ireland","#cite_note-9","/wiki/United_States","#cite_note-10","#cite_note-11","#cite_note-12","/wiki/Jersey","/wiki/Parishes_of_Jersey","/w/index.php?title=Municipality&action=edit&section=6","/wiki/People%27s_Republic_of_China","/wiki/Direct-controlled_municipality","/wiki/Pinyin","/wiki/City","/wiki/Province_(China)","/wiki/Beijing_Municipality","/wiki/Tianjin_Municipality","/wiki/Shanghai_Municipality","/wiki/Chongqing_Municipality","/wiki/Municipality_of_China","/wiki/Republic_of_China","/wiki/Pinyin","/wiki/Political_divisions_of_Taiwan","/wiki/Kaohsiung","/wiki/New_Taipei","/wiki/Taichung","/wiki/Tainan","/wiki/Taipei","/wiki/Special_municipality_of_Taiwan","/w/index.php?title=Municipality&action=edit&section=7","/wiki/Albania","/wiki/Municipalities_of_Albania","/wiki/Algeria","/wiki/Baladiyah","/wiki/Da%C3%AFra","/wiki/Wilayas_of_Algeria","/wiki/Municipalities_of_Algeria","/wiki/Argentina","/wiki/Municipalidad","/wiki/Municipio","/wiki/Austria","/wiki/District#Austria","/wiki/States_of_Austria","/wiki/Municipalities_of_Austria","/wiki/Bangladesh","/wiki/Upazilas_of_Bangladesh","/wiki/Districts_of_Bangladesh","/w/index.php?title=Municipalities_of_Bangladesh&action=edit&redlink=1","/wiki/Belgium","/wiki/Gemeente","/wiki/Commune","/wiki/Provinces_of_regions_in_Belgium","/wiki/Brussels-Capital_Region","/wiki/Municipalities_in_Belgium","/wiki/Bolivia","/wiki/Municipio","/wiki/Arani_Municipality","/wiki/Province","/wiki/Department_(country_subdivision)","/wiki/Municipalities_of_Bolivia","/wiki/Bosnia_and_Herzegovina","/wiki/Federation_of_Bosnia_and_Herzegovina","/wiki/Cantons_of_Bosnia_and_Herzegovina","/wiki/Republika_Srpska","/wiki/Municipalities_of_Republika_Srpska","/wiki/Brazil","/wiki/Municipalities_of_Brazil","/wiki/S%C3%A3o_Paulo","/wiki/Bor%C3%A1","/wiki/States_of_Brazil","/wiki/County","/wiki/City","/wiki/Federal_District_(Brazil)","/wiki/Bras%C3%ADlia","/wiki/Fernando_de_Noronha","/wiki/Saint_Peter_and_Saint_Paul_Archipelago","/wiki/Pernambuco","/wiki/Amazon_region","/wiki/Municipalities_of_Brazil","/wiki/Bulgaria","/wiki/Bulgarian_language","/wiki/Aksakovo_Municipality","/wiki/Oblast","/wiki/Municipalities_of_Bulgaria","/wiki/Kingdom_of_Cambodia","/wiki/Phnom_Penh","/wiki/Chile","/wiki/Comuna","/wiki/Regions_of_Chile","/wiki/Provinces_of_Chile","/wiki/Colombia","/wiki/Municipio","/wiki/Departments_of_Colombia","/wiki/Corregimiento","/wiki/Vereda","/wiki/Municipalities_of_Colombia","/wiki/Costa_Rica","/wiki/Municipalidad","/wiki/Provinces_of_Costa_Rica","/wiki/Cantons_of_Costa_Rica","/wiki/Croatia","/wiki/Op%C4%87ina","/wiki/Counties_of_Croatia","/wiki/Municipalities_of_Croatia","/wiki/Czech_Republic","/wiki/Obec","/wiki/Kraj","/wiki/Denmark","/wiki/Aabenraa_Municipality","/wiki/Regions_of_Denmark","/wiki/Counties_of_Denmark","/wiki/Municipalities_of_Denmark","/wiki/Dominican_Republic","/wiki/Municipio","/wiki/Provinces_of_the_Dominican_Republic","/wiki/Municipalities_of_the_Dominican_Republic","/wiki/Estonia","/wiki/Are_Parish","/wiki/Counties_of_Estonia","/wiki/Municipalities_of_Estonia","/wiki/Finland","/wiki/Municipalities_of_Finland","/wiki/France","/wiki/Commune_in_France","/wiki/D%C3%A9partement_in_France","/wiki/R%C3%A9gion","/wiki/Germany","/wiki/Gemeinde","/wiki/Districts_of_Germany","/wiki/Verbandsgemeinde","/wiki/Municipalities_of_Germany","/wiki/Greece","/wiki/Municipalities_and_communities_of_Greece","/wiki/Prefecture","/wiki/Prefectures_of_Greece","/wiki/Peripheries","/wiki/Greenland","/wiki/Kujalleq","/wiki/Municipalities_of_Greenland","/wiki/Haiti","/wiki/Arrondissement","/wiki/D%C3%A9partement","/wiki/Honduras","/wiki/Municipio","/wiki/Municipalities_of_Honduras","/wiki/Hungary","/wiki/Iceland","/wiki/Reykjav%C3%ADk","/wiki/Regions_of_Iceland","/wiki/Municipalities_of_Iceland","/wiki/India","/wiki/Nagar_palika","/wiki/Nagar_nigam","/wiki/Municipalities_of_India","/wiki/Israel","/wiki/City_council_(Israel)","/wiki/Local_council_(Israel)","/wiki/Regional_council_(Israel)","/wiki/Italy","/wiki/Comune","/wiki/Provinces_of_Italy","/wiki/Regions_of_Italy","/wiki/Rome","/wiki/Japan","/wiki/Municipalities_of_Japan","/wiki/Cities_of_Japan","/wiki/List_of_towns_in_Japan","/wiki/Villages_of_Japan","/wiki/Kenya","/wiki/Latvia","/wiki/Aglona_Municipality","/wiki/Amalgamation_(politics)","/wiki/Civil_parish","/wiki/Municipalities_of_Latvia","/wiki/Lebanon","/wiki/Districts_of_Lebanon","/wiki/Arabic_language","/wiki/Governorate","/wiki/Arabic","/wiki/Libya","/wiki/Basic_People%27s_Congress_(country_subdivision)","/wiki/Municipalities_of_Libya","/wiki/Lithuania","/wiki/Kalvarija_Municipality","/wiki/Apskritis","/wiki/Seni%C5%ABnija","/wiki/Municipalities_of_Lithuania","/wiki/Luxembourg","/wiki/Communes_of_Luxembourg","/wiki/Republic_of_Macedonia","/wiki/Op%C5%A1tina","/wiki/Ara%C4%8Dinovo_Municipality","/wiki/City_of_Skopje","/wiki/Municipalities_of_the_Republic_of_Macedonia","/wiki/Mexico","/wiki/Municipio","/wiki/Asientos_Municipality","/wiki/States_of_Mexico","/wiki/Delegaci%C3%B3n","/wiki/Federal_District_(Mexico)","/wiki/Municipalities_of_Mexico","/wiki/Boroughs_of_the_Mexican_Federal_District","/wiki/Moldova","/wiki/Municipiu","/w/index.php?title=Municipiului_Chi%C5%9Fin%C4%83u&action=edit&redlink=1","/wiki/Moldova#Administrative_divisions","/wiki/Montenegro","/wiki/Op%C5%A1tina","/wiki/Andrijevica_Municipality","/wiki/Municipalities_of_Montenegro","/wiki/Nepal","/wiki/Metropolitan_area","/wiki/Netherlands","/wiki/Provinces_of_the_Netherlands","/wiki/Special_municipalities","/wiki/Municipalities_in_the_Netherlands","/wiki/New_Zealand","/wiki/Territorial_authorities_of_New_Zealand","/wiki/Nicaragua","/wiki/Municipio","/wiki/Autonomous_Region","/wiki/Regi%C3%B3n_Aut%C3%B3noma_del_Atl%C3%A1ntico_Norte","/wiki/Regi%C3%B3n_Aut%C3%B3noma_del_Atl%C3%A1ntico_Sur","/wiki/Municipalities_of_Nicaragua","/wiki/Norway","/wiki/Counties_of_Norway","/wiki/Municipalities_of_Norway","/wiki/Palestinian_National_Authority","/wiki/Municipality_(Palestinian_Authority)","/wiki/Pakistan","/wiki/Districts_of_Pakistan","/wiki/Local_government_in_Pakistan","/wiki/Paraguay","/wiki/Department_(country_subdivision)","/wiki/Peru","/wiki/Municipio","/wiki/Provinces_of_Peru","/wiki/Departments_of_Peru","/wiki/Districts_of_Peru","/wiki/Philippines","/wiki/Municipalities_of_the_Philippines","/wiki/Provinces_of_the_Philippines","/wiki/Pateros,_Metro_Manila","/wiki/Metro_Manila","/wiki/Barangay","/wiki/Poland","/wiki/Gmina","/wiki/Gmina_Annopol","/wiki/Powiat","/wiki/Portugal","/wiki/Aveiro_Municipality","/wiki/Corvo_(Azores)","/wiki/Freguesia","/wiki/Districts_of_Portugal","/wiki/Portugal","/wiki/Municipalities_of_Portugal","/wiki/Concelhos_of_Portugal","/wiki/Local_administrative_unit","/wiki/Districts_of_Portugal","/wiki/Freguesia","/wiki/Municipalities_of_Portugal","/wiki/Puerto_Rico","/wiki/Municipio","/wiki/Barrio","#cite_note-13","#cite_note-14","/wiki/Municipalities_of_Puerto_Rico","/wiki/Romania","/wiki/Municipiu","/wiki/Communes_of_Romania","/wiki/Jude%C5%A3","/wiki/Municipalities_in_Romania","/wiki/Russia","/wiki/Subdivisions_of_Russia#Municipal_divisions","/wiki/San_Marino","/wiki/Serbia","/wiki/Op%C5%A1tina","/wiki/Okrug","/wiki/Slovakia","/wiki/Obec","/wiki/Okres","/wiki/List_of_villages_and_municipalities_in_Slovakia","/wiki/Slovenia","/wiki/Ob%C4%8Dina","/wiki/Region","/wiki/Municipalities_of_Slovenia","/wiki/Local_administrative_unit","/wiki/Municipalities_of_Slovenia","/wiki/South_Africa","/wiki/District_municipality_(South_Africa)","/wiki/Metropolitan_municipality_(South_Africa)","/wiki/Provinces_of_South_Africa","/wiki/Local_municipality_(South_Africa)","/wiki/Spain","/wiki/Municipio","/wiki/Municipio","/wiki/Local_administrative_unit","/wiki/Provinces_of_Spain","/wiki/Galicia_(Spain)","/wiki/Principality_of_Asturias","/wiki/Parroquia","/wiki/Municipalities_of_Spain","/wiki/Sweden","/wiki/Ale_Municipality","/wiki/K%C3%B6ping","/wiki/Counties_of_Sweden","/wiki/Municipalities_of_Sweden","/wiki/Switzerland","/wiki/Commune","/wiki/Gemeinde","/wiki/Comune","/wiki/Cantons_of_Switzerland","/wiki/Municipalities_in_Switzerland","/wiki/Thailand","/wiki/Thesaban","/wiki/Bangkok","/wiki/Pattaya","/wiki/Bangkok","/wiki/Pattaya","/wiki/Thesaban","/wiki/Ukraine","/wiki/Kiev","/wiki/Sevastopol","/wiki/United_Arab_Emirates","/wiki/Emirate","/wiki/Turkey","/wiki/Uruguay","/wiki/Municipio","/wiki/Venezuela","/wiki/Municipio","/wiki/Anaco_Municipality","/wiki/Venezuelan_Capital_District","/wiki/Subdivisions_of_Venezuela","/wiki/Municipalities_of_Venezuela","/wiki/Vietnam","/wiki/Direct-controlled_municipality","/wiki/Ho_Chi_Minh_City","/wiki/Vietnam","/wiki/Direct-controlled_municipality","/wiki/City","/wiki/Provinces_of_Vietnam","/wiki/Hanoi","/wiki/Ho_Chi_Minh_City","/wiki/Hai_Phong","/wiki/Da_Nang","/wiki/Can_Tho","/wiki/Municipalities_of_Vietnam","/wiki/Concelho","/wiki/Organs_of_state","/w/index.php?title=Municipality&action=edit&section=8","/wiki/Council_of_European_Municipalities_and_Regions","/wiki/Council-manager_government","/wiki/Creature_of_statute","/wiki/Lists_of_municipalities","/wiki/Mayor-council_government","/wiki/Municipal_corporation","/wiki/Municipal_government","/w/index.php?title=Municipality&action=edit&section=9","#cite_ref-1","http://www.merriam-webster.com/dictionary/municipality?show=0&t=1310881057","/wiki/Merriam-Webster","#cite_ref-2","http://www.yourdictionary.com/municipality","#cite_ref-3","http://mapasdechile.com/santiago/map.htm","#cite_ref-4","http://www.abs.gov.au/Ausstats/abs@.nsf/0/9f0b5791ed98061fca256f1900128409?OpenDocument","#cite_ref-CDNEncyclo_5-0","http://www.thecanadianencyclopedia.com/index.cfm?PgNm=TCE&Params=A1ARTA0005517","#cite_ref-StatCan_6-0","#cite_ref-StatCan_6-1","http://www.statcan.gc.ca/pub/92f0009x/92f0009x2011000-eng.pdf","/wiki/Statistics_Canada","#cite_ref-OntarioMAH_7-0","#cite_ref-OntarioMAH_7-1","http://www.mah.gov.on.ca/Page1591.aspx","/wiki/Ministry_of_Municipal_Affairs_and_Housing_(Ontario)","#cite_ref-NSMGA_8-0","http://nslegislature.ca/legc/statutes/muncpgov.htm","#cite_ref-9","http://en.wikisource.org/wiki/1911_Encyclop%C3%A6dia_Britannica/Municipality","#cite_ref-10","http://public.findlaw.com/library/pa-municipal-law.html","/wiki/FindLaw","#cite_ref-11","http://law.justia.com/codes/nevada/2009/title-3/chapter-43/43-080/","#cite_ref-12","http://kansasstatutes.lesterama.org/Chapter_75/Article_11/75-1117.html","#cite_ref-13","http://cee.ceepur.org/Ayuda.aspx#Municipio","#cite_ref-14","http://www.surfrider.org/rincon/Ley_Municipios.pdf","/w/index.php?title=Municipality&action=edit&section=10","//upload.wikimedia.org/wikipedia/commons/thumb/f/f8/Wiktionary-logo-en.svg/37px-Wiktionary-logo-en.svg.png","//en.wiktionary.org/wiki/Special:Search/municipality","//upload.wikimedia.org/wikipedia/commons/thumb/4/4c/Wikisource-logo.svg/12px-Wikisource-logo.svg.png","/wiki/Charles_Isaac_Elton","//en.wikisource.org/wiki/Encyclop%C3%A6dia_Britannica,_Ninth_Edition/Municipality","/wiki/Encyclopaedia_Britannica","/wiki/Template:Terms_for_types_of_country_subdivisions","/wiki/Template_talk:Terms_for_types_of_country_subdivisions","//en.wikipedia.org/w/index.php?title=Template:Terms_for_types_of_country_subdivisions&action=edit","/wiki/Administrative_division","/wiki/Area_(country_subdivision)","/wiki/Insular_area","/wiki/Local_Government_Area","/wiki/Special_Areas_Board","/wiki/Urban_area","/wiki/Borough","/wiki/County_borough","/wiki/Metropolitan_borough","/wiki/Capital_city","/wiki/Federal_capital","/wiki/Capital_city#Origins","/wiki/City","/wiki/Autonomous_city","/wiki/Charter_city","/wiki/Independent_city","/wiki/Rural_city_(Victoria)","/wiki/Imperial_city","/wiki/Free_imperial_city","/wiki/Royal_free_city","/wiki/Community_(administrative_division)","/wiki/Autonomous_communities_of_Spain","/wiki/Residential_community","/wiki/County","/wiki/Administrative_county","/wiki/Autonomous_counties_of_the_People%27s_Republic_of_China","/wiki/Metropolitan_county","/wiki/Viscount","/wiki/District","/wiki/Capital_districts_and_territories","/wiki/City_district","/wiki/Electoral_district","/wiki/Federal_district","/wiki/List_of_municipalities_in_British_Columbia#Indian_government_districts","/wiki/Metropolitan_borough","/wiki/Municipal_district","/wiki/Lands_administrative_divisions_of_Tasmania","/wiki/List_of_regional_districts_of_British_Columbia","/wiki/Rural_district","/wiki/Sanitary_district","/wiki/Subdistrict","/wiki/District","/wiki/Districts_of_Republican_Subordination","/wiki/District_municipality","/wiki/Direct-controlled_municipality","/wiki/List_of_municipalities_in_British_Columbia#Mountain_resort_municipalities","/wiki/Regional_municipality","/wiki/Regional_county_municipality","/wiki/List_of_municipalities_in_British_Columbia#Resort_municipalities","/wiki/Rural_municipality","/wiki/Specialized_municipalities_of_Alberta","/wiki/Prefecture","/wiki/Autonomous_prefectures_of_the_People%27s_Republic_of_China","/wiki/Subprefecture","/wiki/Super-prefectures_of_Greece","/wiki/Praetorian_prefecture","/wiki/Province","/wiki/Autonomous_province","/wiki/Overseas_province","/wiki/Region","/wiki/Administrative_region","/wiki/Autonomous_region","/wiki/Capital_region","/wiki/Mesoregion","/wiki/Microregion","/wiki/Overseas_region","/wiki/Special_administrative_region","/wiki/Subregion_(country_subdivision)","/wiki/Federated_state","/wiki/Federation","/wiki/Free_state_(government)","/wiki/States_of_Colombia","/wiki/Territory_(country_subdivision)","/wiki/Capital_territory","/wiki/Dependent_territory","/wiki/Federal_territory","/wiki/National_territory","/wiki/Organized_incorporated_territories_of_the_United_States","/wiki/Overseas_territory","/wiki/Unorganized_territory","/wiki/Union_territory","/wiki/Town","/wiki/Civil_township","/wiki/Charter_township","/wiki/Autonomous_territorial_unit","/wiki/Local_administrative_unit","/wiki/Local_government_in_Victoria#Alpine_resorts","/wiki/Bailiwick","/wiki/Banner_(country_subdivision)","/wiki/Banners_of_Inner_Mongolia","/wiki/Block_(country_subdivision)","/wiki/Cadastre","/wiki/Canton_(country_subdivision)","/wiki/Circle_(country_subdivision)","/wiki/Circuit_(administrative_division)","/wiki/Colony","/wiki/Condominium_(international_law)","/wiki/Constituency_(administrative_division)","/wiki/Department_(country_subdivision)","/wiki/Overseas_department","/wiki/Division_(country_subdivision)","/wiki/Subdivision_(country_subdivision)","/wiki/Duchy","/wiki/Elderships_of_Lithuania","/wiki/Federal_Dependencies_of_Venezuela","/wiki/Governorate","/wiki/Hamlet_(place)","/wiki/Neighbourhood","/wiki/Parish_(administrative_division)","/wiki/Periphery_(country_subdivision)","/wiki/Principality","/wiki/Principality","/wiki/Protectorate","/wiki/Quarter_(urban_subdivision)","/wiki/List_of_regencies_and_cities_of_Indonesia","/wiki/Autonomous_republic","/wiki/Indian_reservation","/wiki/Indian_reserve","/wiki/Riding_(country_subdivision)","/wiki/Sector_(country_subdivision)","/wiki/Autonomous_sector","/wiki/Shire","/wiki/Suzerainty","/wiki/Townland","/wiki/Village","/wiki/List_of_summer_villages_in_Alberta","/wiki/Ward_(country_subdivision)","/wiki/Agency_(country_subdivision)","/wiki/Barony_(geographic)","/wiki/Burgh","/wiki/Imperial_Circle","/wiki/Roman_diocese","/wiki/Exarch","/wiki/Hide_(unit)","/wiki/Hundred_(county_division)","/wiki/March_(territory)","/wiki/Monthon","/wiki/Presidency_(country_subdivision)","/wiki/Residency_(country_subdivision)","/wiki/Tenth_(country_subdivision)","/wiki/Tithing","/wiki/Amt_(country_subdivision)","/wiki/Arrondissement","/wiki/Bairro","/wiki/Bakhsh","/wiki/Baladiyah","/wiki/Barangay","/wiki/Bezirk","/wiki/Regierungsbezirk","/wiki/Colonia_(country_subdivision)","/wiki/Comarca","/wiki/Comune","/wiki/Da%C3%AFra","/wiki/Deme","/wiki/Frazione","/wiki/Freguesia_(Portugal)","/wiki/Gmina","/wiki/Gemeinde","/wiki/Provinces_of_Turkey","/wiki/Jude%C8%9B","/wiki/Administrative_village","/wiki/Municipalities_of_Sweden","/wiki/Circle_(country_subdivision)","/wiki/Municipalities_of_Finland","/wiki/L%C3%A4n","/wiki/Localit%C3%A0","/wiki/Mahalle","/wiki/Counties_of_Hungary","/wiki/Muban","/wiki/Nome_(Egypt)","/wiki/Nome_(Greece)","/wiki/Oblast","/wiki/Autonomous_oblast","/wiki/Okrug","/wiki/Autonomous_okrug","/wiki/Ortsteil","/wiki/Ost%C4%81n","/wiki/Poblacion","/wiki/Powiat","/wiki/Purok","/wiki/Raion","/wiki/Rancher%C3%ADa","/wiki/Shabiyah","/wiki/Shahr","/wiki/Shahrest%C4%81n","/wiki/Sitio","/wiki/S%C3%BDsla","/wiki/Tehsil","/wiki/Tehsil","/wiki/Vingtaine","/wiki/Voivodeship","/wiki/Wilayah","/wiki/Commote","/wiki/Heerlijkheid","/wiki/Katepanikion","/wiki/K%C3%B6ping","/wiki/Maalaiskunta","/wiki/Liwa_(Arabic)","/wiki/Naucrary","/wiki/Pagus","/wiki/Pargana","/wiki/Plas%C4%83","/wiki/Satrap","/wiki/Syssel","/wiki/Theme_(Byzantine_district)","/wiki/Subah_(country_subdivision)","/wiki/Census_division","/wiki/Electoral_district","/wiki/Political_division","/wiki/Template:Arabic_terms_for_country_subdivisions","/wiki/Template:French_terms_for_country_subdivisions","/wiki/Template:Spanish_terms_for_country_subdivisions","/wiki/Table_of_administrative_divisions_by_country","//en.wikipedia.org/w/index.php?title=Special:CentralAutoLogin/start&type=1x1&from=enwiki","http://en.wikipedia.org/w/index.php?title=Municipality&oldid=566018482","/wiki/Help:Categories","/wiki/Category:Administrative_divisions","/wiki/Category:Municipalities","/wiki/Category:Types_of_populated_places","/wiki/Category:Articles_containing_Bulgarian-language_text","/wiki/Category:Articles_containing_Khmer-language_text","/wiki/Category:Articles_containing_Arabic-language_text","/wiki/Category:Wikipedia_articles_incorporating_a_citation_from_EB9","/w/index.php?title=Special:UserLogin&returnto=Municipality&type=signup","/w/index.php?title=Special:UserLogin&returnto=Municipality","/wiki/Municipality","/wiki/Talk:Municipality","#","/wiki/Municipality","/w/index.php?title=Municipality&action=edit","/w/index.php?title=Municipality&action=history","#","/w/index.php","//bits.wikimedia.org/static-1.22wmf11/skins/vector/images/search-ltr.png?303-4","/wiki/Main_Page","/wiki/Main_Page","/wiki/Portal:Contents","/wiki/Portal:Featured_content","/wiki/Portal:Current_events","/wiki/Special:Random","//donate.wikimedia.org/wiki/Special:FundraiserRedirector?utm_source=donate&utm_medium=sidebar&utm_campaign=C13_en.wikipedia.org&uselang=en","/wiki/Help:Contents","/wiki/Wikipedia:About","/wiki/Wikipedia:Community_portal","/wiki/Special:RecentChanges","//en.wikipedia.org/wiki/Wikipedia:Contact_us","/wiki/Special:WhatLinksHere/Municipality","/wiki/Special:RecentChangesLinked/Municipality","/wiki/Wikipedia:File_Upload_Wizard","/wiki/Special:SpecialPages","/w/index.php?title=Municipality&oldid=566018482","/w/index.php?title=Municipality&action=info","//www.wikidata.org/wiki/Q15284","/w/index.php?title=Special:Cite&page=Municipality&id=566018482","/w/index.php?title=Special:Book&bookcmd=book_creator&referer=Municipality","/w/index.php?title=Special:Book&bookcmd=render_article&arttitle=Municipality&oldid=566018482&writer=rl","/w/index.php?title=Municipality&printable=yes","//af.wikipedia.org/wiki/Munisipaliteit","//als.wikipedia.org/wiki/Gemeinde","//ar.wikipedia.org/wiki/%D8%A8%D9%84%D8%AF%D9%8A%D8%A9","//an.wikipedia.org/wiki/Municipio","//ast.wikipedia.org/wiki/Municipiu","//bcl.wikipedia.org/wiki/Komyun","//bg.wikipedia.org/wiki/%D0%9E%D0%B1%D1%89%D0%B8%D0%BD%D0%B0","//bar.wikipedia.org/wiki/Gmoa","//bs.wikipedia.org/wiki/Op%C4%87ina","//ca.wikipedia.org/wiki/Municipi","//cs.wikipedia.org/wiki/Obec","//co.wikipedia.org/wiki/Cumuna","//da.wikipedia.org/wiki/Kommune","//de.wikipedia.org/wiki/Gemeinde","//dsb.wikipedia.org/wiki/Gmejna","//et.wikipedia.org/wiki/Vald","//el.wikipedia.org/wiki/%CE%94%CE%AE%CE%BC%CE%BF%CF%82","//es.wikipedia.org/wiki/Municipio","//eo.wikipedia.org/wiki/Municipo","//eu.wikipedia.org/wiki/Udalerri","//fa.wikipedia.org/wiki/%D8%B4%D9%87%D8%B1%D8%AF%D8%A7%D8%B1%DB%8C","//fo.wikipedia.org/wiki/Kommuna","//fr.wikipedia.org/wiki/Commune","//fy.wikipedia.org/wiki/Gemeente_(bestjoer)","//gl.wikipedia.org/wiki/Concello","//ko.wikipedia.org/wiki/%EC%A7%80%EB%B0%A9_%EC%9E%90%EC%B9%98%EC%B2%B4","//haw.wikipedia.org/wiki/Aupuni_kiwik%C4%81","//hy.wikipedia.org/wiki/%D5%80%D5%A1%D5%B4%D5%A1%D5%B5%D5%B6%D6%84_(%D5%BE%D5%A1%D6%80%D5%B9%D5%A1%D5%AF%D5%A1%D5%B6_%D5%B4%D5%AB%D5%A1%D5%BE%D5%B8%D6%80)","//hi.wikipedia.org/wiki/%E0%A4%A8%E0%A4%97%E0%A4%B0%E0%A4%AA%E0%A4%BE%E0%A4%B2%E0%A4%BF%E0%A4%95%E0%A4%BE","//hsb.wikipedia.org/wiki/Gmejna","//hr.wikipedia.org/wiki/Op%C4%87ina","//io.wikipedia.org/wiki/Komono","//id.wikipedia.org/wiki/Munisipalitas","//is.wikipedia.org/wiki/Sveitarf%C3%A9lag","//it.wikipedia.org/wiki/Comune","//he.wikipedia.org/wiki/%D7%A8%D7%A9%D7%95%D7%AA_%D7%9E%D7%A7%D7%95%D7%9E%D7%99%D7%AA","//kk.wikipedia.org/wiki/%D0%9C%D1%83%D0%BD%D0%B8%D1%86%D0%B8%D0%BF%D0%B0%D0%BB%D0%B8%D1%82%D0%B5%D1%82","//ky.wikipedia.org/wiki/%D0%9C%D1%83%D0%BD%D0%B8%D1%86%D0%B8%D0%BF%D0%B0%D0%BB%D0%B8%D1%82%D0%B5%D1%82","//la.wikipedia.org/wiki/Commune","//lv.wikipedia.org/wiki/Pa%C5%A1vald%C4%ABba","//lb.wikipedia.org/wiki/Gemeng","//lt.wikipedia.org/wiki/Savivaldyb%C4%97","//li.wikipedia.org/wiki/Gemeint","//lmo.wikipedia.org/wiki/Com%C3%BC","//hu.wikipedia.org/wiki/K%C3%B6zs%C3%A9g","//mk.wikipedia.org/wiki/%D0%9E%D0%BF%D1%88%D1%82%D0%B8%D0%BD%D0%B0","//mg.wikipedia.org/wiki/Kaominina","//mr.wikipedia.org/wiki/%E0%A4%A8%E0%A4%97%E0%A4%B0%E0%A4%AA%E0%A4%BE%E0%A4%B2%E0%A4%BF%E0%A4%95%E0%A4%BE","//ms.wikipedia.org/wiki/Kawasan_perbandaran","//nah.wikipedia.org/wiki/%C4%80ltep%C4%93calp%C5%8Dll%C5%8Dtl","//nl.wikipedia.org/wiki/Gemeente_(bestuur)","//nds-nl.wikipedia.org/wiki/Gemiente_(bestuur)","//ja.wikipedia.org/wiki/%E5%9F%BA%E7%A4%8E%E8%87%AA%E6%B2%BB%E4%BD%93","//no.wikipedia.org/wiki/Kommune","//nn.wikipedia.org/wiki/Kommune","//oc.wikipedia.org/wiki/Municipi","//uz.wikipedia.org/wiki/Munitsipalitet","//nds.wikipedia.org/wiki/Gemeen","//pl.wikipedia.org/wiki/Gmina_(ujednoznacznienie)","//pt.wikipedia.org/wiki/Munic%C3%ADpio","//ru.wikipedia.org/wiki/%D0%9C%D1%83%D0%BD%D0%B8%D1%86%D0%B8%D0%BF%D0%B0%D0%BB%D0%B8%D1%82%D0%B5%D1%82","//stq.wikipedia.org/wiki/Meente","//sq.wikipedia.org/wiki/Komuna","//scn.wikipedia.org/wiki/Cumuni","//sk.wikipedia.org/wiki/Obec_(spr%C3%A1vna_jednotka)","//sl.wikipedia.org/wiki/Ob%C4%8Dina","//sr.wikipedia.org/wiki/%D0%9E%D0%BF%D1%88%D1%82%D0%B8%D0%BD%D0%B0","//sh.wikipedia.org/wiki/Op%C5%A1tina","//su.wikipedia.org/wiki/Munisipalitas","//fi.wikipedia.org/wiki/Kunta","//sv.wikipedia.org/wiki/Kommun","//ta.wikipedia.org/wiki/%E0%AE%A8%E0%AE%95%E0%AE%B0%E0%AE%BE%E0%AE%9F%E0%AF%8D%E0%AE%9A%E0%AE%BF","//tt.wikipedia.org/wiki/%D0%9C%D1%83%D0%BD%D0%B8%D1%86%D0%B8%D0%BF%D0%B0%D0%BB%D0%B8%D1%82%D0%B5%D1%82","//te.wikipedia.org/wiki/%E0%B0%AA%E0%B1%81%E0%B0%B0%E0%B0%AA%E0%B0%BE%E0%B0%B2%E0%B0%95_%E0%B0%B8%E0%B0%82%E0%B0%98%E0%B0%AE%E0%B1%81","//tet.wikipedia.org/wiki/Konsellu","//th.wikipedia.org/wiki/%E0%B9%80%E0%B8%97%E0%B8%A8%E0%B8%9A%E0%B8%B2%E0%B8%A5%E0%B8%99%E0%B8%84%E0%B8%A3%E0%B9%83%E0%B8%99%E0%B8%9B%E0%B8%A3%E0%B8%B0%E0%B9%80%E0%B8%97%E0%B8%A8%E0%B9%84%E0%B8%97%E0%B8%A2","//tr.wikipedia.org/wiki/Belediye","//uk.wikipedia.org/wiki/%D0%9C%D1%83%D0%BD%D1%96%D1%86%D0%B8%D0%BF%D0%B0%D0%BB%D1%96%D1%82%D0%B5%D1%82","//vec.wikipedia.org/wiki/Comun","//vi.wikipedia.org/wiki/Khu_t%E1%BB%B1_qu%E1%BA%A3n","//fiu-vro.wikipedia.org/wiki/Vald","//vls.wikipedia.org/wiki/Gem%C3%AAente","//yi.wikipedia.org/wiki/%D7%9E%D7%95%D7%A0%D7%99%D7%A6%D7%99%D7%A4%D7%90%D7%9C%D7%99%D7%98%D7%A2%D7%98","//zea.wikipedia.org/wiki/Geme%C3%AAnte","//zh.wikipedia.org/wiki/%E5%9F%BA%E5%B1%82%E6%94%BF%E6%9D%83","#","//www.wikidata.org/wiki/Q15284#sitelinks-wikipedia","//en.wikipedia.org/wiki/Wikipedia:Text_of_Creative_Commons_Attribution-ShareAlike_3.0_Unported_License","//creativecommons.org/licenses/by-sa/3.0/","//wikimediafoundation.org/wiki/Terms_of_Use","//wikimediafoundation.org/wiki/Privacy_policy","//www.wikimediafoundation.org/","//wikimediafoundation.org/wiki/Privacy_policy","/wiki/Wikipedia:About","/wiki/Wikipedia:General_disclaimer","//en.wikipedia.org/wiki/Wikipedia:Contact_us","//en.m.wikipedia.org/wiki/Municipality","//wikimediafoundation.org/","//bits.wikimedia.org/images/wikimedia-button.png","//www.mediawiki.org/","//bits.wikimedia.org/static-1.22wmf11/skins/common/images/poweredby_mediawiki_88x31.png","//bits.wikimedia.org/en.wikipedia.org/load.php?debug=false&lang=en&modules=site&only=scripts&skin=vector&*"],"instances":["country_subdivision","spain","politics","palestinian_authority","polity","azores","israel","china","israel","new_jersey","south_africa","mexico","israel","administrative_division","south_africa","south_africa","country_subdivision"],"pdf":["http://www.statcan.gc.ca/pub/92f0009x/92f0009x2011000-eng.pdf","http://www.surfrider.org/rincon/Ley_Municipios.pdf"],"categories":["Administrative divisions","Municipalities|*","Types of populated places"],"headings":["Etymology","Generic term","Political powers","In various countries","Municipalities by country","See also","References","External links"],"image":["//upload.wikimedia.org/wikipedia/commons/thumb/a/a2/Ponce_City_Hall.JPG/220px-Ponce_City_Hall.JPG","//bits.wikimedia.org/static-1.22wmf11/skins/common/images/magnify-clip.png","//upload.wikimedia.org/wikipedia/commons/thumb/f/f8/Wiktionary-logo-en.svg/37px-Wiktionary-logo-en.svg.png","//upload.wikimedia.org/wikipedia/commons/thumb/4/4c/Wikisource-logo.svg/12px-Wikisource-logo.svg.png","//en.wikipedia.org/w/index.php?title=Special:CentralAutoLogin/start&type=1x1&from=enwiki","//bits.wikimedia.org/static-1.22wmf11/skins/vector/images/search-ltr.png?303-4","//bits.wikimedia.org/images/wikimedia-button.png","//bits.wikimedia.org/static-1.22wmf11/skins/common/images/poweredby_mediawiki_88x31.png"],"tags":[["township","new_jersey"],["state","polity"],["parish","administrative_division"],["province","china"],["department","country_subdivision"],["federal_district","brazil"],["city_council","israel"],["local_council","israel"],["regional_council","israel"],["amalgamation","politics"],["basic_people's_congress","country_subdivision"],["federal_district","mexico"],["municipality","palestinian_authority"],["department","country_subdivision"],["corvo","azores"],["district_municipality","south_africa"],["metropolitan_municipality","south_africa"],["local_municipality","south_africa"],["galicia","spain"]],"members":["department","galicia","amalgamation","municipality","state","corvo","city_council","province","regional_council","township","district_municipality","federal_district","local_council","parish","metropolitan_municipality","local_municipality"],"related":["Ponce,_Puerto_Rico","Administrative_division","Corporation","Merriam-Webster","Special-purpose_district","English_language","Roman_citizenship","Jurisdiction","Monaco","West_Hampton_Dunes,_New_York","Populated_place","City","Town","Village","Township_(New_Jersey)","Municipalities_of_Mexico","Santiago","State_(polity)","Income_tax","Property_tax","Corporate_income_tax","Communes_of_France","Australia","Local_government_area","Canada","City","District_municipality","Municipal_district","Parish_(administrative_division)","Rural_municipality","Town","Township","Ville","Village","Ontario","Nova_Scotia","Local_government_in_the_United_Kingdom","England","Wales","Scotland","Northern_Ireland","United_States","FindLaw","Jersey","Parishes_of_Jersey","People's_Republic_of_China","Direct-controlled_municipality","Pinyin","City","Province_(China)","Beijing_Municipality","Tianjin_Municipality","Shanghai_Municipality","Chongqing_Municipality","Municipality_of_China","Republic_of_China","Pinyin","Political_divisions_of_Taiwan","Kaohsiung","New_Taipei","Taichung","Tainan","Taipei","Special_municipality_of_Taiwan","Albania","Municipalities_of_Albania","Algeria","Daïra","Wilayas_of_Algeria","Municipalities_of_Algeria","Argentina","Municipalidad","Municipio","Austria","States_of_Austria","Municipalities_of_Austria","Bangladesh","Upazilas_of_Bangladesh","Districts_of_Bangladesh","Municipalities_of_Bangladesh","Belgium","Brussels-Capital_Region","Municipalities_in_Belgium","Bolivia","Arani_Municipality","Province","Department_(country_subdivision)","Municipalities_of_Bolivia","Bosnia_and_Herzegovina","Federation_of_Bosnia_and_Herzegovina","Republika_Srpska","Municipalities_of_Republika_Srpska","Brazil","São_Paulo","Borá","County","City","Federal_District_(Brazil)","Brasília","Fernando_de_Noronha","Saint_Peter_and_Saint_Paul_Archipelago","Pernambuco","Amazon_region","Municipalities_of_Brazil","Bulgaria","Aksakovo_Municipality","Oblast","Municipalities_of_Bulgaria","Kingdom_of_Cambodia","Phnom_Penh","Chile","Comuna","Regions_of_Chile","Provinces_of_Chile","Colombia","Departments_of_Colombia","Corregimiento","Vereda","Municipalities_of_Colombia","Costa_Rica","Cantons_of_Costa_Rica","Croatia","Municipalities_of_Croatia","Czech_Republic","Obec","Kraj","Denmark","Aabenraa_Municipality","Regions_of_Denmark","Municipalities_of_Denmark","Dominican_Republic","Provinces_of_the_Dominican_Republic","Municipalities_of_the_Dominican_Republic","Estonia","Are_Parish","Counties_of_Estonia","Municipalities_of_Estonia","Finland","Municipalities_of_Finland","France","Germany","Municipalities_of_Germany","Greece","Municipalities_and_communities_of_Greece","Prefecture","Peripheries","Greenland","Kujalleq","Municipalities_of_Greenland","Haiti","Arrondissement","Honduras","Municipalities_of_Honduras","Hungary","Iceland","Reykjavík","Regions_of_Iceland","Municipalities_of_Iceland","India","Municipalities_of_India","Israel","City_council_(Israel)","Local_council_(Israel)","Regional_council_(Israel)","Italy","Rome","Japan","Municipalities_of_Japan","Cities_of_Japan","List_of_towns_in_Japan","Villages_of_Japan","Kenya","Latvia","Aglona_Municipality","Amalgamation_(politics)","Civil_parish","Municipalities_of_Latvia","Lebanon","Districts_of_Lebanon","Governorate","Arabic","Libya","Basic_People's_Congress_(country_subdivision)","Municipalities_of_Libya","Lithuania","Kalvarija_Municipality","Municipalities_of_Lithuania","Luxembourg","Communes_of_Luxembourg","Republic_of_Macedonia","Aračinovo_Municipality","City_of_Skopje","Municipalities_of_the_Republic_of_Macedonia","Mexico","Asientos_Municipality","States_of_Mexico","Federal_District_(Mexico)","Municipalities_of_Mexico","Boroughs_of_the_Mexican_Federal_District","Moldova","Municipiului_Chişinău","Montenegro","Andrijevica_Municipality","Municipalities_of_Montenegro","Nepal","Metropolitan_area","Netherlands","Special_municipalities","Municipalities_in_the_Netherlands","New_Zealand","Territorial_authorities_of_New_Zealand","Nicaragua","Autonomous_Region","Región_Autónoma_del_Atlántico_Norte","Región_Autónoma_del_Atlántico_Sur","Municipalities_of_Nicaragua","Norway","Municipalities_of_Norway","Palestinian_National_Authority","Municipality_(Palestinian_Authority)","Pakistan","Districts_of_Pakistan","Local_government_in_Pakistan","Paraguay","Department_(country_subdivision)","Peru","Provinces_of_Peru","Departments_of_Peru","Districts_of_Peru","Philippines","Pateros,_Metro_Manila","Metro_Manila","Barangay","Poland","Gmina_Annopol","Portugal","Aveiro_Municipality","Corvo_(Azores)","Portugal","Local_administrative_unit","Municipalities_of_Portugal","Puerto_Rico","Municipalities_of_Puerto_Rico","Romania","Communes_of_Romania","Judeţ","Municipalities_in_Romania","Russia","San_Marino","Serbia","Slovakia","Okres","List_of_villages_and_municipalities_in_Slovakia","Slovenia","Region","Local_administrative_unit","Municipalities_of_Slovenia","South_Africa","District_municipality_(South_Africa)","Metropolitan_municipality_(South_Africa)","Provinces_of_South_Africa","Local_municipality_(South_Africa)","Spain","Local_administrative_unit","Galicia_(Spain)","Principality_of_Asturias","Municipalities_of_Spain","Sweden","Ale_Municipality","Municipalities_of_Sweden","Switzerland","Municipalities_in_Switzerland","Thailand","Bangkok","Pattaya","Bangkok","Pattaya","Thesaban","Ukraine","Kiev","Sevastopol","United_Arab_Emirates","Emirate","Turkey","Uruguay","Venezuela","Anaco_Municipality","Venezuelan_Capital_District","Municipalities_of_Venezuela","Vietnam","Ho_Chi_Minh_City","Vietnam","Direct-controlled_municipality","City","Provinces_of_Vietnam","Hanoi","Ho_Chi_Minh_City","Hai_Phong","Da_Nang","Can_Tho","Municipalities_of_Vietnam","Concelho","Organs_of_state","Council_of_European_Municipalities_and_Regions","Council-manager_government","Creature_of_statute","Lists_of_municipalities","Mayor-council_government","Municipal_corporation","Municipal_government"]}