{"cursor":"4069","size":15,"audio":[],"currentlang":"en","article":"{{Infobox settlement \n| name = Kos native_name = Περιφερειακή ενότητα Κω\n| native_name_lang = el settlement_type = Regional unit image_skyline = 2010\n| Dimi Dodekanisou numbered.svg image_alt = image_caption = Municipalities of\n| the Dodecanese imagesize = 250px image_flag = flag_alt = image_seal = seal_alt\n| = image_shield = shield_alt = nickname = motto = image_map = Nomos\n| Dodekanisou.png map_alt = map_caption = The Dodecanese within Greece\n| pushpin_map = pushpin_label_position = pushpin_map_alt = pushpin_map_caption =\n| latd = 36 |latm = 50|lats = |latNS = N longd = 27 |longm = 10|longs = |longEW\n| = E coor_pinpoint = coordinates_type = coordinates_display = inline,title\n| coordinates_footnotes = subdivision_type = Country subdivision_name = Greece\n| subdivision_type1 = Region subdivision_name1 = South Aegean established_title\n| = established_date = 2011 founder = seat_type = Capital seat =\n| government_footnotes = leader_party = leader_title = leader_name = unit_pref =\n| Metric area_footnotes = area_total_km2 = 337.2 area_land_km2 = area_water_km2\n| = area_water_percent = area_note = elevation_footnotes = elevation_m =\n| population_footnotes = population_total = 34396 population_as_of = 2011\n| population_density_km2 = auto population_demonym = population_note = time_zone\n| = EET utc_offset = +2 timezone1_DST = EEST utc_offset1_DST = +3\n| postal_code_type =  postal_code = area_code_type =  area_code = blank_name =  blank_info =\n| iso_code = website = footnotes =\n}} 'Kos' () is one of the regional units of Greece. It is part of the region of\nSouth Aegean. The regional unit covers the islands of Kos, Nisyros and several\nsmaller islands in the Aegean Sea.\n","linknr":372,"url":"Kos_(regional_unit)","recorded":1374767135,"links":["/w/index.php?title=Kos_(regional_unit)&action=edit","/w/index.php?title=Kos_(regional_unit)&action=edit","//bits.wikimedia.org/favicon/wikipedia.ico","/w/opensearch_desc.php","//en.wikipedia.org/w/api.php?action=rsd","//creativecommons.org/licenses/by-sa/3.0/","/w/index.php?title=Special:RecentChanges&feed=atom","//bits.wikimedia.org/en.wikipedia.org/load.php?debug=false&lang=en&modules=ext.gadget.DRN-wizard%2CReferenceTooltips%2Ccharinsert%2Cteahouse%7Cext.rtlcite%2Cwikihiero%7Cext.uls.nojs%7Cmediawiki.legacy.commonPrint%2Cshared%7Cmw.PopUpMediaTransform%7Cskins.vector&only=styles&skin=vector&*","//bits.wikimedia.org/en.wikipedia.org/load.php?debug=false&lang=en&modules=site&only=styles&skin=vector&*","//bits.wikimedia.org/en.wikipedia.org/load.php?debug=false&lang=en&modules=startup&only=scripts&skin=vector&*","//bits.wikimedia.org/geoiplookup","//meta.wikimedia.org","#mw-navigation","#p-search","/wiki/Regional_units_of_Greece","/wiki/File:2010_Dimi_Dodekanisou_numbered.svg","//upload.wikimedia.org/wikipedia/commons/thumb/5/5c/2010_Dimi_Dodekanisou_numbered.svg/250px-2010_Dimi_Dodekanisou_numbered.svg.png","/wiki/File:Nomos_Dodekanisou.png","//upload.wikimedia.org/wikipedia/commons/thumb/8/86/Nomos_Dodekanisou.png/250px-Nomos_Dodekanisou.png","//tools.wmflabs.org/geohack/geohack.php?pagename=Kos_(regional_unit)&params=36_50_N_27_10_E_type:city(34396)_region:GR","/wiki/Geographic_coordinate_system","//tools.wmflabs.org/geohack/geohack.php?pagename=Kos_(regional_unit)&params=36_50_N_27_10_E_type:city(34396)_region:GR","/wiki/Greece","/wiki/Modern_regions_of_Greece","/wiki/South_Aegean","/wiki/Greek_language","/wiki/Regional_units_of_Greece","/wiki/Modern_regions_of_Greece","/wiki/South_Aegean","/wiki/Kos","/wiki/Nisyros","/wiki/Aegean_Sea","/w/index.php?title=Kos_(regional_unit)&action=edit&section=1","/wiki/Dodecanese_Prefecture","#cite_note-Kallikratis-1","/wiki/Kos","/wiki/Nisyros","/w/index.php?title=Kos_(regional_unit)&action=edit&section=2","/wiki/Greek_language","/wiki/Provinces_of_Greece","#cite_note-census91-2","/w/index.php?title=Kos_(regional_unit)&action=edit&section=3","#cite_ref-Kallikratis_1-0","http://www.kedke.gr/uploads2010/FEKB129211082010_kallikratis.pdf","#cite_ref-census91_2-0","http://dlib.statistics.gr/Book/GRESYE_02_0101_00086.pdf","/wiki/Template:South_Aegean","/wiki/Template_talk:South_Aegean","//en.wikipedia.org/w/index.php?title=Template:South_Aegean&action=edit","/wiki/Administrative_divisions_of_Greece","/wiki/South_Aegean","/wiki/Ermoupoli","/wiki/Andros","/wiki/Andros","/wiki/File:Periferia_Notiou_Egeou.png","//upload.wikimedia.org/wikipedia/commons/thumb/4/4e/Periferia_Notiou_Egeou.png/120px-Periferia_Notiou_Egeou.png","/wiki/Kalymnos_(regional_unit)","/wiki/Agathonisi","/wiki/Astypalaia","/wiki/Kalymnos","/wiki/Leipsoi","/wiki/Leros","/wiki/Patmos","/wiki/Karpathos_(regional_unit)","/wiki/Karpathos","/wiki/Kasos","/wiki/Kea-Kythnos","/wiki/Kea_(island)","/wiki/Kythnos","/wiki/Kos","/wiki/Nisyros","/wiki/Milos_(regional_unit)","/wiki/Kimolos","/wiki/Milos","/wiki/Serifos","/wiki/Sifnos","/wiki/Mykonos","/wiki/Mykonos","/wiki/Naxos_(regional_unit)","/wiki/Amorgos","/wiki/Naxos_and_Lesser_Cyclades","/wiki/Paros_(regional_unit)","/wiki/Antiparos","/wiki/Paros","/wiki/Rhodes_(regional_unit)","/wiki/Halki_(Greece)","/wiki/Kastellorizo","/wiki/Rhodes","/wiki/Symi","/wiki/Tilos","/wiki/Syros","/wiki/Syros","/wiki/Thira_(regional_unit)","/wiki/Anafi","/wiki/Folegandros","/wiki/Ios_(island)","/wiki/Sikinos","/wiki/Santorini","/wiki/Tinos","/wiki/Tinos","/w/index.php?title=Ioannis_Machairidis&action=edit&redlink=1","//el.wikipedia.org/wiki/%CE%99%CF%89%CE%AC%CE%BD%CE%BD%CE%B7%CF%82_%CE%9C%CE%B1%CF%87%CE%B1%CE%B9%CF%81%CE%AF%CE%B4%CE%B7%CF%82","http://www.pnai.gov.gr/","/wiki/Template:Prefectures_and_provinces_of_Greece","/w/index.php?title=Template_talk:Prefectures_and_provinces_of_Greece&action=edit&redlink=1","//en.wikipedia.org/w/index.php?title=Template:Prefectures_and_provinces_of_Greece&action=edit","/wiki/Provinces_of_Greece","/wiki/Greece","/wiki/Modern_regions_of_Greece","/wiki/Prefectures_of_Greece","/wiki/Attica_(region)","/wiki/East_Attica","/wiki/West_Attica","/wiki/Attica_Province","/wiki/Piraeus_Prefecture","/wiki/Aegina","/wiki/Hydra_(island)","/wiki/Cythera_(island)","/wiki/Piraeus_Province","/wiki/Troizinia","/wiki/West_Attica","/wiki/Megaris","/wiki/Central_Greece_(region)","/wiki/Boeotia","/wiki/Livadeia_Province","/wiki/Thebes_Province","/wiki/Euboea_(regional_unit)","/wiki/Chalcis_Province","/wiki/Istiaia-Aidipsos","/wiki/Karystia","/wiki/Phocis","/wiki/Dorida","/wiki/Parnassida_Province","/wiki/Phthiotis","/wiki/Domokos","/wiki/Locris","/wiki/Phthiotis_Province","/wiki/Central_Macedonia","/wiki/Chalkidiki","/wiki/Arnaia_Province","/wiki/Chalkidiki_Province","/wiki/Imathia","/wiki/Imathia_Province","/wiki/Naousa,_Imathia","/wiki/Kilkis_(regional_unit)","/wiki/Kilkis","/wiki/Paionia_(municipality)","/wiki/Pella_(regional_unit)","/wiki/Almopia","/wiki/Edessa_Province","/wiki/Giannitsa_Province","/wiki/Serres_(regional_unit)","/wiki/Fyllida","/wiki/Serres_Province","/wiki/Sintiki","/wiki/Visaltia","/wiki/Thessaloniki_(regional_unit)","/wiki/Lagkadas_Province","/wiki/Thessaloniki_Province","/wiki/Crete","/wiki/Chania_(regional_unit)","/wiki/Apokoronas","/wiki/Kissamos","/wiki/Kydonia_Province","/wiki/Selino","/wiki/Sfakia","/wiki/Heraklion_(regional_unit)","/wiki/Kainourgio","/wiki/Malevizi","/wiki/Monofatsi","/wiki/Pediada","/wiki/Pyrgiotissa","/wiki/Temenos,_Greece","/wiki/Viannos","/wiki/Lasithi","/wiki/Ierapetra","/wiki/Lasithi_Province","/wiki/Mirampello","/wiki/Sitia","/wiki/Rethymno_(regional_unit)","/wiki/Agios_Vasileios,_Rethymno","/wiki/Amari_(municipality)","/wiki/Mylopotamos,_Crete","/wiki/Rethymno_(municipality)","/wiki/East_Macedonia_and_Thrace","/wiki/Evros_(regional_unit)","/wiki/Alexandroupoli","/wiki/Didymoteicho","/wiki/Orestiada","/wiki/Samothrace","/wiki/Soufli","/wiki/Kavala_Prefecture","/wiki/Kavala","/wiki/Nestos_(municipality)","/wiki/Pangaio","/wiki/Thasos","/wiki/Rhodope_(regional_unit)","/wiki/Komotini","/wiki/Sapes","/wiki/Epirus_(region)","/wiki/Ioannina_(regional_unit)","/wiki/Dodoni_Province","/wiki/Konitsa","/wiki/Metsovo","/wiki/Pogoni","/wiki/Thesprotia","/wiki/Filiates","/wiki/Margariti","/wiki/Souli","/wiki/Thyamida","/wiki/Ionian_Islands_(region)","/wiki/Corfu_(regional_unit)","/wiki/Corfu","/wiki/Paxi","/wiki/Kefalonia_Prefecture","/wiki/Ithaca","/wiki/Kranaia","/wiki/Paliki","/wiki/Sami,_Cephalonia","/wiki/North_Aegean","/wiki/Lesbos_Prefecture","/wiki/Lemnos_(regional_unit)","/wiki/Mithymna","/wiki/Mytilene","/wiki/Plomari","/wiki/Samos_Prefecture","/wiki/Ikaria_(regional_unit)","/wiki/Samos","/wiki/Peloponnese_(region)","/wiki/Arcadia","/wiki/Gortynia","/wiki/Cynuria","/wiki/Mantineia","/wiki/Megalopolis,_Greece","/wiki/Argolis","/wiki/Argos-Mykines","/wiki/Ermionida","/wiki/Nafplia","/wiki/Laconia","/wiki/Epidavros_Limira","/wiki/Gytheio","/wiki/Lacedaemon_Province","/wiki/Oitylo","/wiki/Messenia","/wiki/Kalamata","/wiki/Messini","/wiki/Pylia","/wiki/Trifylia","/wiki/South_Aegean","/wiki/Cyclades","/wiki/Andros","/wiki/Kea-Kythnos","/wiki/Milos_(regional_unit)","/wiki/Naxos_(regional_unit)","/wiki/Paros_(regional_unit)","/wiki/Syros","/wiki/Thira_(regional_unit)","/wiki/Tinos","/wiki/Dodecanese","/wiki/Kalymnos_(regional_unit)","/wiki/Karpathos_(regional_unit)","/wiki/Rhodes_(regional_unit)","/wiki/Thessaly","/wiki/Larissa_(regional_unit)","/wiki/Agia,_Larissa","/wiki/Elassona","/wiki/Farsala","/wiki/Larissa","/wiki/Tyrnavos","/wiki/Magnesia_Prefecture","/wiki/Almyros","/wiki/Skopelos","/wiki/Volos","/wiki/Trikala_(regional_unit)","/wiki/Kalabaka","/wiki/Trikala","/wiki/West_Greece","/wiki/Achaea","/wiki/Aigialeia","/wiki/Kalavryta","/wiki/Patras_Province","/wiki/Aetolia-Acarnania","/wiki/Missolonghi","/wiki/Nafpaktia","/wiki/Trichonida_Province","/wiki/Valtos_Province","/wiki/Vonitsa-Xiromero","/wiki/Elis_(regional_unit)","/wiki/Elis_Province","/wiki/Olympia_Province","/wiki/West_Macedonia","/wiki/Kozani_(regional_unit)","/wiki/Eordaia","/wiki/Kozani","/wiki/Voio_(municipality)","/wiki/File:GreeceSouthAegean.png","//upload.wikimedia.org/wikipedia/commons/thumb/a/aa/GreeceSouthAegean.png/30px-GreeceSouthAegean.png","/wiki/South_Aegean","/wiki/Wikipedia:Stub","//en.wikipedia.org/w/index.php?title=Kos_(regional_unit)&action=edit","/wiki/Template:SouthAegean-geo-stub","/wiki/Template_talk:SouthAegean-geo-stub","//en.wikipedia.org/w/index.php?title=Template:SouthAegean-geo-stub&action=edit","//en.wikipedia.org/w/index.php?title=Special:CentralAutoLogin/start&type=1x1&from=enwiki","http://en.wikipedia.org/w/index.php?title=Kos_(regional_unit)&oldid=540585502","/wiki/Help:Categories","/wiki/Category:South_Aegean","/wiki/Category:Regional_units_of_Greece","/wiki/Category:2011_establishments_in_Greece","/wiki/Category:Kos_(regional_unit)","/wiki/Category:Provinces_of_Greece","/wiki/Category:South_Aegean_geography_stubs","/wiki/Category:Articles_with_Greek-language_external_links","/wiki/Category:Articles_with_French-language_external_links","/wiki/Category:Articles_containing_Greek-language_text","/w/index.php?title=Special:UserLogin&returnto=Kos+%28regional+unit%29&type=signup","/w/index.php?title=Special:UserLogin&returnto=Kos+%28regional+unit%29","/wiki/Kos_(regional_unit)","/wiki/Talk:Kos_(regional_unit)","#","/wiki/Kos_(regional_unit)","/w/index.php?title=Kos_(regional_unit)&action=edit","/w/index.php?title=Kos_(regional_unit)&action=history","#","/w/index.php","//bits.wikimedia.org/static-1.22wmf10/skins/vector/images/search-ltr.png?303-4","/wiki/Main_Page","/wiki/Main_Page","/wiki/Portal:Contents","/wiki/Portal:Featured_content","/wiki/Portal:Current_events","/wiki/Special:Random","//donate.wikimedia.org/wiki/Special:FundraiserRedirector?utm_source=donate&utm_medium=sidebar&utm_campaign=C13_en.wikipedia.org&uselang=en","/wiki/Help:Contents","/wiki/Wikipedia:About","/wiki/Wikipedia:Community_portal","/wiki/Special:RecentChanges","//en.wikipedia.org/wiki/Wikipedia:Contact_us","/wiki/Special:WhatLinksHere/Kos_(regional_unit)","/wiki/Special:RecentChangesLinked/Kos_(regional_unit)","/wiki/Wikipedia:File_Upload_Wizard","/wiki/Special:SpecialPages","/w/index.php?title=Kos_(regional_unit)&oldid=540585502","/w/index.php?title=Kos_(regional_unit)&action=info","//www.wikidata.org/wiki/Q1242904","/w/index.php?title=Special:Cite&page=Kos_%28regional_unit%29&id=540585502","/w/index.php?title=Special:Book&bookcmd=book_creator&referer=Kos+%28regional+unit%29","/w/index.php?title=Special:Book&bookcmd=render_article&arttitle=Kos+%28regional+unit%29&oldid=540585502&writer=rl","/w/index.php?title=Kos_(regional_unit)&printable=yes","//de.wikipedia.org/wiki/Kos_(Regionalbezirk)","//it.wikipedia.org/wiki/Coo_(unit%C3%A0_periferica)","//la.wikipedia.org/wiki/Cos_(regionalis_unitas)","//ja.wikipedia.org/wiki/%E3%82%B3%E3%82%B9%E7%9C%8C","//nn.wikipedia.org/wiki/Periferieininga_Kos","//pl.wikipedia.org/wiki/Jednostka_regionalna_Kos","//sr.wikipedia.org/wiki/%D0%9A%D0%BE%D1%81_(%D0%BE%D0%BA%D1%80%D1%83%D0%B3)","#","//www.wikidata.org/wiki/Q1242904#sitelinks-wikipedia","//en.wikipedia.org/wiki/Wikipedia:Text_of_Creative_Commons_Attribution-ShareAlike_3.0_Unported_License","//creativecommons.org/licenses/by-sa/3.0/","//wikimediafoundation.org/wiki/Terms_of_Use","//wikimediafoundation.org/wiki/Privacy_policy","//www.wikimediafoundation.org/","//wikimediafoundation.org/wiki/Privacy_policy","/wiki/Wikipedia:About","/wiki/Wikipedia:General_disclaimer","//en.wikipedia.org/wiki/Wikipedia:Contact_us","//en.m.wikipedia.org/wiki/Kos_(regional_unit)","//wikimediafoundation.org/","//bits.wikimedia.org/images/wikimedia-button.png","//www.mediawiki.org/","//bits.wikimedia.org/static-1.22wmf10/skins/common/images/poweredby_mediawiki_88x31.png","//bits.wikimedia.org/en.wikipedia.org/load.php?debug=false&lang=en&modules=site&only=scripts&skin=vector&*"],"instances":[],"pdf":["http://www.kedke.gr/uploads2010/FEKB129211082010_kallikratis.pdf","http://dlib.statistics.gr/Book/GRESYE_02_0101_00086.pdf"],"categories":["South Aegean","Regional units of Greece","2011 establishments in Greece","Kos (regional unit)|","Provinces of Greece"],"headings":["Administration","Province","References"],"image":["//upload.wikimedia.org/wikipedia/commons/thumb/5/5c/2010_Dimi_Dodekanisou_numbered.svg/250px-2010_Dimi_Dodekanisou_numbered.svg.png","//upload.wikimedia.org/wikipedia/commons/thumb/8/86/Nomos_Dodekanisou.png/250px-Nomos_Dodekanisou.png","//upload.wikimedia.org/wikipedia/commons/thumb/4/4e/Periferia_Notiou_Egeou.png/120px-Periferia_Notiou_Egeou.png","//upload.wikimedia.org/wikipedia/commons/thumb/a/aa/GreeceSouthAegean.png/30px-GreeceSouthAegean.png","//en.wikipedia.org/w/index.php?title=Special:CentralAutoLogin/start&type=1x1&from=enwiki","//bits.wikimedia.org/static-1.22wmf10/skins/vector/images/search-ltr.png?303-4","//bits.wikimedia.org/images/wikimedia-button.png","//bits.wikimedia.org/static-1.22wmf10/skins/common/images/poweredby_mediawiki_88x31.png"],"tags":[],"members":[],"related":["Regional_units_of_Greece","Greece","Modern_regions_of_Greece","South_Aegean","Eastern_European_Time","EEST","Postal_codes_in_Greece","Telephone_numbers_in_Greece","Vehicle_registration_plates_of_Greece","Regional_units_of_Greece","Modern_regions_of_Greece","South_Aegean","Kos","Nisyros","Aegean_Sea","Dodecanese_Prefecture","Kos","Nisyros","Provinces_of_Greece"]}