{"cursor":"32696","size":15,"audio":[],"currentlang":"en","article":"\n\nThe 'prefectures of [[Japan]]' are the country's 47 first-order subnational\njurisdictions on a state or provincial level: one , Tokyo; one , Hokkaido; two ,\nOsaka and Kyoto; and 43 other . Prefectures are governmental bodies larger than\ncities, towns, and villages. The former provinces of Japan were converted into\nprefectures in the 1870s. Nussbaum, Louis-FrÃ©dÃ©ric.\n(2002).\n[http://books.google.com/books?id=p2QnPijAEmEC&pg=PA780&dq=#v=onepage&q&f=false\n\"Provinces and prefectures\"] in Japan encyclopedia, p. 780.\n\nThe chief executive of each prefecture is a directly elected . Ordinances and\nbudgets are enacted by a unicameral (single chamber) whose elected members serve\nfour-year terms.\n\nUnder the current Local Autonomy Law, each prefecture is further subdivided into\nand . Each district is further subdivided into and . For example, Hokkaido has\n14 subprefectures which act as of the prefecture. Some other prefectures also\nhave branch offices, which carry out prefectural administrative functions\noutside the capital. Tokyo, the capital, is a merged city-prefecture; it has\nfeatures of both cities and prefectures.\n","linknr":916,"url":"Prefectures_of_Japan","recorded":1374763272,"links":["/w/index.php?title=Prefectures_of_Japan&action=edit","/w/index.php?title=Prefectures_of_Japan&action=edit","//bits.wikimedia.org/favicon/wikipedia.ico","/w/opensearch_desc.php","//en.wikipedia.org/w/api.php?action=rsd","//creativecommons.org/licenses/by-sa/3.0/","/w/index.php?title=Special:RecentChanges&feed=atom","//bits.wikimedia.org/en.wikipedia.org/load.php?debug=false&lang=en&modules=ext.gadget.DRN-wizard%2CReferenceTooltips%2Ccharinsert%2Cteahouse%7Cext.rtlcite%2Cwikihiero%7Cext.uls.nojs%7Cmediawiki.legacy.commonPrint%2Cshared%7Cmw.PopUpMediaTransform%7Cskins.vector&only=styles&skin=vector&*","//bits.wikimedia.org/en.wikipedia.org/load.php?debug=false&lang=en&modules=site&only=styles&skin=vector&*","//bits.wikimedia.org/en.wikipedia.org/load.php?debug=false&lang=en&modules=startup&only=scripts&skin=vector&*","//bits.wikimedia.org/geoiplookup","//meta.wikimedia.org","#mw-navigation","#p-search","/wiki/File:Regions_and_Prefectures_of_Japan_2.svg","//upload.wikimedia.org/wikipedia/commons/thumb/b/bc/Regions_and_Prefectures_of_Japan_2.svg/200px-Regions_and_Prefectures_of_Japan_2.svg.png","/wiki/File:Regions_and_Prefectures_of_Japan_2.svg","//bits.wikimedia.org/static-1.22wmf10/skins/common/images/magnify-clip.png","/wiki/Japan","/wiki/Jurisdiction","/wiki/Help:Installing_Japanese_character_sets","/wiki/Tokyo","/wiki/Circuit_(political_division)#Japan","/wiki/Help:Installing_Japanese_character_sets","/wiki/Hokkaido","/wiki/Prefecture","/wiki/Help:Installing_Japanese_character_sets","/wiki/Osaka_Prefecture","/wiki/Kyoto_Prefecture","/wiki/Help:Installing_Japanese_character_sets","/wiki/Prefecture","/wiki/Cities_of_Japan","/wiki/Towns_of_Japan","/wiki/Villages_of_Japan","/wiki/List_of_Provinces_of_Japan","#cite_note-nussbaum780-1","//ja.wikipedia.org/wiki/%E7%9F%A5%E4%BA%8B","/wiki/Help:Installing_Japanese_character_sets","/wiki/Unicameral","/wiki/Help:Installing_Japanese_character_sets","/wiki/Local_Autonomy_Law","/wiki/Help:Installing_Japanese_character_sets","/wiki/Help:Installing_Japanese_character_sets","/wiki/Help:Installing_Japanese_character_sets","/wiki/Help:Installing_Japanese_character_sets","/wiki/Hokkaido","/wiki/Subprefectures_in_Hokkaido","/wiki/Help:Installing_Japanese_character_sets","/wiki/Tokyo","#Historical_background","#Types_of_prefectures","#To","#D.C5.8D","#Fu","#Ken","#Lists_of_prefectures","#List_in_Japanese_ISO_order","#List_in_Western_alphabetical_order","#Former_prefectures","#Japan","#Territories_lost_after_World_War_II","#See_also","#References","#External_links","/w/index.php?title=Prefectures_of_Japan&action=edit&section=1","/wiki/Government_of_Meiji_Japan","/wiki/Abolition_of_the_han_system","/wiki/Han_(administrative_division)","/wiki/Local_Autonomy_Law","/wiki/Prime_Minister_of_Japan","/wiki/Junichiro_Koizumi","/wiki/Merger_and_dissolution_of_municipalities_of_Japan","#cite_note-2","#cite_note-3","//en.wikipedia.org/w/index.php?title=Prefectures_of_Japan&action=edit","/w/index.php?title=Prefectures_of_Japan&action=edit&section=2","/wiki/Edo_period","/wiki/Tokugawa_shogunate","/wiki/Tokyo","/wiki/Osaka_Prefecture","/wiki/Kyoto_Prefecture","/wiki/World_War_II","//en.wiktionary.org/wiki/%E9%83%BD%E9%81%93%E5%BA%9C%E7%9C%8C","/wiki/Help:Installing_Japanese_character_sets","/w/index.php?title=Prefectures_of_Japan&action=edit&section=3","/wiki/Abolition_of_the_han_system","/wiki/Tokyo_City","/wiki/23_special_wards","/wiki/Potsdam_Declaration","/wiki/23_special_wards","/wiki/Wikipedia:Citation_needed","/wiki/Toru_Hashimoto","/wiki/Osaka_Metropolis_plan","/wiki/Osaka","/w/index.php?title=Prefectures_of_Japan&action=edit&section=4","/wiki/Circuit_(political_division)","/wiki/Provinces_of_Japan","/wiki/T%C5%8Dkaid%C5%8D_(region)","/wiki/Saikaido","/wiki/Hokkaido","/wiki/Ezo","/w/index.php?title=Matsuura_Takeshiro&action=edit&redlink=1","/w/index.php?title=Prefectures_of_Japan&action=edit&section=5","/w/index.php?title=Prefectures_of_Japan&action=edit&section=6","/wiki/Counties_of_China","/wiki/Counties_of_Taiwan","/w/index.php?title=Prefectures_of_Japan&action=edit&section=7","//en.wiktionary.org/wiki/parse","/wiki/Framing_(social_sciences)","/w/index.php?title=Prefectures_of_Japan&action=edit&section=8","/wiki/Regions_of_Japan","#cite_note-nussbaum780-1","/wiki/International_Organization_for_Standardization","#cite_note-4","/wiki/ISO_3166-2:JP","/wiki/Hokkaido","/wiki/T%C5%8Dhoku_region","/wiki/Kant%C5%8D_region","/wiki/Ch%C5%ABbu_region","/wiki/Kansai","/wiki/Ch%C5%ABgoku_region","/wiki/Shikoku","/wiki/Kyushu","/wiki/Okinawa_Prefecture","/wiki/Hokkaido","/wiki/Aomori_Prefecture","/wiki/Iwate_Prefecture","/wiki/Miyagi_Prefecture","/wiki/Akita_Prefecture","/wiki/Yamagata_Prefecture","/wiki/Fukushima_Prefecture","/wiki/Ibaraki_Prefecture","/wiki/Tochigi_Prefecture","/wiki/Gunma_Prefecture","/wiki/Saitama_Prefecture","/wiki/Chiba_Prefecture","/wiki/Tokyo","/wiki/Kanagawa_Prefecture","/wiki/Niigata_Prefecture","/wiki/Toyama_Prefecture","/wiki/Ishikawa_Prefecture","/wiki/Fukui_Prefecture","/wiki/Yamanashi_Prefecture","/wiki/Nagano_Prefecture","/wiki/Gifu_Prefecture","/wiki/Shizuoka_Prefecture","/wiki/Aichi_Prefecture","/wiki/Mie_Prefecture","/wiki/Shiga_Prefecture","/wiki/Kyoto_Prefecture","/wiki/Osaka_Prefecture","/wiki/Hy%C5%8Dgo_Prefecture","/wiki/Nara_Prefecture","/wiki/Wakayama_Prefecture","/wiki/Tottori_Prefecture","/wiki/Shimane_Prefecture","/wiki/Okayama_Prefecture","/wiki/Hiroshima_Prefecture","/wiki/Yamaguchi_Prefecture","/wiki/Tokushima_Prefecture","/wiki/Kagawa_Prefecture","/wiki/Ehime_Prefecture","/wiki/K%C5%8Dchi_Prefecture","/wiki/Fukuoka_Prefecture","/wiki/Saga_Prefecture","/wiki/Nagasaki_Prefecture","/wiki/Kumamoto_Prefecture","/wiki/%C5%8Cita_Prefecture","/wiki/Miyazaki_Prefecture","/wiki/Kagoshima_Prefecture","/wiki/Okinawa_Prefecture","/w/index.php?title=Prefectures_of_Japan&action=edit&section=9","/wiki/Prefecture","/wiki/Japanese_language","/wiki/Prefectural_capital","/wiki/List_of_regions_in_Japan","/wiki/Japanese_Archipelago","/wiki/List_of_Japanese_prefectures_by_population","/wiki/List_of_Japanese_prefectures_ranked_by_area","/wiki/Population_density","/wiki/Districts_of_Japan","/wiki/Municipality_of_Japan","/wiki/ISO_3166-2:JP","//upload.wikimedia.org/wikipedia/commons/thumb/0/02/Flag_of_Aichi_Prefecture.svg/22px-Flag_of_Aichi_Prefecture.svg.png","/wiki/Aichi_Prefecture","/wiki/Nagoya","/wiki/Ch%C5%ABbu_region","/wiki/Honshu","//upload.wikimedia.org/wikipedia/commons/thumb/8/84/Flag_of_Akita_Prefecture.svg/22px-Flag_of_Akita_Prefecture.svg.png","/wiki/Akita_Prefecture","/wiki/Akita_City","/wiki/T%C5%8Dhoku_region","/wiki/Honshu","//upload.wikimedia.org/wikipedia/commons/thumb/3/30/Flag_of_Aomori_Prefecture.svg/22px-Flag_of_Aomori_Prefecture.svg.png","/wiki/Aomori_Prefecture","/wiki/Aomori,_Aomori","/wiki/T%C5%8Dhoku_region","/wiki/Honshu","//upload.wikimedia.org/wikipedia/commons/thumb/0/0a/Flag_of_Chiba_Prefecture.svg/23px-Flag_of_Chiba_Prefecture.svg.png","/wiki/Chiba_Prefecture","/wiki/Chiba,_Chiba","/wiki/Kant%C5%8D_region","/wiki/Honshu","//upload.wikimedia.org/wikipedia/commons/thumb/2/2d/Flag_of_Ehime_Prefecture.svg/23px-Flag_of_Ehime_Prefecture.svg.png","/wiki/Ehime_Prefecture","/wiki/Matsuyama,_Ehime","/wiki/Shikoku","/wiki/Shikoku","//upload.wikimedia.org/wikipedia/commons/thumb/5/56/Flag_of_Fukui_Prefecture.svg/23px-Flag_of_Fukui_Prefecture.svg.png","/wiki/Fukui_Prefecture","/wiki/Fukui,_Fukui","/wiki/Ch%C5%ABbu_region","/wiki/Honshu","//upload.wikimedia.org/wikipedia/commons/thumb/7/71/Flag_of_Fukuoka_Prefecture.svg/22px-Flag_of_Fukuoka_Prefecture.svg.png","/wiki/Fukuoka_Prefecture","/wiki/Fukuoka","/wiki/Kyushu","/wiki/Kyushu","//upload.wikimedia.org/wikipedia/commons/thumb/4/4b/Flag_of_Fukushima_Prefecture.svg/23px-Flag_of_Fukushima_Prefecture.svg.png","/wiki/Fukushima_Prefecture","/wiki/Fukushima,_Fukushima","/wiki/T%C5%8Dhoku_region","/wiki/Honshu","//upload.wikimedia.org/wikipedia/commons/thumb/3/3e/Flag_of_Gifu_Prefecture.svg/23px-Flag_of_Gifu_Prefecture.svg.png","/wiki/Gifu_Prefecture","/wiki/Gifu,_Gifu","/wiki/Ch%C5%ABbu_region","/wiki/Honshu","//upload.wikimedia.org/wikipedia/commons/thumb/b/ba/Flag_of_Gunma_Prefecture.svg/23px-Flag_of_Gunma_Prefecture.svg.png","/wiki/Gunma_Prefecture","/wiki/Maebashi,_Gunma","/wiki/Kant%C5%8D_region","/wiki/Honshu","//upload.wikimedia.org/wikipedia/commons/thumb/e/ed/Flag_of_Hiroshima_Prefecture.svg/23px-Flag_of_Hiroshima_Prefecture.svg.png","/wiki/Hiroshima_Prefecture","/wiki/Hiroshima","/wiki/Ch%C5%ABgoku_region","/wiki/Honshu","//upload.wikimedia.org/wikipedia/commons/thumb/2/22/Flag_of_Hokkaido_Prefecture.svg/23px-Flag_of_Hokkaido_Prefecture.svg.png","/wiki/Hokkaido","/wiki/Sapporo","/wiki/Hokkaido","/wiki/Hokkaido","//upload.wikimedia.org/wikipedia/commons/thumb/7/74/Flag_of_Hyogo_Prefecture.svg/22px-Flag_of_Hyogo_Prefecture.svg.png","/wiki/Hy%C5%8Dgo_Prefecture","/wiki/Kobe","/wiki/Kansai_region","/wiki/Honshu","//upload.wikimedia.org/wikipedia/commons/thumb/a/a8/Flag_of_Ibaraki_Prefecture.svg/23px-Flag_of_Ibaraki_Prefecture.svg.png","/wiki/Ibaraki_Prefecture","/wiki/Mito,_Ibaraki","/wiki/Kant%C5%8D_region","/wiki/Honshu","//upload.wikimedia.org/wikipedia/commons/thumb/6/6a/Flag_of_Ishikawa_Prefecture.svg/21px-Flag_of_Ishikawa_Prefecture.svg.png","/wiki/Ishikawa_Prefecture","/wiki/Kanazawa,_Ishikawa","/wiki/Ch%C5%ABbu_region","/wiki/Honshu","//upload.wikimedia.org/wikipedia/commons/thumb/a/a9/Flag_of_Iwate_Prefecture.svg/23px-Flag_of_Iwate_Prefecture.svg.png","/wiki/Iwate_Prefecture","/wiki/Morioka,_Iwate","/wiki/T%C5%8Dhoku_region","/wiki/Honshu","//upload.wikimedia.org/wikipedia/commons/thumb/2/29/Flag_of_Kagawa_Prefecture.svg/23px-Flag_of_Kagawa_Prefecture.svg.png","/wiki/Kagawa_Prefecture","/wiki/Takamatsu,_Kagawa","/wiki/Shikoku","/wiki/Shikoku","//upload.wikimedia.org/wikipedia/commons/thumb/c/c5/Flag_of_Kagoshima_Prefecture.svg/23px-Flag_of_Kagoshima_Prefecture.svg.png","/wiki/Kagoshima_Prefecture","/wiki/Kagoshima","/wiki/Kyushu","/wiki/Kyushu","//upload.wikimedia.org/wikipedia/commons/thumb/a/a7/Flag_of_Kanagawa_Prefecture.svg/23px-Flag_of_Kanagawa_Prefecture.svg.png","/wiki/Kanagawa_Prefecture","/wiki/Yokohama","/wiki/Kant%C5%8D_region","/wiki/Honshu","//upload.wikimedia.org/wikipedia/commons/thumb/5/50/Flag_of_Kochi_Prefecture.svg/23px-Flag_of_Kochi_Prefecture.svg.png","/wiki/K%C5%8Dchi_Prefecture","/wiki/K%C5%8Dchi,_K%C5%8Dchi","/wiki/Shikoku","/wiki/Shikoku","//upload.wikimedia.org/wikipedia/commons/thumb/f/f7/Flag_of_Kumamoto_Prefecture.svg/23px-Flag_of_Kumamoto_Prefecture.svg.png","/wiki/Kumamoto_Prefecture","/wiki/Kumamoto","/wiki/Kyushu","/wiki/Kyushu","//upload.wikimedia.org/wikipedia/commons/thumb/0/06/Flag_of_Kyoto_Prefecture.svg/21px-Flag_of_Kyoto_Prefecture.svg.png","/wiki/Kyoto_Prefecture","/wiki/Kyoto","/wiki/Kansai_region","/wiki/Honshu","//upload.wikimedia.org/wikipedia/commons/thumb/7/75/Flag_of_Mie_Prefecture.png/23px-Flag_of_Mie_Prefecture.png","/wiki/Mie_Prefecture","/wiki/Tsu,_Mie","/wiki/Kansai_region","/wiki/Honshu","//upload.wikimedia.org/wikipedia/commons/thumb/c/c7/Flag_of_Miyagi_Prefecture.svg/23px-Flag_of_Miyagi_Prefecture.svg.png","/wiki/Miyagi_Prefecture","/wiki/Sendai","/wiki/T%C5%8Dhoku_region","/wiki/Honshu","//upload.wikimedia.org/wikipedia/commons/thumb/0/0b/Flag_of_Miyazaki_Prefecture.svg/21px-Flag_of_Miyazaki_Prefecture.svg.png","/wiki/Miyazaki_Prefecture","/wiki/Miyazaki,_Miyazaki","/wiki/Kyushu","/wiki/Kyushu","//upload.wikimedia.org/wikipedia/commons/thumb/f/f0/Flag_of_Nagano_Prefecture.svg/23px-Flag_of_Nagano_Prefecture.svg.png","/wiki/Nagano_Prefecture","/wiki/Nagano,_Nagano","/wiki/Ch%C5%ABbu_region","/wiki/Honshu","//upload.wikimedia.org/wikipedia/commons/thumb/6/65/Flag_of_Nagasaki_Prefecture.svg/23px-Flag_of_Nagasaki_Prefecture.svg.png","/wiki/Nagasaki_Prefecture","/wiki/Nagasaki","/wiki/Kyushu","/wiki/Kyushu","//upload.wikimedia.org/wikipedia/commons/thumb/0/00/Flag_of_Nara_Prefecture.svg/23px-Flag_of_Nara_Prefecture.svg.png","/wiki/Nara_Prefecture","/wiki/Nara,_Nara","/wiki/Kansai_region","/wiki/Honshu","//upload.wikimedia.org/wikipedia/commons/thumb/c/cb/Flag_of_Niigata_Prefecture.svg/23px-Flag_of_Niigata_Prefecture.svg.png","/wiki/Niigata_Prefecture","/wiki/Niigata,_Niigata","/wiki/Ch%C5%ABbu_region","/wiki/Honshu","//upload.wikimedia.org/wikipedia/commons/thumb/6/66/Flag_of_Oita.png/22px-Flag_of_Oita.png","/wiki/%C5%8Cita_Prefecture","/wiki/%C5%8Cita,_%C5%8Cita","/wiki/Kyushu","/wiki/Kyushu","//upload.wikimedia.org/wikipedia/commons/thumb/3/33/Flag_of_Okayama_Prefecture.svg/23px-Flag_of_Okayama_Prefecture.svg.png","/wiki/Okayama_Prefecture","/wiki/Okayama","/wiki/Ch%C5%ABgoku_region","/wiki/Honshu","//upload.wikimedia.org/wikipedia/commons/thumb/2/2f/Flag_of_Okinawa_Prefecture.svg/23px-Flag_of_Okinawa_Prefecture.svg.png","/wiki/Okinawa_Prefecture","/wiki/Naha,_Okinawa","/wiki/Kyushu","/wiki/Ry%C5%ABky%C5%AB_Shot%C5%8D","//upload.wikimedia.org/wikipedia/commons/thumb/5/5a/Flag_of_Osaka_Prefecture.svg/23px-Flag_of_Osaka_Prefecture.svg.png","/wiki/Osaka_Prefecture","/wiki/Osaka","/wiki/Kansai_region","/wiki/Honshu","//upload.wikimedia.org/wikipedia/commons/thumb/f/f4/Flag_of_Saga_Prefecture.png/23px-Flag_of_Saga_Prefecture.png","/wiki/Saga_Prefecture","/wiki/Saga,_Saga","/wiki/Kyushu","/wiki/Kyushu","//upload.wikimedia.org/wikipedia/commons/thumb/c/cd/Flag_of_Saitama_Prefecture.svg/23px-Flag_of_Saitama_Prefecture.svg.png","/wiki/Saitama_Prefecture","/wiki/Saitama,_Saitama","/wiki/Kant%C5%8D_region","/wiki/Honshu","//upload.wikimedia.org/wikipedia/commons/thumb/9/99/Flag_of_Shiga_Prefecture.svg/23px-Flag_of_Shiga_Prefecture.svg.png","/wiki/Shiga_Prefecture","/wiki/%C5%8Ctsu,_Shiga","/wiki/Kansai_region","/wiki/Honshu","//upload.wikimedia.org/wikipedia/commons/thumb/e/e8/Flag_of_Shimane_Prefecture.svg/23px-Flag_of_Shimane_Prefecture.svg.png","/wiki/Shimane_Prefecture","/wiki/Matsue,_Shimane","/wiki/Ch%C5%ABgoku_region","/wiki/Honshu","//upload.wikimedia.org/wikipedia/commons/thumb/9/92/Flag_of_Shizuoka_Prefecture.svg/23px-Flag_of_Shizuoka_Prefecture.svg.png","/wiki/Shizuoka_Prefecture","/wiki/Shizuoka_City","/wiki/Ch%C5%ABbu_region","/wiki/Honshu","//upload.wikimedia.org/wikipedia/commons/thumb/d/d5/Flag_of_Tochigi_Prefecture.svg/22px-Flag_of_Tochigi_Prefecture.svg.png","/wiki/Tochigi_Prefecture","/wiki/Utsunomiya,_Tochigi","/wiki/Kant%C5%8D_region","/wiki/Honshu","//upload.wikimedia.org/wikipedia/commons/thumb/a/ac/Flag_of_Tokushima_Prefecture.svg/22px-Flag_of_Tokushima_Prefecture.svg.png","/wiki/Tokushima_Prefecture","/wiki/Tokushima,_Tokushima","/wiki/Shikoku","/wiki/Shikoku","//upload.wikimedia.org/wikipedia/commons/thumb/8/8e/Flag_of_Tokyo_Prefecture.svg/23px-Flag_of_Tokyo_Prefecture.svg.png","/wiki/Tokyo","/wiki/Shinjuku,_Tokyo","/wiki/Kant%C5%8D_region","/wiki/Honshu","//upload.wikimedia.org/wikipedia/commons/thumb/1/1c/Flag_of_Tottori_Prefecture.svg/23px-Flag_of_Tottori_Prefecture.svg.png","/wiki/Tottori_Prefecture","/wiki/Tottori,_Tottori","/wiki/Ch%C5%ABgoku_region","/wiki/Honshu","//upload.wikimedia.org/wikipedia/commons/thumb/8/88/Flag_of_Toyama_Prefecture.png/23px-Flag_of_Toyama_Prefecture.png","/wiki/Toyama_Prefecture","/wiki/Toyama_City","/wiki/Ch%C5%ABbu_region","/wiki/Honshu","//upload.wikimedia.org/wikipedia/commons/thumb/6/6e/Flag_of_Wakayama_Prefecture.svg/23px-Flag_of_Wakayama_Prefecture.svg.png","/wiki/Wakayama_Prefecture","/wiki/Wakayama,_Wakayama","/wiki/Kansai_region","/wiki/Honshu","//upload.wikimedia.org/wikipedia/commons/thumb/a/a1/Flag_of_Yamagata_Prefecture.svg/23px-Flag_of_Yamagata_Prefecture.svg.png","/wiki/Yamagata_Prefecture","/wiki/Yamagata,_Yamagata","/wiki/T%C5%8Dhoku_region","/wiki/Honshu","//upload.wikimedia.org/wikipedia/commons/thumb/b/b9/Flag_of_Yamaguchi_Prefecture.svg/23px-Flag_of_Yamaguchi_Prefecture.svg.png","/wiki/Yamaguchi_Prefecture","/wiki/Yamaguchi,_Yamaguchi","/wiki/Ch%C5%ABgoku_region","/wiki/Honshu","//upload.wikimedia.org/wikipedia/commons/thumb/0/00/Flag_of_Yamanashi_Prefecture.svg/22px-Flag_of_Yamanashi_Prefecture.svg.png","/wiki/Yamanashi_Prefecture","/wiki/K%C5%8Dfu,_Yamanashi","/wiki/Ch%C5%ABbu_region","/wiki/Honshu","/w/index.php?title=Prefectures_of_Japan&action=edit&section=10","/w/index.php?title=Prefectures_of_Japan&action=edit&section=11","/w/index.php?title=Anotsu_Prefecture&action=edit&redlink=1","/w/index.php?title=Chikuma_Prefecture&action=edit&redlink=1","/wiki/Kokura_Prefecture","/w/index.php?title=Prefectures_of_Japan&action=edit&section=12","/wiki/Prefecture","/wiki/Japanese_language","/wiki/Prefectural_capital","/wiki/Soviet_Union","/wiki/Russia","/wiki/Karafuto_Prefecture","/wiki/Sakhalin","/wiki/Yuzhno-Sakhalinsk","/wiki/Republic_of_China_(1912%E2%80%931949)","/wiki/Taiwan","/wiki/H%C5%8Dko_Prefecture","/wiki/Penghu","/wiki/Magong","/wiki/Karenk%C5%8D_Prefecture","/wiki/Hualien_County","/wiki/Hualien_City","/wiki/Shinchiku_Prefecture","/wiki/Hsinchu_County","/wiki/Hsinchu","/wiki/Taich%C5%AB_Prefecture","/wiki/Taichung","/wiki/Taichung","/wiki/Taihoku_Prefecture","/wiki/Taipei","/wiki/Taipei","/wiki/Tainan_Prefecture","/wiki/Tainan","/wiki/Tainan","/wiki/Tait%C5%8D_Prefecture","/wiki/Taitung_County","/wiki/Taitung_City","/wiki/Takao_Prefecture","/wiki/Kaohsiung","/wiki/Kaohsiung","/wiki/North_Korea","/wiki/North_Pyongan_Province","/wiki/Sinuiju","/wiki/South_Pyongan_Province","/wiki/Pyongyang","/wiki/North_Hamgyong_Province","/wiki/Ranam-guyok","/wiki/South_Hamgyong_Province","/wiki/Hamhung","/wiki/Kangwon_Province_(North_Korea)","/wiki/Chuncheon","/wiki/Hwanghae_Province","/wiki/Haeju","/wiki/South_Korea","/wiki/North_Chungcheong_Province","/wiki/Cheongju","/wiki/South_Chungcheong_Province","/wiki/Daejeon","/wiki/Gyeonggi_Province","/wiki/Seoul","/wiki/North_Gyeongsang_Province","/wiki/Daegu","/wiki/South_Gyeongsang_Province","/wiki/Busan","/wiki/Gangwon_Province_(South_Korea)","/wiki/Chuncheon","/wiki/North_Jeolla_Province","/wiki/Jeonju","/wiki/South_Jeolla_Province","/wiki/Gwangju","/w/index.php?title=Prefectures_of_Japan&action=edit&section=13","/wiki/Government_of_Japan","/wiki/Subprefectures_of_Japan","/wiki/Districts_of_Japan","/wiki/Municipalities_of_Japan","/wiki/City_designated_by_government_ordinance","/wiki/Core_city","/wiki/Special_cities_of_Japan","/wiki/Cities_of_Japan","/wiki/Special_wards_of_Tokyo","/wiki/List_of_towns_in_Japan","/wiki/Villages_of_Japan","/wiki/Wards_of_Japan","/wiki/Template:Administrative_divisions_of_Japan","/wiki/Template_talk:Administrative_divisions_of_Japan","//en.wikipedia.org/w/index.php?title=Template:Administrative_divisions_of_Japan&action=edit","/wiki/List_of_Japanese_prefectures_by_population","/wiki/List_of_Japanese_prefectures_ranked_by_area","/wiki/List_of_prefectural_capitals_in_Japan","/wiki/List_of_regions_in_Japan","/wiki/ISO_3166-2_codes_for_Japan","/wiki/Government_of_Japan","/wiki/List_of_governors_of_Japan","/wiki/Administrative_division","/wiki/Urban_area","/w/index.php?title=Prefectures_of_Japan&action=edit&section=14","#cite_ref-nussbaum780_1-0","#cite_ref-nussbaum780_1-1","/wiki/Louis-Fr%C3%A9d%C3%A9ric","http://books.google.com/books?id=p2QnPijAEmEC&pg=PA780&dq=#v=onepage&q&f=false","#cite_ref-2","http://siteresources.worldbank.org/WBI/Resources/wbi37175.pdf","#cite_ref-3","http://www.nira.go.jp/publ/seiken/ev18n10/ev18n10-s.html","#cite_ref-4","/wiki/ISO_3166","/w/index.php?title=Prefectures_of_Japan&action=edit&section=15","http://www.nga.gr.jp/english/index.html","http://gojapan.about.com/cs/japanmaps/l/blprefecturemap.htm","http://www.biwa.ne.jp/~toda-m/geo-hist/prefrank.html","http://www.clair.or.jp/e/","http://citymayors.com/government/jap_locgov.html","/wiki/Template:Regions_and_administrative_divisions_of_Japan","/wiki/Template_talk:Regions_and_administrative_divisions_of_Japan","//en.wikipedia.org/w/index.php?title=Template:Regions_and_administrative_divisions_of_Japan&action=edit","/wiki/List_of_regions_of_Japan","/wiki/Government_of_Japan","//upload.wikimedia.org/wikipedia/en/thumb/9/9e/Flag_of_Japan.svg/23px-Flag_of_Japan.svg.png","/wiki/Japan","/wiki/List_of_regions_of_Japan","/wiki/Hokkaido","/wiki/T%C5%8Dhoku_region","/wiki/Kant%C5%8D_region","/wiki/Nanp%C5%8D_Islands","/wiki/Ch%C5%ABbu_region","/wiki/Hokuriku_region","/wiki/K%C5%8Dshin%27etsu_region","/wiki/Shin%27etsu_region","/wiki/T%C5%8Dkai_region","/wiki/Kansai_region","/wiki/Ch%C5%ABgoku_region","/wiki/San%27in_region","/wiki/San%27y%C5%8D_region","/wiki/Shikoku","/wiki/Kyushu","/wiki/Northern_Kyushu","/wiki/Ryukyu_Islands","/wiki/File:Regions_and_Prefectures_of_Japan_2.png","//upload.wikimedia.org/wikipedia/commons/thumb/4/4f/Regions_and_Prefectures_of_Japan_2.png/160px-Regions_and_Prefectures_of_Japan_2.png","/wiki/Hokkaido","/wiki/Hokkaido","/wiki/T%C5%8Dhoku_region","/wiki/Aomori_Prefecture","/wiki/Iwate_Prefecture","/wiki/Miyagi_Prefecture","/wiki/Akita_Prefecture","/wiki/Yamagata_Prefecture","/wiki/Fukushima_Prefecture","/wiki/Kant%C5%8D_region","/wiki/Ibaraki_Prefecture","/wiki/Tochigi_Prefecture","/wiki/Gunma_Prefecture","/wiki/Saitama_Prefecture","/wiki/Chiba_Prefecture","/wiki/Tokyo","/wiki/Kanagawa_Prefecture","/wiki/Ch%C5%ABbu_region","/wiki/Niigata_Prefecture","/wiki/Toyama_Prefecture","/wiki/Ishikawa_Prefecture","/wiki/Fukui_Prefecture","/wiki/Yamanashi_Prefecture","/wiki/Nagano_Prefecture","/wiki/Gifu_Prefecture","/wiki/Shizuoka_Prefecture","/wiki/Aichi_Prefecture","/wiki/Kansai_region","/wiki/Mie_Prefecture","/wiki/Shiga_Prefecture","/wiki/Kyoto_Prefecture","/wiki/Osaka_Prefecture","/wiki/Hy%C5%8Dgo_Prefecture","/wiki/Nara_Prefecture","/wiki/Wakayama_Prefecture","/wiki/Ch%C5%ABgoku_region","/wiki/Tottori_Prefecture","/wiki/Shimane_Prefecture","/wiki/Okayama_Prefecture","/wiki/Hiroshima_Prefecture","/wiki/Yamaguchi_Prefecture","/wiki/Shikoku","/wiki/Tokushima_Prefecture","/wiki/Kagawa_Prefecture","/wiki/Ehime_Prefecture","/wiki/K%C5%8Dchi_Prefecture","/wiki/Kyushu","/wiki/Fukuoka_Prefecture","/wiki/Saga_Prefecture","/wiki/Nagasaki_Prefecture","/wiki/Kumamoto_Prefecture","/wiki/%C5%8Cita_Prefecture","/wiki/Miyazaki_Prefecture","/wiki/Kagoshima_Prefecture","/wiki/Okinawa_Prefecture","/wiki/Template:Articles_on_first-level_administrative_divisions_of_Asian_countries","/wiki/Template_talk:Articles_on_first-level_administrative_divisions_of_Asian_countries","//en.wikipedia.org/w/index.php?title=Template:Articles_on_first-level_administrative_divisions_of_Asian_countries&action=edit","/wiki/Administrative_division","/wiki/Provinces_of_Afghanistan","/wiki/Administrative_divisions_of_Armenia","/wiki/Administrative_divisions_of_Azerbaijan","/wiki/Governorates_of_Bahrain","/wiki/Divisions_of_Bangladesh","/wiki/Districts_of_Bhutan","/wiki/Districts_of_Brunei","/wiki/Administrative_divisions_of_Burma","/wiki/Provinces_of_Cambodia","/wiki/Provinces_of_the_People%27s_Republic_of_China","/wiki/Districts_of_Cyprus","/wiki/Governorates_of_Egypt","/wiki/Governorates_of_the_Gaza_Strip","/wiki/Administrative_divisions_of_Georgia_(country)","/wiki/Districts_of_Hong_Kong","/wiki/States_and_territories_of_India","/wiki/Provinces_of_Indonesia","/wiki/Provinces_of_Iran","/wiki/Governorates_of_Iraq","/wiki/Districts_of_Israel","/wiki/Governorates_of_Jordan","/wiki/Provinces_of_Kazakhstan","/wiki/Provinces_of_North_Korea","/wiki/Provinces_of_South_Korea","/wiki/Governorates_of_Kuwait","/wiki/Provinces_of_Kyrgyzstan","/wiki/Provinces_of_Laos","/wiki/Governorates_of_Lebanon","/wiki/Concelhos_and_freguesias_of_Macao","/wiki/States_and_federal_territories_of_Malaysia","/wiki/Administrative_divisions_of_the_Maldives","/wiki/Provinces_of_Mongolia","/wiki/Development_Regions_of_Nepal","/wiki/Governorates_of_Oman","/wiki/Administrative_units_of_Pakistan","/wiki/Governorates_of_the_Palestinian_National_Authority","/wiki/Regions_of_the_Philippines","/wiki/Municipalities_of_Qatar","/wiki/Federal_subjects_of_Russia","/wiki/Provinces_of_Saudi_Arabia","/wiki/Administrative_divisions_of_Singapore","/wiki/Provinces_of_Sri_Lanka","/wiki/Governorates_of_Syria","/wiki/Administrative_divisions_of_the_Republic_of_China","/wiki/Provinces_of_Tajikistan","/wiki/Provinces_of_Thailand","/wiki/Districts_of_East_Timor","/wiki/Provinces_of_Turkey","/wiki/Provinces_of_Turkmenistan","/wiki/Emirates_of_the_United_Arab_Emirates","/wiki/Provinces_of_Uzbekistan","/wiki/Provinces_of_Vietnam","/wiki/Governorates_of_Yemen","/wiki/List_of_transcontinental_countries","/wiki/Table_of_administrative_divisions_by_country","/wiki/Template:Japan_topics","/wiki/Template_talk:Japan_topics","//en.wikipedia.org/w/index.php?title=Template:Japan_topics&action=edit","/wiki/Japan","/wiki/History_of_Japan","/wiki/Japanese_Paleolithic","/wiki/J%C5%8Dmon_period","/wiki/Yayoi_period","/wiki/Kofun_period","/wiki/Asuka_period","/wiki/Nara_period","/wiki/Heian_period","/wiki/Kamakura_period","/wiki/Muromachi_period","/wiki/Azuchi%E2%80%93Momoyama_period","/wiki/Edo_period","/wiki/Meiji_period","/wiki/Taish%C5%8D_period","/wiki/Sh%C5%8Dwa_period","/wiki/Heisei_period","/wiki/Economic_history_of_Japan","/wiki/Military_history_of_Japan","/wiki/Naval_history_of_Japan","/wiki/Imperial_Japanese_Navy","/wiki/Imperial_Japanese_Army","/wiki/Imperial_Seal_of_Japan","//upload.wikimedia.org/wikipedia/commons/thumb/3/37/Imperial_Seal_of_Japan.svg/100px-Imperial_Seal_of_Japan.svg.png","/wiki/Geography_of_Japan","/wiki/Japanese_addressing_system","/wiki/Cities_of_Japan","/wiki/Districts_of_Japan","/wiki/Environmental_issues_in_Japan","/wiki/List_of_extreme_points_of_Japan","/wiki/List_of_islands_of_Japan","/wiki/List_of_lakes_in_Japan","/wiki/Regions_of_Japan","/wiki/Rivers_of_Japan","/wiki/Towns_of_Japan","/wiki/Villages_of_Japan","/wiki/Elections_in_Japan","/wiki/Emperor_of_Japan","/wiki/List_of_Japanese_monarchs","/wiki/Foreign_relations_of_Japan","/wiki/Human_rights_in_Japan","/wiki/LGBT_rights_in_Japan","/wiki/Judicial_system_of_Japan","/wiki/Law_of_Japan","/wiki/Law_enforcement_in_Japan","/wiki/National_Diet","/wiki/House_of_Councillors","/wiki/House_of_Representatives_(Japan)","/wiki/Politics_of_Japan","/wiki/List_of_political_parties_in_Japan","/wiki/Japan_Self-Defense_Forces","/wiki/Japan_Air_Self-Defense_Force","/wiki/Japan_Ground_Self-Defense_Force","/wiki/Japan_Maritime_Self-Defense_Force","/wiki/Government_of_Japan","/wiki/Cabinet_of_Japan","/wiki/Monetary_and_fiscal_policy_of_Japan","/wiki/Foreign_policy_of_Japan","/wiki/Ministries_of_Japan","/wiki/Prime_Minister_of_Japan","/wiki/List_of_Prime_Ministers_of_Japan","/wiki/Deputy_Prime_Minister_of_Japan","/wiki/Economy_of_Japan","/wiki/Agriculture,_forestry,_and_fishing_in_Japan","/wiki/Bank_of_Japan","/wiki/International_rankings_of_Japan","/wiki/Labor_market_of_Japan","/wiki/Manufacturing_industries_of_Japan","/wiki/Energy_in_Japan","/wiki/Solar_power_in_Japan","/wiki/Telecommunications_in_Japan","/wiki/Transport_in_Japan","/wiki/Japanese_yen","/wiki/Category:Japanese_society","/wiki/Crime_in_Japan","/wiki/Demographics_of_Japan","/wiki/Education_in_Japan","/wiki/Etiquette_in_Japan","/wiki/Gambling_in_Japan","/wiki/Housing_in_Japan","/wiki/Languages_of_Japan","/wiki/Religion_in_Japan","/wiki/Sexuality_in_Japan","/wiki/Smoking_in_Japan","/wiki/Women_in_Japan","/wiki/Career_woman","/wiki/Culture_of_Japan","/wiki/Japanese_aesthetics","/wiki/Anime","/wiki/Manga","/wiki/Japanese_architecture","/wiki/Japanese_Art","/wiki/Bonsai","/wiki/Cinema_of_Japan","/wiki/Japanese_cuisine","/wiki/Japanese_festivals","/wiki/Japanese_folklore","/wiki/Japanese_folktales","/wiki/Japanese_gardens","/wiki/Geisha","/wiki/Japanese_games","/wiki/Ikebana","/wiki/Kawaii","/wiki/Japanese_literature","/wiki/Japanese_martial_arts","/wiki/Media_of_Japan","/wiki/Music_of_Japan","/wiki/Japanese_mythology","/wiki/Japanese_name","/wiki/Onsen","/wiki/Sent%C5%8D","/wiki/Sport_in_Japan","/wiki/Japanese_tea_ceremony","/wiki/Television_in_Japan","/wiki/Theatre_of_Japan","/wiki/Outline_of_Japan","/wiki/Index_of_Japan-related_articles","/wiki/Category:Japan","//commons.wikimedia.org/wiki/Category:Japan","/wiki/Portal:Japan","/wiki/Wikipedia:WikiProject_Japan","//en.wikipedia.org/w/index.php?title=Special:CentralAutoLogin/start&type=1x1&from=enwiki","http://en.wikipedia.org/w/index.php?title=Prefectures_of_Japan&oldid=565080881","/wiki/Help:Categories","/wiki/Category:Subdivisions_of_Japan","/wiki/Category:Prefectures_of_Japan","/wiki/Category:Lists_of_country_subdivisions","/wiki/Category:Country_subdivisions_of_Asia","/wiki/Category:First-level_administrative_country_subdivisions","/wiki/Category:Lists_of_places_in_Japan","/wiki/Category:Articles_containing_Japanese-language_text","/wiki/Category:Articles_containing_potentially_dated_statements_from_August_2012","/wiki/Category:All_articles_containing_potentially_dated_statements","/wiki/Category:All_articles_with_unsourced_statements","/wiki/Category:Articles_with_unsourced_statements_from_April_2013","/w/index.php?title=Special:UserLogin&returnto=Prefectures+of+Japan&type=signup","/w/index.php?title=Special:UserLogin&returnto=Prefectures+of+Japan","/wiki/Prefectures_of_Japan","/wiki/Talk:Prefectures_of_Japan","#","/wiki/Prefectures_of_Japan","/w/index.php?title=Prefectures_of_Japan&action=edit","/w/index.php?title=Prefectures_of_Japan&action=history","#","/w/index.php","//bits.wikimedia.org/static-1.22wmf10/skins/vector/images/search-ltr.png?303-4","/wiki/Main_Page","/wiki/Main_Page","/wiki/Portal:Contents","/wiki/Portal:Featured_content","/wiki/Portal:Current_events","/wiki/Special:Random","//donate.wikimedia.org/wiki/Special:FundraiserRedirector?utm_source=donate&utm_medium=sidebar&utm_campaign=C13_en.wikipedia.org&uselang=en","/wiki/Help:Contents","/wiki/Wikipedia:About","/wiki/Wikipedia:Community_portal","/wiki/Special:RecentChanges","//en.wikipedia.org/wiki/Wikipedia:Contact_us","/wiki/Special:WhatLinksHere/Prefectures_of_Japan","/wiki/Special:RecentChangesLinked/Prefectures_of_Japan","/wiki/Wikipedia:File_Upload_Wizard","/wiki/Special:SpecialPages","/w/index.php?title=Prefectures_of_Japan&oldid=565080881","/w/index.php?title=Prefectures_of_Japan&action=info","//www.wikidata.org/wiki/Q50337","/w/index.php?title=Special:Cite&page=Prefectures_of_Japan&id=565080881","/w/index.php?title=Special:Book&bookcmd=book_creator&referer=Prefectures+of+Japan","/w/index.php?title=Special:Book&bookcmd=render_article&arttitle=Prefectures+of+Japan&oldid=565080881&writer=rl","/w/index.php?title=Prefectures_of_Japan&printable=yes","//af.wikipedia.org/wiki/Prefekture_van_Japan","//ar.wikipedia.org/wiki/%D9%85%D8%AD%D8%A7%D9%81%D8%B8%D8%A7%D8%AA_%D8%A7%D9%84%D9%8A%D8%A7%D8%A8%D8%A7%D9%86","//ca.wikipedia.org/wiki/Prefectures_del_Jap%C3%B3","//cy.wikipedia.org/wiki/Taleithiau_Japan","//da.wikipedia.org/wiki/Japans_pr%C3%A6fekturer","//de.wikipedia.org/wiki/Pr%C3%A4fektur_(Japan)","//et.wikipedia.org/wiki/Jaapani_prefektuurid","//es.wikipedia.org/wiki/Anexo:Prefecturas_de_Jap%C3%B3n","//eo.wikipedia.org/wiki/Gubernioj_de_Japanio","//eu.wikipedia.org/wiki/Japoniako_prefeturak","//fa.wikipedia.org/wiki/%D8%A7%D8%B3%D8%AA%D8%A7%D9%86%E2%80%8C%D9%87%D8%A7%DB%8C_%DA%98%D8%A7%D9%BE%D9%86","//fo.wikipedia.org/wiki/Landslutir_%C3%AD_Japan","//fr.wikipedia.org/wiki/Pr%C3%A9fectures_du_Japon","//gl.wikipedia.org/wiki/Prefecturas_do_Xap%C3%B3n","//ko.wikipedia.org/wiki/%EC%9D%BC%EB%B3%B8%EC%9D%98_%EB%8F%84%EB%8F%84%EB%B6%80%ED%98%84","//hy.wikipedia.org/wiki/%D5%83%D5%A1%D5%BA%D5%B8%D5%B6%D5%AB%D5%A1%D5%B5%D5%AB_%D5%BE%D5%A1%D6%80%D5%B9%D5%A1%D5%AF%D5%A1%D5%B6_%D5%A2%D5%A1%D5%AA%D5%A1%D5%B6%D5%B8%D6%82%D5%B4","//hi.wikipedia.org/wiki/%E0%A4%9C%E0%A4%BE%E0%A4%AA%E0%A4%BE%E0%A4%A8_%E0%A4%95%E0%A5%87_%E0%A4%AA%E0%A5%8D%E0%A4%B0%E0%A4%BE%E0%A4%82%E0%A4%A4","//hr.wikipedia.org/wiki/Japanske_prefekture","//ilo.wikipedia.org/wiki/Dagiti_prepektura_iti_Hap%C3%B3n","//id.wikipedia.org/wiki/Daftar_prefektur_di_Jepang","//it.wikipedia.org/wiki/Prefetture_del_Giappone","//he.wikipedia.org/wiki/%D7%9E%D7%97%D7%95%D7%96%D7%95%D7%AA_%D7%99%D7%A4%D7%9F","//jv.wikipedia.org/wiki/Daftar_prefektur_ing_Jepang","//pam.wikipedia.org/wiki/Prefecture_ning_Japan","//kk.wikipedia.org/wiki/%D0%96%D0%B0%D0%BF%D0%BE%D0%BD%D0%B8%D1%8F_%D0%BF%D1%80%D0%B5%D1%84%D0%B5%D0%BA%D1%82%D1%83%D1%80%D0%B0%D0%BB%D0%B0%D1%80%D1%8B","//sw.wikipedia.org/wiki/Mikoa_ya_Japani","//la.wikipedia.org/wiki/Index_Praefecturarum_Iaponiae","//lt.wikipedia.org/wiki/Prefekt%C5%ABra_(Japonija)","//mk.wikipedia.org/wiki/%D0%9F%D1%80%D0%B5%D1%84%D0%B5%D0%BA%D1%82%D1%83%D1%80%D0%B8_%D0%B2%D0%BE_%D0%88%D0%B0%D0%BF%D0%BE%D0%BD%D0%B8%D1%98%D0%B0","//mr.wikipedia.org/wiki/%E0%A4%9C%E0%A4%AA%E0%A4%BE%E0%A4%A8%E0%A4%9A%E0%A5%87_%E0%A4%AA%E0%A5%8D%E0%A4%B0%E0%A4%AD%E0%A4%BE%E0%A4%97","//ms.wikipedia.org/wiki/Wilayah_di_Jepun","//nl.wikipedia.org/wiki/Prefecturen_van_Japan","//ja.wikipedia.org/wiki/%E9%83%BD%E9%81%93%E5%BA%9C%E7%9C%8C","//no.wikipedia.org/wiki/Japans_prefekturer","//nn.wikipedia.org/wiki/Japanske_prefektur","//km.wikipedia.org/wiki/%E1%9E%A2%E1%9E%B6%E1%9E%8E%E1%9E%B6%E1%9E%81%E1%9F%81%E1%9E%8F%E1%9F%92%E1%9E%8F_%E1%9E%93%E1%9E%B7%E1%9E%84%E1%9E%80%E1%9F%92%E1%9E%9A%E1%9E%BB%E1%9E%84%E1%9E%93%E1%9F%83%E1%9E%94%E1%9F%92%E1%9E%9A%E1%9E%91%E1%9F%81%E1%9E%9F%E1%9E%87%E1%9E%94%E1%9F%89%E1%9E%BB%E1%9E%93","//pl.wikipedia.org/wiki/Prefektury_Japonii","//pt.wikipedia.org/wiki/Prefeituras_do_Jap%C3%A3o","//ro.wikipedia.org/wiki/Prefecturile_Japoniei","//ru.wikipedia.org/wiki/%D0%9F%D1%80%D0%B5%D1%84%D0%B5%D0%BA%D1%82%D1%83%D1%80%D1%8B_%D0%AF%D0%BF%D0%BE%D0%BD%D0%B8%D0%B8","//simple.wikipedia.org/wiki/Prefectures_of_Japan","//sk.wikipedia.org/wiki/Prefekt%C3%BAra_(Japonsko)","//sr.wikipedia.org/wiki/%D0%9F%D1%80%D0%B5%D1%84%D0%B5%D0%BA%D1%82%D1%83%D1%80%D0%B5_%D0%88%D0%B0%D0%BF%D0%B0%D0%BD%D0%B0","//sh.wikipedia.org/wiki/Prefekture_Japana","//su.wikipedia.org/wiki/Pr%C3%A9f%C3%A9ktur_di_Jepang","//fi.wikipedia.org/wiki/Japanin_prefektuurit","//sv.wikipedia.org/wiki/Japans_prefekturer","//tl.wikipedia.org/wiki/Mga_prepektura_ng_Hapon","//ta.wikipedia.org/wiki/%E0%AE%AE%E0%AE%BE%E0%AE%A8%E0%AE%BF%E0%AE%B2%E0%AE%99%E0%AF%8D%E0%AE%95%E0%AE%B3%E0%AF%8D_(%E0%AE%9A%E0%AE%AA%E0%AF%8D%E0%AE%AA%E0%AE%BE%E0%AE%A9%E0%AF%8D)","//th.wikipedia.org/wiki/%E0%B8%88%E0%B8%B1%E0%B8%87%E0%B8%AB%E0%B8%A7%E0%B8%B1%E0%B8%94%E0%B8%82%E0%B8%AD%E0%B8%87%E0%B8%8D%E0%B8%B5%E0%B9%88%E0%B8%9B%E0%B8%B8%E0%B9%88%E0%B8%99","//tg.wikipedia.org/wiki/%D0%9F%D1%80%D0%B5%D1%84%D0%B5%D0%BA%D1%82%D1%83%D1%80%D0%B0%D2%B3%D0%BE%D0%B8_%D2%B6%D0%BE%D0%BF%D0%BE%D0%BD","//uk.wikipedia.org/wiki/%D0%9F%D1%80%D0%B5%D1%84%D0%B5%D0%BA%D1%82%D1%83%D1%80%D0%B8_%D0%AF%D0%BF%D0%BE%D0%BD%D1%96%D1%97","//vi.wikipedia.org/wiki/T%E1%BB%89nh_(Nh%E1%BA%ADt_B%E1%BA%A3n)","//zh-classical.wikipedia.org/wiki/%E6%97%A5%E6%9C%AC%E9%83%BD%E9%81%93%E5%BA%9C%E7%B8%A3","//yi.wikipedia.org/wiki/%D7%A4%D7%A8%D7%A2%D7%A4%D7%A2%D7%A7%D7%98%D7%95%D7%A8%D7%9F_%D7%A4%D7%95%D7%9F_%D7%99%D7%90%D7%A4%D7%90%D7%9F","//bat-smg.wikipedia.org/wiki/Japuon%C4%97j%C4%97s_prefekt%C5%ABras","//zh.wikipedia.org/wiki/%E6%97%A5%E6%9C%AC%E8%A1%8C%E6%94%BF%E5%8D%80%E5%8A%83","#","//www.wikidata.org/wiki/Q50337#sitelinks-wikipedia","//en.wikipedia.org/wiki/Wikipedia:Text_of_Creative_Commons_Attribution-ShareAlike_3.0_Unported_License","//creativecommons.org/licenses/by-sa/3.0/","//wikimediafoundation.org/wiki/Terms_of_Use","//wikimediafoundation.org/wiki/Privacy_policy","//www.wikimediafoundation.org/","//wikimediafoundation.org/wiki/Privacy_policy","/wiki/Wikipedia:About","/wiki/Wikipedia:General_disclaimer","//en.wikipedia.org/wiki/Wikipedia:Contact_us","//en.m.wikipedia.org/wiki/Prefectures_of_Japan","//wikimediafoundation.org/","//bits.wikimedia.org/images/wikimedia-button.png","//www.mediawiki.org/","//bits.wikimedia.org/static-1.22wmf10/skins/common/images/poweredby_mediawiki_88x31.png","//bits.wikimedia.org/en.wikipedia.org/load.php?debug=false&lang=en&modules=site&only=scripts&skin=vector&*"],"instances":["administrative_division","political_division","north_korea","south_korea","social_sciences","region"],"pdf":["http://siteresources.worldbank.org/WBI/Resources/wbi37175.pdf"],"categories":["Prefectures of Japan|","Subdivisions of Japan","Lists of country subdivisions|Japan, Prefectures","Country subdivisions of Asia|Japan 1","First-level administrative country subdivisions|Prefectures, Japan","Lists of places in Japan"],"headings":["Historical background","Types of prefectures","Lists of prefectures","Former prefectures","See also","References","External links"],"image":["//upload.wikimedia.org/wikipedia/commons/thumb/b/bc/Regions_and_Prefectures_of_Japan_2.svg/200px-Regions_and_Prefectures_of_Japan_2.svg.png","//bits.wikimedia.org/static-1.22wmf10/skins/common/images/magnify-clip.png","//upload.wikimedia.org/wikipedia/commons/thumb/0/02/Flag_of_Aichi_Prefecture.svg/22px-Flag_of_Aichi_Prefecture.svg.png","//upload.wikimedia.org/wikipedia/commons/thumb/8/84/Flag_of_Akita_Prefecture.svg/22px-Flag_of_Akita_Prefecture.svg.png","//upload.wikimedia.org/wikipedia/commons/thumb/3/30/Flag_of_Aomori_Prefecture.svg/22px-Flag_of_Aomori_Prefecture.svg.png","//upload.wikimedia.org/wikipedia/commons/thumb/0/0a/Flag_of_Chiba_Prefecture.svg/23px-Flag_of_Chiba_Prefecture.svg.png","//upload.wikimedia.org/wikipedia/commons/thumb/2/2d/Flag_of_Ehime_Prefecture.svg/23px-Flag_of_Ehime_Prefecture.svg.png","//upload.wikimedia.org/wikipedia/commons/thumb/5/56/Flag_of_Fukui_Prefecture.svg/23px-Flag_of_Fukui_Prefecture.svg.png","//upload.wikimedia.org/wikipedia/commons/thumb/7/71/Flag_of_Fukuoka_Prefecture.svg/22px-Flag_of_Fukuoka_Prefecture.svg.png","//upload.wikimedia.org/wikipedia/commons/thumb/4/4b/Flag_of_Fukushima_Prefecture.svg/23px-Flag_of_Fukushima_Prefecture.svg.png","//upload.wikimedia.org/wikipedia/commons/thumb/3/3e/Flag_of_Gifu_Prefecture.svg/23px-Flag_of_Gifu_Prefecture.svg.png","//upload.wikimedia.org/wikipedia/commons/thumb/b/ba/Flag_of_Gunma_Prefecture.svg/23px-Flag_of_Gunma_Prefecture.svg.png","//upload.wikimedia.org/wikipedia/commons/thumb/e/ed/Flag_of_Hiroshima_Prefecture.svg/23px-Flag_of_Hiroshima_Prefecture.svg.png","//upload.wikimedia.org/wikipedia/commons/thumb/2/22/Flag_of_Hokkaido_Prefecture.svg/23px-Flag_of_Hokkaido_Prefecture.svg.png","//upload.wikimedia.org/wikipedia/commons/thumb/7/74/Flag_of_Hyogo_Prefecture.svg/22px-Flag_of_Hyogo_Prefecture.svg.png","//upload.wikimedia.org/wikipedia/commons/thumb/a/a8/Flag_of_Ibaraki_Prefecture.svg/23px-Flag_of_Ibaraki_Prefecture.svg.png","//upload.wikimedia.org/wikipedia/commons/thumb/6/6a/Flag_of_Ishikawa_Prefecture.svg/21px-Flag_of_Ishikawa_Prefecture.svg.png","//upload.wikimedia.org/wikipedia/commons/thumb/a/a9/Flag_of_Iwate_Prefecture.svg/23px-Flag_of_Iwate_Prefecture.svg.png","//upload.wikimedia.org/wikipedia/commons/thumb/2/29/Flag_of_Kagawa_Prefecture.svg/23px-Flag_of_Kagawa_Prefecture.svg.png","//upload.wikimedia.org/wikipedia/commons/thumb/c/c5/Flag_of_Kagoshima_Prefecture.svg/23px-Flag_of_Kagoshima_Prefecture.svg.png","//upload.wikimedia.org/wikipedia/commons/thumb/a/a7/Flag_of_Kanagawa_Prefecture.svg/23px-Flag_of_Kanagawa_Prefecture.svg.png","//upload.wikimedia.org/wikipedia/commons/thumb/5/50/Flag_of_Kochi_Prefecture.svg/23px-Flag_of_Kochi_Prefecture.svg.png","//upload.wikimedia.org/wikipedia/commons/thumb/f/f7/Flag_of_Kumamoto_Prefecture.svg/23px-Flag_of_Kumamoto_Prefecture.svg.png","//upload.wikimedia.org/wikipedia/commons/thumb/0/06/Flag_of_Kyoto_Prefecture.svg/21px-Flag_of_Kyoto_Prefecture.svg.png","//upload.wikimedia.org/wikipedia/commons/thumb/7/75/Flag_of_Mie_Prefecture.png/23px-Flag_of_Mie_Prefecture.png","//upload.wikimedia.org/wikipedia/commons/thumb/c/c7/Flag_of_Miyagi_Prefecture.svg/23px-Flag_of_Miyagi_Prefecture.svg.png","//upload.wikimedia.org/wikipedia/commons/thumb/0/0b/Flag_of_Miyazaki_Prefecture.svg/21px-Flag_of_Miyazaki_Prefecture.svg.png","//upload.wikimedia.org/wikipedia/commons/thumb/f/f0/Flag_of_Nagano_Prefecture.svg/23px-Flag_of_Nagano_Prefecture.svg.png","//upload.wikimedia.org/wikipedia/commons/thumb/6/65/Flag_of_Nagasaki_Prefecture.svg/23px-Flag_of_Nagasaki_Prefecture.svg.png","//upload.wikimedia.org/wikipedia/commons/thumb/0/00/Flag_of_Nara_Prefecture.svg/23px-Flag_of_Nara_Prefecture.svg.png","//upload.wikimedia.org/wikipedia/commons/thumb/c/cb/Flag_of_Niigata_Prefecture.svg/23px-Flag_of_Niigata_Prefecture.svg.png","//upload.wikimedia.org/wikipedia/commons/thumb/6/66/Flag_of_Oita.png/22px-Flag_of_Oita.png","//upload.wikimedia.org/wikipedia/commons/thumb/3/33/Flag_of_Okayama_Prefecture.svg/23px-Flag_of_Okayama_Prefecture.svg.png","//upload.wikimedia.org/wikipedia/commons/thumb/2/2f/Flag_of_Okinawa_Prefecture.svg/23px-Flag_of_Okinawa_Prefecture.svg.png","//upload.wikimedia.org/wikipedia/commons/thumb/5/5a/Flag_of_Osaka_Prefecture.svg/23px-Flag_of_Osaka_Prefecture.svg.png","//upload.wikimedia.org/wikipedia/commons/thumb/f/f4/Flag_of_Saga_Prefecture.png/23px-Flag_of_Saga_Prefecture.png","//upload.wikimedia.org/wikipedia/commons/thumb/c/cd/Flag_of_Saitama_Prefecture.svg/23px-Flag_of_Saitama_Prefecture.svg.png","//upload.wikimedia.org/wikipedia/commons/thumb/9/99/Flag_of_Shiga_Prefecture.svg/23px-Flag_of_Shiga_Prefecture.svg.png","//upload.wikimedia.org/wikipedia/commons/thumb/e/e8/Flag_of_Shimane_Prefecture.svg/23px-Flag_of_Shimane_Prefecture.svg.png","//upload.wikimedia.org/wikipedia/commons/thumb/9/92/Flag_of_Shizuoka_Prefecture.svg/23px-Flag_of_Shizuoka_Prefecture.svg.png","//upload.wikimedia.org/wikipedia/commons/thumb/d/d5/Flag_of_Tochigi_Prefecture.svg/22px-Flag_of_Tochigi_Prefecture.svg.png","//upload.wikimedia.org/wikipedia/commons/thumb/a/ac/Flag_of_Tokushima_Prefecture.svg/22px-Flag_of_Tokushima_Prefecture.svg.png","//upload.wikimedia.org/wikipedia/commons/thumb/8/8e/Flag_of_Tokyo_Prefecture.svg/23px-Flag_of_Tokyo_Prefecture.svg.png","//upload.wikimedia.org/wikipedia/commons/thumb/1/1c/Flag_of_Tottori_Prefecture.svg/23px-Flag_of_Tottori_Prefecture.svg.png","//upload.wikimedia.org/wikipedia/commons/thumb/8/88/Flag_of_Toyama_Prefecture.png/23px-Flag_of_Toyama_Prefecture.png","//upload.wikimedia.org/wikipedia/commons/thumb/6/6e/Flag_of_Wakayama_Prefecture.svg/23px-Flag_of_Wakayama_Prefecture.svg.png","//upload.wikimedia.org/wikipedia/commons/thumb/a/a1/Flag_of_Yamagata_Prefecture.svg/23px-Flag_of_Yamagata_Prefecture.svg.png","//upload.wikimedia.org/wikipedia/commons/thumb/b/b9/Flag_of_Yamaguchi_Prefecture.svg/23px-Flag_of_Yamaguchi_Prefecture.svg.png","//upload.wikimedia.org/wikipedia/commons/thumb/0/00/Flag_of_Yamanashi_Prefecture.svg/22px-Flag_of_Yamanashi_Prefecture.svg.png","//upload.wikimedia.org/wikipedia/en/thumb/9/9e/Flag_of_Japan.svg/23px-Flag_of_Japan.svg.png","//upload.wikimedia.org/wikipedia/commons/thumb/4/4f/Regions_and_Prefectures_of_Japan_2.png/160px-Regions_and_Prefectures_of_Japan_2.png","//upload.wikimedia.org/wikipedia/commons/thumb/3/37/Imperial_Seal_of_Japan.svg/100px-Imperial_Seal_of_Japan.svg.png","//en.wikipedia.org/w/index.php?title=Special:CentralAutoLogin/start&type=1x1&from=enwiki","//bits.wikimedia.org/static-1.22wmf10/skins/vector/images/search-ltr.png?303-4","//bits.wikimedia.org/images/wikimedia-button.png","//bits.wikimedia.org/static-1.22wmf10/skins/common/images/poweredby_mediawiki_88x31.png"],"tags":[["han","administrative_division"],["circuit","political_division"],["tōkaidō","region"],["framing","social_sciences"],["republic_of_china","1912–1949"],["kangwon_province","north_korea"],["gangwon_province","south_korea"]],"members":["han","republic_of_china","circuit","kangwon_province","gangwon_province","framing","tōkaidō"],"related":["Jurisdiction","Tokyo","Hokkaido","Osaka_Prefecture","Kyoto_Prefecture","Prefecture","Cities_of_Japan","Towns_of_Japan","Villages_of_Japan","List_of_Provinces_of_Japan","Louis-Frédéric","Unicameral","Local_Autonomy_Law","Hokkaido","Subprefectures_in_Hokkaido","Tokyo","Government_of_Meiji_Japan","Abolition_of_the_han_system","Han_(administrative_division)","Local_Autonomy_Law","Prime_Minister_of_Japan","Junichiro_Koizumi","Merger_and_dissolution_of_municipalities_of_Japan","Edo_period","Tokugawa_shogunate","Tokyo","Osaka_Prefecture","Kyoto_Prefecture","World_War_II","Abolition_of_the_han_system","Tokyo_City","23_special_wards","Potsdam_Declaration","23_special_wards","Toru_Hashimoto","Osaka_Metropolis_plan","Osaka","Circuit_(political_division)","Provinces_of_Japan","Tōkaidō_(region)","Saikaido","Hokkaido","Ezo","Matsuura_Takeshiro","Counties_of_China","Counties_of_Taiwan","Framing_(social_sciences)","Japan","Japan","Regions_of_Japan","International_Organization_for_Standardization","ISO_3166","Hokkaido","Tōhoku_region","Kantō_region","Chūbu_region","Kansai","Chūgoku_region","Shikoku","Kyushu","Okinawa_Prefecture","Hokkaido","Aomori_Prefecture","Iwate_Prefecture","Miyagi_Prefecture","Akita_Prefecture","Yamagata_Prefecture","Fukushima_Prefecture","Ibaraki_Prefecture","Tochigi_Prefecture","Gunma_Prefecture","Saitama_Prefecture","Chiba_Prefecture","Tokyo","Kanagawa_Prefecture","Niigata_Prefecture","Toyama_Prefecture","Ishikawa_Prefecture","Fukui_Prefecture","Yamanashi_Prefecture","Nagano_Prefecture","Gifu_Prefecture","Shizuoka_Prefecture","Aichi_Prefecture","Mie_Prefecture","Shiga_Prefecture","Kyoto_Prefecture","Osaka_Prefecture","Hyōgo_Prefecture","Nara_Prefecture","Wakayama_Prefecture","Tottori_Prefecture","Shimane_Prefecture","Okayama_Prefecture","Hiroshima_Prefecture","Yamaguchi_Prefecture","Tokushima_Prefecture","Kagawa_Prefecture","Ehime_Prefecture","Kōchi_Prefecture","Fukuoka_Prefecture","Saga_Prefecture","Nagasaki_Prefecture","Kumamoto_Prefecture","Ōita_Prefecture","Miyazaki_Prefecture","Kagoshima_Prefecture","Okinawa_Prefecture","Prefecture","Japanese_language","Prefectural_capital","List_of_regions_in_Japan","Japanese_Archipelago","List_of_Japanese_prefectures_by_population","List_of_Japanese_prefectures_ranked_by_area","Population_density","Districts_of_Japan","Municipality_of_Japan","Nagoya","Chūbu_region","Honshu","Akita_City","Tōhoku_region","Honshu","Aomori,_Aomori","Tōhoku_region","Honshu","Chiba,_Chiba","Kantō_region","Honshu","Matsuyama,_Ehime","Shikoku","Shikoku","Fukui,_Fukui","Chūbu_region","Honshu","Fukuoka","Kyushu","Kyushu","Fukushima,_Fukushima","Tōhoku_region","Honshu","Gifu,_Gifu","Chūbu_region","Honshu","Maebashi,_Gunma","Kantō_region","Honshu","Hiroshima","Chūgoku_region","Honshu","Sapporo","Hokkaido","Hokkaido","Kobe","Kansai_region","Honshu","Mito,_Ibaraki","Kantō_region","Honshu","Kanazawa,_Ishikawa","Chūbu_region","Honshu","Morioka,_Iwate","Tōhoku_region","Honshu","Takamatsu,_Kagawa","Shikoku","Shikoku","Kagoshima","Kyushu","Kyushu","Yokohama","Kantō_region","Honshu","Shikoku","Shikoku","Kumamoto","Kyushu","Kyushu","Kyoto","Kansai_region","Honshu","Tsu,_Mie","Kansai_region","Honshu","Sendai","Tōhoku_region","Honshu","Miyazaki,_Miyazaki","Kyushu","Kyushu","Nagano,_Nagano","Chūbu_region","Honshu","Nagasaki","Kyushu","Kyushu","Nara,_Nara","Kansai_region","Honshu","Niigata,_Niigata","Chūbu_region","Honshu","Kyushu","Kyushu","Okayama","Chūgoku_region","Honshu","Naha,_Okinawa","Kyushu","Ryūkyū_Shotō","Osaka","Kansai_region","Honshu","Saga,_Saga","Kyushu","Kyushu","Saitama,_Saitama","Kantō_region","Honshu","Ōtsu,_Shiga","Kansai_region","Honshu","Matsue,_Shimane","Chūgoku_region","Honshu","Shizuoka_City","Chūbu_region","Honshu","Utsunomiya,_Tochigi","Kantō_region","Honshu","Tokushima,_Tokushima","Shikoku","Shikoku","Shinjuku,_Tokyo","Kantō_region","Honshu","Tottori,_Tottori","Chūgoku_region","Honshu","Toyama_City","Chūbu_region","Honshu","Wakayama,_Wakayama","Kansai_region","Honshu","Yamagata,_Yamagata","Tōhoku_region","Honshu","Yamaguchi,_Yamaguchi","Chūgoku_region","Honshu","Kōfu,_Yamanashi","Chūbu_region","Honshu","Anotsu_Prefecture","Chikuma_Prefecture","Kokura_Prefecture","Prefecture","Japanese_language","Prefectural_capital","Soviet_Union","Russia","Karafuto_Prefecture","Sakhalin","Yuzhno-Sakhalinsk","Republic_of_China_(1912–1949)","Taiwan","Hōko_Prefecture","Penghu","Magong","Karenkō_Prefecture","Hualien_County","Hualien_City","Shinchiku_Prefecture","Hsinchu_County","Hsinchu","Taichū_Prefecture","Taichung","Taichung","Taihoku_Prefecture","Taipei","Taipei","Tainan_Prefecture","Tainan","Tainan","Taitō_Prefecture","Taitung_County","Taitung_City","Takao_Prefecture","Kaohsiung","Kaohsiung","North_Korea","North_Pyongan_Province","Sinuiju","South_Pyongan_Province","Pyongyang","North_Hamgyong_Province","Ranam-guyok","South_Hamgyong_Province","Hamhung","Kangwon_Province_(North_Korea)","Chuncheon","Hwanghae_Province","Haeju","South_Korea","North_Chungcheong_Province","Cheongju","South_Chungcheong_Province","Daejeon","Gyeonggi_Province","Seoul","North_Gyeongsang_Province","Daegu","South_Gyeongsang_Province","Busan","Gangwon_Province_(South_Korea)","Chuncheon","North_Jeolla_Province","Jeonju","South_Jeolla_Province","Gwangju","List_of_Japanese_prefectures_by_population","List_of_Japanese_prefectures_ranked_by_area","List_of_prefectural_capitals_in_Japan","List_of_regions_in_Japan","ISO_3166-2_codes_for_Japan","Government_of_Japan","List_of_governors_of_Japan","Administrative_division","Urban_area"]}