{"cursor":"65587","size":15,"audio":[],"currentlang":"en","article":"\nThe 'provinces of the Philippines' are the primary political and administrative\ndivisions of the Philippines. There are 80 provinces (called lalawigan or\nprobinsiya in the native languages) at present, further subdivided into\ncomponent cities and municipalities. The National Capital Region, as well as\nindependent cities, are autonomous from any provincial government. Each\nprovince is administered by an elected governor who oversees various local\ngovernment entities.\n\nThe provinces are grouped into 17 regions based on geographical, cultural, and\nethnological characteristics. Fourteen of these regions are designated with\nnumbers corresponding to their geographic location in order from north to south.\nThe National Capital Region, Cordillera Administrative Region, and Autonomous\nRegion in Muslim Mindanao do not have numerical designations.\n\nEach province is a member of the League of Provinces of the Philippines, an\norganization which aims to address issues affecting provincial and metropolitan\ngovernment administrations. {{Cite document\n|url=http://www.lpp.gov.ph/facts/index.html |title=About the League of Provinces\n|publisher=League of Provinces of the Philippines |accessdate=2008-01-12 |postscript= }}\n","linknr":1432,"url":"Provinces_of_the_Philippines","recorded":1375081414,"links":["/w/index.php?title=Provinces_of_the_Philippines&action=edit","/w/index.php?title=Provinces_of_the_Philippines&action=edit","//bits.wikimedia.org/favicon/wikipedia.ico","/w/opensearch_desc.php","//en.wikipedia.org/w/api.php?action=rsd","//creativecommons.org/licenses/by-sa/3.0/","/w/index.php?title=Special:RecentChanges&feed=atom","//bits.wikimedia.org/en.wikipedia.org/load.php?debug=false&lang=en&modules=ext.gadget.DRN-wizard%2CReferenceTooltips%2Ccharinsert%2Cteahouse%7Cext.rtlcite%2Cwikihiero%7Cext.uls.nojs%7Cmediawiki.legacy.commonPrint%2Cshared%7Cmw.PopUpMediaTransform%7Cskins.vector&only=styles&skin=vector&*","//bits.wikimedia.org/en.wikipedia.org/load.php?debug=false&lang=en&modules=site&only=styles&skin=vector&*","//bits.wikimedia.org/en.wikipedia.org/load.php?debug=false&lang=en&modules=startup&only=scripts&skin=vector&*","//bits.wikimedia.org/geoiplookup","//meta.wikimedia.org","#mw-navigation","#p-search","/wiki/Philippines","/wiki/File:Coat_of_Arms_of_the_Philippines.svg","//upload.wikimedia.org/wikipedia/commons/thumb/2/2b/Coat_of_Arms_of_the_Philippines.svg/130px-Coat_of_Arms_of_the_Philippines.svg.png","/wiki/Politics_of_the_Philippines","/wiki/Government_of_the_Philippines","/wiki/Constitution_of_the_Philippines","/wiki/Congress_of_the_Philippines","/wiki/16th_Congress_of_the_Philippines","/wiki/Senate_of_the_Philippines","/wiki/President_of_the_Senate_of_the_Philippines","/wiki/House_of_Representatives_of_the_Philippines","/wiki/Speaker_of_the_House_of_Representatives_of_the_Philippines","/wiki/Legislative_districts_of_the_Philippines","/wiki/Party-list_representation_in_the_House_of_Representatives_of_the_Philippines","/wiki/President_of_the_Philippines","/wiki/List_of_Presidents_of_the_Philippines","/wiki/Benigno_Aquino_III","/wiki/Vice_President_of_the_Philippines","/wiki/List_of_Vice_Presidents_of_the_Philippines","/wiki/Jejomar_Binay","/wiki/Cabinet_of_the_Philippines","/wiki/Supreme_Court_of_the_Philippines","/wiki/Chief_Justice_of_the_Supreme_Court_of_the_Philippines","/wiki/Maria_Lourdes_Sereno","/wiki/Court_of_Appeals_of_the_Philippines","/wiki/Court_of_Tax_Appeals_of_the_Philippines","/wiki/Sandiganbayan","/wiki/Katarungang_Pambarangay","/wiki/Elections_in_the_Philippines","/wiki/Commission_on_Elections_(Philippines)","/wiki/Sixto_Brillantes","/wiki/Philippine_general_election,_2007","/wiki/Philippine_general_election,_2010","/wiki/Philippine_general_election,_2013","/wiki/List_of_political_parties_in_the_Philippines","/wiki/Liberal_Party_(Philippines)","/wiki/Lakas%E2%80%93CMD","/wiki/Nationalist_People%27s_Coalition","/wiki/Nacionalista_Party","/wiki/National_Unity_Party_(Philippines)","/wiki/United_Nationalist_Alliance","/wiki/Administrative_divisions_of_the_Philippines","/wiki/Local_government_in_the_Philippines","/wiki/Capital_of_the_Philippines","/wiki/Regions_of_the_Philippines","/wiki/Cities_of_the_Philippines","/wiki/Municipalities_of_the_Philippines","/wiki/Barangays","/wiki/Sitio","/wiki/Purok","/wiki/List_of_Philippines-related_topics","/wiki/Foreign_relations_of_the_Philippines","/wiki/Human_rights_in_the_Philippines","/wiki/Outline_of_political_science#Politics_by_region","//commons.wikimedia.org/wiki/Atlas_of_the_Philippines","//upload.wikimedia.org/wikipedia/en/thumb/0/01/A_coloured_voting_box.svg/16px-A_coloured_voting_box.svg.png","/wiki/Portal:Politics","/wiki/Template:Politics_of_the_Philippines","/wiki/Template_talk:Politics_of_the_Philippines","//en.wikipedia.org/w/index.php?title=Template:Politics_of_the_Philippines&action=edit","/wiki/Administrative_divisions_of_the_Philippines","/wiki/Philippines","/wiki/Cities_of_the_Philippines","/wiki/Philippine_municipality","/wiki/National_Capital_Region","/wiki/Cities_of_the_Philippines#Independent_cities","/wiki/Governor","/wiki/Regions_of_the_Philippines","/wiki/Cordillera_Administrative_Region","/wiki/Autonomous_Region_in_Muslim_Mindanao","/wiki/League_of_Provinces_of_the_Philippines","#cite_note-1","#Government","#Executive","#Legislative","#Relation_to_other_levels_of_government","#National_government","#Cities_and_municipalities","#Barangays","#Classification","#Map","#List_of_provinces","#Etymologies","#History","#Formally_proposed_provinces","#Former_provinces","#See_also","#References","#External_links","/w/index.php?title=Provinces_of_the_Philippines&action=edit&section=1","/wiki/Supreme_Court_of_the_Philippines","/w/index.php?title=Provinces_of_the_Philippines&action=edit&section=2","/w/index.php?title=Provinces_of_the_Philippines&action=edit&section=3","/wiki/Sangguniang_Panlalawigan","/wiki/Sangguniang_Panlalawigan","/wiki/Cavite","/wiki/Cebu","/wiki/Negros_Occidental","/wiki/Pangasinan","/wiki/Barangay","/wiki/Sangguniang_Kabataan","/wiki/Ex-officio","/w/index.php?title=Provinces_of_the_Philippines&action=edit&section=4","/w/index.php?title=Provinces_of_the_Philippines&action=edit&section=5","/wiki/President_of_the_Philippines","/wiki/Department_of_the_Interior_and_Local_Government_(Philippines)","/wiki/House_of_Representatives_of_the_Philippines","/wiki/House_of_Representatives_of_the_Philippines","/wiki/Senate_of_the_Philippines","/w/index.php?title=Provinces_of_the_Philippines&action=edit&section=6","/wiki/Cities_of_the_Philippines","/wiki/Municipalities_of_the_Philippines","/wiki/Cities_of_the_Philippines#Independent_cities","#cite_note-LGC-2","/wiki/Zamboanga_City","/wiki/Sangguniang_Panlalawigan","/wiki/Sangguniang_Panlungsod","/wiki/Sangguniang_Bayan","#cite_note-LGC-2","/w/index.php?title=Provinces_of_the_Philippines&action=edit&section=7","#cite_note-LGC-2","/w/index.php?title=Provinces_of_the_Philippines&action=edit&section=8","#cite_note-3","/wiki/Philippine_peso","/wiki/Sangguniang_Panlalawigan","#cite_note-LGC-2","/w/index.php?title=Provinces_of_the_Philippines&action=edit&section=9","//upload.wikimedia.org/wikipedia/commons/thumb/d/d5/Ph_administrative_map_blank.png/600px-Ph_administrative_map_blank.png","/wiki/Pangasinan","/wiki/La_Union","/wiki/Ilocos_Sur","/wiki/Ilocos_Norte","/wiki/Benguet","/wiki/Ifugao","/wiki/Mountain_Province","/wiki/Kalinga","/wiki/Abra_(province)","/wiki/Apayao","/wiki/Nueva_Vizcaya","/wiki/Quirino","/wiki/Isabela_(province)","/wiki/Cagayan","/wiki/Batanes","/wiki/Pampanga","/wiki/Bulacan","/wiki/Bataan","/wiki/Zambales","/wiki/Tarlac","/wiki/Nueva_Ecija","/wiki/Aurora_(province)","/wiki/Metro_Manila","/wiki/Rizal","/wiki/Laguna_(province)","/wiki/Cavite","/wiki/Batangas","/wiki/Quezon","/wiki/Marinduque","/wiki/Romblon","/wiki/Oriental_Mindoro","/wiki/Occidental_Mindoro","/wiki/Palawan","/wiki/Camarines_Norte","/wiki/Camarines_Sur","/wiki/Albay","/wiki/Sorsogon","/wiki/Catanduanes","/wiki/Masbate","/wiki/Aklan","/wiki/Capiz","/wiki/Iloilo","/wiki/Guimaras","/wiki/Negros_Occidental","/wiki/Antique_(province)","/wiki/Cebu","/wiki/Bohol","/wiki/Negros_Oriental","/wiki/Siquijor","/wiki/Northern_Samar","/wiki/Eastern_Samar","/wiki/Samar","/wiki/Biliran","/wiki/Leyte_(province)","/wiki/Southern_Leyte","/wiki/Zamboanga_del_Norte","/wiki/Zamboanga_del_Sur","/wiki/Zamboanga_Sibugay","/wiki/Camiguin","/wiki/Bukidnon","/wiki/Misamis_Oriental","/wiki/Misamis_Occidental","/wiki/Lanao_del_Norte","/wiki/Dinagat_Islands","/wiki/Surigao_del_Norte","/wiki/Surigao_del_Sur","/wiki/Agusan_del_Sur","/wiki/Agusan_del_Norte","/wiki/Davao_del_Norte","/wiki/Compostela_Valley","/wiki/Davao_Oriental","/wiki/Davao_del_Sur","/wiki/South_Cotabato","/wiki/Sarangani","/wiki/Sultan_Kudarat","/wiki/Cotabato","/wiki/Basilan","/wiki/Sulu_(province)","/wiki/Tawi-Tawi","/wiki/Maguindanao","/wiki/Lanao_del_Sur","/wiki/Cities_of_the_Philippines#Independent_cities","/wiki/Metro_Manila","/w/index.php?title=Provinces_of_the_Philippines&action=edit&section=10","/wiki/Cities_of_the_Philippines#Independent_cities","/wiki/List_of_primary_local_government_units_of_the_Philippines","/wiki/Regions_of_the_Philippines","#cite_note-NSO-4","#cite_note-nscb-5","/wiki/Abra_(province)","/wiki/Bangued,_Abra","/wiki/Cordillera_Administrative_Region","/wiki/Agusan_del_Norte","#cite_note-6","/wiki/Cabadbaran","#cite_note-7","/wiki/Caraga","/wiki/Agusan_del_Sur","/wiki/Prosperidad,_Agusan_del_Sur","/wiki/Caraga","/wiki/Aklan","/wiki/Kalibo,_Aklan","/wiki/Western_Visayas","/wiki/Albay","/wiki/Legazpi,_Albay","/wiki/Bicol_Region","/wiki/Antique_(province)","/wiki/San_Jose_de_Buenavista,_Antique","/wiki/Western_Visayas","/wiki/Apayao","/wiki/Kabugao,_Apayao","#cite_note-8","/wiki/Cordillera_Administrative_Region","/wiki/Aurora_(province)","/wiki/Baler,_Aurora","/wiki/Central_Luzon","/wiki/Basilan","#cite_note-9","/wiki/Isabela,_Basilan","/wiki/Autonomous_Region_in_Muslim_Mindanao","#cite_note-bas-10","#cite_note-11","/wiki/Bataan","/wiki/Balanga,_Bataan","/wiki/Central_Luzon","/wiki/Batanes","/wiki/Basco,_Batanes","/wiki/Cagayan_Valley","/wiki/Batangas","/wiki/Batangas_City","/wiki/CALABARZON","/wiki/Benguet","#cite_note-12","/wiki/La_Trinidad,_Benguet","/wiki/Cordillera_Administrative_Region","/wiki/Biliran","/wiki/Naval,_Biliran","/wiki/Eastern_Visayas","/wiki/Bohol","/wiki/Tagbilaran","/wiki/Central_Visayas","/wiki/Bukidnon","/wiki/Malaybalay","/wiki/Northern_Mindanao","/wiki/Bulacan","/wiki/Malolos","/wiki/Central_Luzon","/wiki/Cagayan","/wiki/Tuguegarao","/wiki/Cagayan_Valley","/wiki/Camarines_Norte","/wiki/Daet,_Camarines_Norte","/wiki/Bicol_Region","/wiki/Camarines_Sur","#cite_note-13","/wiki/Pili,_Camarines_Sur","/wiki/Bicol_Region","/wiki/Camiguin","/wiki/Mambajao,_Camiguin","/wiki/Northern_Mindanao","/wiki/Capiz","/wiki/Roxas,_Capiz","/wiki/Western_Visayas","/wiki/Catanduanes","/wiki/Virac,_Catanduanes","/wiki/Bicol_Region","/wiki/Cavite","/wiki/Imus","#cite_note-14","/wiki/CALABARZON","/wiki/Cebu","#cite_note-15","/wiki/Cebu_City","#cite_note-huc-16","/wiki/Central_Visayas","/wiki/Compostela_Valley","/wiki/Nabunturan,_Compostela_Valley","/wiki/Davao_Region","/wiki/Cotabato","/wiki/Kidapawan","/wiki/SOCCSKSARGEN","/wiki/Davao_del_Norte","/wiki/Tagum","/wiki/Davao_Region","/wiki/Davao_del_Sur","#cite_note-17","/wiki/Digos","/wiki/Davao_Region","/wiki/Davao_Oriental","/wiki/Mati,_Davao_Oriental","/wiki/Davao_Region","/wiki/Dinagat_Islands","/wiki/San_Jose,_Dinagat_Islands","/wiki/Caraga","/wiki/Eastern_Samar","/wiki/Borongan","/wiki/Eastern_Visayas","/wiki/Guimaras","/wiki/Jordan,_Guimaras","/wiki/Western_Visayas","/wiki/Ifugao","/wiki/Lagawe,_Ifugao","/wiki/Cordillera_Administrative_Region","/wiki/Ilocos_Norte","/wiki/Laoag","/wiki/Ilocos_Region","/wiki/Ilocos_Sur","/wiki/Vigan","/wiki/Ilocos_Region","/wiki/Iloilo","#cite_note-18","/wiki/Iloilo_City","#cite_note-huc-16","/wiki/Western_Visayas","/wiki/Isabela_(province)","#cite_note-19","/wiki/Ilagan","/wiki/Cagayan_Valley","/wiki/Kalinga","/wiki/Tabuk,_Philippines","/wiki/Cordillera_Administrative_Region","/wiki/La_Union","/wiki/San_Fernando,_La_Union","/wiki/Ilocos_Region","/wiki/Laguna_(province)","/wiki/Santa_Cruz,_Laguna","/wiki/CALABARZON","/wiki/Lanao_del_Norte","#cite_note-20","/wiki/Tubod,_Lanao_del_Norte","/wiki/Northern_Mindanao","/wiki/Lanao_del_Sur","/wiki/Marawi","/wiki/Autonomous_Region_in_Muslim_Mindanao","#cite_note-21","/wiki/Leyte","#cite_note-22","/wiki/Tacloban","#cite_note-huc-16","/wiki/Eastern_Visayas","/wiki/Maguindanao","#cite_note-23","/wiki/Shariff_Aguak,_Maguindanao","/wiki/Autonomous_Region_in_Muslim_Mindanao","#cite_note-24","/wiki/Marinduque","/wiki/Boac,_Marinduque","/wiki/MIMAROPA","/wiki/Masbate","/wiki/Masbate_City","/wiki/Bicol_Region","/wiki/Misamis_Occidental","/wiki/Oroquieta","/wiki/Northern_Mindanao","/wiki/Misamis_Oriental","#cite_note-25","/wiki/Cagayan_de_Oro","#cite_note-huc-16","/wiki/Northern_Mindanao","/wiki/Mountain_Province","/wiki/Bontoc,_Mountain_Province","/wiki/Cordillera_Administrative_Region","/wiki/Negros_Occidental","#cite_note-26","/wiki/Bacolod","#cite_note-huc-16","/wiki/Western_Visayas","/wiki/Negros_Oriental","/wiki/Dumaguete","/wiki/Central_Visayas","/wiki/Northern_Samar","/wiki/Catarman,_Northern_Samar","/wiki/Eastern_Visayas","/wiki/Nueva_Ecija","/wiki/Palayan","#cite_note-27","/wiki/Central_Luzon","/wiki/Nueva_Vizcaya","/wiki/Bayombong,_Nueva_Vizcaya","/wiki/Cagayan_Valley","/wiki/Occidental_Mindoro","/wiki/Mamburao,_Occidental_Mindoro","/wiki/MIMAROPA","/wiki/Oriental_Mindoro","/wiki/Calapan","/wiki/MIMAROPA","/wiki/Palawan","#cite_note-28","/wiki/Puerto_Princesa","#cite_note-huc-16","/wiki/MIMAROPA","/wiki/Pampanga","#cite_note-29","/wiki/San_Fernando,_Pampanga","/wiki/Central_Luzon","/wiki/Pangasinan","#cite_note-30","/wiki/Lingayen,_Pangasinan","/wiki/Ilocos_Region","/wiki/Quezon","#cite_note-31","/wiki/Lucena,_Philippines","#cite_note-huc-16","/wiki/CALABARZON","/wiki/Quirino","/wiki/Cabarroguis,_Quirino","/wiki/Cagayan_Valley","/wiki/Rizal","/wiki/Antipolo","#cite_note-32","/wiki/CALABARZON","/wiki/Romblon","/wiki/Romblon,_Romblon","/wiki/MIMAROPA","/wiki/Samar","/wiki/Catbalogan","/wiki/Eastern_Visayas","/wiki/Sarangani","/wiki/Alabel,_Sarangani","/wiki/SOCCSKSARGEN","/wiki/Siquijor","/wiki/Siquijor,_Siquijor","/wiki/Central_Visayas","/wiki/Sorsogon","/wiki/Sorsogon_City","/wiki/Bicol_Region","/wiki/South_Cotabato","#cite_note-33","/wiki/Koronadal","/wiki/SOCCSKSARGEN","/wiki/Southern_Leyte","/wiki/Maasin","/wiki/Eastern_Visayas","/wiki/Sultan_Kudarat","/wiki/Isulan,_Sultan_Kudarat","/wiki/SOCCSKSARGEN","/wiki/Sulu","/wiki/Jolo,_Sulu","/wiki/Autonomous_Region_in_Muslim_Mindanao","#cite_note-34","/wiki/Surigao_del_Norte","/wiki/Surigao","/wiki/Caraga","/wiki/Surigao_del_Sur","/wiki/Tandag","/wiki/Caraga","/wiki/Tarlac","/wiki/Tarlac_City","/wiki/Central_Luzon","/wiki/Tawi-Tawi","/wiki/Bongao,_Tawi-Tawi","#cite_note-35","/wiki/Autonomous_Region_in_Muslim_Mindanao","#cite_note-36","/wiki/Zambales","#cite_note-37","/wiki/Iba,_Zambales","/wiki/Central_Luzon","/wiki/Zamboanga_del_Norte","/wiki/Dipolog","/wiki/Zamboanga_Peninsula","/wiki/Zamboanga_del_Sur","#cite_note-38","/wiki/Pagadian","/wiki/Zamboanga_Peninsula","/wiki/Zamboanga_Sibugay","/wiki/Ipil,_Zamboanga_Sibugay","/wiki/Zamboanga_Peninsula","/wiki/Metro_Manila","/wiki/Manila","/wiki/Metro_Manila","/wiki/Cities_of_the_Philippines#Independent_cities","/wiki/Metro_Manila","/w/index.php?title=Provinces_of_the_Philippines&action=edit&section=11","/wiki/List_of_Philippine_provincial_name_etymologies","/w/index.php?title=Provinces_of_the_Philippines&action=edit&section=12","/wiki/United_States","/wiki/Spain","/wiki/Benguet","/wiki/Baguio","/wiki/Philippine_Commission","/wiki/Pampanga","/wiki/Pangasinan","/wiki/Balungao","/wiki/Rosales,_Pangasinan","/wiki/San_Quintin,_Pangasinan","/wiki/Umingan","/wiki/Nueva_Ecija","/wiki/Tarlac_(province)","/wiki/Bulacan_(province)","/wiki/Malolos","/wiki/Bataan","/wiki/Tayabas_City,_Quezon","/wiki/Lucena_City","/wiki/Romblon_(province)","/wiki/Masbate_(province)","/wiki/Iloilo_(province)","/wiki/Antique_(province)","/wiki/Capiz","/wiki/Cebu_(province)","/wiki/Bohol","/wiki/Leyte_(province)","/wiki/Albay","/wiki/Ambos_Camarines","/wiki/Sorsogon_(province)","/wiki/Occidental_Negros","/wiki/Oriental_Negros","/wiki/Marinduque","/wiki/Batangas_(province)","/w/index.php?title=Surigao_(province)&action=edit&redlink=1","/wiki/Misamis_(province)","/wiki/Rizal","/wiki/Manila_(province)","/wiki/Manila","/wiki/Cavite","/wiki/Lubang_Island","/wiki/Cavite_City","/wiki/Nueva_Ecija","/wiki/San_Isidro,_Nueva_Ecija","/wiki/Catanduanes","/wiki/Albay","/wiki/Batangas_(province)","/wiki/Bohol","/wiki/Cebu_(province)","/wiki/La_Union_(province)","/wiki/Ilocos_Sur","/wiki/Abra_(province)","/wiki/Cordillera_Central_(Luzon)","/wiki/Ilocos_Norte","/wiki/Cagayan_(province)","/wiki/Babuyan_Islands","/wiki/Batanes","/wiki/Isabela_(province)","/wiki/Zambales","/wiki/Cebu_(province)","/wiki/Nueva_Vizcaya","/wiki/Bohol","/wiki/Mountain_Province","/w/index.php?title=Lepanto-Bontoc&action=edit&redlink=1","/wiki/Abra_(province)","/wiki/Cagayan_(province)","/wiki/Mountain_Province","/wiki/Aurora_(province)","/wiki/Infanta,_Quezon","/wiki/Polillo_Islands","/wiki/Quezon_(province)","/wiki/Samar_(province)","/wiki/Palawan","/wiki/Mindoro_Island","/wiki/Lubang_Island","/wiki/Marinduque","/wiki/Laguna_(province)","/wiki/Marinduque","/wiki/Quezon_(province)","/wiki/Mindoro_(province)","/wiki/Marinduque","/wiki/Cagayancillo","/wiki/Balabac","/wiki/Palawan_Island","/wiki/Palawan","/wiki/Cuyo,_Palawan","/wiki/Puerto_Princesa","/wiki/Kayapa","/wiki/Benguet","/wiki/Moro_Province","/wiki/Abra_(province)","/wiki/Ilocos_Sur","/wiki/Catanduanes","/wiki/Albay","/wiki/Palawan","/wiki/Masbate_(province)","/wiki/Sorsogon_(province)","/wiki/Apayao_(province)","/wiki/Kalinga_(province)","/wiki/Cagayan_(province)","/w/index.php?title=Lepanto-Bontoc&action=edit&redlink=1","/wiki/Romblon","/wiki/Concepcion,_Romblon","/wiki/Mindoro_(province)","/wiki/Capiz","/wiki/Marinduque","/wiki/Quezon_(province)","/w/index.php?title=Agusan_(province)&action=edit&redlink=1","/w/index.php?title=Agusan_(province)&action=edit&redlink=1","/wiki/Bukidnon","/wiki/Batanes","/wiki/Cagayan","/wiki/Siquijor_(province)","/wiki/Negros_Oriental","/wiki/Mountain_Province","/wiki/Kalinga_(province)","/wiki/Nueva_Vizcaya","/wiki/Ifugao_(province)","/wiki/Benguet","/wiki/Baguio_City","/wiki/Apayao_(province)","/wiki/Cagayan_(province)","/wiki/Batanes","/wiki/Cagayan_(province)","/wiki/Moro_Province","/wiki/Department_of_Mindanao_and_Sulu","/w/index.php?title=Agusan_(province)&action=edit&redlink=1","/wiki/Bukidnon","/wiki/Department_of_Mindanao_and_Sulu","/wiki/Bukidnon","/wiki/Cotabato_(province)","/wiki/Davao_Region","/wiki/Lanao_(province)","/wiki/Sulu_(province)","/wiki/Zamboanga_(province)","/wiki/Abra_(province)","/wiki/Ilocos_Sur","/wiki/Romblon_(province)","/wiki/Capiz","/wiki/Ambos_Camarines","/wiki/Camarines_Norte","/wiki/Camarines_Sur","/wiki/Mountain_Province","/wiki/Ilocos_Sur","/wiki/La_Union_(province)","/wiki/Ilocos_Sur","/wiki/Benguet","/wiki/Marinduque","/wiki/Quezon_(province)","/wiki/Masbate_(province)","/wiki/Sorsogon_(province)","/wiki/Leyte","/wiki/Misamis_(province)","/wiki/Misamis_Occidental","/wiki/Misamis_Oriental","/wiki/Romblon_(province)","/wiki/Catanduanes","/wiki/Albay","/wiki/Quezon_(province)","/wiki/Romblon_(province)","/wiki/Mindoro_(province)","/wiki/Occidental_Mindoro","/wiki/Oriental_Mindoro","/wiki/Aurora_(province)","/wiki/Quezon_(province)","/wiki/Zamboanga_(province)","/wiki/Zamboanga_del_Norte","/wiki/Zamboanga_del_Sur","/wiki/Aklan","/wiki/Capiz","/wiki/Camiguin","/wiki/Misamis_Oriental","/wiki/Biliran","/wiki/Leyte_(province)","/wiki/Lanao_(province)","/wiki/Lanao_del_Norte","/wiki/Lanao_del_Sur","/wiki/Southern_Leyte","/wiki/Leyte_(province)","/w/index.php?title=Surigao_(province)&action=edit&redlink=1","/wiki/Surigao_del_Norte","/wiki/Surigao_del_Sur","/wiki/Samar_(province)","/wiki/Eastern_Samar","/wiki/Northern_Samar","/wiki/Western_Samar","/wiki/Guimaras","/wiki/Iloilo_(province)","/wiki/Camiguin","/wiki/Misamis_Oriental","/wiki/Benguet","/wiki/Ifugao_(province)","/wiki/Kalinga-Apayao","/wiki/Mountain_Province","/wiki/Quirino_(province)","/wiki/Nueva_Vizcaya","/wiki/South_Cotabato","/wiki/Cotabato_(province)","/wiki/Davao_Region","/wiki/Davao_del_Norte","/wiki/Davao_del_Sur","/wiki/Davao_Oriental","/w/index.php?title=Agusan_(province)&action=edit&redlink=1","/wiki/Agusan_del_Norte","/wiki/Agusan_del_Sur","/wiki/Samar_(province)","/wiki/Samal_City","/wiki/Davao_del_Norte","/wiki/Quirino_(province)","/wiki/Siquijor_(province)","/wiki/Nueva_Vizcaya","/wiki/Negros_Oriental","/wiki/Lanao_del_Sur","/wiki/Martial_Law_in_the_Philippines","/wiki/Davao_del_Norte","/wiki/Tawi-Tawi","/wiki/Sulu_Province","/wiki/Cotabato_(province)","/wiki/Maguindanao_(province)","/wiki/North_Cotabato","/wiki/Sultan_Kudarat_(province)","/wiki/Basilan","/wiki/Isabela_City","/wiki/Metro_Manila","/wiki/Manila","/wiki/Caloocan","/wiki/Pasay_City","/wiki/Quezon_City","/wiki/Rizal","/wiki/Bulacan","/wiki/Aurora_(province)","/wiki/Quezon","/wiki/Cotabato_(province)","/w/index.php?title=Negros_del_Norte&action=edit&redlink=1","/wiki/Negros_Occidental","/w/index.php?title=Negros_del_Norte&action=edit&redlink=1","/wiki/Negros_Occidental","/wiki/Biliran","/wiki/Guimaras","/wiki/Leyte_(province)","/wiki/Iloilo_(province)","/wiki/Sarangani_(province)","/wiki/South_Cotabato","/wiki/Kalinga-Apayao","/wiki/Apayao_(province)","/wiki/Kalinga_(province)","/wiki/Compostela_Valley","/wiki/Davao_del_Norte","/wiki/Zamboanga_Sibugay","/wiki/Zamboanga_del_Sur","/wiki/Shariff_Kabunsuan_creation_plebiscite,_2006","/wiki/Shariff_Kabunsuan","/wiki/Maguindanao_(province)","/wiki/Dinagat_Islands","/wiki/Surigao_del_Norte","/wiki/Sema_v._COMELEC","/wiki/Shariff_Kabunsuan","/wiki/Maguindanao_(province)","/wiki/Dinagat_Islands","/wiki/Surigao_del_Norte","/wiki/Dinagat_Islands","/w/index.php?title=Provinces_of_the_Philippines&action=edit&section=13","/wiki/File:Proposed_PHProvinces.png","//upload.wikimedia.org/wikipedia/en/thumb/8/84/Proposed_PHProvinces.png/330px-Proposed_PHProvinces.png","/wiki/Leyte","#cite_note-39","/wiki/Governor-General_of_the_Philippines","#cite_note-samal-40","/wiki/Island_Garden_City_of_Samal","#cite_note-maranaw-41","/wiki/Lanao_del_Sur","/wiki/Legislative_districts_of_Lanao_del_Sur#1st_District","/wiki/Bubong,_Lanao_del_Sur","/wiki/Ditsaan-Ramain,_Lanao_del_Sur","/wiki/Buadiposo-Buntong,_Lanao_del_Sur","/wiki/Kapai,_Lanao_del_Sur","/wiki/Lumba-Bayabao,_Lanao_del_Sur","/wiki/Maguing,_Lanao_del_Sur","/wiki/Marantao,_Lanao_del_Sur","/wiki/Masiu,_Lanao_del_Sur","/wiki/Mulondo,_Lanao_del_Sur","/wiki/Saguiaran,_Lanao_del_Sur","/wiki/Piagapo,_Lanao_del_Sur","/wiki/Poona_Bayabao,_Lanao_del_Sur","/wiki/Tamparan,_Lanao_del_Sur","/wiki/Taraka,_Lanao_del_Sur","/wiki/Wao,_Lanao_del_Sur","/wiki/Bumbaran,_Lanao_del_Sur","/wiki/Marawi_City","/wiki/Malabang,_Lanao_del_Sur","/wiki/Proclamation_%E2%84%96_1081","/wiki/Martial_Law_in_the_Philippines","/wiki/Constitution_of_the_Philippines","/wiki/Fourth_Philippine_Republic","/wiki/ZIP_codes_in_the_Philippines","#cite_note-ids-42","/wiki/Isabela_(province)","/wiki/Legislative_districts_of_Isabela#1st_District","/wiki/Legislative_districts_of_Isabela#2nd_District","/wiki/Ilagan,_Isabela","/wiki/Legislative_districts_of_Isabela#3rd_District","/wiki/Legislative_districts_of_Isabela#4th_District","/wiki/Santiago_City","/wiki/Cauayan_City","/wiki/Quezon","#cite_note-qds-43","/wiki/Legislative_districts_of_Quezon#1st_District","/wiki/Legislative_districts_of_Quezon#2nd_District","/wiki/Lucena_City","/wiki/Gumaca,_Quezon","/wiki/Legislative_districts_of_Quezon#3rd_District","/wiki/Legislative_districts_of_Quezon#4th_District","/wiki/Quezon_del_Sur_creation_plebiscite,_2008","/w/index.php?title=Provinces_of_the_Philippines&action=edit&section=14","/wiki/Manila_(province)","/wiki/Rizal_(province)","/wiki/National_Capital_Region_(Philippines)","/w/index.php?title=Lepanto-Bontoc&action=edit&redlink=1","/wiki/Mountain_Province","/wiki/Moro_Province","/wiki/Department_of_Mindanao_and_Sulu","/wiki/Ambos_Camarines","/wiki/Camarines_Norte","/wiki/Camarines_Sur","/wiki/Naga_City","/wiki/Misamis_(province)","/wiki/Misamis_Occidental","/wiki/Misamis_Oriental","/wiki/Cagayan_de_Oro_City","/wiki/Mindoro_(province)","/wiki/Occidental_Mindoro","/wiki/Oriental_Mindoro","/wiki/Calapan","/wiki/Zamboanga_(province)","/wiki/Zamboanga_del_Norte","/wiki/Zamboanga_del_Sur","/wiki/Molave,_Zamboanga_del_Sur","/wiki/Pagadian","/wiki/Zamboanga_Sibugay","/wiki/Lanao_(province)","/wiki/Lanao_del_Norte","/wiki/Lanao_del_Sur","/wiki/Marawi_City","/w/index.php?title=Surigao_(province)&action=edit&redlink=1","/wiki/Surigao_del_Norte","/wiki/Surigao_del_Sur","/wiki/Surigao_City","/wiki/Dinagat_Islands","/wiki/Davao_Region","/wiki/Davao_del_Norte","/wiki/Davao_del_Sur","/wiki/Davao_Oriental","/w/index.php?title=Agusan_(province)&action=edit&redlink=1","/wiki/Agusan_del_Norte","/wiki/Agusan_del_Sur","/wiki/Butuan_City","/w/index.php?title=Negros_del_Norte&action=edit&redlink=1","#cite_note-ndn-44","/wiki/Negros_Occidental","/wiki/Cadiz_City","/wiki/Escalante_City","/wiki/Sagay_City","/wiki/San_Carlos_City,_Negros_Occidental","/wiki/Silay_City","/wiki/Victorias_City","/wiki/Calatrava,_Negros_Occidental","/wiki/Enrique_B._Magalona,_Negros_Occidental","/wiki/Manapla,_Negros_Occidental","/wiki/Salvador_Benedicto,_Negros_Occidental","/wiki/Toboso,_Negros_Occidental","/wiki/Supreme_Court_of_the_Philippines","#cite_note-ndn2-45","/wiki/Kalinga-Apayao","/wiki/Apayao_(province)","/wiki/Kalinga_(province)","/wiki/Tabuk,_Kalinga","/wiki/Shariff_Kabunsuan","/wiki/Autonomous_Region_in_Muslim_Mindanao","#cite_note-46","/wiki/ARMM_Regional_Legislative_Assembly","/wiki/Legislative_districts_of_Maguindanao#1st_District","/wiki/Cotabato_City","/wiki/Datu_Odin_Sinsuat,_Maguindanao","/wiki/Shariff_Kabunsuan_creation_plebiscite,_2006","/wiki/Philippine_general_election,_2007","/wiki/Commission_on_Elections_(Philippines)","/wiki/Local_government_unit","/wiki/Sema_v._COMELEC","/wiki/Congress_of_the_Philippines","#cite_note-svc-47","/w/index.php?title=Provinces_of_the_Philippines&action=edit&section=15","/wiki/List_of_Philippine_provincial_name_etymologies","/wiki/List_of_demonyms_for_Philippine_provinces","/wiki/ISO_3166-2:PH","/w/index.php?title=Provinces_of_the_Philippines&action=edit&section=16","#cite_ref-1","http://www.lpp.gov.ph/facts/index.html","#cite_ref-LGC_2-0","#cite_ref-LGC_2-1","#cite_ref-LGC_2-2","#cite_ref-LGC_2-3","http://www.lawphil.net/statutes/repacts/ra1991/ra_7160_1991.html","#cite_ref-3","http://www.nscb.gov.ph/activestats/psgc/articles/con_income.asp","#cite_ref-NSO_4-0","http://www.census.gov.ph/sites/default/files/attachments/hsd/pressrelease/Population%20and%20Annual%20Growth%20Rates%20for%20The%20Philippines%20and%20Its%20Regions%2C%20Provinces%2C%20and%20Highly%20Urbanized%20Cities%20Based%20on%201990%2C%202000%2C%20and%202010%20Censuses.pdf","#cite_ref-nscb_5-0","http://www.nscb.gov.ph/activestats/psgc/listprov.asp","#cite_ref-6","/wiki/Butuan","#cite_ref-7","http://www.congress.gov.ph/download/ra_11/RA08811.pdf","/wiki/Butuan","#cite_ref-8","/wiki/Luna,_Apayao","http://www.pia.gov.ph/default.asp?m=12&sec=reader&rp=9&fi=p080822.htm&no=80&date=08/22/2008","#cite_ref-9","/wiki/Isabela,_Basilan","#cite_ref-bas_10-0","/wiki/Isabela_City","/wiki/Zamboanga_Peninsula","#cite_ref-11","http://www.basilan.gov.ph/index.php/land-area","#cite_ref-12","/wiki/Baguio","#cite_ref-13","/wiki/Naga_City","#cite_ref-14","/wiki/Imus_City","/wiki/Trece_Martires_City","http://cavite.gov.ph/index.php?option=com_content&view=article&id=269&Itemid=175","http://www.mb.com.ph/articles/206024/imus-capital-cavite-maliksi","#cite_ref-15","/wiki/Cebu_City","/wiki/Lapu-Lapu_City","/wiki/Mandaue","#cite_ref-huc_16-0","#cite_ref-huc_16-1","#cite_ref-huc_16-2","#cite_ref-huc_16-3","#cite_ref-huc_16-4","#cite_ref-huc_16-5","#cite_ref-huc_16-6","/wiki/Cities_of_the_Philippines#Independent_cities","#cite_ref-17","/wiki/Davao_City","#cite_ref-18","/wiki/Iloilo_City","#cite_ref-19","/wiki/Santiago_City","#cite_ref-20","/wiki/Iligan","#cite_ref-21","http://armm.da.gov.ph/dafbeta/index.php?option=com_content&view=article&id=64&Itemid=59","/wiki/Talk:Lanao_del_Sur#Area","#cite_ref-22","/wiki/Ormoc","/wiki/Tacloban","#cite_ref-23","/wiki/Cotabato_City","#cite_ref-24","http://www.maguindanao.gov.ph/index.php?option=com_k2&view=item&layout=item&id=41&Itemid=93","#cite_ref-25","/wiki/Cagayan_de_Oro","#cite_ref-26","/wiki/Bacolod","#cite_ref-27","/wiki/Cabanatuan","#cite_ref-28","/wiki/Puerto_Princesa","#cite_ref-29","/wiki/Angeles,_Philippines","#cite_ref-30","/wiki/Dagupan","#cite_ref-31","/wiki/Lucena,_Philippines","#cite_ref-32","/wiki/Antipolo","/wiki/Pasig","https://www.yehey.com/news/Article.aspx?id=235667","#cite_ref-33","/wiki/General_Santos","#cite_ref-34","http://www.sulu.gov.ph/Profile.asp","#cite_ref-35","http://www.nscb.gov.ph/activestats/psgc/province.asp?provCode=157000000&provName=TAWI-TAWI&regCode=15&regName=ARMM%20-%20Autonomous%20Region%20in%20Muslim%20Mindanao","/wiki/Bongao","/wiki/Panglima_Sugala","/wiki/Bongao","#cite_ref-36","http://armm.da.gov.ph/dafbeta/index.php?option=com_content&view=article&id=66&Itemid=60","#cite_ref-37","/wiki/Olongapo","#cite_ref-38","/wiki/Zamboanga_City","#cite_ref-39","http://philippines-archipelago.com/politics/map/region_viii/eastern_visayas.html","#cite_ref-samal_40-0","http://laws.chanrobles.com/ph/ra/republicactno5999.html","#cite_ref-maranaw_41-0","http://www.chanrobles.com/republicacts/republicactno6406.html","#cite_ref-ids_42-0","http://www.chanrobles.com/republicacts/republicactno7891.html","#cite_ref-qds_43-0","http://www.ops.gov.ph/records/issuances-ra/RA9495.pdf","#cite_ref-ndn_44-0","http://www.chanrobles.com/bataspambansa/bataspambansablg885.html","#cite_ref-ndn2_45-0","http://www.lawphil.net/judjuris/juri1986/jul1986/gr_73155_1986.html","#cite_ref-46","http://laws.chanrobles.com/ph/ra/republicactno9054.html","#cite_ref-svc_47-0","http://sc.judiciary.gov.ph/jurisprudence/2008/july2008/177597.htm","/w/index.php?title=Provinces_of_the_Philippines&action=edit&section=17","//upload.wikimedia.org/wikipedia/en/thumb/4/4a/Commons-logo.svg/30px-Commons-logo.svg.png","//commons.wikimedia.org/wiki/Category:Provinces_of_the_Philippines","http://www.nscb.gov.ph/activestats/psgc/default.asp","http://www.census.gov.ph/data/census2007/index.html","http://www.dilg.gov.ph/LocalGovernmentCode.aspx","http://dilgbicol.org/directory/dilg-provincial-offices.html","http://dilgbicol.org/lgu-profiles.html","http://www.statoids.com/uph.html","http://www.crwflags.com/fotw/flags/ph_prov.html","/wiki/Template:Philippines_administrative_divisions","/wiki/Template_talk:Philippines_administrative_divisions","//en.wikipedia.org/w/index.php?title=Template:Philippines_administrative_divisions&action=edit","//upload.wikimedia.org/wikipedia/commons/thumb/2/2b/Coat_of_Arms_of_the_Philippines.svg/20px-Coat_of_Arms_of_the_Philippines.svg.png","/wiki/Administrative_divisions_of_the_Philippines","/wiki/Philippines","/wiki/Capital_of_the_Philippines","/wiki/Manila","/wiki/Metro_Manila","/wiki/File:Coat_of_Arms_of_the_Philippines.svg","//upload.wikimedia.org/wikipedia/commons/thumb/2/2b/Coat_of_Arms_of_the_Philippines.svg/80px-Coat_of_Arms_of_the_Philippines.svg.png","/wiki/File:Ph_regions_and_provinces.png","//upload.wikimedia.org/wikipedia/commons/thumb/2/2a/Ph_regions_and_provinces.png/80px-Ph_regions_and_provinces.png","/wiki/Regions_of_the_Philippines","/wiki/Autonomous_Region_in_Muslim_Mindanao","/wiki/Ilocos_Region","/wiki/Cagayan_Valley","/wiki/Central_Luzon","/wiki/CALABARZON","/wiki/MIMAROPA","/wiki/Bicol_Region","/wiki/Western_Visayas","/wiki/Central_Visayas","/wiki/Eastern_Visayas","/wiki/Zamboanga_Peninsula","/wiki/Northern_Mindanao","/wiki/Davao_Region","/wiki/SOCCSKSARGEN","/wiki/Caraga","/wiki/Cordillera_Administrative_Region","/wiki/Metro_Manila","/wiki/Abra_(province)","/wiki/Agusan_del_Norte","/wiki/Agusan_del_Sur","/wiki/Aklan","/wiki/Albay","/wiki/Antique_(province)","/wiki/Apayao","/wiki/Aurora_(province)","/wiki/Basilan","/wiki/Bataan","/wiki/Batanes","/wiki/Batangas","/wiki/Benguet","/wiki/Biliran","/wiki/Bohol","/wiki/Bukidnon","/wiki/Bulacan","/wiki/Cagayan","/wiki/Camarines_Norte","/wiki/Camarines_Sur","/wiki/Camiguin","/wiki/Capiz","/wiki/Catanduanes","/wiki/Cavite","/wiki/Cebu","/wiki/Compostela_Valley","/wiki/Cotabato","/wiki/Davao_del_Norte","/wiki/Davao_del_Sur","/wiki/Davao_Oriental","/wiki/Dinagat_Islands","/wiki/Eastern_Samar","/wiki/Guimaras","/wiki/Ifugao","/wiki/Ilocos_Norte","/wiki/Ilocos_Sur","/wiki/Iloilo","/wiki/Isabela_(province)","/wiki/Kalinga","/wiki/La_Union","/wiki/Laguna_(province)","/wiki/Lanao_del_Norte","/wiki/Lanao_del_Sur","/wiki/Leyte","/wiki/Maguindanao","/wiki/Marinduque","/wiki/Masbate","/wiki/Misamis_Occidental","/wiki/Misamis_Oriental","/wiki/Mountain_Province","/wiki/Negros_Occidental","/wiki/Negros_Oriental","/wiki/Northern_Samar","/wiki/Nueva_Ecija","/wiki/Nueva_Vizcaya","/wiki/Occidental_Mindoro","/wiki/Oriental_Mindoro","/wiki/Palawan","/wiki/Pampanga","/wiki/Pangasinan","/wiki/Quezon","/wiki/Quirino","/wiki/Rizal","/wiki/Romblon","/wiki/Samar","/wiki/Sarangani","/wiki/Siquijor","/wiki/Sorsogon","/wiki/South_Cotabato","/wiki/Southern_Leyte","/wiki/Sultan_Kudarat","/wiki/Sulu","/wiki/Surigao_del_Norte","/wiki/Surigao_del_Sur","/wiki/Tarlac","/wiki/Tawi-Tawi","/wiki/Zambales","/wiki/Zamboanga_del_Norte","/wiki/Zamboanga_del_Sur","/wiki/Zamboanga_Sibugay","/wiki/Template:Philippines_former_provinces_and_cities","/wiki/Provinces_of_the_Philippines#Formally_proposed_provinces","/wiki/Island_groups_of_the_Philippines","/wiki/Luzon","/wiki/Visayas","/wiki/Mindanao","/wiki/Legislative_districts_of_the_Philippines","/wiki/Cities_of_the_Philippines","/wiki/Municipalities_of_the_Philippines","/wiki/Barangay","/wiki/Sitio","/wiki/Purok","/wiki/Template:Articles_on_second-level_administrative_divisions_of_Asian_countries","/wiki/Template_talk:Articles_on_second-level_administrative_divisions_of_Asian_countries","//en.wikipedia.org/w/index.php?title=Template:Articles_on_second-level_administrative_divisions_of_Asian_countries&action=edit","/wiki/Administrative_division","/wiki/Districts_of_Afghanistan","/wiki/List_of_municipalities_of_Armenia","/wiki/List_of_districts_of_Bangladesh","/wiki/Gewogs_of_Bhutan","/wiki/Mukims_of_Brunei","/wiki/Districts_of_Burma","/wiki/List_of_Cambodian_districts_and_sections","/wiki/Prefectures_of_the_People%27s_Republic_of_China","/wiki/List_of_cities,_towns_and_villages_in_Cyprus","/wiki/Markazes_of_Egypt","/wiki/Districts_of_Georgia_(country)","/wiki/List_of_districts_of_India","/wiki/List_of_regencies_and_cities_of_Indonesia","/wiki/Counties_of_Iran","/wiki/Districts_of_Iraq","/wiki/Local_council_(Israel)","/wiki/Subprefectures_of_Japan","/wiki/Nahias_of_Jordan","/wiki/Districts_of_Kazakhstan","/wiki/List_of_second-level_administrative_divisions_of_North_Korea","/wiki/Administrative_divisions_of_South_Korea","/wiki/Districts_of_Kuwait","/wiki/Districts_of_Kyrgyzstan","/wiki/Districts_of_Laos","/wiki/Districts_of_Lebanon","/wiki/Districts_of_Malaysia","/wiki/Districts_of_Mongolia","/wiki/List_of_zones_of_Nepal","/wiki/Provinces_of_Oman","/wiki/List_of_districts_of_Pakistan","/wiki/Category:Districts_of_Russia_by_federal_subject","/wiki/List_of_governorates_of_Saudi_Arabia","/wiki/Districts_of_Sri_Lanka","/wiki/Districts_of_Syria","/wiki/Provincial_city_(Taiwan)","/wiki/Districts_of_Tajikistan","/wiki/Districts_of_Thailand","/wiki/Subdistricts_of_East_Timor","/wiki/List_of_districts_of_Turkey","/wiki/Districts_of_Turkmenistan","/wiki/Districts_of_Uzbekistan","/wiki/List_of_districts_of_Vietnam","/wiki/List_of_districts_of_Yemen","/wiki/List_of_transcontinental_countries","/wiki/Table_of_administrative_divisions_by_country","/wiki/Template:Philippines_topics","/wiki/Template_talk:Philippines_topics","//en.wikipedia.org/w/index.php?title=Template:Philippines_topics&action=edit","/wiki/Philippines","/wiki/History_of_the_Philippines","/wiki/History_of_the_Philippines_(before_1521)","/wiki/Battle_of_Mactan","/wiki/History_of_the_Philippines_(1521%E2%80%931898)","/wiki/Manila-Acapulco_Galleon","/wiki/Spanish_East_Indies","/wiki/Philippine_revolts_against_Spain","/wiki/Philippine_Revolution","/wiki/Philippine_Declaration_of_Independence","/wiki/First_Philippine_Republic","/wiki/Philippine%E2%80%93American_War","/wiki/History_of_the_Philippines_(1898%E2%80%931946)","/wiki/Tydings%E2%80%93McDuffie_Act","/wiki/Commonwealth_of_the_Philippines","/wiki/Military_history_of_the_Philippines_during_World_War_II","/wiki/Second_Philippine_Republic","/wiki/History_of_the_Philippines_(1946%E2%80%931965)","/wiki/History_of_the_Philippines_(1965%E2%80%931986)","/wiki/People_Power_Revolution","/wiki/History_of_the_Philippines_(1986%E2%80%93present)","/wiki/EDSA_Revolution_of_2001","/wiki/EDSA_III","/wiki/Coat_of_arms_of_the_Philippines","//upload.wikimedia.org/wikipedia/commons/thumb/2/2b/Coat_of_Arms_of_the_Philippines.svg/100px-Coat_of_Arms_of_the_Philippines.svg.png","/wiki/Geography_of_the_Philippines","/wiki/Bays_of_the_Philippines","/wiki/List_of_beaches_in_the_Philippines","/wiki/Climate_of_the_Philippines","/wiki/Ecoregions_in_the_Philippines","/wiki/Environment_of_the_Philippines","/wiki/Extreme_points_of_the_Philippines","/wiki/Headlands_of_the_Philippines","/wiki/Island_groups_of_the_Philippines","/wiki/List_of_islands_of_the_Philippines","/wiki/List_of_lakes_of_the_Philippines","/wiki/Landmarks_of_the_Philippines","/wiki/List_of_mountains_in_the_Philippines","/wiki/List_of_national_parks_of_the_Philippines","/wiki/Category:Peninsulas_of_the_Philippines","/wiki/List_of_protected_areas_of_the_Philippines","/wiki/List_of_rivers_of_the_Philippines","/wiki/List_of_volcanoes_in_the_Philippines","/wiki/Wildlife_of_the_Philippines","/wiki/List_of_World_Heritage_Sites_in_the_Philippines","/wiki/Administrative_divisions_of_the_Philippines","/wiki/Regions_of_the_Philippines","/wiki/Cities_of_the_Philippines","/wiki/Municipalities_of_the_Philippines","/wiki/Barangay","/wiki/Congress_of_the_Philippines","/wiki/Senate_of_the_Philippines","/wiki/House_of_Representatives_of_the_Philippines","/wiki/Constitution_of_the_Philippines","/wiki/Elections_in_the_Philippines","/wiki/Foreign_relations_of_the_Philippines","/wiki/Government_of_the_Philippines","/wiki/Cabinet_of_the_Philippines","/wiki/Executive_departments_of_the_Philippines","/wiki/Human_rights_in_the_Philippines","/wiki/LGBT_rights_in_the_Philippines","/wiki/Law_enforcement_in_the_Philippines","/wiki/Legislative_districts_of_the_Philippines","/wiki/Liberalism_in_the_Philippines","/wiki/Local_government_in_the_Philippines","/wiki/Armed_Forces_of_the_Philippines","/wiki/Politics_of_the_Philippines","/wiki/List_of_political_parties_in_the_Philippines","/wiki/President_of_the_Philippines","/wiki/Vice_President_of_the_Philippines","/wiki/Supreme_Court_of_the_Philippines","/wiki/Economy_of_the_Philippines","/wiki/Business_process_outsourcing_in_the_Philippines","/wiki/Bangko_Sentral_ng_Pilipinas","/wiki/List_of_companies_of_the_Philippines","/wiki/Fiscal_policy_of_the_Philippines","/wiki/Philippine_peso","/wiki/Philippine_Stock_Exchange","/wiki/Taxation_in_the_Philippines","/wiki/Telecommunications_in_the_Philippines","/wiki/Tourism_in_the_Philippines","/wiki/Transportation_in_the_Philippines","/wiki/Category:Philippine_society","/wiki/Demographics_of_the_Philippines","/wiki/Education_in_the_Philippines","/wiki/Ethnic_groups_in_the_Philippines","/wiki/Filipino_people","/wiki/Overseas_Filipino","/wiki/Health_in_the_Philippines","/wiki/Immigration_to_the_Philippines","/wiki/Income_inequality_in_the_Philippines","/wiki/Languages_of_the_Philippines","/wiki/Postage_stamps_and_postal_history_of_the_Philippines","/wiki/Poverty_in_the_Philippines","/wiki/Public_holidays_in_the_Philippines","/wiki/Water_supply_and_sanitation_in_the_Philippines","/wiki/Culture_of_the_Philippines","/wiki/Architecture_of_the_Philippines","/wiki/Art_of_the_Philippines","/wiki/Cinema_of_the_Philippines","/wiki/Philippine_cuisine","/wiki/Lists_of_Cultural_Properties_of_the_Philippines","/wiki/Philippine_Dance","/wiki/List_of_festivals_in_the_Philippines","/wiki/Filipinophile","/wiki/List_of_historical_markers_in_the_Philippines","/wiki/Philippine_literature","/wiki/Music_of_the_Philippines","/wiki/Philippine_mythology","/wiki/Religion_in_the_Philippines","/wiki/Sport_in_the_Philippines","/wiki/Filipino_martial_arts","/wiki/Eskrima","/wiki/Philippines_at_the_Olympics","/wiki/National_symbols_of_the_Philippines","/wiki/Lupang_Hinirang","/wiki/Coat_of_arms_of_the_Philippines","/wiki/Eskrima","/wiki/Flag_of_the_Philippines","/wiki/Name_of_the_Philippines","/wiki/Pterocarpus_indicus","/wiki/Philippine_Eagle","/wiki/Jasminum_sambac","/wiki/Outline_of_the_Philippines","/wiki/Index_of_Philippines-related_articles","/wiki/Book:Philippines","/wiki/Category:Philippines","/wiki/Portal:Philippines","/wiki/Wikipedia:WikiProject_Philippines","//en.wikipedia.org/w/index.php?title=Special:CentralAutoLogin/start&type=1x1&from=enwiki","http://en.wikipedia.org/w/index.php?title=Provinces_of_the_Philippines&oldid=565779364","/wiki/Help:Categories","/wiki/Category:Provinces_of_the_Philippines","/wiki/Category:Subdivisions_of_the_Philippines","/wiki/Category:Lists_of_country_subdivisions","/wiki/Category:Country_subdivisions_of_Asia","/wiki/Category:Second-level_administrative_country_subdivisions","/wiki/Category:Philippines_geography-related_lists","/wiki/Category:Articles_with_inconsistent_citation_formats","/wiki/Category:Commons_category_template_with_no_category_set","/wiki/Category:Commons_category_with_page_title_same_as_on_Wikidata","/w/index.php?title=Special:UserLogin&returnto=Provinces+of+the+Philippines&type=signup","/w/index.php?title=Special:UserLogin&returnto=Provinces+of+the+Philippines","/wiki/Provinces_of_the_Philippines","/wiki/Talk:Provinces_of_the_Philippines","#","/wiki/Provinces_of_the_Philippines","/w/index.php?title=Provinces_of_the_Philippines&action=edit","/w/index.php?title=Provinces_of_the_Philippines&action=history","#","/w/index.php","//bits.wikimedia.org/static-1.22wmf11/skins/vector/images/search-ltr.png?303-4","/wiki/Main_Page","/wiki/Main_Page","/wiki/Portal:Contents","/wiki/Portal:Featured_content","/wiki/Portal:Current_events","/wiki/Special:Random","//donate.wikimedia.org/wiki/Special:FundraiserRedirector?utm_source=donate&utm_medium=sidebar&utm_campaign=C13_en.wikipedia.org&uselang=en","/wiki/Help:Contents","/wiki/Wikipedia:About","/wiki/Wikipedia:Community_portal","/wiki/Special:RecentChanges","//en.wikipedia.org/wiki/Wikipedia:Contact_us","/wiki/Special:WhatLinksHere/Provinces_of_the_Philippines","/wiki/Special:RecentChangesLinked/Provinces_of_the_Philippines","/wiki/Wikipedia:File_Upload_Wizard","/wiki/Special:SpecialPages","/w/index.php?title=Provinces_of_the_Philippines&oldid=565779364","/w/index.php?title=Provinces_of_the_Philippines&action=info","//www.wikidata.org/wiki/Q24746","/w/index.php?title=Special:Cite&page=Provinces_of_the_Philippines&id=565779364","/w/index.php?title=Special:Book&bookcmd=book_creator&referer=Provinces+of+the+Philippines","/w/index.php?title=Special:Book&bookcmd=render_article&arttitle=Provinces+of+the+Philippines&oldid=565779364&writer=rl","/w/index.php?title=Provinces_of_the_Philippines&printable=yes","//zh-min-nan.wikipedia.org/wiki/Hui-li%CC%8Dp-pin_%C3%AA_s%C3%A9ng","//bcl.wikipedia.org/wiki/Probinsya_kan_Filipinas","//bar.wikipedia.org/wiki/Provinzn_vo_de_Philippinen","//ca.wikipedia.org/wiki/Prov%C3%ADncies_de_les_Filipines","//ceb.wikipedia.org/wiki/Lalawigan_(Pilipinas)","//de.wikipedia.org/wiki/Provinzen_der_Philippinen","//es.wikipedia.org/wiki/Anexo:Provincias_de_Filipinas","//eo.wikipedia.org/wiki/Provincoj_de_la_Filipinoj","//fa.wikipedia.org/wiki/%D8%A7%D8%B3%D8%AA%D8%A7%D9%86%E2%80%8C%D9%87%D8%A7%DB%8C_%D9%81%DB%8C%D9%84%DB%8C%D9%BE%DB%8C%D9%86","//fr.wikipedia.org/wiki/Provinces_des_Philippines","//ko.wikipedia.org/wiki/%ED%95%84%EB%A6%AC%ED%95%80%EC%9D%98_%EC%A3%BC","//hr.wikipedia.org/wiki/Provincije_Filipina","//ilo.wikipedia.org/wiki/Dagiti_probinsia_iti_Pilipinas","//it.wikipedia.org/wiki/Province_delle_Filippine","//pam.wikipedia.org/wiki/Ding_Lalawigan_ning_Filipinas","//mk.wikipedia.org/wiki/%D0%9F%D0%BE%D0%BA%D1%80%D0%B0%D0%B8%D0%BD%D0%B8_%D0%BD%D0%B0_%D0%A4%D0%B8%D0%BB%D0%B8%D0%BF%D0%B8%D0%BD%D0%B8%D1%82%D0%B5","//nl.wikipedia.org/wiki/Filipijnse_provincie","//no.wikipedia.org/wiki/Filippinenes_provinser","//pl.wikipedia.org/wiki/Prowincje_Filipin","//pt.wikipedia.org/wiki/Prov%C3%ADncias_das_Filipinas","//simple.wikipedia.org/wiki/Provinces_of_the_Philippines","//tl.wikipedia.org/wiki/Mga_lalawigan_ng_Pilipinas","//tr.wikipedia.org/wiki/Filipinler%27in_illeri","//vi.wikipedia.org/wiki/T%E1%BB%89nh_(Philippines)","//war.wikipedia.org/wiki/Pilipinhon_nga_lalawigan","//zh.wikipedia.org/wiki/%E8%8F%B2%E5%BE%8B%E5%AE%BE%E7%9C%81%E4%BB%BD%E5%88%97%E8%A1%A8","#","//www.wikidata.org/wiki/Q24746#sitelinks-wikipedia","//en.wikipedia.org/wiki/Wikipedia:Text_of_Creative_Commons_Attribution-ShareAlike_3.0_Unported_License","//creativecommons.org/licenses/by-sa/3.0/","//wikimediafoundation.org/wiki/Terms_of_Use","//wikimediafoundation.org/wiki/Privacy_policy","//www.wikimediafoundation.org/","//wikimediafoundation.org/wiki/Privacy_policy","/wiki/Wikipedia:About","/wiki/Wikipedia:General_disclaimer","//en.wikipedia.org/wiki/Wikipedia:Contact_us","//en.m.wikipedia.org/wiki/Provinces_of_the_Philippines","//wikimediafoundation.org/","//bits.wikimedia.org/images/wikimedia-button.png","//www.mediawiki.org/","//bits.wikimedia.org/static-1.22wmf11/skins/common/images/poweredby_mediawiki_88x31.png","//bits.wikimedia.org/en.wikipedia.org/load.php?debug=false&lang=en&modules=site&only=scripts&skin=vector&*"],"instances":["province","province","province","province","province","philippines","province","province","province","province","province","province","philippines","province","province","province","province","luzon","province","province","province","province","province","province","province","province","province","province","province","province","province","province","province","province","philippines"],"pdf":["http://www.census.gov.ph/sites/default/files/attachments/hsd/pressrelease/Population%20and%20Annual%20Growth%20Rates%20for%20The%20Philippines%20and%20Its%20Regions%2C%20Provinces%2C%20and%20Highly%20Urbanized%20Cities%20Based%20on%201990%2C%202000%2C%20and%202010%20Censuses.pdf","http://www.congress.gov.ph/download/ra_11/RA08811.pdf","http://www.ops.gov.ph/records/issuances-ra/RA9495.pdf"],"categories":["Provinces of the Philippines|","Subdivisions of the Philippines","Lists of country subdivisions|Philippines, Provinces","Country subdivisions of Asia|Philippines 2","Second-level administrative country subdivisions|Provinces, Philippines","Philippines geography-related lists"],"headings":["Government","Relation to other levels of government","Classification","Map","List of provinces","Etymologies","History","See also","References","External links"],"image":["//upload.wikimedia.org/wikipedia/commons/thumb/2/2b/Coat_of_Arms_of_the_Philippines.svg/130px-Coat_of_Arms_of_the_Philippines.svg.png","//upload.wikimedia.org/wikipedia/en/thumb/0/01/A_coloured_voting_box.svg/16px-A_coloured_voting_box.svg.png","//upload.wikimedia.org/wikipedia/commons/thumb/d/d5/Ph_administrative_map_blank.png/600px-Ph_administrative_map_blank.png","//upload.wikimedia.org/wikipedia/en/thumb/8/84/Proposed_PHProvinces.png/330px-Proposed_PHProvinces.png","//upload.wikimedia.org/wikipedia/en/thumb/4/4a/Commons-logo.svg/30px-Commons-logo.svg.png","//upload.wikimedia.org/wikipedia/commons/thumb/2/2b/Coat_of_Arms_of_the_Philippines.svg/20px-Coat_of_Arms_of_the_Philippines.svg.png","//upload.wikimedia.org/wikipedia/commons/thumb/2/2b/Coat_of_Arms_of_the_Philippines.svg/80px-Coat_of_Arms_of_the_Philippines.svg.png","//upload.wikimedia.org/wikipedia/commons/thumb/2/2a/Ph_regions_and_provinces.png/80px-Ph_regions_and_provinces.png","//upload.wikimedia.org/wikipedia/commons/thumb/2/2b/Coat_of_Arms_of_the_Philippines.svg/100px-Coat_of_Arms_of_the_Philippines.svg.png","//en.wikipedia.org/w/index.php?title=Special:CentralAutoLogin/start&type=1x1&from=enwiki","//bits.wikimedia.org/static-1.22wmf11/skins/vector/images/search-ltr.png?303-4","//bits.wikimedia.org/images/wikimedia-button.png","//bits.wikimedia.org/static-1.22wmf11/skins/common/images/poweredby_mediawiki_88x31.png"],"tags":[["department_of_the_interior_and_local_government","philippines"],["abra","province"],["antique","province"],["aurora","province"],["isabela","province"],["laguna","province"],["manila","province"],["batangas","province"],["cebu","province"],["cordillera_central","luzon"],["cebu","province"],["abra","province"],["cagayan","province"],["aurora","province"],["quezon","province"],["quezon","province"],["abra","province"],["masbate","province"],["sorsogon","province"],["apayao","province"],["kalinga","province"],["cagayan","province"],["mindoro","province"],["quezon","province"],["agusan","province"],["siquijor","province"],["kalinga","province"],["ifugao","province"],["apayao","province"],["cagayan","province"],["cagayan","province"],["agusan","province"],["abra","province"],["romblon","province"],["la_union","province"],["quezon","province"],["masbate","province"],["sorsogon","province"],["misamis","province"],["romblon","province"],["quezon","province"],["romblon","province"],["mindoro","province"],["aurora","province"],["quezon","province"],["zamboanga","province"],["leyte","province"],["lanao","province"],["leyte","province"],["surigao","province"],["samar","province"],["iloilo","province"],["quirino","province"],["cotabato","province"],["agusan","province"],["samar","province"],["cotabato","province"],["cotabato","province"],["leyte","province"],["iloilo","province"],["maguindanao","province"],["maguindanao","province"],["isabela","province"],["rizal","province"],["national_capital_region","philippines"],["apayao","province"],["kalinga","province"],["commission_on_elections","philippines"]],"members":["abra","sorsogon","leyte","lanao","masbate","commission_on_elections","ifugao","agusan","misamis","cagayan","cotabato","mindoro","department_of_the_interior_and_local_government","maguindanao","cebu","quezon","isabela","cordillera_central","zamboanga","surigao","siquijor","rizal","apayao","samar","laguna","quirino","batangas","manila","antique","romblon","kalinga","iloilo","aurora","la_union","national_capital_region"],"related":["Administrative_divisions_of_the_Philippines","Philippines","Cities_of_the_Philippines","Philippine_municipality","National_Capital_Region","Governor","Regions_of_the_Philippines","Cordillera_Administrative_Region","Autonomous_Region_in_Muslim_Mindanao","League_of_Provinces_of_the_Philippines","Supreme_Court_of_the_Philippines","Cavite","Cebu","Negros_Occidental","Pangasinan","Barangay","President_of_the_Philippines","Department_of_the_Interior_and_Local_Government_(Philippines)","House_of_Representatives_of_the_Philippines","House_of_Representatives_of_the_Philippines","Senate_of_the_Philippines","Zamboanga_City","Sangguniang_Panlalawigan","Sangguniang_Panlungsod","Sangguniang_Bayan","Philippine_peso","Sangguniang_Panlalawigan","Metro_Manila","List_of_primary_local_government_units_of_the_Philippines","Regions_of_the_Philippines","Abra_(province)","Bangued,_Abra","Cordillera_Administrative_Region","Agusan_del_Norte","Butuan","Cabadbaran","Butuan","Caraga","Agusan_del_Sur","Prosperidad,_Agusan_del_Sur","Caraga","Aklan","Kalibo,_Aklan","Western_Visayas","Albay","Legazpi,_Albay","Bicol_Region","Antique_(province)","San_Jose_de_Buenavista,_Antique","Western_Visayas","Apayao","Kabugao,_Apayao","Luna,_Apayao","Cordillera_Administrative_Region","Aurora_(province)","Baler,_Aurora","Central_Luzon","Basilan","Isabela,_Basilan","Isabela,_Basilan","Autonomous_Region_in_Muslim_Mindanao","Isabela_City","Zamboanga_Peninsula","Bataan","Balanga,_Bataan","Central_Luzon","Batanes","Basco,_Batanes","Cagayan_Valley","Batangas","Batangas_City","CALABARZON","Benguet","Baguio","La_Trinidad,_Benguet","Cordillera_Administrative_Region","Biliran","Naval,_Biliran","Eastern_Visayas","Bohol","Tagbilaran","Central_Visayas","Bukidnon","Malaybalay","Northern_Mindanao","Bulacan","Malolos","Central_Luzon","Cagayan","Tuguegarao","Cagayan_Valley","Camarines_Norte","Daet,_Camarines_Norte","Bicol_Region","Camarines_Sur","Naga_City","Pili,_Camarines_Sur","Bicol_Region","Camiguin","Mambajao,_Camiguin","Northern_Mindanao","Capiz","Roxas,_Capiz","Western_Visayas","Catanduanes","Virac,_Catanduanes","Bicol_Region","Cavite","Imus","Imus_City","Trece_Martires_City","CALABARZON","Cebu","Cebu_City","Lapu-Lapu_City","Mandaue","Cebu_City","Central_Visayas","Compostela_Valley","Nabunturan,_Compostela_Valley","Davao_Region","Cotabato","Kidapawan","SOCCSKSARGEN","Davao_del_Norte","Tagum","Davao_Region","Davao_del_Sur","Davao_City","Digos","Davao_Region","Davao_Oriental","Mati,_Davao_Oriental","Davao_Region","Dinagat_Islands","San_Jose,_Dinagat_Islands","Caraga","Eastern_Samar","Borongan","Eastern_Visayas","Guimaras","Jordan,_Guimaras","Western_Visayas","Ifugao","Lagawe,_Ifugao","Cordillera_Administrative_Region","Ilocos_Norte","Laoag","Ilocos_Region","Ilocos_Sur","Vigan","Ilocos_Region","Iloilo","Iloilo_City","Iloilo_City","Western_Visayas","Isabela_(province)","Santiago_City","Ilagan","Cagayan_Valley","Kalinga","Tabuk,_Philippines","Cordillera_Administrative_Region","La_Union","San_Fernando,_La_Union","Ilocos_Region","Laguna_(province)","Santa_Cruz,_Laguna","CALABARZON","Lanao_del_Norte","Iligan","Tubod,_Lanao_del_Norte","Northern_Mindanao","Lanao_del_Sur","Marawi","Autonomous_Region_in_Muslim_Mindanao","Leyte","Ormoc","Tacloban","Tacloban","Eastern_Visayas","Maguindanao","Cotabato_City","Shariff_Aguak,_Maguindanao","Autonomous_Region_in_Muslim_Mindanao","Marinduque","Boac,_Marinduque","MIMAROPA","Masbate","Masbate_City","Bicol_Region","Misamis_Occidental","Oroquieta","Northern_Mindanao","Misamis_Oriental","Cagayan_de_Oro","Cagayan_de_Oro","Northern_Mindanao","Mountain_Province","Bontoc,_Mountain_Province","Cordillera_Administrative_Region","Negros_Occidental","Bacolod","Bacolod","Western_Visayas","Negros_Oriental","Dumaguete","Central_Visayas","Northern_Samar","Catarman,_Northern_Samar","Eastern_Visayas","Nueva_Ecija","Palayan","Cabanatuan","Central_Luzon","Nueva_Vizcaya","Bayombong,_Nueva_Vizcaya","Cagayan_Valley","Occidental_Mindoro","Mamburao,_Occidental_Mindoro","MIMAROPA","Oriental_Mindoro","Calapan","MIMAROPA","Palawan","Puerto_Princesa","Puerto_Princesa","MIMAROPA","Pampanga","Angeles,_Philippines","San_Fernando,_Pampanga","Central_Luzon","Pangasinan","Dagupan","Lingayen,_Pangasinan","Ilocos_Region","Quezon","Lucena,_Philippines","Lucena,_Philippines","CALABARZON","Quirino","Cabarroguis,_Quirino","Cagayan_Valley","Rizal","Antipolo","Antipolo","Pasig","CALABARZON","Romblon","Romblon,_Romblon","MIMAROPA","Samar","Catbalogan","Eastern_Visayas","Sarangani","Alabel,_Sarangani","SOCCSKSARGEN","Siquijor","Siquijor,_Siquijor","Central_Visayas","Sorsogon","Sorsogon_City","Bicol_Region","South_Cotabato","General_Santos","Koronadal","SOCCSKSARGEN","Southern_Leyte","Maasin","Eastern_Visayas","Sultan_Kudarat","Isulan,_Sultan_Kudarat","SOCCSKSARGEN","Sulu","Jolo,_Sulu","Autonomous_Region_in_Muslim_Mindanao","Surigao_del_Norte","Surigao","Caraga","Surigao_del_Sur","Tandag","Caraga","Tarlac","Tarlac_City","Central_Luzon","Tawi-Tawi","Bongao,_Tawi-Tawi","Bongao","Panglima_Sugala","Bongao","Autonomous_Region_in_Muslim_Mindanao","Zambales","Olongapo","Iba,_Zambales","Central_Luzon","Zamboanga_del_Norte","Dipolog","Zamboanga_Peninsula","Zamboanga_del_Sur","Zamboanga_City","Pagadian","Zamboanga_Peninsula","Zamboanga_Sibugay","Ipil,_Zamboanga_Sibugay","Zamboanga_Peninsula","Metro_Manila","Manila","Metro_Manila","Metro_Manila","United_States","Spain","Baguio","Philippine_Commission","Balungao","Rosales,_Pangasinan","San_Quintin,_Pangasinan","Umingan","Nueva_Ecija","Malolos","Lucena_City","Manila_(province)","Manila","Lubang_Island","Cavite_City","San_Isidro,_Nueva_Ecija","Catanduanes","Albay","Batangas_(province)","Bohol","Cebu_(province)","Cordillera_Central_(Luzon)","Babuyan_Islands","Batanes","Cebu_(province)","Bohol","Mountain_Province","Abra_(province)","Cagayan_(province)","Mountain_Province","Aurora_(province)","Infanta,_Quezon","Polillo_Islands","Quezon_(province)","Mindoro_Island","Lubang_Island","Marinduque","Marinduque","Quezon_(province)","Marinduque","Cagayancillo","Balabac","Palawan_Island","Palawan","Cuyo,_Palawan","Puerto_Princesa","Kayapa","Benguet","Abra_(province)","Ilocos_Sur","Catanduanes","Albay","Palawan","Masbate_(province)","Sorsogon_(province)","Apayao_(province)","Kalinga_(province)","Cagayan_(province)","Lepanto-Bontoc","Romblon","Concepcion,_Romblon","Mindoro_(province)","Capiz","Marinduque","Quezon_(province)","Agusan_(province)","Bukidnon","Batanes","Cagayan","Siquijor_(province)","Negros_Oriental","Kalinga_(province)","Nueva_Vizcaya","Ifugao_(province)","Benguet","Baguio_City","Apayao_(province)","Cagayan_(province)","Cagayan_(province)","Moro_Province","Department_of_Mindanao_and_Sulu","Agusan_(province)","Bukidnon","Department_of_Mindanao_and_Sulu","Bukidnon","Abra_(province)","Ilocos_Sur","Romblon_(province)","Capiz","Ambos_Camarines","Mountain_Province","Ilocos_Sur","La_Union_(province)","Ilocos_Sur","Benguet","Marinduque","Quezon_(province)","Masbate_(province)","Sorsogon_(province)","Leyte","Misamis_(province)","Romblon_(province)","Albay","Quezon_(province)","Romblon_(province)","Mindoro_(province)","Aurora_(province)","Quezon_(province)","Zamboanga_(province)","Capiz","Camiguin","Misamis_Oriental","Biliran","Leyte_(province)","Lanao_(province)","Leyte_(province)","Surigao_(province)","Samar_(province)","Guimaras","Iloilo_(province)","Misamis_Oriental","Benguet","Mountain_Province","Quirino_(province)","Nueva_Vizcaya","Cotabato_(province)","Davao_Region","Agusan_(province)","Samar_(province)","Samal_City","Davao_del_Norte","Nueva_Vizcaya","Negros_Oriental","Lanao_del_Sur","Martial_Law_in_the_Philippines","Davao_del_Norte","Sulu_Province","Cotabato_(province)","Isabela_City","Metro_Manila","Manila","Caloocan","Pasay_City","Quezon_City","Rizal","Bulacan","Quezon","Cotabato_(province)","Negros_Occidental","Negros_del_Norte","Negros_Occidental","Leyte_(province)","Iloilo_(province)","South_Cotabato","Kalinga-Apayao","Davao_del_Norte","Zamboanga_del_Sur","Shariff_Kabunsuan_creation_plebiscite,_2006","Maguindanao_(province)","Surigao_del_Norte","Sema_v._COMELEC","Shariff_Kabunsuan","Maguindanao_(province)","Dinagat_Islands","Surigao_del_Norte","Dinagat_Islands","Leyte","Governor-General_of_the_Philippines","Island_Garden_City_of_Samal","Lanao_del_Sur","Bubong,_Lanao_del_Sur","Ditsaan-Ramain,_Lanao_del_Sur","Buadiposo-Buntong,_Lanao_del_Sur","Kapai,_Lanao_del_Sur","Lumba-Bayabao,_Lanao_del_Sur","Maguing,_Lanao_del_Sur","Marantao,_Lanao_del_Sur","Masiu,_Lanao_del_Sur","Mulondo,_Lanao_del_Sur","Saguiaran,_Lanao_del_Sur","Piagapo,_Lanao_del_Sur","Poona_Bayabao,_Lanao_del_Sur","Tamparan,_Lanao_del_Sur","Taraka,_Lanao_del_Sur","Wao,_Lanao_del_Sur","Bumbaran,_Lanao_del_Sur","Marawi_City","Malabang,_Lanao_del_Sur","Proclamation__1081","Martial_Law_in_the_Philippines","Constitution_of_the_Philippines","Fourth_Philippine_Republic","ZIP_codes_in_the_Philippines","Isabela_(province)","Ilagan,_Isabela","Santiago_City","Cauayan_City","Quezon","Lucena_City","Gumaca,_Quezon","Quezon_del_Sur_creation_plebiscite,_2008","Rizal_(province)","National_Capital_Region_(Philippines)","Mountain_Province","Department_of_Mindanao_and_Sulu","Camarines_Norte","Camarines_Sur","Naga_City","Misamis_Occidental","Misamis_Oriental","Cagayan_de_Oro_City","Occidental_Mindoro","Oriental_Mindoro","Calapan","Zamboanga_del_Norte","Zamboanga_del_Sur","Molave,_Zamboanga_del_Sur","Pagadian","Zamboanga_Sibugay","Lanao_del_Norte","Lanao_del_Sur","Marawi_City","Surigao_del_Norte","Surigao_del_Sur","Surigao_City","Dinagat_Islands","Davao_del_Norte","Davao_del_Sur","Davao_Oriental","Agusan_del_Norte","Agusan_del_Sur","Butuan_City","Negros_Occidental","Cadiz_City","Escalante_City","Sagay_City","San_Carlos_City,_Negros_Occidental","Silay_City","Victorias_City","Calatrava,_Negros_Occidental","Enrique_B._Magalona,_Negros_Occidental","Manapla,_Negros_Occidental","Salvador_Benedicto,_Negros_Occidental","Toboso,_Negros_Occidental","Supreme_Court_of_the_Philippines","Apayao_(province)","Kalinga_(province)","Tabuk,_Kalinga","Autonomous_Region_in_Muslim_Mindanao","ARMM_Regional_Legislative_Assembly","Cotabato_City","Datu_Odin_Sinsuat,_Maguindanao","Shariff_Kabunsuan_creation_plebiscite,_2006","Philippine_general_election,_2007","Commission_on_Elections_(Philippines)","Local_government_unit","Sema_v._COMELEC","Congress_of_the_Philippines","List_of_Philippine_provincial_name_etymologies","List_of_demonyms_for_Philippine_provinces"]}