{"cursor":"5327","size":15,"audio":[],"currentlang":"en","article":"{{Infobox French commune |name = Le Chambon-sur-Lignon |region = Auvergne\n|department = Haute-Loire |arrondissement = Yssingeaux |canton = Tence |mayor\n= Eliane Wauquiez |term = 2008–2014 |latitude = 45.0617 |longitude =\n4.3031 |elevation m = 1000 |elevation min m = 874 |elevation max m = 1139\n|area km2 = 41.71 |population = 2642 |population date = 1999 |INSEE = 43051\n|postal code = 43400 }}\n\n'Le Chambon-sur-Lignon' is a commune in the Haute-Loire department in south-\ncentral France.\n\nPrimarily a Huguenot town, it became a haven for Jews fleeing from the Nazis\nduring World War II. The town was one of two collectively being awarded the\nRighteous Among the Nations-award from Yad Vashem for saving Jews in nazi-\noccupied Europe, the other being the Dutch village of Nieuwlande.\n","linknr":551,"url":"Le_Chambon-sur-Lignon","recorded":1375083409,"links":["/w/index.php?title=Le_Chambon-sur-Lignon&action=edit","/w/index.php?title=Le_Chambon-sur-Lignon&action=edit","//bits.wikimedia.org/favicon/wikipedia.ico","/w/opensearch_desc.php","//en.wikipedia.org/w/api.php?action=rsd","//creativecommons.org/licenses/by-sa/3.0/","/w/index.php?title=Special:RecentChanges&feed=atom","//bits.wikimedia.org/en.wikipedia.org/load.php?debug=false&lang=en&modules=ext.gadget.DRN-wizard%2CReferenceTooltips%2Ccharinsert%2Cteahouse%7Cext.rtlcite%2Cwikihiero%7Cext.uls.nojs%7Cmediawiki.legacy.commonPrint%2Cshared%7Cmw.PopUpMediaTransform%7Cskins.vector&only=styles&skin=vector&*","//bits.wikimedia.org/en.wikipedia.org/load.php?debug=false&lang=en&modules=site&only=styles&skin=vector&*","//bits.wikimedia.org/en.wikipedia.org/load.php?debug=false&lang=en&modules=startup&only=scripts&skin=vector&*","//bits.wikimedia.org/geoiplookup","//meta.wikimedia.org","#mw-navigation","#p-search","/wiki/File:France_location_map-Regions_and_departements.svg","//upload.wikimedia.org/wikipedia/commons/thumb/3/3b/France_location_map-Regions_and_departements.svg/270px-France_location_map-Regions_and_departements.svg.png","//upload.wikimedia.org/wikipedia/en/thumb/0/0c/Red_pog.svg/6px-Red_pog.svg.png","/wiki/File:Auvergne-Loc.png","//upload.wikimedia.org/wikipedia/commons/6/68/Auvergne-Loc.png","//upload.wikimedia.org/wikipedia/en/thumb/0/0c/Red_pog.svg/6px-Red_pog.svg.png","/wiki/Regions_of_France","/wiki/Auvergne_(region)","/wiki/Departments_of_France","/wiki/Haute-Loire","/wiki/Arrondissements_of_France","/wiki/Arrondissement_of_Yssingeaux","/wiki/Cantons_of_France","/wiki/Demographics_of_France","/wiki/INSEE_code","http://recensement.insee.fr/searchResults.action?zoneSearchField=&codeZone=43051-COM","/wiki/Postal_codes_in_France","/wiki/Population_without_double_counting","/wiki/Geographic_coordinate_system","//tools.wmflabs.org/geohack/geohack.php?pagename=Le_Chambon-sur-Lignon&params=45.0617_N_4.3031_E_region:FR-43_type:city(2642)","/wiki/Communes_of_France","/wiki/Haute-Loire","/wiki/Departments_of_France","/wiki/France","/wiki/Huguenot","/wiki/Jew","/wiki/Nazis","/wiki/World_War_II","/wiki/Righteous_Among_the_Nations","/wiki/Yad_Vashem","/wiki/Nazi","/wiki/Nieuwlande","#World_War_II","#Miscellaneous","#Geography","#Twin_towns","#Notes","#References","#External_links","/w/index.php?title=Le_Chambon-sur-Lignon&action=edit&section=1","/wiki/Andr%C3%A9_Trocm%C3%A9","/wiki/Death_camp","/wiki/Gestapo","/wiki/Maidanek","/wiki/Concentration_camp","/wiki/Haverford_College","/wiki/Pennsylvania","http://www.chambon.org/weapons_en.htm","/wiki/Righteous_Among_the_Nations","/wiki/Yad_Vashem","/wiki/Holocaust","/wiki/Israel","/wiki/Jacques_Chirac","/wiki/Panth%C3%A9on,_Paris","#cite_note-1","/w/index.php?title=Le_Chambon-sur-Lignon&action=edit&section=2","/wiki/Le_Coll%C3%A8ge-Lyc%C3%A9e_C%C3%A9venol_International","/wiki/Andr%C3%A9_Trocm%C3%A9","/wiki/Alexander_Grothendieck","/w/index.php?title=Le_Chambon-sur-Lignon&action=edit&section=3","/wiki/Lignon_du_Velay","/w/index.php?title=Le_Chambon-sur-Lignon&action=edit&section=4","/wiki/Fislisbach","/wiki/Meitar","/wiki/Israel","/w/index.php?title=Le_Chambon-sur-Lignon&action=edit&section=5","#cite_ref-1","http://www.eurojewcong.org/ejc/news.php?id_article=794","/wiki/European_Jewish_Congress","/w/index.php?title=Le_Chambon-sur-Lignon&action=edit&section=6","/wiki/New_York","/wiki/International_Standard_Book_Number","/wiki/Special:BookSources/0-06-011701-X","http://www.chambon.org/weapons_en.htm","/wiki/USA","/wiki/PBS","/wiki/Carol_Matas","/wiki/New_York","/wiki/International_Standard_Book_Number","/wiki/Special:BookSources/0-689-81353-8","/w/index.php?title=Le_Chambon-sur-Lignon&action=edit&section=7","http://www.chambon.org/index.htm","http://www1.yadvashem.org/visiting/temp_visiting/temp_index_chambon.html","/wiki/Yad_Vashem","http://www.imdb.com/title/tt0100905/","/wiki/Internet_Movie_Database","http://www.lecevenol.org/index.php?id=26","http://www.ushmm.org/outreach/rescuchr.htm","http://www.hiddenonthemountain.com/","/wiki/Template:Haute-Loire_communes","/wiki/Template_talk:Haute-Loire_communes","//en.wikipedia.org/w/index.php?title=Template:Haute-Loire_communes&action=edit","/wiki/Communes_of_the_Haute-Loire_department","/wiki/Haute-Loire","/wiki/File:Flag_of_France.svg","//upload.wikimedia.org/wikipedia/en/thumb/c/c3/Flag_of_France.svg/17px-Flag_of_France.svg.png","/wiki/Agnat","/wiki/Aiguilhe","/wiki/All%C3%A8gre","/wiki/Alleyrac","/wiki/Alleyras","/wiki/Ally,_Haute-Loire","/wiki/Araules","/wiki/Arlempdes","/wiki/Arlet","/wiki/Arsac-en-Velay","/wiki/Aubazat","/wiki/Aurec-sur-Loire","/wiki/Autrac","/wiki/Auvers,_Haute-Loire","/wiki/Auzon","/wiki/Az%C3%A9rat","/wiki/Bains,_Haute-Loire","/wiki/Barges,_Haute-Loire","/wiki/Bas-en-Basset","/wiki/Beaulieu,_Haute-Loire","/wiki/Beaumont,_Haute-Loire","/wiki/Beaune-sur-Arzon","/wiki/Beaux","/wiki/Beauzac","/wiki/Bellevue-la-Montagne","/wiki/Berbezit","/wiki/Bessamorel","/wiki/La_Besseyre-Saint-Mary","/wiki/Blanzac,_Haute-Loire","/wiki/Blassac","/wiki/Blavozy","/wiki/Blesle","/wiki/Boisset,_Haute-Loire","/wiki/Bonneval,_Haute-Loire","/wiki/Borne,_Haute-Loire","/wiki/Le_Bouchet-Saint-Nicolas","/wiki/Bournoncle-Saint-Pierre","/wiki/Le_Brignon","/wiki/Brioude","/wiki/Brives-Charensac","/wiki/Cayres","/wiki/C%C3%A9aux-d%27All%C3%A8gre","/wiki/Cerzat","/wiki/Ceyssac","/wiki/Chadrac","/wiki/Chadron,_Haute-Loire","/wiki/La_Chaise-Dieu","/wiki/Chamali%C3%A8res-sur-Loire","/wiki/Chambezon","/wiki/Champagnac-le-Vieux","/wiki/Champclause","/wiki/Chanaleilles","/wiki/Chaniat","/wiki/Chanteuges","/wiki/La_Chapelle-Bertin","/wiki/La_Chapelle-d%27Aurec","/wiki/La_Chapelle-Geneste","/wiki/Charraix","/wiki/Chaspinhac","/wiki/Chaspuzac","/wiki/Chassagnes","/wiki/Chassignolles,_Haute-Loire","/wiki/Chastel,_Haute-Loire","/wiki/Chaudeyrolles","/wiki/Chavaniac-Lafayette","/wiki/Chazelles,_Haute-Loire","/wiki/Chenereilles,_Haute-Loire","/wiki/Chilhac","/wiki/Chomelix","/wiki/La_Chomette","/wiki/Cistri%C3%A8res","/wiki/Cohade","/wiki/Collat","/wiki/Connangles","/wiki/Costaros","/wiki/Coubon","/wiki/Couteuges","/wiki/Craponne-sur-Arzon","/wiki/Croisances","/wiki/Cronce","/wiki/Cubelles,_Haute-Loire","/wiki/Cussac-sur-Loire","/wiki/Desges","/wiki/Domeyrat","/wiki/Duni%C3%A8res","/wiki/Espalem","/wiki/Espaly-Saint-Marcel","/wiki/Esplantas","/wiki/Les_Estables","/wiki/Fay-sur-Lignon","/wiki/F%C3%A9lines,_Haute-Loire","/wiki/Ferrussac","/wiki/Fix-Saint-Geneys","/wiki/Fontannes","/wiki/Freycenet-la-Cuche","/wiki/Freycenet-la-Tour","/wiki/Fruger%C3%A8s-les-Mines","/wiki/Frugi%C3%A8res-le-Pin","/wiki/Goudet","/wiki/Grazac,_Haute-Loire","/wiki/Grenier-Montgon","/wiki/Gr%C3%A8zes,_Haute-Loire","/wiki/Javaugues","/wiki/Jax,_Haute-Loire","/wiki/Josat","/wiki/Jullianges","/wiki/Lafarre,_Haute-Loire","/wiki/Lamothe,_Haute-Loire","/wiki/Landos","/wiki/Langeac","/wiki/Lantriac","/wiki/Lapte","/wiki/Laussonne","/wiki/Laval-sur-Doulon","/wiki/Lavaudieu","/wiki/Lavo%C3%BBte-Chilhac","/wiki/Lavo%C3%BBte-sur-Loire","/wiki/Lempdes-sur-Allagnon","/wiki/L%C3%A9otoing","/wiki/Lissac,_Haute-Loire","/wiki/Lorlanges","/wiki/Loudes","/wiki/Lubilhac","/wiki/Malrevers","/wiki/Malvalette","/wiki/Malvi%C3%A8res","/wiki/Le_Mas-de-Tence","/wiki/Mazerat-Aurouze","/wiki/Mazet-Saint-Voy","/wiki/Mazeyrat-d%27Allier","/wiki/Merc%C5%93ur,_Haute-Loire","/wiki/M%C3%A9z%C3%A8res","/wiki/Le_Monastier-sur-Gazeille","/wiki/Monistrol-d%27Allier","/wiki/Monistrol-sur-Loire","/wiki/Monlet","/wiki/Montclard","/wiki/Le_Monteil,_Haute-Loire","/wiki/Montfaucon-en-Velay","/wiki/Montregard","/wiki/Montusclat","/wiki/Moudeyres","/wiki/Ouides","/wiki/Paulhac,_Haute-Loire","/wiki/Paulhaguet","/wiki/P%C3%A9brac","/wiki/Le_Pertuis","/wiki/Pinols","/wiki/Polignac,_Haute-Loire","/wiki/Pont-Salomon","/wiki/Pradelles,_Haute-Loire","/wiki/Prades,_Haute-Loire","/wiki/Pr%C3%A9sailles","/wiki/Le_Puy-en-Velay","/wiki/Queyri%C3%A8res","/wiki/Raucoules","/wiki/Rauret","/wiki/Retournac","/wiki/Riotord","/wiki/Roche-en-R%C3%A9gnier","/wiki/Rosi%C3%A8res,_Haute-Loire","/wiki/Saint-Andr%C3%A9-de-Chalencon","/wiki/Saint-Arcons-d%27Allier","/wiki/Saint-Arcons-de-Barges","/wiki/Saint-Austremoine","/wiki/Saint-Beauzire,_Haute-Loire","/wiki/Saint-B%C3%A9rain","/wiki/Saint-Bonnet-le-Froid","/wiki/Saint-Christophe-d%27Allier","/wiki/Saint-Christophe-sur-Dolaison","/wiki/Saint-Cirgues,_Haute-Loire","/wiki/Saint-Didier-d%27Allier","/wiki/Saint-Didier-en-Velay","/wiki/Saint-Didier-sur-Doulon","/wiki/Sainte-Eug%C3%A9nie-de-Villeneuve","/wiki/Sainte-Florine","/wiki/Sainte-Marguerite,_Haute-Loire","/wiki/Sainte-Sigol%C3%A8ne","/wiki/Saint-%C3%89tienne-du-Vigan","/wiki/Saint-%C3%89tienne-Lardeyrol","/wiki/Saint-%C3%89tienne-sur-Blesle","/wiki/Saint-Ferr%C3%A9ol-d%27Auroure","/wiki/Saint-Front,_Haute-Loire","/wiki/Saint-Geneys-pr%C3%A8s-Saint-Paulien","/wiki/Saint-Georges-d%27Aurac","/wiki/Saint-Georges-Lagricol","/wiki/Saint-Germain-Laprade","/wiki/Saint-G%C3%A9ron","/wiki/Saint-Haon","/wiki/Saint-Hilaire,_Haute-Loire","/wiki/Saint-Hostien","/wiki/Saint-Ilpize","/wiki/Saint-Jean-d%27Aubrigoux","/wiki/Saint-Jean-de-Nay","/wiki/Saint-Jean-Lachalm","/wiki/Saint-Jeures","/wiki/Saint-Julien-Chapteuil","/wiki/Saint-Julien-d%27Ance","/wiki/Saint-Julien-des-Chazes","/wiki/Saint-Julien-du-Pinet","/wiki/Saint-Julien-Molhesabate","/wiki/Saint-Just-Malmont","/wiki/Saint-Just-pr%C3%A8s-Brioude","/wiki/Saint-Laurent-Chabreuges","/wiki/Saint-Martin-de-Fug%C3%A8res","/wiki/Saint-Maurice-de-Lignon","/wiki/Saint-Pal-de-Chalencon","/wiki/Saint-Pal-de-Mons","/wiki/Saint-Pal-de-Senouire","/wiki/Saint-Paul-de-Tartas","/wiki/Saint-Paulien","/wiki/Saint-Pierre-du-Champ","/wiki/Saint-Pierre-Eynac","/wiki/Saint-Pr%C3%A9jet-Armandon","/wiki/Saint-Pr%C3%A9jet-d%27Allier","/wiki/Saint-Privat-d%27Allier","/wiki/Saint-Privat-du-Dragon","/wiki/Saint-Romain-Lachalm","/wiki/Saint-V%C3%A9n%C3%A9rand","/wiki/Saint-Vert","/wiki/Saint-Victor-Malescours","/wiki/Saint-Victor-sur-Arlanc","/wiki/Saint-Vidal","/wiki/Saint-Vincent,_Haute-Loire","/wiki/Salettes,_Haute-Loire","/wiki/Salzuit","/wiki/Sanssac-l%27%C3%89glise","/wiki/Saugues","/wiki/La_S%C3%A9auve-sur-Sem%C3%A8ne","/wiki/Sembadel","/wiki/S%C3%A9neujols","/wiki/Siaugues-Sainte-Marie","/wiki/Solignac-sous-Roche","/wiki/Solignac-sur-Loire","/wiki/Tailhac","/wiki/Tence","/wiki/Thoras","/wiki/Tiranges","/wiki/Torsiac","/wiki/Valprivas","/wiki/Vals-le-Chastel","/wiki/Vals-pr%C3%A8s-le-Puy","/wiki/Varennes-Saint-Honorat","/wiki/Les_Vastres","/wiki/Vazeilles-Limandre","/wiki/Vazeilles-pr%C3%A8s-Saugues","/wiki/Venteuges","/wiki/Vergezac","/wiki/Vergongheon","/wiki/Vernassal","/wiki/Le_Vernet,_Haute-Loire","/wiki/V%C3%A9z%C3%A9zoux","/wiki/Vieille-Brioude","/wiki/Vielprat","/wiki/Villeneuve-d%27Allier","/wiki/Les_Villettes","/wiki/Vissac-Auteyrac","/wiki/Vorey","/wiki/Yssingeaux","/wiki/Template:Holocaust_France","/wiki/Template_talk:Holocaust_France","//en.wikipedia.org/w/index.php?title=Template:Holocaust_France&action=edit","/wiki/The_Holocaust_in_France","/wiki/The_Holocaust","/wiki/The_Holocaust_in_Belarus","/wiki/The_Holocaust_in_Estonia","/wiki/The_Holocaust_in_Latvia","/wiki/The_Holocaust_in_Lithuania","/wiki/The_Holocaust_in_Norway","/wiki/The_Holocaust_in_Poland","/wiki/The_Holocaust_in_Russia","/wiki/The_Holocaust_in_Ukraine","/wiki/Vel%27_d%27Hiv_Roundup","/wiki/Drancy_internment_camp","/wiki/Andr%C3%A9e_Borrel","/wiki/Per_Jacobsen","/wiki/Vera_Leigh","/wiki/Tor_Njaa","/wiki/Sonya_Olschanezky","/wiki/Marcel_Pourchier","/wiki/Diana_Rowden","/wiki/Otto_Abetz","/wiki/Ernst_Achenbach","/w/index.php?title=Horst_Ahnert&action=edit&redlink=1","/wiki/Klaus_Barbie","/wiki/Werner_Best","/w/index.php?title=Kurt_Blanke&action=edit&redlink=1","/wiki/Karl_B%C3%B6melburg","/wiki/Alois_Brunner","/wiki/Theodor_Dannecker","/w/index.php?title=Hans-Dietrich_Ernst&action=edit&redlink=1","/w/index.php?title=Herbert_Hagen&action=edit&redlink=1","/w/index.php?title=Ernst_Heinrichsohn&action=edit&redlink=1","/wiki/Helmut_Knochen","/wiki/Kurt_Lischka","/wiki/Carl_Oberg","/w/index.php?title=Heinz_R%C3%B6thke&action=edit&redlink=1","/w/index.php?title=Carltheo_Zeitschel&action=edit&redlink=1","/wiki/Devisenschutzkommando","/wiki/Collaboration_with_the_Axis_Powers_during_World_War_II#France","/wiki/Ren%C3%A9_Bousquet","/wiki/Fran%C3%A7ois_Darlan","/wiki/Louis_Darquier_de_Pellepoix","/wiki/Pierre_Laval","/wiki/Maurice_Papon","/wiki/Philippe_P%C3%A9tain","/wiki/Paul_Touvier","/wiki/Andr%C3%A9_Tulard","/wiki/Xavier_Vallat","/wiki/Concentration_camps_in_France","/wiki/Drancy_internment_camp","/wiki/Gurs_internment_camp","/wiki/Camp_des_Milles","/wiki/Camp_de_Rivesaltes","/wiki/Fort_de_Romainville","/wiki/Camp_Vernet","/wiki/Natzweiler-Struthof","/wiki/List_of_subcamps_of_Natzweiler-Struthof","/wiki/Royallieu-Compi%C3%A8gne_internment_camp","/wiki/Pithiviers_internment_camp","/wiki/Beaune-la-Rolande_internment_camp","/wiki/Anthony_Faramus","/wiki/Antoinette_Feuerwerker","/wiki/David_Feuerwerker","/wiki/Alf_Grindrud","/wiki/Albert_Gu%C3%A9risse","/wiki/Asbj%C3%B8rn_Halvorsen","/wiki/Arne_Brun_Lie","/wiki/Kristian_Ottosen","/wiki/Boris_Pahor","/wiki/Haakon_S%C3%B8rbye","/wiki/Brian_Stonehouse","/wiki/Rose_Warfman","/wiki/Prince_Xavier_of_Bourbon-Parma","/wiki/Statute_on_Jews","/wiki/Timeline_of_deportations_of_French_Jews_to_death_camps","/wiki/Righteous_among_the_Nations","/wiki/Albert_Bedane","/wiki/Marc_Boegner","/wiki/Ch%C3%A2teau_de_Chabannes","/wiki/Jacques_Ellul","/wiki/Pierre-Marie_Gerlier","/wiki/Justin_Godart","/wiki/P%C3%A8re_Jacques","/wiki/P%C3%A8re_Marie-Beno%C3%AEt","/wiki/Ren%C3%A9_de_Naurois","/wiki/Paul_Ramadier","/wiki/Germaine_Ribi%C3%A8re","/wiki/Jules-G%C3%A9raud_Sali%C3%A8ge","/wiki/Pierre-Marie_Th%C3%A9as","/wiki/Andr%C3%A9_and_Magda_Trocm%C3%A9","/wiki/Sons_and_Daughters_of_Jewish_Deportees_from_France","/wiki/Camp_de_Rivesaltes","/wiki/List_of_Holocaust_memorials_and_museums","//en.wikipedia.org/w/index.php?title=Special:CentralAutoLogin/start&type=1x1&from=enwiki","http://en.wikipedia.org/w/index.php?title=Le_Chambon-sur-Lignon&oldid=554146286","/wiki/Help:Categories","/wiki/Category:Communes_of_Haute-Loire","/wiki/Category:The_Holocaust_in_France","/wiki/Category:French_Righteous_Among_the_Nations","/w/index.php?title=Special:UserLogin&returnto=Le+Chambon-sur-Lignon&type=signup","/w/index.php?title=Special:UserLogin&returnto=Le+Chambon-sur-Lignon","/wiki/Le_Chambon-sur-Lignon","/wiki/Talk:Le_Chambon-sur-Lignon","#","/wiki/Le_Chambon-sur-Lignon","/w/index.php?title=Le_Chambon-sur-Lignon&action=edit","/w/index.php?title=Le_Chambon-sur-Lignon&action=history","#","/w/index.php","//bits.wikimedia.org/static-1.22wmf11/skins/vector/images/search-ltr.png?303-4","/wiki/Main_Page","/wiki/Main_Page","/wiki/Portal:Contents","/wiki/Portal:Featured_content","/wiki/Portal:Current_events","/wiki/Special:Random","//donate.wikimedia.org/wiki/Special:FundraiserRedirector?utm_source=donate&utm_medium=sidebar&utm_campaign=C13_en.wikipedia.org&uselang=en","/wiki/Help:Contents","/wiki/Wikipedia:About","/wiki/Wikipedia:Community_portal","/wiki/Special:RecentChanges","//en.wikipedia.org/wiki/Wikipedia:Contact_us","/wiki/Special:WhatLinksHere/Le_Chambon-sur-Lignon","/wiki/Special:RecentChangesLinked/Le_Chambon-sur-Lignon","/wiki/Wikipedia:File_Upload_Wizard","/wiki/Special:SpecialPages","/w/index.php?title=Le_Chambon-sur-Lignon&oldid=554146286","/w/index.php?title=Le_Chambon-sur-Lignon&action=info","//www.wikidata.org/wiki/Q155549","/w/index.php?title=Special:Cite&page=Le_Chambon-sur-Lignon&id=554146286","/w/index.php?title=Special:Book&bookcmd=book_creator&referer=Le+Chambon-sur-Lignon","/w/index.php?title=Special:Book&bookcmd=render_article&arttitle=Le+Chambon-sur-Lignon&oldid=554146286&writer=rl","/w/index.php?title=Le_Chambon-sur-Lignon&printable=yes","//ca.wikipedia.org/wiki/Le_Chambon-sur-Lignon","//ceb.wikipedia.org/wiki/Le_Chambon-sur-Lignon","//cs.wikipedia.org/wiki/Le_Chambon-sur-Lignon","//de.wikipedia.org/wiki/Le_Chambon-sur-Lignon","//es.wikipedia.org/wiki/Le_Chambon-sur-Lignon","//eo.wikipedia.org/wiki/Le_Chambon-sur-Lignon","//eu.wikipedia.org/wiki/Le_Chambon-sur-Lignon","//fr.wikipedia.org/wiki/Le_Chambon-sur-Lignon","//id.wikipedia.org/wiki/Le_Chambon-sur-Lignon","//it.wikipedia.org/wiki/Le_Chambon-sur-Lignon","//he.wikipedia.org/wiki/%D7%9C%D7%94_%D7%A9%D7%9E%D7%91%D7%95%D7%9F-%D7%A1%D7%95%D7%A8-%D7%9C%D7%99%D7%A0%D7%99%D7%95%D7%9F","//kk.wikipedia.org/wiki/%D0%9B%D0%B5-%D0%A8%D0%B0%D0%BC%D0%B1%D0%BE%D0%BD-%D1%81%D1%8E%D1%80-%D0%9B%D0%B8%D0%BD%D1%8C%D0%BE%D0%BD","//mg.wikipedia.org/wiki/Le_Chambon-sur-Lignon","//ms.wikipedia.org/wiki/Le_Chambon-sur-Lignon","//nl.wikipedia.org/wiki/Le_Chambon-sur-Lignon","//oc.wikipedia.org/wiki/Le_Chambon-sur-Lignon","//uz.wikipedia.org/wiki/Le_Chambon-sur-Lignon","//pms.wikipedia.org/wiki/Le_Chambon-sur-Lignon","//pl.wikipedia.org/wiki/Le_Chambon-sur-Lignon","//pt.wikipedia.org/wiki/Le_Chambon-sur-Lignon","//ro.wikipedia.org/wiki/Le_Chambon-sur-Lignon","//ru.wikipedia.org/wiki/%D0%A8%D0%B0%D0%BC%D0%B1%D0%BE%D0%BD-%D1%81%D1%8E%D1%80-%D0%9B%D0%B8%D0%BD%D1%8C%D0%BE%D0%BD","//sk.wikipedia.org/wiki/Le_Chambon-sur-Lignon","//sr.wikipedia.org/wiki/%D0%A8%D0%B0%D0%BC%D0%B1%D0%BE%D0%BD_%D1%81%D0%B8%D1%80_%D0%9B%D0%B8%D1%9A%D0%BE%D0%BD","//sv.wikipedia.org/wiki/Le_Chambon-sur-Lignon","//bug.wikipedia.org/wiki/Le_Chambon-sur-Lignon","//uk.wikipedia.org/wiki/%D0%9B%D0%B5-%D0%A8%D0%B0%D0%BC%D0%B1%D0%BE%D0%BD-%D1%81%D1%8E%D1%80-%D0%9B%D1%96%D0%BD%D1%8C%D0%BE%D0%BD","//vi.wikipedia.org/wiki/Le_Chambon-sur-Lignon","//vo.wikipedia.org/wiki/Le_Chambon-sur-Lignon","//war.wikipedia.org/wiki/Le_Chambon-sur-Lignon","//zh.wikipedia.org/wiki/%E5%88%A9%E5%B0%BC%E7%BF%81%E6%B2%B3%E7%95%94%E5%8B%92%E5%B0%9A%E9%82%A6","#","//www.wikidata.org/wiki/Q155549#sitelinks-wikipedia","//en.wikipedia.org/wiki/Wikipedia:Text_of_Creative_Commons_Attribution-ShareAlike_3.0_Unported_License","//creativecommons.org/licenses/by-sa/3.0/","//wikimediafoundation.org/wiki/Terms_of_Use","//wikimediafoundation.org/wiki/Privacy_policy","//www.wikimediafoundation.org/","//wikimediafoundation.org/wiki/Privacy_policy","/wiki/Wikipedia:About","/wiki/Wikipedia:General_disclaimer","//en.wikipedia.org/wiki/Wikipedia:Contact_us","//en.m.wikipedia.org/wiki/Le_Chambon-sur-Lignon","//wikimediafoundation.org/","//bits.wikimedia.org/images/wikimedia-button.png","//www.mediawiki.org/","//bits.wikimedia.org/static-1.22wmf11/skins/common/images/poweredby_mediawiki_88x31.png","//bits.wikimedia.org/en.wikipedia.org/load.php?debug=false&lang=en&modules=site&only=scripts&skin=vector&*"],"instances":[],"pdf":[],"categories":["Communes of Haute-Loire","The Holocaust in France","French Righteous Among the Nations"],"headings":["World War II","Miscellaneous","Geography","Twin towns","Notes","References","External links"],"image":["//upload.wikimedia.org/wikipedia/commons/thumb/3/3b/France_location_map-Regions_and_departements.svg/270px-France_location_map-Regions_and_departements.svg.png","//upload.wikimedia.org/wikipedia/en/thumb/0/0c/Red_pog.svg/6px-Red_pog.svg.png","//upload.wikimedia.org/wikipedia/commons/6/68/Auvergne-Loc.png","//upload.wikimedia.org/wikipedia/en/thumb/0/0c/Red_pog.svg/6px-Red_pog.svg.png","//upload.wikimedia.org/wikipedia/en/thumb/c/c3/Flag_of_France.svg/17px-Flag_of_France.svg.png","//en.wikipedia.org/w/index.php?title=Special:CentralAutoLogin/start&type=1x1&from=enwiki","//bits.wikimedia.org/static-1.22wmf11/skins/vector/images/search-ltr.png?303-4","//bits.wikimedia.org/images/wikimedia-button.png","//bits.wikimedia.org/static-1.22wmf11/skins/common/images/poweredby_mediawiki_88x31.png"],"tags":[],"members":[],"related":["Communes_of_France","Haute-Loire","Departments_of_France","France","Huguenot","Jew","Nazis","World_War_II","Righteous_Among_the_Nations","Yad_Vashem","Nazi","Nieuwlande","André_Trocmé","Death_camp","Gestapo","Maidanek","Concentration_camp","Haverford_College","Pennsylvania","Righteous_Among_the_Nations","Yad_Vashem","Holocaust","Israel","Jacques_Chirac","Panthéon,_Paris","European_Jewish_Congress","Le_Collège-Lycée_Cévenol_International","André_Trocmé","Alexander_Grothendieck","Lignon_du_Velay","Fislisbach","Meitar","Israel","USA","PBS","Yad_Vashem"]}