{"cursor":"61654","size":15,"audio":[],"currentlang":"en","article":"\n\n","linknr":1530,"url":"List_of_nursing_schools_in_the_United_States","recorded":1371245007,"links":["/w/index.php?title=List_of_nursing_schools_in_the_United_States&action=edit","/w/index.php?title=List_of_nursing_schools_in_the_United_States&action=edit","//bits.wikimedia.org/favicon/wikipedia.ico","/w/opensearch_desc.php","//en.wikipedia.org/w/api.php?action=rsd","//creativecommons.org/licenses/by-sa/3.0/","/w/index.php?title=Special:RecentChanges&feed=atom","//bits.wikimedia.org/en.wikipedia.org/load.php?debug=false&lang=en&modules=ext.gadget.DRN-wizard%2CReferenceTooltips%2Ccharinsert%2Cteahouse%7Cext.rtlcite%2Cwikihiero%7Cmediawiki.legacy.commonPrint%2Cshared%7Cmw.PopUpMediaTransform%7Cskins.vector&only=styles&skin=vector&*","//bits.wikimedia.org/en.wikipedia.org/load.php?debug=false&lang=en&modules=site&only=styles&skin=vector&*","//bits.wikimedia.org/en.wikipedia.org/load.php?debug=false&lang=en&modules=startup&only=scripts&skin=vector&*","//bits.wikimedia.org/geoiplookup","//meta.wikimedia.org","#mw-navigation","#p-search","//upload.wikimedia.org/wikipedia/en/thumb/f/f2/Edit-clear.svg/40px-Edit-clear.svg.png","/wiki/Wikipedia:External_links","//en.wikipedia.org/w/index.php?title=List_of_nursing_schools_in_the_United_States&action=edit","/wiki/Wikipedia:What_Wikipedia_is_not#Wikipedia_is_not_a_mirror_or_a_repository_of_links.2C_images.2C_or_media_files","/wiki/Wikipedia:External_links","/wiki/Wikipedia:Citing_sources","/wiki/File:Nursing_symbol.svg","//upload.wikimedia.org/wikipedia/commons/thumb/f/f2/Nursing_symbol.svg/32px-Nursing_symbol.svg.png","/wiki/Portal:Nursing","#Alabama","#Alaska","#Arizona","#Arkansas","#California","#Colorado","#Connecticut","#Delaware","#Florida","#Georgia","#Hawaii","#Idaho","#Illinois","#Indiana","#Iowa","#Kansas","#Kentucky","#Louisiana","#Maine","#Maryland","#Massachusetts","#Michigan","#Minnesota","#Mississippi","#Missouri","#Montana","#Nebraska","#Nevada","#New_Hampshire","#New_Jersey","#New_Mexico","#New_York","#Current","#Defunct","#North_Carolina","#North_Dakota","#Ohio","#Oklahoma","#Oregon","#Pennsylvania","#Rhode_Island","#South_Carolina","#South_Dakota","#Tennessee","#Texas","#Utah","#Current_2","#Defunct_2","#Vermont","#Virginia","#Washington","#West_Virginia","#Wisconsin","#Wyoming","#District_of_Columbia","#Guam","#Puerto_Rico","#U.S._Virgin_Islands","#References","/w/index.php?title=List_of_nursing_schools_in_the_United_States&action=edit&section=1","/wiki/Alabama_Southern_Community_College","/wiki/Monroeville,_Alabama","/wiki/Auburn_University","/wiki/Auburn,_Alabama","/wiki/Auburn_Montgomery","/wiki/Montgomery,_Alabama","/wiki/Bevill_State_Community_College","/wiki/Jasper,_Alabama","/wiki/Bishop_State_Community_College","/wiki/Mobile,_Alabama","/wiki/Calhoun_Community_College","/wiki/Decatur,_Alabama","/wiki/Central_Alabama_Community_College","/wiki/Childersburg,_Alabama","/wiki/Chattahoochee_Valley_Community_College","/wiki/Phenix_City,_Alabama","/wiki/Faulkner_State_Community_College","/wiki/Bay_Minette,_Alabama","/wiki/Fortis_College","/wiki/Montgomery,_Alabama","/wiki/Gadsden_State_Community_College","/wiki/Gadsden,_Alabama","/wiki/Herzing_University","/wiki/Birmingham,_Alabama","/wiki/ITT_Technical_Institute","/wiki/Birmingham,_Alabama","/wiki/Madison,_Alabama","/wiki/Mobile,_Alabama","/wiki/Jacksonville_State_University","/wiki/Jacksonville,_Alabama","/wiki/Jefferson_Davis_Community_College","/wiki/Brewton,_Alabama","/wiki/Jefferson_State_Community_College","/wiki/Birmingham,_Alabama","/wiki/Judson_College_(Alabama)","/wiki/Marion,_Alabama","/wiki/Lawson_State_Community_College","/wiki/Birmingham,_Alabama","/wiki/Lurleen_B._Wallace_Community_College","/wiki/Opp,_Alabama","/wiki/Northeast_Alabama_Community_College","/wiki/Rainsville,_Alabama","/wiki/Northwest_Shoals_Community_College","/wiki/Campbell,_Alabama","/wiki/Oakwood_University","/wiki/Huntsville,_Alabama","/wiki/Samford_University","/wiki/Birmingham,_Alabama","/wiki/Shelton_State_Community_College","/wiki/Tuscaloosa,_Alabama","/wiki/Snead_State_Community_College","/wiki/Boaz,_Alabama","/wiki/South_University","/wiki/Montgomery,_Alabama","/wiki/Southern_Union_State_Community_College","/wiki/Opelika,_Alabama","/wiki/Spring_Hill_College","/wiki/Mobile,_Alabama","/wiki/Troy_University","/wiki/Troy,_Alabama","/wiki/Montgomery,_Alabama","/wiki/Tuskegee_University","/wiki/Tuskegee,_Alabama","/wiki/University_of_Alabama","/wiki/Tuscaloosa,_Alabama","/wiki/University_of_Alabama_at_Birmingham","/wiki/Birmingham,_Alabama","/wiki/University_of_Alabama_at_Huntsville","/wiki/Huntsville,_Alabama","/wiki/University_of_Mobile","/wiki/Mobile,_Alabama","/wiki/University_of_North_Alabama","/wiki/Florence,_Alabama","/wiki/University_of_South_Alabama","/wiki/Mobile,_Alabama","/wiki/University_of_West_Alabama","/wiki/Livingston,_Alabama","/wiki/Virginia_College","/wiki/Birmingham,_Alabama","/wiki/Montgomery,_Alabama","/wiki/Mobile,_Alabama","/wiki/Wallace_Community_College","/wiki/Dothan,_Alabama","/wiki/Wallace_State_Community_College","/wiki/Hanceville,_Alabama","/wiki/Wallace_Community_College_Selma","/wiki/Selma,_Alabama","http://www.abn.state.al.us/Content.aspx?id=198","/w/index.php?title=List_of_nursing_schools_in_the_United_States&action=edit&section=2","/wiki/University_of_Alaska_Anchorage","/wiki/Anchorage,_Alaska","/w/index.php?title=List_of_nursing_schools_in_the_United_States&action=edit&section=3","/wiki/Arizona_State_University","/wiki/Phoenix,_Arizona","/wiki/Arizona_Western_College","/wiki/Yuma,_Arizona","/wiki/Brookline_College","/wiki/Phoenix,_Arizona","/wiki/Brown_Mackie_College","/wiki/Phoenix,_Arizona","/wiki/Carrington_College_(US)","/wiki/Phoenix,_Arizona","/wiki/Central_Arizona_College","/wiki/Coolidge,_Arizona","/wiki/Chamberlain_College_of_Nursing","/wiki/Phoenix,_Arizona","/wiki/Chandler-Gilbert_Community_College","/wiki/Chandler,_Arizona","/wiki/Cochise_Community_College","/wiki/Sierra_Vista,_Arizona","/wiki/Coconino_Community_College","/wiki/Flagstaff,_Arizona","/wiki/Eastern_Arizona_College","/wiki/Thatcher,_Arizona","/wiki/Estrella_Mountain_Community_College","/wiki/Avondale,_Arizona","/wiki/Everest_College","/wiki/Phoenix,_Arizona","/wiki/GateWay_Community_College","/wiki/Phoenix,_Arizona","/wiki/Glendale_Community_College_(Arizona)","/wiki/Glendale,_Arizona","/wiki/Grand_Canyon_University","/wiki/Phoenix,_Arizona","/wiki/ITT_Technical_Institute","/wiki/Phoenix,_Arizona","/wiki/Mesa_Community_College","/wiki/Mesa,_Arizona","/wiki/Mohave_Community_College","/wiki/Lake_Havasu_City,_Arizona","/wiki/Northern_Arizona_University","/wiki/Flagstaff,_Arizona","/wiki/Northland_Pioneer_College","/wiki/Holbrook,_Arizona","/wiki/Paradise_Valley_Community_College","/wiki/Phoenix,_Arizona","/wiki/Phoenix_College","/wiki/Phoenix,_Arizona","/wiki/Pima_Community_College","/wiki/Tucson,_Arizona","/wiki/Pima_Medical_Institute","/wiki/Mesa,_Arizona","/wiki/Tucson,_Arizona","/wiki/Scottsdale_Community_College","/wiki/Scottsdale,_Arizona","/wiki/University_of_Arizona","/wiki/Tucson,_Arizona","/wiki/University_of_Phoenix","/wiki/Phoenix,_Arizona","/wiki/Yavapai_College","/wiki/Prescott,_Arizona","http://www.azbn.gov/Documents/education/Nursing%20Programs/Nursing%20Programs%20List.11.13.12.pdf","/w/index.php?title=List_of_nursing_schools_in_the_United_States&action=edit&section=4","/wiki/Arkansas_State_University","/wiki/Jonesboro,_Arkansas","/wiki/Baptist_Health","/wiki/Little_Rock,_Arkansas","/w/index.php?title=Jefferson_Regional_Medical_Center&action=edit&redlink=1","/wiki/Pine_Bluff,_Arkansas","/w/index.php?title=Southeast_Arkansas_Community_College&action=edit&redlink=1","/wiki/University_of_Arkansas_at_Pine_Bluff","/wiki/University_of_Arkansas_for_Medical_Sciences","/w/index.php?title=List_of_nursing_schools_in_the_United_States&action=edit&section=5","/wiki/Azusa_Pacific_University","/wiki/Azusa,_California","/wiki/California_State_University,_Bakersfield","/wiki/Bakersfield,_California","/wiki/California_State_University,_Chico","/wiki/California_State_University,_Dominguez_Hills","/wiki/Carson,_California","/wiki/California_State_University,_East_Bay","/wiki/California_State_University,_Fresno","/wiki/California_State_University,_Fullerton","/wiki/Fullerton,_California","/wiki/California_State_University,_Long_Beach","/wiki/Long_Beach,_California","/wiki/California_State_University,_Los_Angeles","/wiki/Los_Angeles","/wiki/California_State_University,_Northridge","/wiki/California_State_University,_Sacramento","/wiki/California_State_University,_San_Bernardino","/wiki/San_Bernardino,_California","/wiki/California_State_University,_Stanislaus","/wiki/Chaffey_College","/wiki/Rancho_Cucamonga,_California","/wiki/Humboldt_State_University","/wiki/Arcata,_California","/wiki/Loma_Linda_University","/wiki/Loma_Linda,_California","/wiki/Mount_St._Mary%27s_College","/wiki/Los_Angeles","/wiki/Mount_San_Antonio_College","/wiki/Walnut,_California","/wiki/Samuel_Merritt_University","/wiki/Oakland,_California","/wiki/San_Bernardino_Valley_College","/wiki/San_Bernardino,_California","/wiki/San_Diego_State_University_College_of_Health_%26_Human_Services","/wiki/San_Diego","/wiki/San_Francisco_State_University","/wiki/San_Jos%C3%A9_State_University","/wiki/Sonoma_State_University","/wiki/Rohnert_Park,_California","/wiki/University_of_California,_Irvine","/wiki/UCLA_School_of_Nursing","/wiki/Los_Angeles","/wiki/University_of_San_Francisco","/wiki/Victor_Valley_College","/w/index.php?title=Dr._Prem_Reddy_School_of_Health_Sciences&action=edit&redlink=1","/wiki/Victorville,_California","/wiki/West_Hills_College","/wiki/Lemoore,_California","/wiki/Western_University_of_Health_Sciences","/wiki/Pomona,_California","/w/index.php?title=List_of_nursing_schools_in_the_United_States&action=edit&section=6","/wiki/Beth-El_College_of_Nursing_%26_Health_Sciences","/wiki/Colorado_Springs,_Colorado","/wiki/Colorado_State_University-Pueblo","/w/index.php?title=Denver_School_of_Nursing&action=edit&redlink=1","/wiki/Regis_University","/wiki/Denver","/wiki/University_of_Colorado_Denver","/wiki/Aurora,_Colorado","/wiki/University_of_Northern_Colorado","/wiki/Greeley,_Colorado","/w/index.php?title=List_of_nursing_schools_in_the_United_States&action=edit&section=7","/wiki/Bridgeport,_Connecticut","/wiki/Central_Connecticut_State_University","/wiki/New_Britain,_Connecticut","/wiki/Fairfield_University_School_of_Nursing","/wiki/Fairfield,_Connecticut","/wiki/Quinnipiac_University","/wiki/Hamden,_Connecticut","/wiki/Sacred_Heart_University","/wiki/Fairfield,_Connecticut","/wiki/Saint_Joseph_College_(Connecticut)","/wiki/West_Hartford,_Connecticut","/wiki/Southern_Connecticut_State_University","/wiki/New_Haven,_Connecticut","/wiki/University_of_Connecticut","/wiki/Storrs,_Connecticut","/wiki/Western_Connecticut_State_University","/wiki/Danbury,_Connecticut","/wiki/Yale_School_of_Nursing","/wiki/New_Haven,_Connecticut","/w/index.php?title=List_of_nursing_schools_in_the_United_States&action=edit&section=8","/wiki/Delaware_State_University","/wiki/Dover,_Delaware","/w/index.php?title=Beebe_School_of_Nursing&action=edit&redlink=1","/wiki/Lewes,_Delaware","/wiki/University_of_Delaware","/wiki/Newark,_Delaware","/wiki/Delaware_Technical_Community_College","/wiki/Georgetown,_Delaware","/wiki/Dover,_Delaware","/wiki/Stanton,_Delaware","/w/index.php?title=List_of_nursing_schools_in_the_United_States&action=edit&section=9","/wiki/Barry_University","/wiki/Miami_Shores,_Florida","/wiki/Florida_Atlantic_University","/wiki/Boca_Raton,_Florida","/w/index.php?title=Florida_Educational_Institute&action=edit&redlink=1","/wiki/Florida_International_University","/wiki/University_Park,_Florida","/wiki/Hillsborough_Community_College","/wiki/Hillsborough_County,_Florida","/w/index.php?title=Jacksonville_University_School_of_Nursing&action=edit&redlink=1","/wiki/Jacksonville,_Florida","/w/index.php?title=Keiser_College&action=edit&redlink=1","/wiki/Nova_Southeastern_University","/wiki/Davie,_Florida","/wiki/Polk_State_College","/wiki/Winter_Haven,_Florida","/wiki/Rasmussen_College","/wiki/Fort_Meyers,_Florida","/wiki/St._Johns_River_State_College","/wiki/St._Petersburg_College","/wiki/St._Petersburg,_Florida","/wiki/South_University","/wiki/Tampa,_Florida","/wiki/West_Palm_Beach,_Florida","/wiki/University_of_Central_Florida","/wiki/Orlando,_Florida","/wiki/University_of_Florida_College_of_Nursing","/wiki/Gainesville,_Florida","/wiki/University_of_Miami","/wiki/Coral_Gables,_Florida","/wiki/University_of_South_Florida","/wiki/Tampa,_Florida","/wiki/University_of_Tampa","/w/index.php?title=List_of_nursing_schools_in_the_United_States&action=edit&section=10","/wiki/Abraham_Baldwin_Agricultural_College","/wiki/Tifton,_Georgia","/wiki/Albany_State_University","/wiki/Albany,_Georgia","/wiki/Armstrong_Atlantic_State_University","/wiki/Savannah,_Georgia","/wiki/Athens_Technical_College","/wiki/Athens,_Georgia","/wiki/Augusta_State_University","/wiki/Augusta,_Georgia","/wiki/Brenau_University","/wiki/Gainesville,_Georgia","/wiki/Clayton_State_University","/wiki/Morrow,_Georgia","/wiki/Coastal_Georgia_Community_College","/wiki/Brunswick,_Georgia","/wiki/Columbus_State_University","/wiki/Columbus,_Georgia","/wiki/Columbus_Technical_College","/wiki/Columbus,_Georgia","/wiki/Dalton_State_College","/wiki/Dalton,_Georgia","/wiki/Darton_State_College","/wiki/Albany,_Georgia","/wiki/Emory_University","/wiki/Atlanta","/wiki/Floyd_College","/wiki/Rome,_Georgia","/wiki/Mercer_University","/wiki/Atlanta","/wiki/Georgia_College_and_State_University","/wiki/Milledgeville,_Georgia","/wiki/Georgia_Perimeter_College","/wiki/Clarkston,_Georgia","/wiki/Georgia_Southern_University","/wiki/Statesboro,_Georgia","/wiki/Georgia_Southwestern_State_University","/wiki/Americus,_Georgia","/wiki/Georgia_State_University","/wiki/Atlanta","/wiki/Gordon_College_(Georgia)","/wiki/Barnesville,_Georgia","/wiki/Kennesaw_State_University","/wiki/Kennesaw,_Georgia","/wiki/LaGrange_College","/wiki/LaGrange,_Georgia","/wiki/Macon_State_College","/wiki/Macon,_Georgia","/wiki/Medical_College_of_Georgia","/wiki/Augusta,_Georgia","/wiki/Middle_Georgia_College","/wiki/Cochran,_Georgia","/wiki/North_Georgia_College_and_State_University","/wiki/Dahlonega,_Georgia","/wiki/Northwestern_Technical_College","/wiki/Rock_Spring,_Georgia","/wiki/Piedmont_College","/wiki/Demorest,_Georgia","/wiki/South_Georgia_College","/wiki/Douglas,_Georgia","/wiki/Southwest_Georgia_Technical_College","/wiki/Thomasville,_Georgia","/wiki/Thomas_University","/wiki/Thomasville,_Georgia","/wiki/University_of_West_Georgia","/wiki/Carrollton,_Georgia","/wiki/Valdosta_State_University","/wiki/Valdosta,_Georgia","/wiki/West_Central_Technical_College","/wiki/Waco,_Georgia","/w/index.php?title=List_of_nursing_schools_in_the_United_States&action=edit&section=11","/wiki/Hawaii_Community_College","/wiki/Hilo,_Hawai%27i","/wiki/Hawaii_Pacific_University","/wiki/Honolulu,_Hawai%27i","/wiki/Kapiolani_Community_College","/wiki/Honolulu,_Hawai%27i","/wiki/Kauai_Community_College","/wiki/L%C4%ABhu%27e,_Hawai%27i","/wiki/Maui_Community_College","/wiki/Kahului,_Hawai%27i","/w/index.php?title=List_of_nursing_schools_in_the_United_States&action=edit&section=12","/wiki/Boise_State_University","/wiki/Boise,_Idaho","/wiki/Brigham_Young_University%E2%80%93Idaho","/wiki/Rexburg,_Idaho","/wiki/Idaho_State_University","/wiki/Pocatello,_Idaho","/wiki/Lewis%E2%80%93Clark_State_College","/wiki/Lewiston,_Idaho","/w/index.php?title=List_of_nursing_schools_in_the_United_States&action=edit&section=13","/w/index.php?title=ATS_Institute_of_Technology&action=edit&redlink=1","/wiki/Chicago,_Illinois","/w/index.php?title=Aurora_University_Online&action=edit&redlink=1","/wiki/Aurora,_Illinois","/w/index.php?title=Capitol_Area_School_of_Nursing&action=edit&redlink=1","/wiki/Springfield,_Illinois","/wiki/DePaul_University","/wiki/Chicago","/w/index.php?title=Graham_Hospital_School_of_Nursing&action=edit&redlink=1","/wiki/Canton,_Illinois","/w/index.php?title=Harry_S._Truman_Community_College&action=edit&redlink=1","/wiki/Heartland_Community_College","/wiki/Bloomington,_Illinois","/w/index.php?title=Lewis_University_Online&action=edit&redlink=1","/wiki/Romeoville,_Illinois","/wiki/Loyola_University_Chicago","/wiki/Illinois_State_University","/wiki/Normal,_Illinois","/wiki/Millikin_University","/wiki/Decatur,_Illinois","/wiki/North_Park_University","/wiki/Chicago","/w/index.php?title=Northbrook_College_of_Health_Care&action=edit&redlink=1","/wiki/Wheeling,_Illinois","/wiki/Northern_Illinois_University","/wiki/DeKalb,_Illinois","/w/index.php?title=Omega_Health_Care_Technical_School&action=edit&redlink=1","/wiki/Evanston,_Illinois","/w/index.php?title=PCCTI&action=edit&redlink=1","/wiki/Prairie_State_College","/wiki/Chicago_Heights,_Illinois","/wiki/Richland_Community_College","/wiki/Decatur,_Illinois","/wiki/Saint_Anthony_College_of_Nursing","/wiki/Rockford,_Illinois","/wiki/Saint_Xavier_University","/wiki/Chicago","/w/index.php?title=South_Suburban_Community_College&action=edit&redlink=1","/wiki/South_Holland,_Illinois","/wiki/University_of_Illinois_at_Chicago","/w/index.php?title=List_of_nursing_schools_in_the_United_States&action=edit&section=14","/wiki/Ball_State_University","/wiki/Muncie,_Indiana","/wiki/Goshen_College","/wiki/Goshen,_Indiana","/wiki/Indiana_State_University","/wiki/Terre_Haute,_Indiana","/wiki/Indiana_University","/wiki/Bloomington,_Indiana","/wiki/Indianapolis","/wiki/Kokomo,_Indiana","/wiki/Marian_University_(Indiana)","/wiki/Purdue_University","/wiki/West_Lafayette,_Indiana","/wiki/Saint_Mary%27s_College_(Indiana)","/wiki/Notre_Dame,_Indiana","/wiki/University_of_Indianapolis","/wiki/Indianapolis","/wiki/University_of_Southern_Indiana","/wiki/Evansville,_Indiana","/wiki/Valparaiso_University","/wiki/Valparaiso,_Indiana","/w/index.php?title=List_of_nursing_schools_in_the_United_States&action=edit&section=15","/wiki/Waterloo,_Iowa","/wiki/Des_Moines_Area_Community_College","/wiki/Ankeny,_Iowa","/w/index.php?title=Mercy_College_of_Health_Science&action=edit&redlink=1","/wiki/Des_Moines,_Iowa","/wiki/University_of_Iowa","/wiki/Iowa_City,_Iowa","/w/index.php?title=List_of_nursing_schools_in_the_United_States&action=edit&section=16","/wiki/Johnson_County_Community_College","/wiki/Overland_Park","/wiki/Kansas_City_Kansas_Community_College","/wiki/Kansas_City,_Kansas","/wiki/Neosho_County_Community_College","/w/index.php?title=Mary_Grimes_School_of_Nursing&action=edit&redlink=1","/wiki/Pittsburg_State_University","/wiki/Pittsburg,_Kansas","/w/index.php?title=University_of_Saint_Mary_Kansas_Online&action=edit&redlink=1","/w/index.php?title=Leavenworth,_Kanas&action=edit&redlink=1","/wiki/University_of_Kansas","/wiki/Kansas_City,_Kansas","/wiki/Washburn_University","/wiki/Topeka,_Kansas","/wiki/Wichita_State_University","/wiki/Wichita,_Kansas","/w/index.php?title=List_of_nursing_schools_in_the_United_States&action=edit&section=17","/wiki/Galen_College_of_Nursing","/wiki/Louisville,_Kentucky","/wiki/Spalding_University","/wiki/Louisville,_Kentucky","/wiki/University_of_Kentucky","/wiki/Lexington,_Kentucky","/wiki/University_of_Louisville","/wiki/Louisville,_Kentucky","/wiki/Western_Kentucky_University","/wiki/Bowling_Green,_Kentucky","/w/index.php?title=List_of_nursing_schools_in_the_United_States&action=edit&section=18","/wiki/Baton_Rouge_Community_College","/wiki/Baton_Rouge,_Louisiana","/w/index.php?title=Baton_Rouge_General_Hospital&action=edit&redlink=1","/wiki/Diploma_in_Nursing","/wiki/Baton_Rouge,_Louisiana","/wiki/Bossier_Parish_Community_College","/wiki/Bossier_City,_Louisiana","/wiki/Delgado_Community_College","/wiki/New_Orleans","/wiki/Dillard_University","/w/index.php?title=Fletcher_Technical_Community_College&action=edit&redlink=1","/wiki/Houma,_Louisiana","/wiki/Grambling_State_University","/wiki/Grambling,_Louisiana","/wiki/Louisiana_College","/wiki/Pineville,_Louisiana","/w/index.php?title=Louisiana_Delta_Community_College&action=edit&redlink=1","/wiki/Monroe,_Louisiana","/wiki/Louisiana_State_University_at_Alexandria","/wiki/Alexandria,_Louisiana","/wiki/Louisiana_State_University_at_Eunice","/wiki/Eunice,_Louisiana","/wiki/LSU_Health_Sciences_Center_New_Orleans","/wiki/New_Orleans","/wiki/Louisiana_Tech_University","/wiki/Ruston,_Louisiana","/wiki/Loyola_University_New_Orleans","/wiki/McNeese_State_University","/wiki/Lake_Charles,_Louisiana","/wiki/Nicholls_State_University","/wiki/Thibodaux,_Louisiana","/wiki/Northwestern_State_University","/wiki/Natchitoches,_Louisiana","/wiki/Shreveport,_Louisiana","/wiki/Our_Lady_of_Holy_Cross_College","/wiki/Our_Lady_of_the_Lake_College","/wiki/Baton_Rouge,_Louisiana","/w/index.php?title=Our_Lady_of_the_Lake_College_Online&action=edit&redlink=1","/wiki/Baton_Rouge,_Louisiana","/wiki/Southeastern_Louisiana_University","/wiki/Hammond,_Louisiana","/wiki/Southern_University_and_A%26M_College","/wiki/Southern_University_at_Shreveport","/wiki/Shreveport,_Louisiana","/wiki/University_of_Louisiana_at_Lafayette","/wiki/Lafayette,_Louisiana","/wiki/University_of_Louisiana_at_Monroe","/wiki/Monroe,_Louisiana","/wiki/William_Carey_University","/wiki/New_Orleans","http://www.lsbn.state.la.us/Portals/1/Documents/Forms/Schools.pdf","/w/index.php?title=List_of_nursing_schools_in_the_United_States&action=edit&section=19","/wiki/Central_Maine_Community_College","/wiki/Auburn,_Maine","/wiki/Central_Maine_Medical_Center","/wiki/Lewiston,_Maine","/wiki/Eastern_Maine_Community_College","/wiki/Bangor,_Maine","/wiki/Husson_University","/wiki/Bangor,_Maine","/wiki/Kennebec_Valley_Community_College","/wiki/Fairfield,_Maine","/wiki/Northern_Maine_Community_College","/wiki/Presque_Isle,_Maine","/wiki/Saint_Joseph%27s_College_of_Maine","/wiki/Standish,_Maine","/wiki/Southern_Maine_Community_College","/wiki/South_Portland,_Maine","/wiki/University_of_Maine","/wiki/Orono,_Maine","/wiki/University_of_Maine_at_Augusta","/wiki/Augusta,_Maine","/wiki/University_of_Maine_at_Fort_Kent","/wiki/Fort_Kent,_Maine","/wiki/University_of_New_England_(United_States)","/wiki/Biddeford,_Maine","/wiki/Portland,_Maine","/wiki/University_of_Southern_Maine","/wiki/Portland,_Maine","/wiki/Lewiston,_Maine","http://www.maine.gov/boardofnursing/Licensing/RN/Approved%20RN%20Licensing%20Programs.htm","/w/index.php?title=List_of_nursing_schools_in_the_United_States&action=edit&section=20","/wiki/Notre_Dame_of_Maryland_University","/wiki/Baltimore,_Maryland","/wiki/Bowie_State_University","/wiki/Bowie,_Maryland","/wiki/Morgan_State_University","/wiki/Baltimore,_Maryland","/wiki/Washington_Adventist_University","/wiki/Takoma_Park,_Maryland","/wiki/Coppin_State_University","/wiki/Baltimore","/wiki/Johns_Hopkins_School_of_Nursing","/wiki/Baltimore","/wiki/Salisbury_University","/wiki/Salisbury,_Maryland","/wiki/Towson_University","/wiki/Towson,_Maryland","/wiki/University_of_Maryland_at_Baltimore","/wiki/Baltimore","/wiki/Stevenson_University","/wiki/Stevenson,_Maryland","/wiki/Community_College_of_Baltimore_County","/wiki/Essex,_Maryland","/wiki/Catonsville,_Maryland","/wiki/Baltimore_City_Community_College","/wiki/Baltimore,_Maryland","/wiki/Carroll_Community_College","/wiki/Westminster,_Maryland","/wiki/Harford_Community_College","/wiki/Bel_Air,_Maryland","/wiki/Prince_George%27s_Community_College","/wiki/Largo,_Maryland","/wiki/College_of_Southern_Maryland","/wiki/La_Plata,_Maryland","/wiki/Wor-Wic_Community_College","/wiki/Salisbury,_Maryland","/wiki/Chesapeake_College","/wiki/Wye_Mills,_Maryland","/wiki/Anne_Arundel_Community_College","/wiki/Arnold,_Maryland","/wiki/Montgomery_College","/wiki/Takoma_Park,_Maryland","/wiki/Silver_Spring,_Maryland","/wiki/Frederick_Community_College","/wiki/Frederick,_Maryland","/wiki/Cecil_College","/wiki/North_East,_Maryland","/wiki/Hagerstown_Community_College","/wiki/Hagerstown,_Maryland","/wiki/Allegany_College_of_Maryland","/wiki/Cumberland,_Maryland","/wiki/Howard_Community_College","/wiki/Columbia,_Maryland","/w/index.php?title=List_of_nursing_schools_in_the_United_States&action=edit&section=21","/wiki/Anna_Maria_College","/wiki/Paxton,_Massachusetts","/wiki/Becker_College","/wiki/Worcester,_Massachusetts","/wiki/Boston_College","/w/index.php?title=William_F._Connell_School_of_Nursing&action=edit&redlink=1","/wiki/Boston","/wiki/Fisher_College","/wiki/Curry_College","/wiki/Milton,_Massachusetts","/wiki/Elms_College","/wiki/Chicopee,_Massachusetts","/wiki/Emmanuel_College_(Massachusetts)","/wiki/Fitchburg_State_University","/wiki/Fitchburg,_Massachusetts","/wiki/Regis_College","/wiki/Medford,_Massachusetts","/wiki/Mount_Wachusett_Community_College","/wiki/Gardner,_Massachusetts","/wiki/Northeastern_University","/w/index.php?title=Bouv%C3%A9_College_of_Health_Sciences&action=edit&redlink=1","/wiki/Boston","/wiki/Regis_College","/wiki/Weston,_Massachusetts","/wiki/Salem_State_University","/wiki/Salem,_Massachusetts","/wiki/Simmons_College_(Massachusetts)","/wiki/University_of_Massachusetts_Amherst","/wiki/University_of_Massachusetts_Boston","/wiki/University_of_Massachusetts_Dartmouth","/wiki/University_of_Massachusetts_Lowell","/wiki/University_of_Massachusetts_Medical_School","/w/index.php?title=List_of_nursing_schools_in_the_United_States&action=edit&section=22","/wiki/Eastern_Michigan_University","/wiki/Ypsilanti,_Michigan","/wiki/Grand_Valley_State_University","/wiki/Allendale,_Michigan","/wiki/Kirtland_Community_College","/wiki/Roscommon,_Michigan","/wiki/Macomb_Community_College","/wiki/Warren,_Michigan","/wiki/Michigan_State_University_College_of_Nursing","/wiki/East_Lansing,_Michigan","/wiki/Mid_Michigan_Community_College","/wiki/Harrison,_Michigan","/wiki/Northern_Michigan_University","/wiki/Marquette,_Michigan","/wiki/Oakland_Community_College","/wiki/Waterford,_Michigan","/wiki/Oakland_University","/wiki/Rochester,_Michigan","/wiki/University_of_Detroit_Mercy","/w/index.php?title=McAuley_School_of_Nursing&action=edit&redlink=1","/wiki/Detroit","/wiki/University_of_Michigan","/wiki/Ann_Arbor,_Michigan","/wiki/Washtenaw_Community_College","/wiki/Ann_Arbor,_Michigan","/wiki/Wayne_State_University","/wiki/Detroit","/wiki/Western_Michigan_University","/wiki/Kalamazoo,_Michigan","/w/index.php?title=List_of_nursing_schools_in_the_United_States&action=edit&section=23","/wiki/Alexandria_Technical_College","/wiki/Alexandria,_Minnesota","/wiki/Anoka-Ramsey_Community_College","/wiki/Coon_Rapids,_Minnesota","/wiki/Bemidji_State_University","/wiki/Bemidji,_Minnesota","/wiki/Bethel_University_(Minnesota)","/wiki/St._Paul,_Minnesota","/wiki/Central_Lakes_College","/wiki/Brainerd,_Minnesota","/wiki/College_of_St._Benedict/St._John%27s_University","/wiki/St._Joseph,_Minnesota","/wiki/College_of_St._Catherine","/wiki/Minneapolis","/wiki/College_of_St._Catherine","/wiki/St._Paul,_Minnesota","/wiki/The_College_of_St._Scholastica","/wiki/Duluth,_Minnesota","/wiki/Concordia_College,_Moorhead","/wiki/Moorhead,_Minnesota","/wiki/Crown_College_(Minnesota)","/wiki/St._Bonifacius,_Minnesota","/wiki/Fond_du_Lac_Tribal_and_Community_College","/wiki/Lake_Superior_College","/wiki/Cloquet,_Minnesota","/wiki/Gustavus_Adolphus_College","/wiki/St._Olaf_College","/wiki/Northfield,_Minnesota","/wiki/St._Peter,_Minnesota","/wiki/Hibbing_Community_College","/wiki/Hibbing,_Minnesota","/wiki/Itasca_Community_College","/wiki/Grand_Rapids,_Minnesota","/wiki/Rainy_River_Community_College","/wiki/International_Falls,_Minnesota","/wiki/Vermilion_Community_College","/wiki/Ely,_Minnesota","/w/index.php?title=Inver_Hills-Century_Colleges&action=edit&redlink=1","/w/index.php?title=Century_Community_and_Technical_College&action=edit&redlink=1","/wiki/White_Bear_Lake,_Minnesota","/wiki/Inver_Hills_Community_College","/wiki/Inver_Grove_Heights,_Minnesota","/wiki/Lake_Superior_College","/wiki/Duluth,_Minnesota","/wiki/Metropolitan_State_University","/wiki/Saint_Paul,_Minnesota","/wiki/Minneapolis_Community_and_Technical_College","/wiki/Minneapolis","/w/index.php?title=Minnesota_State_College&action=edit&redlink=1","/wiki/Red_Wing,_Minnesota","/wiki/Winona,_Minnesota","/wiki/Minnesota_State_Community_and_Technical_College","/wiki/Detroit_Lakes,_Minnesota","/wiki/Fergus_Falls,_Minnesota","/wiki/Moorhead,_Minnesota","/wiki/Wadena,_Minnesota","/wiki/Minnesota_State_University,_Mankato","/wiki/Mankato,_Minnesota","/wiki/Minnesota_State_University_Moorhead","/wiki/Moorhead,_Minnesota","/wiki/Minnesota_West_Community_and_Technical_College","/wiki/Pipestone,_Minnesota","/wiki/Worthington,_Minnesota","/wiki/Normandale_Community_College","/wiki/Bloomington,_Minnesota","/wiki/North_Hennepin_Community_College","/wiki/Brooklyn_Park,_Minnesota","/wiki/St._Cloud,_Minnesota","/wiki/Northland_Community_and_Technical_College","/wiki/East_Grand_Forks,_Minnesota","/wiki/Thief_River_Falls,_Minnesota","/w/index.php?title=Owatonna_College_and_University_Center&action=edit&redlink=1","/wiki/Owatonna,_Minnesota","/w/index.php?title=Pine_City_Technical_College&action=edit&redlink=1","/wiki/Pine_City,_Minnesota","/wiki/Presentation_College_(South_Dakota)","/wiki/Aberdeen,_South_Dakota","/wiki/Fairmont,_Minnesota","/wiki/Richfield_Campus-Globe_University/Minnesota_School_of_Business","/wiki/Richfield,_Minnesota","/w/index.php?title=Ridgewater_College&action=edit&redlink=1","/wiki/Hutchinson,_Minnesota","/wiki/Willmar,_Minnesota","/wiki/Riverland_Community_College","/wiki/Albert_Lea,_Minnesota","/wiki/Austin,_Minnesota","/wiki/Rochester_Community_and_Technical_College","/wiki/Rochester,_Minnesota","/wiki/St._Cloud_State_University","/wiki/St._Cloud,_Minnesota","/wiki/South_Central_College","/wiki/Faribault,_Minnesota","/wiki/North_Mankato,_Minnesota","/wiki/University_of_Minnesota","/wiki/Minneapolis","/wiki/University_of_Minnesota_Rochester","/wiki/Rochester,_Minnesota","/wiki/White_Earth_Tribal_and_Community_College","/wiki/Mahnomen,_Minnesota","/wiki/Winona_State_University","/wiki/Rochester,_Minnesota","/wiki/Winona,_Minnesota","/w/index.php?title=List_of_nursing_schools_in_the_United_States&action=edit&section=24","/wiki/Mississippi_Gulf_Coast_Community_College","/wiki/Mississippi_University_for_Women","/wiki/Columbus,_Mississippi","/wiki/University_of_Mississippi_Medical_Center","/wiki/Jackson,_Mississippi","/wiki/University_of_Southern_Mississippi","/wiki/Hattiesburg,_Mississippi","/w/index.php?title=List_of_nursing_schools_in_the_United_States&action=edit&section=25","/w/index.php?title=Cox_College_(Springfield,_Missouri)&action=edit&redlink=1","/wiki/Springfield,_Missouri","/wiki/Metropolitan_Community_College_(Kansas_City)","/wiki/Kansas_City,_Missouri","/wiki/Saint_Luke%27s_Hospital_(Kansas_City,_Missouri)","/wiki/Kansas_City,_Missouri","/wiki/University_of_Missouri","/wiki/Sinclair_School_of_Nursing","/wiki/Columbia,_Missouri","/wiki/University_of_Missouri%E2%80%93Kansas_City","/wiki/Kansas_City,_Missouri","/w/index.php?title=List_of_nursing_schools_in_the_United_States&action=edit&section=26","/wiki/Montana_State_University","/wiki/Bozeman,_Montana","/wiki/Salish_Kootenai_College","/wiki/Pablo,_Montana","/w/index.php?title=List_of_nursing_schools_in_the_United_States&action=edit&section=27","/wiki/Creighton_University","/wiki/Omaha,_Nebraska","/wiki/University_of_Nebraska_Medical_Center","/w/index.php?title=List_of_nursing_schools_in_the_United_States&action=edit&section=28","/wiki/College_of_Southern_Nevada","/wiki/Clark_County,_Nevada","/wiki/Great_Basin_College","/wiki/Elko,_Nevada","/wiki/Truckee_Meadows_Community_College","/wiki/Reno,_Nevada","/wiki/University_of_Nevada,_Las_Vegas","/wiki/University_of_Nevada,_Reno","/wiki/Western_Nevada_College","/wiki/Carson_City,_Nevada","/w/index.php?title=List_of_nursing_schools_in_the_United_States&action=edit&section=29","/wiki/Colby-Sawyer_College","/wiki/New_London,_New_Hampshire","/w/index.php?title=Great_Bay_Community_College&action=edit&redlink=1","/wiki/Portsmouth,_New_Hampshire","/wiki/Keene_State_College","/wiki/Keene,_New_Hampshire","/w/index.php?title=Lakes_Region_Community_College&action=edit&redlink=1","/wiki/Laconia,_New_Hampshire","/wiki/Manchester_Community_College_(New_Hampshire)","/wiki/Manchester,_New_Hampshire","/wiki/Massachusetts_College_of_Pharmacy_and_Health_Sciences","/wiki/Manchester,_New_Hampshire","/wiki/Nashua_Community_College","/wiki/Nashua,_New_Hampshire","/wiki/New_Hampshire_Technical_Institute","/wiki/Concord,_New_Hampshire","/wiki/Plymouth_State_University","/wiki/Plymouth,_New_Hampshire","/w/index.php?title=River_Valley_Community_College&action=edit&redlink=1","/wiki/Claremont,_New_Hampshire","/wiki/Rivier_University","/wiki/Nashua,_New_Hampshire","/wiki/Saint_Anselm_College","/wiki/Goffstown,_New_Hampshire","/wiki/St._Joseph_Hospital_(Nashua,_New_Hampshire)","/wiki/Nashua,_New_Hampshire","/wiki/University_of_New_Hampshire","/wiki/Durham,_New_Hampshire","/wiki/White_Mountains_Community_College","/wiki/Berlin,_New_Hampshire","#cite_note-1","/w/index.php?title=List_of_nursing_schools_in_the_United_States&action=edit&section=30","/wiki/County_College_of_Morris","/wiki/Randolph,_New_Jersey","/w/index.php?title=Mountainside_Hospital_School_of_Nursing&action=edit&redlink=1","/wiki/Montclair,_New_Jersey","/wiki/Seton_Hall_University","/wiki/South_Orange,_New_Jersey","/wiki/The_College_of_New_Jersey","/wiki/Ewing,_New_Jersey","/w/index.php?title=List_of_nursing_schools_in_the_United_States&action=edit&section=31","/wiki/Eastern_New_Mexico_University","/wiki/Roswell,_New_Mexico","/wiki/New_Mexico_State_University","/wiki/Las_Cruces,_New_Mexico","/wiki/University_of_New_Mexico","/wiki/Albuquerque,_New_Mexico","/w/index.php?title=List_of_nursing_schools_in_the_United_States&action=edit&section=32","/w/index.php?title=List_of_nursing_schools_in_the_United_States&action=edit&section=33","/wiki/Adelphi_University","/wiki/Garden_City,_New_York","/wiki/Binghamton_University","/wiki/State_University_of_New_York","/wiki/Binghamton,_New_York","/wiki/Bronx_Community_College","/wiki/New_York_City","/wiki/Broome_Community_College","/wiki/State_University_of_New_York","/wiki/Binghamton,_New_York","/wiki/College_of_Mount_Saint_Vincent","/wiki/Riverdale,_Bronx","/wiki/Concordia_College_(New_York)","/wiki/Bronxville,_New_York","/w/index.php?title=Crouse_Hospital_College_of_Nursing&action=edit&redlink=1","/wiki/Syracuse,_New_York","/wiki/CUNY_Hunter_College","/wiki/New_York_City","/wiki/CUNY_Lehman_College","/wiki/The_Bronx","/w/index.php?title=Ellis_School_of_Nursing&action=edit&redlink=1","/wiki/Schenectady,_New_York","/wiki/Excelsior_College","/wiki/Albany,_New_York","/wiki/Long_Island_College_Hospital","/wiki/Brooklyn","/w/index.php?title=New_Age_Training&action=edit&redlink=1","/wiki/New_York_City","/wiki/New_York_University_College_of_Nursing","/wiki/New_York_City","/wiki/Pace_University","/wiki/New_York_City","/wiki/Pleasantville,_New_York","/wiki/Phillips_Beth_Israel_School_of_Nursing","/wiki/New_York_City","/wiki/St._Joseph%27s_College_(New_York)","/wiki/Brooklyn","/wiki/Patchogue,_New_York","/w/index.php?title=St._Joseph%27s_College_of_Nursing&action=edit&redlink=1","/wiki/Syracuse,_New_York","/w/index.php?title=Samaritan_Hospital_School_of_Nursing&action=edit&redlink=1","/wiki/Stony_Brook_University","/wiki/Stony_Brook,_New_York","/wiki/Touro_College","/wiki/Brooklyn","/w/index.php?title=Utica_College_Online&action=edit&redlink=1","/wiki/Utica,_New_York","/w/index.php?title=List_of_nursing_schools_in_the_United_States&action=edit&section=34","/w/index.php?title=Bellevue_Hospital_School_of_Nursing&action=edit&redlink=1","/w/index.php?title=List_of_nursing_schools_in_the_United_States&action=edit&section=35","/wiki/Cabarrus_College_of_Health_Sciences","/wiki/Concord,_North_Carolina","/wiki/Cape_Fear_Community_College","/wiki/Wilmington,_North_Carolina","/wiki/Duke_University","/wiki/Durham,_North_Carolina","/wiki/East_Carolina_University","/wiki/Greenville,_North_Carolina","/wiki/North_Carolina_Central_University","/wiki/Durham,_North_Carolina","/wiki/University_of_North_Carolina_at_Chapel_Hill","/wiki/Chapel_Hill,_North_Carolina","/wiki/University_of_North_Carolina_at_Charlotte","/wiki/Charlotte,_North_Carolina","/wiki/University_of_North_Carolina_at_Greensboro","/wiki/Greensboro,_North_Carolina","/wiki/University_of_North_Carolina_at_Wilmington","/wiki/Wilmington,_North_Carolina","/wiki/Wake_Forest_University","/wiki/Winston-Salem,_North_Carolina","/wiki/Wake_Technical_Community_College","/wiki/Raleigh,_North_Carolina","/wiki/Winston_Salem_State_University","/wiki/Winston-Salem,_North_Carolina","/wiki/Fayetteville_Technical_Community_College","/wiki/Fayetteville,_North_Carolina","/w/index.php?title=List_of_nursing_schools_in_the_United_States&action=edit&section=36","/wiki/Dickinson_State_University","/wiki/Dickinson,_North_Dakota","/wiki/Jamestown_College","/wiki/Jamestown,_North_Dakota","/wiki/Lake_Region_State_College","/wiki/Devils_Lake,_North_Dakota","/wiki/Medcenter_One_Health_Systems","/wiki/Bismarck,_North_Dakota","/wiki/Minot_State_University","/wiki/Minot,_North_Dakota","/wiki/North_Dakota_State_College_of_Science","/wiki/Wahpeton,_North_Dakota","/wiki/North_Dakota_State_University","/wiki/Fargo,_North_Dakota","/w/index.php?title=Tri-College_University_Nursing_Consortium&action=edit&redlink=1","/wiki/Concordia_College,_Moorhead","/wiki/Moorhead,_Minnesota","/wiki/Minnesota_State_University_Moorhead","/wiki/Moorhead,_Minnesota","/wiki/North_Dakota_State_University","/wiki/Fargo,_North_Dakota","/wiki/United_Tribes_Technical_College","/wiki/Bismarck,_North_Dakota","/wiki/University_of_Mary","/wiki/Bismarck,_North_Dakota","/wiki/University_of_North_Dakota","/wiki/Grand_Forks,_North_Dakota","/w/index.php?title=List_of_nursing_schools_in_the_United_States&action=edit&section=37","/wiki/Ashland_University","/wiki/Ashland,_Ohio","/wiki/Case_Western_Reserve_University","/wiki/Cleveland","/wiki/Cedarville_University","/wiki/Cedarville,_Ohio","/w/index.php?title=Christ_College_of_Nursing_and_Health_Sciences&action=edit&redlink=1","/wiki/Cincinnati","/wiki/Columbus_State_Community_College","/wiki/Columbus,_Ohio","/wiki/Lorain_County_Community_College","/wiki/Elyria,_Ohio","/w/index.php?title=MedCentral_College_of_Nursing&action=edit&redlink=1","/wiki/Mansfield,_Ohio","/w/index.php?title=Mount_Carmel_College_of_Nursing&action=edit&redlink=1","/wiki/Columbus,_Ohio","/wiki/Notre_Dame_College","/wiki/South_Euclid,_Ohio","/wiki/Ohio_Northern_University","/wiki/Ada,_Ohio","/wiki/Ohio_State_University","/wiki/Columbus,_Ohio","/wiki/Otterbein_College","/wiki/Westerville,_Ohio","/w/index.php?title=Springfield_Regional_School_of_Nursing&action=edit&redlink=1","/wiki/Springfield,_Ohio","/w/index.php?title=List_of_nursing_schools_in_the_United_States&action=edit&section=38","/wiki/Cameron_University","/wiki/University_of_Oklahoma_College_of_Medicine","/wiki/Lawton,_Oklahoma","/wiki/Cameron_University","/wiki/Western_Oklahoma_State_College","/wiki/Lawton,_Oklahoma","/wiki/Oklahoma_City_University","/wiki/Oklahoma_City","/wiki/Oklahoma_Wesleyan_University","/wiki/Bartlesville,_Oklahoma","/wiki/University_of_Central_Oklahoma","/wiki/Edmond,_Oklahoma","/wiki/University_of_Oklahoma","/wiki/University_of_Oklahoma_College_of_Medicine","/wiki/Oklahoma_City","/wiki/Western_Oklahoma_State_College","/wiki/Altus,_Oklahoma","/w/index.php?title=List_of_nursing_schools_in_the_United_States&action=edit&section=39","/wiki/Concordia_University,_Portland","/wiki/Portland,_Oregon","/wiki/Oregon_Health_%26_Science_University","/wiki/Portland,_Oregon","/wiki/University_of_Portland","/wiki/Portland,_Oregon","/w/index.php?title=List_of_nursing_schools_in_the_United_States&action=edit&section=40","/wiki/Abington_Memorial_Hospital","/wiki/Willow_Grove,_Pennsylvania","http://www.amhdixonson.org/index.html","/wiki/Drexel_University_College_of_Nursing_and_Health_Professions","/wiki/Philadelphia","/w/index.php?title=Gannon_University_Online&action=edit&redlink=1","/wiki/Erie","http://online.gannon.edu/rn-bsn","/wiki/Holy_Family_University","/wiki/Northeast_Philadelphia","/wiki/Lancaster_General_College_of_Nursing_%26_Health_Sciences","/wiki/Lancaster,_Pennsylvania","http://www.lancastergeneralcollege.edu/","/w/index.php?title=Methodist_Hospital_School_of_Nursing&action=edit&redlink=1","/wiki/Philadelphia","/wiki/Mount_Aloysius_College","/wiki/Cresson,_Pennsylvania","http://www.mtaloy.edu/academics/majors_programs/majors/nursing.dot","/w/index.php?title=Northeastern,_Hospital_School_of_Nursing&action=edit&redlink=1","/w/index.php?title=Temple_University_Health_System&action=edit&redlink=1","/wiki/Community_College_of_Philadelphia","/wiki/Philadelphia","http://www.nehson.templehealth.org/aboutschool.htm","/w/index.php?title=Ohio_Valley_General_Hospital_School_of_Nursing&action=edit&redlink=1","http://www.ohiovalleyhospital.org/schools/school-of-nursing","/wiki/Pennsylvania_State_University","/wiki/Hershey,_Pennsylvania","/wiki/University_Park,_Pennsylvania","http://www.nursing.psu.edu/","/w/index.php?title=Pottsville_Hospital_School_of_Nursing&action=edit&redlink=1","/wiki/Pottsville,_Pennsylvania","/w/index.php?title=Roxborough_Memorial_Hospital_School_of_Nursing&action=edit&redlink=1","http://www.roxboroughmemorial.com/roxborough-memorial-hospital-school-of-nursing.php","/w/index.php?title=St._Luke%27s_School_of_Nursing&action=edit&redlink=1","/wiki/Bethlehem,_Pennsylvania","http://www.mystlukesonline.org/for-healthcare-professionals/st-lukes-school-of-nursing/index.aspx","/wiki/Thomas_Jefferson_University","/wiki/Jefferson_College_of_Health_Professions","/wiki/University_of_Pennsylvania_School_of_Nursing","/wiki/Philadelphia","http://www.nursing.upenn.edu/","/wiki/University_of_Pittsburgh_School_of_Nursing","/wiki/Pittsburgh","http://www.nursing.pitt.edu/","/wiki/UPMC_Shadyside_School_of_Nursing","/wiki/Pittsburgh","http://www.upmc.com/shyson","/wiki/Villanova_University","/wiki/Villanova,_Pennsylvania","/w/index.php?title=List_of_nursing_schools_in_the_United_States&action=edit&section=41","/wiki/Community_College_of_Rhode_Island","/wiki/Rhode_Island_College","/wiki/Providence,_Rhode_Island","http://www2.ric.edu/nursing/","/w/index.php?title=Saint_Joseph_School_of_Nursing&action=edit&redlink=1","/wiki/Salve_Regina_University","/wiki/Newport,_Rhode_Island","/wiki/University_of_Rhode_Island","/wiki/Kingston,_Rhode_Island","/w/index.php?title=List_of_nursing_schools_in_the_United_States&action=edit&section=42","/wiki/Clemson_University","/wiki/Clemson,_South_Carolina","http://www.clemson.edu/hehd/departments/nursing/","/wiki/Francis_Marion_University","/wiki/Florence,_South_Carolina","http://www.fmarion.edu/academics/Nursing","/wiki/Medical_University_of_South_Carolina","/wiki/Charleston,_South_Carolina","http://www.musc.edu/nursing","/wiki/University_of_South_Carolina","/wiki/Columbia,_South_Carolina","http://www.sc.edu/nursing","/wiki/University_of_South_Carolina_Aiken","/wiki/Aiken,_South_Carolina","http://web.usca.edu/nursing/","/wiki/University_of_South_Carolina_Upstate","/wiki/Spartanburg,_South_Carolina","http://www.uscupstate.edu/academics/nursing/default.aspx?id=2287","/w/index.php?title=List_of_nursing_schools_in_the_United_States&action=edit&section=43","/wiki/Dakota_Wesleyan_University","/wiki/Mitchell,_South_Dakota","http://www.dwu.edu/nursing","/wiki/Mount_Marty_College","/wiki/Yankton,_South_Dakota","http://www.mtmc.edu/academics/division/nursing/index.html","/wiki/Oglala_Lakota_College","/wiki/Kyle,_South_Dakota","http://www.olc.edu/nurs.htm","/wiki/Presentation_College_(South_Dakota)","/wiki/Aberdeen,_South_Dakota","http://www.presentation.edu/admissions/new/nursing/nursing.html","/w/index.php?title=Sisseton_Wahpeton_Community_College&action=edit&redlink=1","/wiki/Sisseton,_South_Dakota","http://www.swc.tc/nursing.htm","/wiki/South_Dakota_State_University","/wiki/Brookings,_South_Dakota","http://www3.sdstate.edu/academics/collegeofnursing","/wiki/University_of_South_Dakota","/wiki/Vermillion,_South_Dakota","http://med.usd.edu/nursing/","/w/index.php?title=List_of_nursing_schools_in_the_United_States&action=edit&section=44","/wiki/Austin_Peay_State_University","/wiki/Clarksville,_Tennessee","http://www.apsu.edu/nursing","/wiki/East_Tennessee_State_University","/wiki/Johnson_City,_Tennessee","/wiki/King_College","/wiki/Bristol,_Tennessee","http://nursing.king.edu/","http://online.king.edu/online-degree-programs/rn-bsn/","/wiki/Middle_Tennessee_State_University","/wiki/Murfreesboro,_Tennessee","/wiki/Tennessee_Technological_University","/wiki/Cookeville,_Tennessee","http://www.tntech.edu/nursing","/wiki/South_College","http://southcollegetn.edu","/w/index.php?title=List_of_nursing_schools_in_the_United_States&action=edit&section=45","/wiki/Angelo_State_University_College_of_Nursing_and_Allied_Health","/wiki/Angelo_State_University","/wiki/San_Angelo,_Texas","/wiki/Baylor_University","/wiki/Dallas","/wiki/Texas_Christian_University","/wiki/Fort_Worth,_Texas","/wiki/Anita_Thigpen_Perry_School_of_Nursing","/wiki/Texas_Tech_University_Health_Sciences_Center","/wiki/Lubbock,_Texas","/wiki/Gayle_Greve_Hunt_School_of_Nursing","/wiki/Texas_Tech_University_Health_Sciences_Center","/wiki/El_Paso,_Texas","/wiki/University_of_Houston%E2%80%93Victoria","/wiki/Victoria,_Texas","/w/index.php?title=University_of_Texas_at_Austin_School_of_Nursing&action=edit&redlink=1","/wiki/University_of_Texas_at_Austin","/wiki/Austin,_Texas","/wiki/University_of_Texas_Health_Science_Center_at_Houston_School_of_Nursing","/wiki/University_of_Texas_Health_Science_Center_at_Houston","/wiki/Houston","/wiki/University_of_Texas_Health_Science_Center_at_San_Antonio_School_of_Nursing","/wiki/University_of_Texas_Health_Science_Center_at_San_Antonio","/wiki/San_Antonio","/wiki/Texas_Woman%27s_University","/wiki/Denton,_Texas","/wiki/West_Texas_A%26M_University","/wiki/Canyon,_Texas","/w/index.php?title=List_of_nursing_schools_in_the_United_States&action=edit&section=46","/w/index.php?title=List_of_nursing_schools_in_the_United_States&action=edit&section=47","/wiki/Brigham_Young_University_College_of_Nursing","/wiki/Provo,_Utah","/wiki/Dixie_State_College","/wiki/St._George,_Utah","/wiki/Nightingale_College_Utah","/wiki/Ogden,_Utah","http://nightingale.edu","/wiki/Snow_College","/wiki/Ephraim,_Utah","/wiki/Southern_Utah_University","/wiki/Cedar_City,_Utah","/wiki/University_of_Utah","/wiki/Salt_Lake_City","/wiki/Utah_Valley_University","/wiki/Orem,_Utah","http://www.uvu.edu/csh/nursing","/wiki/Weber_State_University","/wiki/Ogden,_Utah","/w/index.php?title=List_of_nursing_schools_in_the_United_States&action=edit&section=48","/wiki/Ogden,_Utah","/w/index.php?title=List_of_nursing_schools_in_the_United_States&action=edit&section=49","/wiki/Castleton_State_College","/wiki/Castleton,_Vermont","/wiki/Norwich_University","/wiki/Northfield,_Vermont","/wiki/Southern_Vermont_College","/wiki/Bennington,_Vermont","/wiki/University_of_Vermont","/wiki/Burlington,_Vermont","/wiki/Vermont_Technical_College","/wiki/Randolph_Center,_Vermont","#cite_note-2","/w/index.php?title=List_of_nursing_schools_in_the_United_States&action=edit&section=50","/wiki/Eastern_Mennonite_University","/wiki/Harrisonburg,_Virginia","/wiki/George_Mason_University","/wiki/Fairfax,_Virginia","/wiki/Hampton_University","/wiki/Hampton,_Virginia","/wiki/James_Madison_University","/wiki/Harrisonburg,_Virginia","/wiki/Jefferson_College_of_Health_Sciences","/wiki/Roanoke,_Virginia","/wiki/Liberty_University","/wiki/Lynchburg,_Virginia","/wiki/Lynchburg_College","/wiki/Lynchburg,_Virginia","/wiki/Marymount_University","/wiki/Arlington,_Virginia","/wiki/Norfolk_State_University","/wiki/Norfolk,_Virginia","/wiki/Old_Dominion_University","/wiki/Norfolk,_Virginia","/wiki/Radford_University","/wiki/Radford,_Virginia","/wiki/Shenandoah_University","/wiki/Winchester,_Virginia","/wiki/University_of_Virginia_School_of_Nursing","/wiki/Charlottesville,_Virginia","/wiki/Virginia_Commonwealth_University","/wiki/Richmond,_Virginia","/w/index.php?title=List_of_nursing_schools_in_the_United_States&action=edit&section=51","/wiki/Gonzaga_University","/wiki/Spokane,_Washington","http://www.gonzaga.edu/Academics/Colleges+and+Schools/School+of+Professional+Studies/Nursing/default.asp","/wiki/Pacific_Lutheran_University","/wiki/Tacoma,_Washington","http://www.plu.edu/nursing/","/wiki/Seattle_University","/wiki/Seattle","http://www.seattleu.edu/nursing/","/wiki/University_of_Washington","/wiki/Seattle","http://www.son.washington.edu/","/wiki/Washington_State_University","/wiki/Spokane,_Washington","/w/index.php?title=List_of_nursing_schools_in_the_United_States&action=edit&section=52","/wiki/Alderson-Broaddus_College","/wiki/Philippi,_West_Virginia","http://ab.edu/node/196","/wiki/Bluefield_State_College","/wiki/Bluefield,_West_Virginia","http://bluefieldstate.edu/nbsn-nursing","/wiki/Fairmont_State_University","/wiki/Fairmont,_West_Virginia","http://www.fairmontstate.edu/schoolofnaha/","/wiki/Marshall_University","/wiki/Huntington,_West_Virginia","http://www.marshall.edu/cohp/","/wiki/West_Virginia_University","/wiki/Morgantown,_West_Virginia","http://www.hsc.wvu.edu/son/","/wiki/Shepherd_University","/wiki/Shepherdstown,_West_Virginia","http://www.shepherd.edu/university/nursing/","/w/index.php?title=List_of_nursing_schools_in_the_United_States&action=edit&section=53","/wiki/Alverno_College","/wiki/Milwaukee","http://www.alverno.edu/academics/nursing.html","/w/index.php?title=Bellin_College&action=edit&redlink=1","/wiki/Green_Bay,_Wisconsin","http://www.bellincollege.edu/bachelor-of-science-nursing.php?CID=201","/wiki/Blackhawk_Technical_College","/wiki/Janesville,_Wisconsin","http://www.blackhawk.edu/HealthAndHumanServices/AssociateDegreeNursing.aspx","/wiki/Cardinal_Stritch_University","/wiki/Milwaukee","http://www.stritch.edu/Ruth_S._Coleman_College_of_Nursing_Home.aspx","/wiki/Chippewa_Valley_Technical_College","/wiki/Eau_Claire,_Wisconsin","/wiki/Fox_Valley_Technical_College","/wiki/Appleton,_Wisconsin","/wiki/Gateway_Technical_College","/wiki/Burlington,_Wisconsin","/wiki/Lakeshore_Technical_College","/wiki/Cleveland,_Manitowoc_County,_Wisconsin","/wiki/Madison_Area_Technical_College","/wiki/Madison,_Wisconsin","/wiki/Marquette_University","/wiki/Milwaukee","http://www.marquette.edu/nursing","/wiki/Mid-State_Technical_College","/wiki/Milwaukee_Area_Technical_College","/wiki/Milwaukee","/wiki/Milwaukee_School_of_Engineering","/wiki/Milwaukee","http://www.msoe.edu/nursing/","/wiki/Moraine_Park_Technical_College","/wiki/Mount_Mary_College","/wiki/Milwaukee","http://www.mtmary.edu/dept_nursing.htm","/wiki/Nicolet_Area_Technical_College","/wiki/Rhinelander,_Wisconsin","/wiki/Northcentral_Technical_College","/wiki/Wausau,_Wisconsin","/wiki/Northeast_Wisconsin_Technical_College","/wiki/Southwest_Wisconsin_Technical_College","/wiki/Fennimore,_Wisconsin","/wiki/University_of_Wisconsin%E2%80%93Eau_Claire","/wiki/Eau_Claire,_Wisconsin","http://www.uwec.edu/CONHS/index.htm","/wiki/University_of_Wisconsin%E2%80%93Green_Bay","/wiki/Green_Bay,_Wisconsin","http://www.uwgb.edu/nursing/","/wiki/University_of_Wisconsin%E2%80%93Madison","/wiki/Madison,_Wisconsin","http://www.son.wisc.edu","/wiki/University_of_Wisconsin%E2%80%93Milwaukee","/wiki/University_of_Wisconsin%E2%80%93Milwaukee_College_of_Nursing","/wiki/Milwaukee","http://www4.uwm.edu/nursing","/wiki/University_of_Wisconsin%E2%80%93Oshkosh","/wiki/Oshkosh,_Wisconsin","http://www.uwosh.edu/con","/wiki/University_of_Wisconsin%E2%80%93Parkside","/wiki/Kenosha,_Wisconsin","http://www4.uwm.edu/nursing/","/wiki/Viterbo_University","/wiki/La_Crosse,_Wisconsin","http://www.viterbo.edu/bsn/","/wiki/Waukesha_County_Technical_College","/wiki/Western_Technical_College","/wiki/La_Crosse,_Wisconsin","/wiki/Wisconsin_Indianhead_Technical_College","/w/index.php?title=List_of_nursing_schools_in_the_United_States&action=edit&section=54","/wiki/Casper_College","/wiki/Casper,_Wyoming","/wiki/Central_Wyoming_College","/wiki/Riverton,_Wyoming","/wiki/Laramie_County_Community_College","/wiki/Cheyenne,_Wyoming","/wiki/Sheridan_College_(Wyoming)","/wiki/Gillette,_Wyoming","/wiki/Sheridan_College_(Wyoming)","/wiki/Sheridan,_Wyoming","/wiki/Northwest_College","/wiki/Powell,_Wyoming","/wiki/University_of_Wyoming","/wiki/Laramie,_Wyoming","http://uwadmnweb.uwyo.edu/nursing/","/wiki/Western_Wyoming_Community_College","/wiki/Rock_Springs,_Wyoming","https://nursing-online.state.wy.us/Default.aspx?page=32","/w/index.php?title=List_of_nursing_schools_in_the_United_States&action=edit&section=55","/wiki/Catholic_University_of_America","/wiki/Georgetown_University","/wiki/George_Washington_University","/wiki/Howard_University","/wiki/Medtech","/wiki/Trinity_Washington_University","/wiki/University_of_the_District_of_Columbia","http://doh.dc.gov/sites/default/files/dc/sites/doh/service_content/attachments/Approved_Nursing_Schools_112012%20.pdf","/w/index.php?title=List_of_nursing_schools_in_the_United_States&action=edit&section=56","/wiki/University_of_Guam","/wiki/Mangilao","http://www.uog.edu/dynamicdata/SchoolofNursingandHealthSciences.aspx?siteid=1&p=116","/w/index.php?title=List_of_nursing_schools_in_the_United_States&action=edit&section=57","//upload.wikimedia.org/wikipedia/en/thumb/6/6c/Wiki_letter_w.svg/23px-Wiki_letter_w.svg.png","//en.wikipedia.org/w/index.php?title=List_of_nursing_schools_in_the_United_States&action=edit&section=","/w/index.php?title=List_of_nursing_schools_in_the_United_States&action=edit&section=58","/wiki/University_of_the_Virgin_Islands","/wiki/Saint_Thomas,_U.S._Virgin_Islands","http://www.uvi.edu/pub-relations/uvi/home.html","/wiki/Wikipedia:WikiProject_Lists#Incomplete_lists","//en.wikipedia.org/w/index.php?title=List_of_nursing_schools_in_the_United_States&action=edit","/w/index.php?title=List_of_nursing_schools_in_the_United_States&action=edit&section=59","#cite_ref-1","http://www.nh.gov/nursing/education/documents/entry-level-rn.pdf","#cite_ref-2","http://vtprofessionals.org/opr1/nurses/education/NU_Education_Programs_VT.pdf","http://en.wikipedia.org/w/index.php?title=List_of_nursing_schools_in_the_United_States&oldid=559907504","/wiki/Help:Categories","/wiki/Category:Nursing_schools_in_the_United_States","/wiki/Category:Lists_of_universities_and_colleges_in_the_United_States","/wiki/Category:Lists_of_nursing_schools","/wiki/Category:Wikipedia_external_links_cleanup_from_February_2012","/wiki/Category:Wikipedia_spam_cleanup_from_February_2012","/wiki/Category:Articles_to_be_expanded_from_July_2010","/wiki/Category:All_articles_to_be_expanded","/wiki/Category:Articles_with_empty_sections_from_July_2010","/wiki/Category:All_articles_with_empty_sections","/wiki/Category:Incomplete_lists_from_August_2008","/w/index.php?title=Special:UserLogin&returnto=List+of+nursing+schools+in+the+United+States&type=signup","/w/index.php?title=Special:UserLogin&returnto=List+of+nursing+schools+in+the+United+States","/wiki/List_of_nursing_schools_in_the_United_States","/wiki/Talk:List_of_nursing_schools_in_the_United_States","#","/wiki/List_of_nursing_schools_in_the_United_States","/w/index.php?title=List_of_nursing_schools_in_the_United_States&action=edit","/w/index.php?title=List_of_nursing_schools_in_the_United_States&action=history","#","/w/index.php","//bits.wikimedia.org/static-1.22wmf6/skins/vector/images/search-ltr.png?303-4","/wiki/Main_Page","/wiki/Main_Page","/wiki/Portal:Contents","/wiki/Portal:Featured_content","/wiki/Portal:Current_events","/wiki/Special:Random","//donate.wikimedia.org/wiki/Special:FundraiserRedirector?utm_source=donate&utm_medium=sidebar&utm_campaign=C13_en.wikipedia.org&uselang=en","/wiki/Help:Contents","/wiki/Wikipedia:About","/wiki/Wikipedia:Community_portal","/wiki/Special:RecentChanges","//en.wikipedia.org/wiki/Wikipedia:Contact_us","/wiki/Special:WhatLinksHere/List_of_nursing_schools_in_the_United_States","/wiki/Special:RecentChangesLinked/List_of_nursing_schools_in_the_United_States","/wiki/Wikipedia:File_Upload_Wizard","/wiki/Special:SpecialPages","/w/index.php?title=List_of_nursing_schools_in_the_United_States&oldid=559907504","/w/index.php?title=List_of_nursing_schools_in_the_United_States&action=info","/w/index.php?title=Special:Cite&page=List_of_nursing_schools_in_the_United_States&id=559907504","/w/index.php?title=Special:Book&bookcmd=book_creator&referer=List+of+nursing+schools+in+the+United+States","/w/index.php?title=Special:Book&bookcmd=render_article&arttitle=List+of+nursing+schools+in+the+United+States&oldid=559907504&writer=rl","/w/index.php?title=List_of_nursing_schools_in_the_United_States&printable=yes","//www.wikidata.org/wiki/Q6631534#sitelinks","//en.wikipedia.org/wiki/Wikipedia:Text_of_Creative_Commons_Attribution-ShareAlike_3.0_Unported_License","//creativecommons.org/licenses/by-sa/3.0/","//wikimediafoundation.org/wiki/Terms_of_Use","//wikimediafoundation.org/wiki/Privacy_policy","//www.wikimediafoundation.org/","//wikimediafoundation.org/wiki/Privacy_policy","/wiki/Wikipedia:About","/wiki/Wikipedia:General_disclaimer","//en.wikipedia.org/wiki/Wikipedia:Contact_us","http://en.m.wikipedia.org/wiki/List_of_nursing_schools_in_the_United_States","//wikimediafoundation.org/","//bits.wikimedia.org/images/wikimedia-button.png","//www.mediawiki.org/","//bits.wikimedia.org/static-1.22wmf6/skins/common/images/poweredby_mediawiki_88x31.png","/w/index.php?title=MediaWiki:Gadget-ReferenceTooltips.js&action=raw&ctype=text/javascript&508635914","//bits.wikimedia.org/en.wikipedia.org/load.php?debug=false&lang=en&modules=site&only=scripts&skin=vector&*"],"instances":["new_york","massachusetts","indiana","minnesota","minnesota","georgia","new_hampshire","alabama","us","arizona","south_dakota","massachusetts","connecticut","united_states","kansas_city","wyoming","new_york","indiana"],"pdf":["http://www.azbn.gov/Documents/education/Nursing%20Programs/Nursing%20Programs%20List.11.13.12.pdf","http://www.lsbn.state.la.us/Portals/1/Documents/Forms/Schools.pdf","http://doh.dc.gov/sites/default/files/dc/sites/doh/service_content/attachments/Approved_Nursing_Schools_112012%20.pdf","http://www.nh.gov/nursing/education/documents/entry-level-rn.pdf","http://vtprofessionals.org/opr1/nurses/education/NU_Education_Programs_VT.pdf"],"categories":["Nursing schools in the United States|*","Lists of universities and colleges in the United States|Nursing","Lists of nursing schools"],"headings":["Alabama","Alaska","Arizona","Arkansas","California","Colorado","Connecticut","Delaware","Florida","Georgia","Hawaii","Idaho","Illinois","Indiana","Iowa","Kansas","Kentucky","Louisiana","Maine","Maryland","Massachusetts","Michigan","Minnesota","Mississippi","Missouri","Montana","Nebraska","Nevada","New Hampshire","New Jersey","New Mexico","New York","North Carolina","North Dakota","Ohio","Oklahoma","Oregon","Pennsylvania","Rhode Island","South Carolina","South Dakota","Tennessee","Texas","Utah","Vermont","Virginia","Washington","West Virginia","Wisconsin","Wyoming","District of Columbia","Guam","Puerto Rico","U.S. Virgin Islands","References"],"image":["//upload.wikimedia.org/wikipedia/en/thumb/f/f2/Edit-clear.svg/40px-Edit-clear.svg.png","//upload.wikimedia.org/wikipedia/commons/thumb/f/f2/Nursing_symbol.svg/32px-Nursing_symbol.svg.png","//upload.wikimedia.org/wikipedia/en/thumb/6/6c/Wiki_letter_w.svg/23px-Wiki_letter_w.svg.png","//bits.wikimedia.org/static-1.22wmf6/skins/vector/images/search-ltr.png?303-4","//bits.wikimedia.org/images/wikimedia-button.png","//bits.wikimedia.org/static-1.22wmf6/skins/common/images/poweredby_mediawiki_88x31.png"],"tags":[["judson_college","alabama"],["carrington_college","us"],["glendale_community_college","arizona"],["saint_joseph_college","connecticut"],["gordon_college","georgia"],["marian_university","indiana"],["saint_mary's_college","indiana"],["university_of_new_england","united_states"],["emmanuel_college","massachusetts"],["simmons_college","massachusetts"],["bethel_university","minnesota"],["crown_college","minnesota"],["presentation_college","south_dakota"],["cox_college","springfield,_missouri"],["metropolitan_community_college","kansas_city"],["saint_luke's_hospital","kansas_city,_missouri"],["manchester_community_college","new_hampshire"],["st._joseph_hospital","nashua,_new_hampshire"],["concordia_college","new_york"],["st._joseph's_college","new_york"],["presentation_college","south_dakota"],["sheridan_college","wyoming"],["sheridan_college","wyoming"]],"members":["simmons_college","cox_college","marian_university","crown_college","bethel_university","gordon_college","manchester_community_college","judson_college","carrington_college","glendale_community_college","presentation_college","emmanuel_college","saint_joseph_college","university_of_new_england","metropolitan_community_college","sheridan_college","concordia_college"],"related":["Alabama_Southern_Community_College","Monroeville,_Alabama","Auburn_University","Auburn,_Alabama","Auburn_Montgomery","Montgomery,_Alabama","Bevill_State_Community_College","Jasper,_Alabama","Bishop_State_Community_College","Mobile,_Alabama","Calhoun_Community_College","Decatur,_Alabama","Central_Alabama_Community_College","Childersburg,_Alabama","Chattahoochee_Valley_Community_College","Phenix_City,_Alabama","Faulkner_State_Community_College","Bay_Minette,_Alabama","Fortis_College","Montgomery,_Alabama","Gadsden_State_Community_College","Gadsden,_Alabama","Herzing_University","Birmingham,_Alabama","ITT_Technical_Institute","Birmingham,_Alabama","Madison,_Alabama","Mobile,_Alabama","Jacksonville_State_University","Jacksonville,_Alabama","Jefferson_Davis_Community_College","Brewton,_Alabama","Jefferson_State_Community_College","Birmingham,_Alabama","Judson_College_(Alabama)","Marion,_Alabama","Lawson_State_Community_College","Birmingham,_Alabama","Lurleen_B._Wallace_Community_College","Opp,_Alabama","Northeast_Alabama_Community_College","Rainsville,_Alabama","Northwest_Shoals_Community_College","Campbell,_Alabama","Oakwood_University","Huntsville,_Alabama","Samford_University","Birmingham,_Alabama","Shelton_State_Community_College","Tuscaloosa,_Alabama","Snead_State_Community_College","Boaz,_Alabama","South_University","Montgomery,_Alabama","Southern_Union_State_Community_College","Opelika,_Alabama","Spring_Hill_College","Mobile,_Alabama","Troy_University","Troy,_Alabama","Montgomery,_Alabama","Tuskegee_University","Tuskegee,_Alabama","University_of_Alabama","Tuscaloosa,_Alabama","University_of_Alabama_at_Birmingham","Birmingham,_Alabama","University_of_Alabama_at_Huntsville","Huntsville,_Alabama","University_of_Mobile","Mobile,_Alabama","University_of_North_Alabama","Florence,_Alabama","University_of_South_Alabama","Mobile,_Alabama","University_of_West_Alabama","Livingston,_Alabama","Virginia_College","Birmingham,_Alabama","Montgomery,_Alabama","Mobile,_Alabama","Wallace_Community_College","Dothan,_Alabama","Wallace_State_Community_College","Hanceville,_Alabama","Wallace_Community_College_Selma","Selma,_Alabama","University_of_Alaska_Anchorage","Anchorage,_Alaska","Arizona_State_University","Phoenix,_Arizona","Arizona_Western_College","Yuma,_Arizona","Brookline_College","Phoenix,_Arizona","Brown_Mackie_College","Phoenix,_Arizona","Carrington_College_(US)","Phoenix,_Arizona","Central_Arizona_College","Coolidge,_Arizona","Chamberlain_College_of_Nursing","Phoenix,_Arizona","Chandler-Gilbert_Community_College","Chandler,_Arizona","Cochise_Community_College","Sierra_Vista,_Arizona","Coconino_Community_College","Flagstaff,_Arizona","Eastern_Arizona_College","Thatcher,_Arizona","Estrella_Mountain_Community_College","Avondale,_Arizona","Everest_College","Phoenix,_Arizona","GateWay_Community_College","Phoenix,_Arizona","Glendale_Community_College_(Arizona)","Glendale,_Arizona","Grand_Canyon_University","Phoenix,_Arizona","ITT_Technical_Institute","Phoenix,_Arizona","Mesa_Community_College","Mesa,_Arizona","Mohave_Community_College","Lake_Havasu_City,_Arizona","Northern_Arizona_University","Flagstaff,_Arizona","Northland_Pioneer_College","Holbrook,_Arizona","Paradise_Valley_Community_College","Phoenix,_Arizona","Phoenix_College","Phoenix,_Arizona","Pima_Community_College","Tucson,_Arizona","Pima_Medical_Institute","Mesa,_Arizona","Tucson,_Arizona","Scottsdale_Community_College","Scottsdale,_Arizona","University_of_Arizona","Tucson,_Arizona","University_of_Phoenix","Phoenix,_Arizona","Yavapai_College","Prescott,_Arizona","Arkansas_State_University","Jonesboro,_Arkansas","Baptist_Health","Little_Rock,_Arkansas","Jefferson_Regional_Medical_Center","Pine_Bluff,_Arkansas","Southeast_Arkansas_Community_College","University_of_Arkansas_at_Pine_Bluff","University_of_Arkansas_for_Medical_Sciences","Azusa_Pacific_University","Azusa,_California","California_State_University,_Bakersfield","Bakersfield,_California","California_State_University,_Chico","California_State_University,_Dominguez_Hills","Carson,_California","California_State_University,_East_Bay","California_State_University,_Fresno","California_State_University,_Fullerton","Fullerton,_California","California_State_University,_Long_Beach","Long_Beach,_California","California_State_University,_Los_Angeles","Los_Angeles","California_State_University,_Northridge","California_State_University,_Sacramento","California_State_University,_San_Bernardino","San_Bernardino,_California","California_State_University,_Stanislaus","Chaffey_College","Rancho_Cucamonga,_California","Humboldt_State_University","Arcata,_California","Loma_Linda_University","Loma_Linda,_California","Mount_St._Mary's_College","Los_Angeles","Mount_San_Antonio_College","Walnut,_California","Samuel_Merritt_University","Oakland,_California","San_Bernardino_Valley_College","San_Bernardino,_California","San_Diego_State_University_College_of_Health_&_Human_Services","San_Diego","San_Francisco_State_University","San_Jos_State_University","Sonoma_State_University","Rohnert_Park,_California","University_of_California,_Irvine","UCLA_School_of_Nursing","Los_Angeles","University_of_San_Francisco","Victor_Valley_College","Dr._Prem_Reddy_School_of_Health_Sciences","Victorville,_California","West_Hills_College","Lemoore,_California","Western_University_of_Health_Sciences","Pomona,_California","Beth-El_College_of_Nursing_&_Health_Sciences","Colorado_Springs,_Colorado","Colorado_State_University-Pueblo","Denver_School_of_Nursing","Regis_University","Denver","University_of_Colorado_Denver","Aurora,_Colorado","University_of_Northern_Colorado","Greeley,_Colorado","Bridgeport,_Connecticut","Central_Connecticut_State_University","New_Britain,_Connecticut","Fairfield_University_School_of_Nursing","Fairfield,_Connecticut","Quinnipiac_University","Hamden,_Connecticut","Sacred_Heart_University","Fairfield,_Connecticut","Saint_Joseph_College_(Connecticut)","West_Hartford,_Connecticut","Southern_Connecticut_State_University","New_Haven,_Connecticut","University_of_Connecticut","Storrs,_Connecticut","Western_Connecticut_State_University","Danbury,_Connecticut","Yale_School_of_Nursing","New_Haven,_Connecticut","Delaware_State_University","Dover,_Delaware","Beebe_School_of_Nursing","Lewes,_Delaware","University_of_Delaware","Newark,_Delaware","Delaware_Technical_Community_College","Georgetown,_Delaware","Dover,_Delaware","Stanton,_Delaware","Barry_University","Miami_Shores,_Florida","Florida_Atlantic_University","Boca_Raton,_Florida","Florida_Educational_Institute","Florida_International_University","University_Park,_Florida","Hillsborough_Community_College","Hillsborough_County,_Florida","Jacksonville_University_School_of_Nursing","Jacksonville,_Florida","Keiser_College","Nova_Southeastern_University","Davie,_Florida","Polk_State_College","Winter_Haven,_Florida","Rasmussen_College","Fort_Meyers,_Florida","St._Johns_River_State_College","St._Petersburg_College","St._Petersburg,_Florida","South_University","Tampa,_Florida","West_Palm_Beach,_Florida","University_of_Central_Florida","Orlando,_Florida","University_of_Florida_College_of_Nursing","Gainesville,_Florida","University_of_Miami","Coral_Gables,_Florida","University_of_South_Florida","Tampa,_Florida","University_of_Tampa","Abraham_Baldwin_Agricultural_College","Tifton,_Georgia","Albany_State_University","Albany,_Georgia","Armstrong_Atlantic_State_University","Savannah,_Georgia","Athens_Technical_College","Athens,_Georgia","Augusta_State_University","Augusta,_Georgia","Brenau_University","Gainesville,_Georgia","Clayton_State_University","Morrow,_Georgia","Coastal_Georgia_Community_College","Brunswick,_Georgia","Columbus_State_University","Columbus,_Georgia","Columbus_Technical_College","Columbus,_Georgia","Dalton_State_College","Dalton,_Georgia","Darton_State_College","Albany,_Georgia","Emory_University","Atlanta","Floyd_College","Rome,_Georgia","Mercer_University","Atlanta","Georgia_College_and_State_University","Milledgeville,_Georgia","Georgia_Perimeter_College","Clarkston,_Georgia","Georgia_Southern_University","Statesboro,_Georgia","Georgia_Southwestern_State_University","Americus,_Georgia","Georgia_State_University","Atlanta","Gordon_College_(Georgia)","Barnesville,_Georgia","Kennesaw_State_University","Kennesaw,_Georgia","LaGrange_College","LaGrange,_Georgia","Macon_State_College","Macon,_Georgia","Medical_College_of_Georgia","Augusta,_Georgia","Middle_Georgia_College","Cochran,_Georgia","North_Georgia_College_and_State_University","Dahlonega,_Georgia","Northwestern_Technical_College","Rock_Spring,_Georgia","Piedmont_College","Demorest,_Georgia","South_Georgia_College","Douglas,_Georgia","Southwest_Georgia_Technical_College","Thomasville,_Georgia","Thomas_University","Thomasville,_Georgia","University_of_West_Georgia","Carrollton,_Georgia","Valdosta_State_University","Valdosta,_Georgia","West_Central_Technical_College","Waco,_Georgia","Hawaii_Community_College","Hilo,_Hawai'i","Hawaii_Pacific_University","Honolulu,_Hawai'i","Kapiolani_Community_College","Honolulu,_Hawai'i","Kauai_Community_College","Lhu'e,_Hawai'i","Maui_Community_College","Kahului,_Hawai'i","Boise_State_University","Boise,_Idaho","Brigham_Young_UniversityIdaho","Rexburg,_Idaho","Idaho_State_University","Pocatello,_Idaho","LewisClark_State_College","Lewiston,_Idaho","ATS_Institute_of_Technology","Chicago,_Illinois","Aurora_University_Online","Aurora,_Illinois","Capitol_Area_School_of_Nursing","Springfield,_Illinois","DePaul_University","Chicago","Graham_Hospital_School_of_Nursing","Canton,_Illinois","Harry_S._Truman_Community_College","Heartland_Community_College","Bloomington,_Illinois","Lewis_University_Online","Romeoville,_Illinois","Loyola_University_Chicago","Illinois_State_University","Normal,_Illinois","Millikin_University","Decatur,_Illinois","North_Park_University","Chicago","Northbrook_College_of_Health_Care","Wheeling,_Illinois","Northern_Illinois_University","DeKalb,_Illinois","Omega_Health_Care_Technical_School","Evanston,_Illinois","PCCTI","Prairie_State_College","Chicago_Heights,_Illinois","Richland_Community_College","Decatur,_Illinois","Saint_Anthony_College_of_Nursing","Rockford,_Illinois","Saint_Xavier_University","Chicago","South_Suburban_Community_College","South_Holland,_Illinois","University_of_Illinois_at_Chicago","Ball_State_University","Muncie,_Indiana","Goshen_College","Goshen,_Indiana","Indiana_State_University","Terre_Haute,_Indiana","Indiana_University","Bloomington,_Indiana","Indianapolis","Kokomo,_Indiana","Marian_University_(Indiana)","Purdue_University","West_Lafayette,_Indiana","Saint_Mary's_College_(Indiana)","Notre_Dame,_Indiana","University_of_Indianapolis","Indianapolis","University_of_Southern_Indiana","Evansville,_Indiana","Valparaiso_University","Valparaiso,_Indiana","Waterloo,_Iowa","Des_Moines_Area_Community_College","Ankeny,_Iowa","Mercy_College_of_Health_Science","Des_Moines,_Iowa","University_of_Iowa","Iowa_City,_Iowa","Johnson_County_Community_College","Overland_Park","Kansas_City_Kansas_Community_College","Kansas_City,_Kansas","Neosho_County_Community_College","Mary_Grimes_School_of_Nursing","Pittsburg_State_University","Pittsburg,_Kansas","University_of_Saint_Mary_Kansas_Online","Leavenworth,_Kanas","University_of_Kansas","Kansas_City,_Kansas","Washburn_University","Topeka,_Kansas","Wichita_State_University","Wichita,_Kansas","Galen_College_of_Nursing","Louisville,_Kentucky","Spalding_University","Louisville,_Kentucky","University_of_Kentucky","Lexington,_Kentucky","University_of_Louisville","Louisville,_Kentucky","Western_Kentucky_University","Bowling_Green,_Kentucky","Baton_Rouge_Community_College","Baton_Rouge,_Louisiana","Baton_Rouge_General_Hospital","Diploma_in_Nursing","Baton_Rouge,_Louisiana","Bossier_Parish_Community_College","Bossier_City,_Louisiana","Delgado_Community_College","New_Orleans","Dillard_University","Fletcher_Technical_Community_College","Houma,_Louisiana","Grambling_State_University","Grambling,_Louisiana","Louisiana_College","Pineville,_Louisiana","Louisiana_Delta_Community_College","Monroe,_Louisiana","Louisiana_State_University_at_Alexandria","Alexandria,_Louisiana","Louisiana_State_University_at_Eunice","Eunice,_Louisiana","LSU_Health_Sciences_Center_New_Orleans","New_Orleans","Louisiana_Tech_University","Ruston,_Louisiana","Loyola_University_New_Orleans","McNeese_State_University","Lake_Charles,_Louisiana","Nicholls_State_University","Thibodaux,_Louisiana","Northwestern_State_University","Natchitoches,_Louisiana","Shreveport,_Louisiana","Our_Lady_of_Holy_Cross_College","Our_Lady_of_the_Lake_College","Baton_Rouge,_Louisiana","Our_Lady_of_the_Lake_College_Online","Baton_Rouge,_Louisiana","Southeastern_Louisiana_University","Hammond,_Louisiana","Southern_University_and_A&M_College","Southern_University_at_Shreveport","Shreveport,_Louisiana","University_of_Louisiana_at_Lafayette","Lafayette,_Louisiana","University_of_Louisiana_at_Monroe","Monroe,_Louisiana","William_Carey_University","New_Orleans","Central_Maine_Community_College","Auburn,_Maine","Central_Maine_Medical_Center","Lewiston,_Maine","Eastern_Maine_Community_College","Bangor,_Maine","Husson_University","Bangor,_Maine","Kennebec_Valley_Community_College","Fairfield,_Maine","Northern_Maine_Community_College","Presque_Isle,_Maine","Saint_Joseph's_College_of_Maine","Standish,_Maine","Southern_Maine_Community_College","South_Portland,_Maine","University_of_Maine","Orono,_Maine","University_of_Maine_at_Augusta","Augusta,_Maine","University_of_Maine_at_Fort_Kent","Fort_Kent,_Maine","University_of_New_England_(United_States)","Biddeford,_Maine","Portland,_Maine","University_of_Southern_Maine","Portland,_Maine","Lewiston,_Maine","Notre_Dame_of_Maryland_University","Baltimore,_Maryland","Bowie_State_University","Bowie,_Maryland","Morgan_State_University","Baltimore,_Maryland","Washington_Adventist_University","Takoma_Park,_Maryland","Coppin_State_University","Baltimore","Johns_Hopkins_School_of_Nursing","Baltimore","Salisbury_University","Salisbury,_Maryland","Towson_University","Towson,_Maryland","University_of_Maryland_at_Baltimore","Baltimore","Stevenson_University","Stevenson,_Maryland","Community_College_of_Baltimore_County","Essex,_Maryland","Catonsville,_Maryland","Baltimore_City_Community_College","Baltimore,_Maryland","Carroll_Community_College","Westminster,_Maryland","Harford_Community_College","Bel_Air,_Maryland","Prince_George's_Community_College","Largo,_Maryland","College_of_Southern_Maryland","La_Plata,_Maryland","Wor-Wic_Community_College","Salisbury,_Maryland","Chesapeake_College","Wye_Mills,_Maryland","Anne_Arundel_Community_College","Arnold,_Maryland","Montgomery_College","Takoma_Park,_Maryland","Silver_Spring,_Maryland","Frederick_Community_College","Frederick,_Maryland","Cecil_College","North_East,_Maryland","Hagerstown_Community_College","Hagerstown,_Maryland","Allegany_College_of_Maryland","Cumberland,_Maryland","Howard_Community_College","Columbia,_Maryland","Anna_Maria_College","Paxton,_Massachusetts","Becker_College","Worcester,_Massachusetts","Boston_College","William_F._Connell_School_of_Nursing","Boston","Fisher_College","Curry_College","Milton,_Massachusetts","Elms_College","Chicopee,_Massachusetts","Emmanuel_College_(Massachusetts)","Fitchburg_State_University","Fitchburg,_Massachusetts","Regis_College","Medford,_Massachusetts","Mount_Wachusett_Community_College","Gardner,_Massachusetts","Northeastern_University","Bouv_College_of_Health_Sciences","Boston","Regis_College","Weston,_Massachusetts","Salem_State_University","Salem,_Massachusetts","Simmons_College_(Massachusetts)","University_of_Massachusetts_Amherst","University_of_Massachusetts_Boston","University_of_Massachusetts_Dartmouth","University_of_Massachusetts_Lowell","University_of_Massachusetts_Medical_School","Eastern_Michigan_University","Ypsilanti,_Michigan","Grand_Valley_State_University","Allendale,_Michigan","Kirtland_Community_College","Roscommon,_Michigan","Macomb_Community_College","Warren,_Michigan","Michigan_State_University_College_of_Nursing","East_Lansing,_Michigan","Mid_Michigan_Community_College","Harrison,_Michigan","Northern_Michigan_University","Marquette,_Michigan","Oakland_Community_College","Waterford,_Michigan","Oakland_University","Rochester,_Michigan","University_of_Detroit_Mercy","McAuley_School_of_Nursing","Detroit","University_of_Michigan","Ann_Arbor,_Michigan","Washtenaw_Community_College","Ann_Arbor,_Michigan","Wayne_State_University","Detroit","Western_Michigan_University","Kalamazoo,_Michigan","Alexandria_Technical_College","Alexandria,_Minnesota","Anoka-Ramsey_Community_College","Coon_Rapids,_Minnesota","Bemidji_State_University","Bemidji,_Minnesota","Bethel_University_(Minnesota)","St._Paul,_Minnesota","Central_Lakes_College","Brainerd,_Minnesota","College_of_St._Benedict/St._John's_University","St._Joseph,_Minnesota","College_of_St._Catherine","Minneapolis","College_of_St._Catherine","St._Paul,_Minnesota","The_College_of_St._Scholastica","Duluth,_Minnesota","Concordia_College,_Moorhead","Moorhead,_Minnesota","Crown_College_(Minnesota)","St._Bonifacius,_Minnesota","Fond_du_Lac_Tribal_and_Community_College","Lake_Superior_College","Cloquet,_Minnesota","Gustavus_Adolphus_College","St._Olaf_College","Northfield,_Minnesota","St._Peter,_Minnesota","Hibbing_Community_College","Hibbing,_Minnesota","Itasca_Community_College","Grand_Rapids,_Minnesota","Rainy_River_Community_College","International_Falls,_Minnesota","Vermilion_Community_College","Ely,_Minnesota","Inver_Hills-Century_Colleges","Century_Community_and_Technical_College","White_Bear_Lake,_Minnesota","Inver_Hills_Community_College","Inver_Grove_Heights,_Minnesota","Lake_Superior_College","Duluth,_Minnesota","Metropolitan_State_University","Saint_Paul,_Minnesota","Minneapolis_Community_and_Technical_College","Minneapolis","Minnesota_State_College","Red_Wing,_Minnesota","Winona,_Minnesota","Minnesota_State_Community_and_Technical_College","Detroit_Lakes,_Minnesota","Fergus_Falls,_Minnesota","Moorhead,_Minnesota","Wadena,_Minnesota","Minnesota_State_University,_Mankato","Mankato,_Minnesota","Minnesota_State_University_Moorhead","Moorhead,_Minnesota","Minnesota_West_Community_and_Technical_College","Pipestone,_Minnesota","Worthington,_Minnesota","Normandale_Community_College","Bloomington,_Minnesota","North_Hennepin_Community_College","Brooklyn_Park,_Minnesota","St._Cloud,_Minnesota","Northland_Community_and_Technical_College","East_Grand_Forks,_Minnesota","Thief_River_Falls,_Minnesota","Owatonna_College_and_University_Center","Owatonna,_Minnesota","Pine_City_Technical_College","Pine_City,_Minnesota","Presentation_College_(South_Dakota)","Aberdeen,_South_Dakota","Fairmont,_Minnesota","Richfield_Campus-Globe_University/Minnesota_School_of_Business","Richfield,_Minnesota","Ridgewater_College","Hutchinson,_Minnesota","Willmar,_Minnesota","Riverland_Community_College","Albert_Lea,_Minnesota","Austin,_Minnesota","Rochester_Community_and_Technical_College","Rochester,_Minnesota","St._Cloud_State_University","St._Cloud,_Minnesota","South_Central_College","Faribault,_Minnesota","North_Mankato,_Minnesota","University_of_Minnesota","Minneapolis","University_of_Minnesota_Rochester","Rochester,_Minnesota","White_Earth_Tribal_and_Community_College","Mahnomen,_Minnesota","Winona_State_University","Rochester,_Minnesota","Winona,_Minnesota","Mississippi_Gulf_Coast_Community_College","Mississippi_University_for_Women","Columbus,_Mississippi","University_of_Mississippi_Medical_Center","Jackson,_Mississippi","University_of_Southern_Mississippi","Hattiesburg,_Mississippi","Cox_College_(Springfield,_Missouri)","Springfield,_Missouri","Metropolitan_Community_College_(Kansas_City)","Kansas_City,_Missouri","Saint_Luke's_Hospital_(Kansas_City,_Missouri)","Kansas_City,_Missouri","University_of_Missouri","Sinclair_School_of_Nursing","Columbia,_Missouri","University_of_MissouriKansas_City","Kansas_City,_Missouri","Montana_State_University","Bozeman,_Montana","Salish_Kootenai_College","Pablo,_Montana","Creighton_University","Omaha,_Nebraska","University_of_Nebraska_Medical_Center","College_of_Southern_Nevada","Clark_County,_Nevada","Great_Basin_College","Elko,_Nevada","Truckee_Meadows_Community_College","Reno,_Nevada","University_of_Nevada,_Las_Vegas","University_of_Nevada,_Reno","Western_Nevada_College","Carson_City,_Nevada","Colby-Sawyer_College","New_London,_New_Hampshire","Great_Bay_Community_College","Portsmouth,_New_Hampshire","Keene_State_College","Keene,_New_Hampshire","Lakes_Region_Community_College","Laconia,_New_Hampshire","Manchester_Community_College_(New_Hampshire)","Manchester,_New_Hampshire","Massachusetts_College_of_Pharmacy_and_Health_Sciences","Manchester,_New_Hampshire","Nashua_Community_College","Nashua,_New_Hampshire","New_Hampshire_Technical_Institute","Concord,_New_Hampshire","Plymouth_State_University","Plymouth,_New_Hampshire","River_Valley_Community_College","Claremont,_New_Hampshire","Rivier_University","Nashua,_New_Hampshire","Saint_Anselm_College","Goffstown,_New_Hampshire","St._Joseph_Hospital_(Nashua,_New_Hampshire)","Nashua,_New_Hampshire","University_of_New_Hampshire","Durham,_New_Hampshire","White_Mountains_Community_College","Berlin,_New_Hampshire","County_College_of_Morris","Randolph,_New_Jersey","Mountainside_Hospital_School_of_Nursing","Montclair,_New_Jersey","Seton_Hall_University","South_Orange,_New_Jersey","The_College_of_New_Jersey","Ewing,_New_Jersey","Eastern_New_Mexico_University","Roswell,_New_Mexico","New_Mexico_State_University","Las_Cruces,_New_Mexico","University_of_New_Mexico","Albuquerque,_New_Mexico","Adelphi_University","Garden_City,_New_York","Binghamton_University","State_University_of_New_York","Binghamton,_New_York","Bronx_Community_College","New_York_City","Broome_Community_College","State_University_of_New_York","Binghamton,_New_York","College_of_Mount_Saint_Vincent","Riverdale,_Bronx","Concordia_College_(New_York)","Bronxville,_New_York","Crouse_Hospital_College_of_Nursing","Syracuse,_New_York","CUNY_Hunter_College","New_York_City","CUNY_Lehman_College","The_Bronx","Ellis_School_of_Nursing","Schenectady,_New_York","Excelsior_College","Albany,_New_York","Long_Island_College_Hospital","Brooklyn","New_Age_Training","New_York_City","New_York_University_College_of_Nursing","New_York_City","Pace_University","New_York_City","Pleasantville,_New_York","Phillips_Beth_Israel_School_of_Nursing","New_York_City","St._Joseph's_College_(New_York)","Brooklyn","Patchogue,_New_York","St._Joseph's_College_of_Nursing","Syracuse,_New_York","Samaritan_Hospital_School_of_Nursing","Stony_Brook_University","Stony_Brook,_New_York","Touro_College","Brooklyn","Utica_College_Online","Utica,_New_York","Bellevue_Hospital_School_of_Nursing","Cabarrus_College_of_Health_Sciences","Concord,_North_Carolina","Cape_Fear_Community_College","Wilmington,_North_Carolina","Duke_University","Durham,_North_Carolina","East_Carolina_University","Greenville,_North_Carolina","North_Carolina_Central_University","Durham,_North_Carolina","University_of_North_Carolina_at_Chapel_Hill","Chapel_Hill,_North_Carolina","University_of_North_Carolina_at_Charlotte","Charlotte,_North_Carolina","University_of_North_Carolina_at_Greensboro","Greensboro,_North_Carolina","University_of_North_Carolina_at_Wilmington","Wilmington,_North_Carolina","Wake_Forest_University","Winston-Salem,_North_Carolina","Wake_Technical_Community_College","Raleigh,_North_Carolina","Winston_Salem_State_University","Winston-Salem,_North_Carolina","Fayetteville_Technical_Community_College","Fayetteville,_North_Carolina","Dickinson_State_University","Dickinson,_North_Dakota","Jamestown_College","Jamestown,_North_Dakota","Lake_Region_State_College","Devils_Lake,_North_Dakota","Medcenter_One_Health_Systems","Bismarck,_North_Dakota","Minot_State_University","Minot,_North_Dakota","North_Dakota_State_College_of_Science","Wahpeton,_North_Dakota","North_Dakota_State_University","Fargo,_North_Dakota","Tri-College_University_Nursing_Consortium","Concordia_College,_Moorhead","Moorhead,_Minnesota","Minnesota_State_University_Moorhead","Moorhead,_Minnesota","North_Dakota_State_University","Fargo,_North_Dakota","United_Tribes_Technical_College","Bismarck,_North_Dakota","University_of_Mary","Bismarck,_North_Dakota","University_of_North_Dakota","Grand_Forks,_North_Dakota","Ashland_University","Ashland,_Ohio","Case_Western_Reserve_University","Cleveland","Cedarville_University","Cedarville,_Ohio","Christ_College_of_Nursing_and_Health_Sciences","Cincinnati","Columbus_State_Community_College","Columbus,_Ohio","Lorain_County_Community_College","Elyria,_Ohio","MedCentral_College_of_Nursing","Mansfield,_Ohio","Mount_Carmel_College_of_Nursing","Columbus,_Ohio","Notre_Dame_College","South_Euclid,_Ohio","Ohio_Northern_University","Ada,_Ohio","Ohio_State_University","Columbus,_Ohio","Otterbein_College","Westerville,_Ohio","Springfield_Regional_School_of_Nursing","Springfield,_Ohio","Cameron_University","University_of_Oklahoma_College_of_Medicine","Lawton,_Oklahoma","Cameron_University","Western_Oklahoma_State_College","Lawton,_Oklahoma","Oklahoma_City_University","Oklahoma_City","Oklahoma_Wesleyan_University","Bartlesville,_Oklahoma","University_of_Central_Oklahoma","Edmond,_Oklahoma","University_of_Oklahoma","University_of_Oklahoma_College_of_Medicine","Oklahoma_City","Western_Oklahoma_State_College","Altus,_Oklahoma","Concordia_University,_Portland","Portland,_Oregon","Oregon_Health_&_Science_University","Portland,_Oregon","University_of_Portland","Portland,_Oregon","Abington_Memorial_Hospital","Willow_Grove,_Pennsylvania","Drexel_University_College_of_Nursing_and_Health_Professions","Philadelphia","Gannon_University_Online","Erie","Holy_Family_University","Northeast_Philadelphia","Lancaster_General_College_of_Nursing_&_Health_Sciences","Lancaster,_Pennsylvania","Methodist_Hospital_School_of_Nursing","Philadelphia","Mount_Aloysius_College","Cresson,_Pennsylvania","Northeastern,_Hospital_School_of_Nursing","Temple_University_Health_System","Community_College_of_Philadelphia","Philadelphia","Ohio_Valley_General_Hospital_School_of_Nursing","Pennsylvania_State_University","Hershey,_Pennsylvania","University_Park,_Pennsylvania","Pottsville_Hospital_School_of_Nursing","Pottsville,_Pennsylvania","Roxborough_Memorial_Hospital_School_of_Nursing","St._Luke's_School_of_Nursing","Bethlehem,_Pennsylvania","Thomas_Jefferson_University","Jefferson_College_of_Health_Professions","University_of_Pennsylvania_School_of_Nursing","Philadelphia","University_of_Pittsburgh_School_of_Nursing","Pittsburgh","UPMC_Shadyside_School_of_Nursing","Pittsburgh","Villanova_University","Villanova,_Pennsylvania","Community_College_of_Rhode_Island","Rhode_Island_College","Providence,_Rhode_Island","Saint_Joseph_School_of_Nursing","Salve_Regina_University","Newport,_Rhode_Island","University_of_Rhode_Island","Kingston,_Rhode_Island","Clemson_University","Clemson,_South_Carolina","Francis_Marion_University","Florence,_South_Carolina","Medical_University_of_South_Carolina","Charleston,_South_Carolina","University_of_South_Carolina","Columbia,_South_Carolina","University_of_South_Carolina_Aiken","Aiken,_South_Carolina","University_of_South_Carolina_Upstate","Spartanburg,_South_Carolina","Dakota_Wesleyan_University","Mitchell,_South_Dakota","Mount_Marty_College","Yankton,_South_Dakota","Oglala_Lakota_College","Kyle,_South_Dakota","Presentation_College_(South_Dakota)","Aberdeen,_South_Dakota","Sisseton_Wahpeton_Community_College","Sisseton,_South_Dakota","South_Dakota_State_University","Brookings,_South_Dakota","University_of_South_Dakota","Vermillion,_South_Dakota","Austin_Peay_State_University","Clarksville,_Tennessee","East_Tennessee_State_University","Johnson_City,_Tennessee","King_College","Bristol,_Tennessee","Middle_Tennessee_State_University","Murfreesboro,_Tennessee","Tennessee_Technological_University","Cookeville,_Tennessee","South_College","Angelo_State_University_College_of_Nursing_and_Allied_Health","Angelo_State_University","San_Angelo,_Texas","Baylor_University","Dallas","Texas_Christian_University","Fort_Worth,_Texas","Anita_Thigpen_Perry_School_of_Nursing","Texas_Tech_University_Health_Sciences_Center","Lubbock,_Texas","Gayle_Greve_Hunt_School_of_Nursing","Texas_Tech_University_Health_Sciences_Center","El_Paso,_Texas","University_of_HoustonVictoria","Victoria,_Texas","University_of_Texas_at_Austin_School_of_Nursing","University_of_Texas_at_Austin","Austin,_Texas","University_of_Texas_Health_Science_Center_at_Houston_School_of_Nursing","University_of_Texas_Health_Science_Center_at_Houston","Houston","University_of_Texas_Health_Science_Center_at_San_Antonio_School_of_Nursing","University_of_Texas_Health_Science_Center_at_San_Antonio","San_Antonio","Texas_Woman's_University","Denton,_Texas","West_Texas_A&M_University","Canyon,_Texas","Brigham_Young_University_College_of_Nursing","Provo,_Utah","Dixie_State_College","St._George,_Utah","Nightingale_College_Utah","Ogden,_Utah","Snow_College","Ephraim,_Utah","Southern_Utah_University","Cedar_City,_Utah","University_of_Utah","Salt_Lake_City","Utah_Valley_University","Orem,_Utah","Weber_State_University","Ogden,_Utah","Ogden,_Utah","Castleton_State_College","Castleton,_Vermont","Norwich_University","Northfield,_Vermont","Southern_Vermont_College","Bennington,_Vermont","University_of_Vermont","Burlington,_Vermont","Vermont_Technical_College","Randolph_Center,_Vermont","Eastern_Mennonite_University","Harrisonburg,_Virginia","George_Mason_University","Fairfax,_Virginia","Hampton_University","Hampton,_Virginia","James_Madison_University","Harrisonburg,_Virginia","Jefferson_College_of_Health_Sciences","Roanoke,_Virginia","Liberty_University","Lynchburg,_Virginia","Lynchburg_College","Lynchburg,_Virginia","Marymount_University","Arlington,_Virginia","Norfolk_State_University","Norfolk,_Virginia","Old_Dominion_University","Norfolk,_Virginia","Radford_University","Radford,_Virginia","Shenandoah_University","Winchester,_Virginia","University_of_Virginia_School_of_Nursing","Charlottesville,_Virginia","Virginia_Commonwealth_University","Richmond,_Virginia","Gonzaga_University","Spokane,_Washington","Pacific_Lutheran_University","Tacoma,_Washington","Seattle_University","Seattle","University_of_Washington","Seattle","Washington_State_University","Spokane,_Washington","Alderson-Broaddus_College","Philippi,_West_Virginia","Bluefield_State_College","Bluefield,_West_Virginia","Fairmont_State_University","Fairmont,_West_Virginia","Marshall_University","Huntington,_West_Virginia","West_Virginia_University","Morgantown,_West_Virginia","Shepherd_University","Shepherdstown,_West_Virginia","Alverno_College","Milwaukee","Bellin_College","Green_Bay,_Wisconsin","Blackhawk_Technical_College","Janesville,_Wisconsin","Cardinal_Stritch_University","Milwaukee","Chippewa_Valley_Technical_College","Eau_Claire,_Wisconsin","Fox_Valley_Technical_College","Appleton,_Wisconsin","Gateway_Technical_College","Burlington,_Wisconsin","Lakeshore_Technical_College","Cleveland,_Manitowoc_County,_Wisconsin","Madison_Area_Technical_College","Madison,_Wisconsin","Marquette_University","Milwaukee","Mid-State_Technical_College","Milwaukee_Area_Technical_College","Milwaukee","Milwaukee_School_of_Engineering","Milwaukee","Moraine_Park_Technical_College","Mount_Mary_College","Milwaukee","Nicolet_Area_Technical_College","Rhinelander,_Wisconsin","Northcentral_Technical_College","Wausau,_Wisconsin","Northeast_Wisconsin_Technical_College","Southwest_Wisconsin_Technical_College","Fennimore,_Wisconsin","University_of_WisconsinEau_Claire","Eau_Claire,_Wisconsin","University_of_WisconsinGreen_Bay","Green_Bay,_Wisconsin","University_of_WisconsinMadison","Madison,_Wisconsin","University_of_WisconsinMilwaukee","University_of_WisconsinMilwaukee_College_of_Nursing","Milwaukee","University_of_WisconsinOshkosh","Oshkosh,_Wisconsin","University_of_WisconsinParkside","Kenosha,_Wisconsin","Viterbo_University","La_Crosse,_Wisconsin","Waukesha_County_Technical_College","Western_Technical_College","La_Crosse,_Wisconsin","Wisconsin_Indianhead_Technical_College","Casper_College","Casper,_Wyoming","Central_Wyoming_College","Riverton,_Wyoming","Laramie_County_Community_College","Cheyenne,_Wyoming","Sheridan_College_(Wyoming)","Gillette,_Wyoming","Sheridan_College_(Wyoming)","Sheridan,_Wyoming","Northwest_College","Powell,_Wyoming","University_of_Wyoming","Laramie,_Wyoming","Western_Wyoming_Community_College","Rock_Springs,_Wyoming","Catholic_University_of_America","Georgetown_University","George_Washington_University","Howard_University","Medtech","Trinity_Washington_University","University_of_the_District_of_Columbia","University_of_Guam","Mangilao","University_of_the_Virgin_Islands","Saint_Thomas,_U.S._Virgin_Islands"]}