{"cursor":"39171","size":15,"audio":[],"currentlang":"en","article":"\n\nThis is a 'list of [[sovereign state]]s and dependent territories in\n[[Africa]]', with information about their respective capitals, languages,\ncurrencies, population, area and GDP per capita.\n\nMalta and parts of Italy, Spain, Portugal and France are located on the African\ncontinental plate, however they are considered European by convention. The\nisland of Socotra is also on the African plate, but is part of the Asian state\nof Yemen. Egypt, although extending into Asia through the Sinai peninsula, is\nconsidered an African state.\n","linknr":1136,"url":"List_of_African_countries","recorded":1375055979,"links":["/w/index.php?title=List_of_sovereign_states_and_dependent_territories_in_Africa&action=edit","/w/index.php?title=List_of_sovereign_states_and_dependent_territories_in_Africa&action=edit","//bits.wikimedia.org/favicon/wikipedia.ico","/w/opensearch_desc.php","//en.wikipedia.org/w/api.php?action=rsd","//creativecommons.org/licenses/by-sa/3.0/","/w/index.php?title=Special:RecentChanges&feed=atom","/wiki/List_of_sovereign_states_and_dependent_territories_in_Africa","//bits.wikimedia.org/en.wikipedia.org/load.php?debug=false&lang=en&modules=ext.gadget.DRN-wizard%2CReferenceTooltips%2Ccharinsert%2Cteahouse%7Cext.rtlcite%2Cwikihiero%7Cext.uls.nojs%7Cmediawiki.legacy.commonPrint%2Cshared%7Cmw.PopUpMediaTransform%7Cskins.vector&only=styles&skin=vector&*","//bits.wikimedia.org/en.wikipedia.org/load.php?debug=false&lang=en&modules=site&only=styles&skin=vector&*","//bits.wikimedia.org/en.wikipedia.org/load.php?debug=false&lang=en&modules=startup&only=scripts&skin=vector&*","//bits.wikimedia.org/geoiplookup","//meta.wikimedia.org","/w/index.php?title=List_of_African_countries&redirect=no","#mw-navigation","#p-search","/wiki/File:Africa_(orthographic_projection).svg","//upload.wikimedia.org/wikipedia/commons/thumb/8/86/Africa_%28orthographic_projection%29.svg/200px-Africa_%28orthographic_projection%29.svg.png","/wiki/Sovereign_state","/wiki/Africa","/wiki/Capital_(political)","/wiki/Language","/wiki/Currency","/wiki/World_population","/wiki/Area","/wiki/GDP_per_capita","/wiki/Malta","/wiki/Italy","/wiki/Spain","/wiki/Portugal","/wiki/France","/wiki/Socotra","/wiki/Asia","/wiki/Yemen","/wiki/Egypt","/wiki/Sinai_peninsula","#Sovereign_states","#Recognised_states","#Partially_recognised_and_unrecognised_states","#Non-sovereign_territories","#Dependent_territories","#Other_areas","#Notes","#See_also","#References","/w/index.php?title=List_of_sovereign_states_and_dependent_territories_in_Africa&action=edit&section=1","/w/index.php?title=List_of_sovereign_states_and_dependent_territories_in_Africa&action=edit&section=2","/wiki/Diplomatic_recognition","/wiki/United_Nations","#cite_note-1","/wiki/Morocco","/wiki/African_Union","#cite_note-2","#cite_note-3","/wiki/Algeria","#cite_note-4","/wiki/Algeria","//upload.wikimedia.org/wikipedia/commons/thumb/7/77/Flag_of_Algeria.svg/100px-Flag_of_Algeria.svg.png","/wiki/Algiers","/wiki/Algerian_dinar","/wiki/Arabic_language","/wiki/File:Location_Algeria_AU_Africa.svg","//upload.wikimedia.org/wikipedia/commons/thumb/9/9a/Location_Algeria_AU_Africa.svg/150px-Location_Algeria_AU_Africa.svg.png","/wiki/Angola","#cite_note-5","/wiki/Angola","//upload.wikimedia.org/wikipedia/commons/thumb/9/9d/Flag_of_Angola.svg/100px-Flag_of_Angola.svg.png","/wiki/Luanda","/wiki/Kwanza","/wiki/Portuguese_language","/wiki/File:Location_Angola_AU_Africa.svg","//upload.wikimedia.org/wikipedia/commons/thumb/c/ca/Location_Angola_AU_Africa.svg/150px-Location_Angola_AU_Africa.svg.png","/wiki/Benin","#cite_note-6","/wiki/Benin","//upload.wikimedia.org/wikipedia/commons/thumb/0/0a/Flag_of_Benin.svg/100px-Flag_of_Benin.svg.png","/wiki/Porto_Novo","/wiki/West_African_CFA_franc","/wiki/French_language","/wiki/File:Location_Benin_AU_Africa.svg","//upload.wikimedia.org/wikipedia/commons/thumb/b/b6/Location_Benin_AU_Africa.svg/150px-Location_Benin_AU_Africa.svg.png","/wiki/Botswana","#cite_note-7","/wiki/Botswana","//upload.wikimedia.org/wikipedia/commons/thumb/f/fa/Flag_of_Botswana.svg/100px-Flag_of_Botswana.svg.png","/wiki/Gaborone","/wiki/Botswana_pula","/wiki/English_language","/wiki/Tswana_language","/wiki/File:Location_Botswana_AU_Africa.svg","//upload.wikimedia.org/wikipedia/commons/thumb/a/a8/Location_Botswana_AU_Africa.svg/150px-Location_Botswana_AU_Africa.svg.png","/wiki/Burkina_Faso","#cite_note-8","/wiki/Burkina_Faso","//upload.wikimedia.org/wikipedia/commons/thumb/3/31/Flag_of_Burkina_Faso.svg/100px-Flag_of_Burkina_Faso.svg.png","/wiki/Ouagadougou","/wiki/West_African_CFA_franc","/wiki/French_language","/wiki/File:Location_Burkina_Faso_AU_Africa.svg","//upload.wikimedia.org/wikipedia/commons/thumb/3/35/Location_Burkina_Faso_AU_Africa.svg/150px-Location_Burkina_Faso_AU_Africa.svg.png","/wiki/Burundi","#cite_note-9","/wiki/Burundi","//upload.wikimedia.org/wikipedia/commons/thumb/5/50/Flag_of_Burundi.svg/100px-Flag_of_Burundi.svg.png","/wiki/Bujumbura","/wiki/Burundi_franc","/wiki/Kirundi","/wiki/French_language","/wiki/File:Location_Burundi_AU_Africa.svg","//upload.wikimedia.org/wikipedia/commons/thumb/4/43/Location_Burundi_AU_Africa.svg/150px-Location_Burundi_AU_Africa.svg.png","/wiki/Cameroon","#cite_note-10","/wiki/Cameroon","//upload.wikimedia.org/wikipedia/commons/thumb/4/4f/Flag_of_Cameroon.svg/100px-Flag_of_Cameroon.svg.png","/wiki/Yaound%C3%A9","/wiki/Central_African_CFA_franc","/wiki/French_language","/wiki/English_language","/wiki/File:Location_Cameroon_AU_Africa.svg","//upload.wikimedia.org/wikipedia/commons/thumb/4/42/Location_Cameroon_AU_Africa.svg/150px-Location_Cameroon_AU_Africa.svg.png","/wiki/Cape_Verde","#cite_note-11","/wiki/Cape_Verde","//upload.wikimedia.org/wikipedia/commons/thumb/3/38/Flag_of_Cape_Verde.svg/100px-Flag_of_Cape_Verde.svg.png","/wiki/Praia","/wiki/Cape_Verdean_escudo","/wiki/Portuguese_language","/wiki/File:Location_Cape_Verde_AU_Africa.svg","//upload.wikimedia.org/wikipedia/commons/thumb/d/d8/Location_Cape_Verde_AU_Africa.svg/150px-Location_Cape_Verde_AU_Africa.svg.png","/wiki/Central_African_Republic","#cite_note-12","/wiki/Central_African_Republic","//upload.wikimedia.org/wikipedia/commons/thumb/6/6f/Flag_of_the_Central_African_Republic.svg/100px-Flag_of_the_Central_African_Republic.svg.png","/wiki/Bangui","/wiki/Central_African_CFA_franc","/wiki/Sango","/wiki/French_language","/wiki/File:Location_Central_African_Republic_AU_Africa.svg","//upload.wikimedia.org/wikipedia/commons/thumb/f/f0/Location_Central_African_Republic_AU_Africa.svg/150px-Location_Central_African_Republic_AU_Africa.svg.png","/wiki/Chad","#cite_note-13","/wiki/Chad","//upload.wikimedia.org/wikipedia/commons/thumb/4/4b/Flag_of_Chad.svg/100px-Flag_of_Chad.svg.png","/wiki/N%27Djamena","/wiki/Central_African_CFA_franc","/wiki/French_language","/wiki/Arabic_language","/wiki/File:Location_Chad_AU_Africa.svg","//upload.wikimedia.org/wikipedia/commons/thumb/e/ec/Location_Chad_AU_Africa.svg/150px-Location_Chad_AU_Africa.svg.png","/wiki/Comoros","#cite_note-14","/wiki/Comoros","//upload.wikimedia.org/wikipedia/commons/thumb/9/94/Flag_of_the_Comoros.svg/100px-Flag_of_the_Comoros.svg.png","/wiki/Moroni,_Comoros","/wiki/Comorian_franc","/wiki/Arabic_language","/wiki/French_language","/wiki/Comorian_language","/wiki/File:Location_Comoros_AU_Africa.svg","//upload.wikimedia.org/wikipedia/commons/thumb/2/25/Location_Comoros_AU_Africa.svg/150px-Location_Comoros_AU_Africa.svg.png","/wiki/Democratic_Republic_of_the_Congo","#cite_note-15","#cite_note-16","/wiki/Democratic_Republic_of_the_Congo","//upload.wikimedia.org/wikipedia/commons/thumb/6/6f/Flag_of_the_Democratic_Republic_of_the_Congo.svg/100px-Flag_of_the_Democratic_Republic_of_the_Congo.svg.png","/wiki/Kinshasa","/wiki/Congolese_franc","/wiki/French_language","/wiki/File:Location_DR_Congo_AU_Africa.svg","//upload.wikimedia.org/wikipedia/commons/thumb/a/a9/Location_DR_Congo_AU_Africa.svg/150px-Location_DR_Congo_AU_Africa.svg.png","/wiki/Republic_of_the_Congo","#cite_note-17","#cite_note-18","/wiki/Republic_of_the_Congo","//upload.wikimedia.org/wikipedia/commons/thumb/9/92/Flag_of_the_Republic_of_the_Congo.svg/100px-Flag_of_the_Republic_of_the_Congo.svg.png","/wiki/Brazzaville","/wiki/Central_African_CFA_franc","/wiki/French_language","/wiki/File:Location_Republic_of_the_Congo_AU_Africa.svg","//upload.wikimedia.org/wikipedia/commons/thumb/b/ba/Location_Republic_of_the_Congo_AU_Africa.svg/150px-Location_Republic_of_the_Congo_AU_Africa.svg.png","/wiki/Djibouti","#cite_note-19","/wiki/Djibouti","//upload.wikimedia.org/wikipedia/commons/thumb/3/34/Flag_of_Djibouti.svg/100px-Flag_of_Djibouti.svg.png","/wiki/Djibouti_(city)","/wiki/Djiboutian_Franc","/wiki/Arabic_language","/wiki/French_language","/wiki/File:Location_Djibouti_AU_Africa.svg","//upload.wikimedia.org/wikipedia/commons/thumb/5/53/Location_Djibouti_AU_Africa.svg/150px-Location_Djibouti_AU_Africa.svg.png","/wiki/Egypt","#cite_note-20","#cite_note-TAA-21","/wiki/Egypt","//upload.wikimedia.org/wikipedia/commons/thumb/f/fe/Flag_of_Egypt.svg/100px-Flag_of_Egypt.svg.png","/wiki/Cairo","/wiki/Egyptian_Pound","/wiki/Arabic_language","/wiki/File:Location_Egypt_AU_Africa.svg","//upload.wikimedia.org/wikipedia/commons/thumb/d/df/Location_Egypt_AU_Africa.svg/150px-Location_Egypt_AU_Africa.svg.png","/wiki/Equatorial_Guinea","#cite_note-22","/wiki/Equatorial_Guinea","//upload.wikimedia.org/wikipedia/commons/thumb/3/31/Flag_of_Equatorial_Guinea.svg/100px-Flag_of_Equatorial_Guinea.svg.png","/wiki/Malabo","/wiki/Central_African_CFA_franc","/wiki/Spanish_language","/wiki/French_language","/wiki/Portuguese_language","/wiki/File:Location_Equatorial_Guinea_AU_Africa.svg","//upload.wikimedia.org/wikipedia/commons/thumb/e/e2/Location_Equatorial_Guinea_AU_Africa.svg/150px-Location_Equatorial_Guinea_AU_Africa.svg.png","/wiki/Eritrea","#cite_note-23","/wiki/Eritrea","//upload.wikimedia.org/wikipedia/commons/thumb/2/29/Flag_of_Eritrea.svg/100px-Flag_of_Eritrea.svg.png","/wiki/Asmara","/wiki/Eritrean_nakfa","/wiki/Tigrinya","/wiki/Arabic","/wiki/English_language","/wiki/File:Location_Eritrea_AU_Africa.svg","//upload.wikimedia.org/wikipedia/commons/thumb/9/9f/Location_Eritrea_AU_Africa.svg/150px-Location_Eritrea_AU_Africa.svg.png","/wiki/Ethiopia","#cite_note-24","/wiki/Ethiopia","//upload.wikimedia.org/wikipedia/commons/thumb/7/71/Flag_of_Ethiopia.svg/100px-Flag_of_Ethiopia.svg.png","/wiki/Addis_Ababa","/wiki/Ethiopian_birr","/wiki/Amharic_language","/wiki/English_language","/wiki/File:Location_Ethiopia_AU_Africa.svg","//upload.wikimedia.org/wikipedia/commons/thumb/e/e7/Location_Ethiopia_AU_Africa.svg/150px-Location_Ethiopia_AU_Africa.svg.png","/wiki/Gabon","#cite_note-25","/wiki/Gabon","//upload.wikimedia.org/wikipedia/commons/thumb/0/04/Flag_of_Gabon.svg/100px-Flag_of_Gabon.svg.png","/wiki/Libreville","/wiki/Central_African_CFA_franc","/wiki/French_language","/wiki/File:Location_Gabon_AU_Africa.svg","//upload.wikimedia.org/wikipedia/commons/thumb/9/9c/Location_Gabon_AU_Africa.svg/150px-Location_Gabon_AU_Africa.svg.png","/wiki/The_Gambia","#cite_note-26","/wiki/The_Gambia","//upload.wikimedia.org/wikipedia/commons/thumb/7/77/Flag_of_The_Gambia.svg/100px-Flag_of_The_Gambia.svg.png","/wiki/Banjul","/wiki/Dalasi","/wiki/English_language","/wiki/File:Location_Gambia_AU_Africa.svg","//upload.wikimedia.org/wikipedia/commons/thumb/5/52/Location_Gambia_AU_Africa.svg/150px-Location_Gambia_AU_Africa.svg.png","/wiki/Ghana","#cite_note-27","/wiki/Ghana","//upload.wikimedia.org/wikipedia/commons/thumb/1/19/Flag_of_Ghana.svg/100px-Flag_of_Ghana.svg.png","/wiki/Accra","/wiki/Ghanaian_cedi","/wiki/English_language","/wiki/File:Location_Ghana_AU_Africa.svg","//upload.wikimedia.org/wikipedia/commons/thumb/5/5b/Location_Ghana_AU_Africa.svg/150px-Location_Ghana_AU_Africa.svg.png","/wiki/Guinea","#cite_note-28","/wiki/Guinea","//upload.wikimedia.org/wikipedia/commons/thumb/e/ed/Flag_of_Guinea.svg/100px-Flag_of_Guinea.svg.png","/wiki/Conakry","/wiki/Guinean_franc","/wiki/French_language","/wiki/File:Location_Guinea_AU_Africa.svg","//upload.wikimedia.org/wikipedia/commons/thumb/0/04/Location_Guinea_AU_Africa.svg/150px-Location_Guinea_AU_Africa.svg.png","/wiki/Guinea-Bissau","#cite_note-29","/wiki/Guinea-Bissau","//upload.wikimedia.org/wikipedia/commons/thumb/0/01/Flag_of_Guinea-Bissau.svg/100px-Flag_of_Guinea-Bissau.svg.png","/wiki/Bissau","/wiki/West_African_CFA_franc","/wiki/Portuguese_language","/wiki/File:Location_Guinea_Bissau_AU_Africa.svg","//upload.wikimedia.org/wikipedia/commons/thumb/f/fe/Location_Guinea_Bissau_AU_Africa.svg/150px-Location_Guinea_Bissau_AU_Africa.svg.png","/wiki/Ivory_Coast","#cite_note-30","/wiki/Ivory_Coast","//upload.wikimedia.org/wikipedia/commons/thumb/f/fe/Flag_of_C%C3%B4te_d%27Ivoire.svg/100px-Flag_of_C%C3%B4te_d%27Ivoire.svg.png","/wiki/Yamoussoukro","/wiki/West_African_CFA_franc","/wiki/French_language","/wiki/File:Location_C%C3%B4te_d%27Ivoire_AU_Africa.svg","//upload.wikimedia.org/wikipedia/commons/thumb/c/cd/Location_C%C3%B4te_d%27Ivoire_AU_Africa.svg/150px-Location_C%C3%B4te_d%27Ivoire_AU_Africa.svg.png","/wiki/Kenya","#cite_note-31","/wiki/Kenya","//upload.wikimedia.org/wikipedia/commons/thumb/4/49/Flag_of_Kenya.svg/100px-Flag_of_Kenya.svg.png","/wiki/Nairobi","/wiki/Kenyan_shilling","/wiki/Swahili_language","/wiki/English_language","/wiki/File:Location_Kenya_AU_Africa.svg","//upload.wikimedia.org/wikipedia/commons/thumb/1/16/Location_Kenya_AU_Africa.svg/150px-Location_Kenya_AU_Africa.svg.png","/wiki/Lesotho","#cite_note-32","/wiki/Lesotho","//upload.wikimedia.org/wikipedia/commons/thumb/4/4a/Flag_of_Lesotho.svg/100px-Flag_of_Lesotho.svg.png","/wiki/Maseru","/wiki/Lesotho_loti","/wiki/Sesotho_language","/wiki/English_language","/wiki/File:Location_Lesotho_AU_Africa.svg","//upload.wikimedia.org/wikipedia/commons/thumb/d/d2/Location_Lesotho_AU_Africa.svg/150px-Location_Lesotho_AU_Africa.svg.png","/wiki/Liberia","#cite_note-33","/wiki/Liberia","//upload.wikimedia.org/wikipedia/commons/thumb/b/b8/Flag_of_Liberia.svg/100px-Flag_of_Liberia.svg.png","/wiki/Monrovia","/wiki/Liberian_dollar","/wiki/English_language","/wiki/File:Location_Liberia_AU_Africa.svg","//upload.wikimedia.org/wikipedia/commons/thumb/6/6f/Location_Liberia_AU_Africa.svg/150px-Location_Liberia_AU_Africa.svg.png","/wiki/Libya","#cite_note-34","/wiki/Libya","//upload.wikimedia.org/wikipedia/commons/thumb/0/05/Flag_of_Libya.svg/100px-Flag_of_Libya.svg.png","/wiki/Tripoli","/wiki/Libyan_dinar","/wiki/Arabic_language","/wiki/File:Location_Libya_AU_Africa.svg","//upload.wikimedia.org/wikipedia/commons/thumb/1/1b/Location_Libya_AU_Africa.svg/150px-Location_Libya_AU_Africa.svg.png","/wiki/Madagascar","#cite_note-35","/wiki/Madagascar","//upload.wikimedia.org/wikipedia/commons/thumb/b/bc/Flag_of_Madagascar.svg/100px-Flag_of_Madagascar.svg.png","/wiki/Antananarivo","/wiki/Malagasy_Ariary","/wiki/Malagasy_language","/wiki/French_language","/wiki/File:Location_Madagascar_AU_Africa.svg","//upload.wikimedia.org/wikipedia/commons/thumb/4/41/Location_Madagascar_AU_Africa.svg/150px-Location_Madagascar_AU_Africa.svg.png","/wiki/Malawi","#cite_note-36","/wiki/Malawi","//upload.wikimedia.org/wikipedia/commons/thumb/d/d1/Flag_of_Malawi.svg/100px-Flag_of_Malawi.svg.png","/wiki/Lilongwe","/wiki/Malawian_kwacha","/wiki/English_language","/wiki/Chichewa_language","/wiki/File:Location_Malawi_AU_Africa.svg","//upload.wikimedia.org/wikipedia/commons/thumb/a/ab/Location_Malawi_AU_Africa.svg/150px-Location_Malawi_AU_Africa.svg.png","/wiki/Mali","#cite_note-37","/wiki/Mali","//upload.wikimedia.org/wikipedia/commons/thumb/9/92/Flag_of_Mali.svg/100px-Flag_of_Mali.svg.png","/wiki/Bamako","/wiki/West_African_CFA_franc","/wiki/French_language","/wiki/File:Location_Mali_AU_Africa.svg","//upload.wikimedia.org/wikipedia/commons/thumb/4/45/Location_Mali_AU_Africa.svg/150px-Location_Mali_AU_Africa.svg.png","/wiki/Mauritania","#cite_note-38","/wiki/Mauritania","//upload.wikimedia.org/wikipedia/commons/thumb/4/43/Flag_of_Mauritania.svg/100px-Flag_of_Mauritania.svg.png","/wiki/Nouakchott","/wiki/Mauritanian_ouguiya","/wiki/Arabic_language","/wiki/File:Location_Mauritania_AU_Africa.svg","//upload.wikimedia.org/wikipedia/commons/thumb/4/4a/Location_Mauritania_AU_Africa.svg/150px-Location_Mauritania_AU_Africa.svg.png","/wiki/Mauritius","#cite_note-39","/wiki/Mauritius","//upload.wikimedia.org/wikipedia/commons/thumb/7/77/Flag_of_Mauritius.svg/100px-Flag_of_Mauritius.svg.png","/wiki/Port_Louis","/wiki/Mauritian_rupee","/wiki/English_language","/wiki/French_language","/wiki/Mauritian_Creole","/wiki/File:Location_Mauritius_AU_Africa.svg","//upload.wikimedia.org/wikipedia/commons/thumb/6/66/Location_Mauritius_AU_Africa.svg/150px-Location_Mauritius_AU_Africa.svg.png","/wiki/Morocco","#cite_note-40","/wiki/Morocco","//upload.wikimedia.org/wikipedia/commons/thumb/2/2c/Flag_of_Morocco.svg/100px-Flag_of_Morocco.svg.png","/wiki/Rabat","/wiki/Moroccan_dirham","/wiki/Arabic_language","/wiki/Berber_language","/wiki/Western_Sahara","/wiki/File:Location_Morocco_Africa.svg","//upload.wikimedia.org/wikipedia/commons/thumb/3/3e/Location_Morocco_Africa.svg/150px-Location_Morocco_Africa.svg.png","/wiki/Mozambique","#cite_note-41","/wiki/Mozambique","//upload.wikimedia.org/wikipedia/commons/thumb/d/d0/Flag_of_Mozambique.svg/100px-Flag_of_Mozambique.svg.png","/wiki/Maputo","/wiki/Mozambican_metical","/wiki/Portuguese_language","/wiki/File:Location_Mozambique_AU_Africa.svg","//upload.wikimedia.org/wikipedia/commons/thumb/3/32/Location_Mozambique_AU_Africa.svg/150px-Location_Mozambique_AU_Africa.svg.png","/wiki/Namibia","#cite_note-42","/wiki/Namibia","//upload.wikimedia.org/wikipedia/commons/thumb/0/00/Flag_of_Namibia.svg/100px-Flag_of_Namibia.svg.png","/wiki/Windhoek","/wiki/Namibian_dollar","/wiki/English_language","/wiki/File:Location_Namibia_AU_Africa.svg","//upload.wikimedia.org/wikipedia/commons/thumb/6/67/Location_Namibia_AU_Africa.svg/150px-Location_Namibia_AU_Africa.svg.png","/wiki/Niger","#cite_note-43","/wiki/Niger","//upload.wikimedia.org/wikipedia/commons/thumb/f/f4/Flag_of_Niger.svg/100px-Flag_of_Niger.svg.png","/wiki/Niamey","/wiki/West_African_CFA_franc","/wiki/French_language","/wiki/File:Location_Niger_AU_Africa.svg","//upload.wikimedia.org/wikipedia/commons/thumb/6/68/Location_Niger_AU_Africa.svg/150px-Location_Niger_AU_Africa.svg.png","/wiki/Nigeria","#cite_note-44","/wiki/Nigeria","//upload.wikimedia.org/wikipedia/commons/thumb/7/79/Flag_of_Nigeria.svg/100px-Flag_of_Nigeria.svg.png","/wiki/Abuja","/wiki/Nigerian_naira","/wiki/English_language","/wiki/File:Location_Nigeria_AU_Africa.svg","//upload.wikimedia.org/wikipedia/commons/thumb/2/2d/Location_Nigeria_AU_Africa.svg/150px-Location_Nigeria_AU_Africa.svg.png","/wiki/Rwanda","#cite_note-45","/wiki/Rwanda","//upload.wikimedia.org/wikipedia/commons/thumb/1/17/Flag_of_Rwanda.svg/100px-Flag_of_Rwanda.svg.png","/wiki/Kigali","/wiki/Rwandan_franc","/wiki/Kinyarwanda","/wiki/French_language","/wiki/English_language","/wiki/File:Location_Rwanda_AU_Africa.svg","//upload.wikimedia.org/wikipedia/commons/thumb/6/60/Location_Rwanda_AU_Africa.svg/150px-Location_Rwanda_AU_Africa.svg.png","/wiki/S%C3%A3o_Tom%C3%A9_and_Pr%C3%ADncipe","#cite_note-46","/wiki/S%C3%A3o_Tom%C3%A9_and_Pr%C3%ADncipe","//upload.wikimedia.org/wikipedia/commons/thumb/4/4f/Flag_of_Sao_Tome_and_Principe.svg/100px-Flag_of_Sao_Tome_and_Principe.svg.png","/wiki/S%C3%A3o_Tom%C3%A9","/wiki/S%C3%A3o_Tom%C3%A9_and_Pr%C3%ADncipe_Dobra","/wiki/Portuguese_language","/wiki/File:Location_S%C3%A3o_Tom%C3%A9_and_Pr%C3%ADncipe_AU_Africa.svg","//upload.wikimedia.org/wikipedia/commons/thumb/3/35/Location_S%C3%A3o_Tom%C3%A9_and_Pr%C3%ADncipe_AU_Africa.svg/150px-Location_S%C3%A3o_Tom%C3%A9_and_Pr%C3%ADncipe_AU_Africa.svg.png","/wiki/Senegal","#cite_note-47","/wiki/Senegal","//upload.wikimedia.org/wikipedia/commons/thumb/f/fd/Flag_of_Senegal.svg/100px-Flag_of_Senegal.svg.png","/wiki/Dakar","/wiki/West_African_CFA_franc","/wiki/French_language","/wiki/File:Location_Senegal_AU_Africa.svg","//upload.wikimedia.org/wikipedia/commons/thumb/3/33/Location_Senegal_AU_Africa.svg/150px-Location_Senegal_AU_Africa.svg.png","/wiki/Seychelles","#cite_note-48","/wiki/Seychelles","//upload.wikimedia.org/wikipedia/commons/thumb/f/fc/Flag_of_Seychelles.svg/100px-Flag_of_Seychelles.svg.png","/wiki/Victoria,_Seychelles","/wiki/Seychellois_rupee","/wiki/English_language","/wiki/French_language","/wiki/Seychellois_Creole","/wiki/File:Location_Seychelles_AU_Africa.svg","//upload.wikimedia.org/wikipedia/commons/thumb/b/bd/Location_Seychelles_AU_Africa.svg/150px-Location_Seychelles_AU_Africa.svg.png","/wiki/Sierra_Leone","#cite_note-49","/wiki/Sierra_Leone","//upload.wikimedia.org/wikipedia/commons/thumb/1/17/Flag_of_Sierra_Leone.svg/100px-Flag_of_Sierra_Leone.svg.png","/wiki/Freetown","/wiki/Sierra_Leonean_leone","/wiki/English_language","/wiki/File:Location_Sierra_Leone_AU_Africa.svg","//upload.wikimedia.org/wikipedia/commons/thumb/4/4f/Location_Sierra_Leone_AU_Africa.svg/150px-Location_Sierra_Leone_AU_Africa.svg.png","/wiki/Somalia","#cite_note-50","/wiki/Somalia","//upload.wikimedia.org/wikipedia/commons/thumb/a/a0/Flag_of_Somalia.svg/100px-Flag_of_Somalia.svg.png","/wiki/Mogadishu","/wiki/Somali_shilling","/wiki/Somali_language","/wiki/Arabic_language","/wiki/File:Location_Somalia_AU_Africa.svg","//upload.wikimedia.org/wikipedia/commons/thumb/d/dd/Location_Somalia_AU_Africa.svg/150px-Location_Somalia_AU_Africa.svg.png","/wiki/South_Africa","#cite_note-51","/wiki/South_Africa","//upload.wikimedia.org/wikipedia/commons/thumb/a/af/Flag_of_South_Africa.svg/100px-Flag_of_South_Africa.svg.png","/wiki/Bloemfontein","/wiki/Cape_Town","/wiki/Pretoria","/wiki/South_African_rand","/wiki/Afrikaans","/wiki/English_language","/wiki/Southern_Ndebele_language","/wiki/Northern_Sotho_language","/wiki/Sotho_language","/wiki/Swati_language","/wiki/Tsonga_language","/wiki/Tswana_language","/wiki/Venda_language","/wiki/Xhosa_language","/wiki/Zulu_language","/wiki/File:Location_South_Africa_AU_Africa.svg","//upload.wikimedia.org/wikipedia/commons/thumb/8/85/Location_South_Africa_AU_Africa.svg/150px-Location_South_Africa_AU_Africa.svg.png","/wiki/South_Sudan","#cite_note-52","/wiki/South_Sudan","//upload.wikimedia.org/wikipedia/commons/thumb/7/7a/Flag_of_South_Sudan.svg/100px-Flag_of_South_Sudan.svg.png","/wiki/Juba","/wiki/South_Sudanese_pound","/wiki/English_language","/wiki/File:Location_South_Sudan_AU_Africa.svg","//upload.wikimedia.org/wikipedia/commons/thumb/b/b1/Location_South_Sudan_AU_Africa.svg/150px-Location_South_Sudan_AU_Africa.svg.png","/wiki/Sudan","#cite_note-53","/wiki/Sudan","//upload.wikimedia.org/wikipedia/commons/thumb/0/01/Flag_of_Sudan.svg/100px-Flag_of_Sudan.svg.png","/wiki/Khartoum","/wiki/Sudanese_pound","/wiki/Arabic_language","/wiki/English_language","/wiki/File:Location_Sudan-N_AU_Africa.svg","//upload.wikimedia.org/wikipedia/commons/thumb/9/94/Location_Sudan-N_AU_Africa.svg/150px-Location_Sudan-N_AU_Africa.svg.png","/wiki/Swaziland","#cite_note-54","/wiki/Swaziland","//upload.wikimedia.org/wikipedia/commons/thumb/1/1e/Flag_of_Swaziland.svg/100px-Flag_of_Swaziland.svg.png","/wiki/Lobamba","/wiki/Mbabane","/wiki/Lilangeni","/wiki/English_language","/wiki/Swati_language","/wiki/File:Location_Swaziland_AU_Africa.svg","//upload.wikimedia.org/wikipedia/commons/thumb/2/2a/Location_Swaziland_AU_Africa.svg/150px-Location_Swaziland_AU_Africa.svg.png","/wiki/Tanzania","#cite_note-55","/wiki/Tanzania","//upload.wikimedia.org/wikipedia/commons/thumb/3/38/Flag_of_Tanzania.svg/100px-Flag_of_Tanzania.svg.png","/wiki/Dodoma","/wiki/Tanzanian_shilling","/wiki/Swahili_language","/wiki/English_language","/wiki/File:Location_Tanzania_AU_Africa.svg","//upload.wikimedia.org/wikipedia/commons/thumb/8/83/Location_Tanzania_AU_Africa.svg/150px-Location_Tanzania_AU_Africa.svg.png","/wiki/Togo","#cite_note-56","/wiki/Togo","//upload.wikimedia.org/wikipedia/commons/thumb/6/68/Flag_of_Togo.svg/100px-Flag_of_Togo.svg.png","/wiki/Lom%C3%A9","/wiki/West_African_CFA_franc","/wiki/French_language","/wiki/File:Location_Togo_AU_Africa.svg","//upload.wikimedia.org/wikipedia/commons/thumb/1/1b/Location_Togo_AU_Africa.svg/150px-Location_Togo_AU_Africa.svg.png","/wiki/Tunisia","#cite_note-57","/wiki/Tunisia","//upload.wikimedia.org/wikipedia/commons/thumb/c/ce/Flag_of_Tunisia.svg/100px-Flag_of_Tunisia.svg.png","/wiki/Tunis","/wiki/Tunisian_dinar","/wiki/Arabic_language","/wiki/File:Location_Tunisia_AU_Africa.svg","//upload.wikimedia.org/wikipedia/commons/thumb/7/7c/Location_Tunisia_AU_Africa.svg/150px-Location_Tunisia_AU_Africa.svg.png","/wiki/Uganda","#cite_note-58","/wiki/Uganda","//upload.wikimedia.org/wikipedia/commons/thumb/4/4e/Flag_of_Uganda.svg/100px-Flag_of_Uganda.svg.png","/wiki/Kampala","/wiki/Ugandan_shilling","/wiki/English_language","/wiki/Swahili_language","/wiki/File:Location_Uganda_AU_Africa.svg","//upload.wikimedia.org/wikipedia/commons/thumb/e/e5/Location_Uganda_AU_Africa.svg/150px-Location_Uganda_AU_Africa.svg.png","/wiki/Zambia","#cite_note-59","/wiki/Zambia","//upload.wikimedia.org/wikipedia/commons/thumb/0/06/Flag_of_Zambia.svg/100px-Flag_of_Zambia.svg.png","/wiki/Lusaka","/wiki/Zambian_kwacha","/wiki/English_language","/wiki/File:Location_Zambia_AU_Africa.svg","//upload.wikimedia.org/wikipedia/commons/thumb/b/bb/Location_Zambia_AU_Africa.svg/150px-Location_Zambia_AU_Africa.svg.png","/wiki/Zimbabwe","#cite_note-60","/wiki/Zimbabwe","//upload.wikimedia.org/wikipedia/commons/thumb/6/6a/Flag_of_Zimbabwe.svg/100px-Flag_of_Zimbabwe.svg.png","/wiki/Harare","/wiki/United_States_dollar","/wiki/South_African_rand","/wiki/Shona_language","/wiki/Northern_Ndebele_language","/wiki/English_language","/wiki/File:Location_Zimbabwe_AU_Africa.svg","//upload.wikimedia.org/wikipedia/commons/thumb/a/a1/Location_Zimbabwe_AU_Africa.svg/150px-Location_Zimbabwe_AU_Africa.svg.png","/w/index.php?title=List_of_sovereign_states_and_dependent_territories_in_Africa&action=edit&section=3","/wiki/Sahrawi_Arab_Democratic_Republic","/wiki/African_Union","/wiki/Somaliland","/wiki/Somaliland","//upload.wikimedia.org/wikipedia/commons/thumb/4/4d/Flag_of_Somaliland.svg/100px-Flag_of_Somaliland.svg.png","/wiki/Hargeisa","/wiki/Somaliland_shilling","/wiki/Somali_language","/wiki/File:Somaliland_in_Africa_(-mini_map_-rivers).svg","//upload.wikimedia.org/wikipedia/commons/thumb/a/a7/Somaliland_in_Africa_%28-mini_map_-rivers%29.svg/150px-Somaliland_in_Africa_%28-mini_map_-rivers%29.svg.png","/wiki/Sahrawi_Arab_Democratic_Republic","#cite_note-61","/wiki/Western_Sahara","//upload.wikimedia.org/wikipedia/commons/thumb/2/26/Flag_of_the_Sahrawi_Arab_Democratic_Republic.svg/100px-Flag_of_the_Sahrawi_Arab_Democratic_Republic.svg.png","/wiki/El_Aai%C3%BAn","/wiki/Bir_Lehlou","#cite_note-62","/wiki/Moroccan_dirham","#cite_note-63","/wiki/File:Location_Western_Sahara_AU_Africa.svg","//upload.wikimedia.org/wikipedia/commons/thumb/5/50/Location_Western_Sahara_AU_Africa.svg/150px-Location_Western_Sahara_AU_Africa.svg.png","/w/index.php?title=List_of_sovereign_states_and_dependent_territories_in_Africa&action=edit&section=4","/w/index.php?title=List_of_sovereign_states_and_dependent_territories_in_Africa&action=edit&section=5","/wiki/Dependent_territory","/wiki/French_Southern_and_Antarctic_Lands","#cite_note-64","/wiki/Scattered_Islands_in_the_Indian_Ocean","//upload.wikimedia.org/wikipedia/commons/thumb/a/a7/Flag_of_the_French_Southern_and_Antarctic_Lands.svg/100px-Flag_of_the_French_Southern_and_Antarctic_Lands.svg.png","/wiki/Saint-Pierre,_R%C3%A9union","#cite_note-65","/wiki/Euro","/wiki/French_language","#cite_note-66","/wiki/File:French_Southern_and_Antarctic_Lands_in_its_region_(Scattered_islands_in_the_Indian_Ocean_only)_(small_islands_magnified).svg","//upload.wikimedia.org/wikipedia/commons/thumb/8/83/French_Southern_and_Antarctic_Lands_in_its_region_%28Scattered_islands_in_the_Indian_Ocean_only%29_%28small_islands_magnified%29.svg/150px-French_Southern_and_Antarctic_Lands_in_its_region_%28Scattered_islands_in_the_Indian_Ocean_only%29_%28small_islands_magnified%29.svg.png","/wiki/Saint_Helena,_Ascension_and_Tristan_da_Cunha","#cite_note-BOT-67","#cite_note-68","/wiki/Saint_Helena,_Ascension_and_Tristan_da_Cunha","//upload.wikimedia.org/wikipedia/en/thumb/a/ae/Flag_of_the_United_Kingdom.svg/100px-Flag_of_the_United_Kingdom.svg.png","/wiki/Jamestown,_Saint_Helena","/wiki/Saint_Helenian_pound","/wiki/English_language","/wiki/File:LocationStHelena.png","//upload.wikimedia.org/wikipedia/commons/thumb/6/6e/LocationStHelena.png/150px-LocationStHelena.png","/w/index.php?title=List_of_sovereign_states_and_dependent_territories_in_Africa&action=edit&section=6","/wiki/Canary_Islands","#cite_note-CIA-spain-69","#cite_note-Spain-70","/wiki/Canary_Islands","//upload.wikimedia.org/wikipedia/commons/thumb/b/b0/Flag_of_the_Canary_Islands.svg/100px-Flag_of_the_Canary_Islands.svg.png","/wiki/Las_Palmas_de_Gran_Canaria","/wiki/Santa_Cruz_de_Tenerife","/wiki/Euro","/wiki/Spanish_language","/wiki/File:Location_Canary_Islands_Africa.svg","//upload.wikimedia.org/wikipedia/commons/thumb/a/a1/Location_Canary_Islands_Africa.svg/150px-Location_Canary_Islands_Africa.svg.png","/wiki/Ceuta","#cite_note-CIA-spain-69","#cite_note-Spain-70","/wiki/Ceuta","//upload.wikimedia.org/wikipedia/commons/thumb/f/fd/Flag_Ceuta.svg/100px-Flag_Ceuta.svg.png","/wiki/Euro","/wiki/Spanish_language","/wiki/File:Ceuta-melilla.png","//upload.wikimedia.org/wikipedia/commons/thumb/3/33/Ceuta-melilla.png/150px-Ceuta-melilla.png","/wiki/Madeira","#cite_note-ARP-71","/wiki/Madeira","//upload.wikimedia.org/wikipedia/commons/thumb/a/a4/Flag_of_Madeira.svg/100px-Flag_of_Madeira.svg.png","/wiki/Funchal","/wiki/Euro","/wiki/Portuguese_language","/wiki/File:Location_Madeira_Africa.svg","//upload.wikimedia.org/wikipedia/commons/thumb/a/a3/Location_Madeira_Africa.svg/150px-Location_Madeira_Africa.svg.png","/wiki/Mayotte","#cite_note-72","/wiki/France","#cite_note-73","/wiki/Mayotte","//upload.wikimedia.org/wikipedia/en/thumb/c/c3/Flag_of_France.svg/100px-Flag_of_France.svg.png","/wiki/Mamoudzou","/wiki/Euro","/wiki/French_language","/wiki/File:Location_Mayotte_Africa.svg","//upload.wikimedia.org/wikipedia/commons/thumb/0/01/Location_Mayotte_Africa.svg/150px-Location_Mayotte_Africa.svg.png","/wiki/Melilla","#cite_note-Spain-70","/wiki/Melilla","//upload.wikimedia.org/wikipedia/commons/thumb/f/f7/Flag_of_Melilla.svg/100px-Flag_of_Melilla.svg.png","/wiki/Euro","/wiki/Spanish_language","/wiki/File:Ceuta-melilla.png","//upload.wikimedia.org/wikipedia/commons/thumb/3/33/Ceuta-melilla.png/150px-Ceuta-melilla.png","/wiki/Plazas_de_soberan%C3%ADa","#cite_note-Spain-70","/wiki/Spain","//upload.wikimedia.org/wikipedia/en/thumb/9/9a/Flag_of_Spain.svg/100px-Flag_of_Spain.svg.png","/wiki/Euro","/wiki/Spanish_language","/wiki/File:Mapa_del_sur_de_Espa%C3%B1a_neutral.png","//upload.wikimedia.org/wikipedia/commons/thumb/c/c0/Mapa_del_sur_de_Espa%C3%B1a_neutral.png/150px-Mapa_del_sur_de_Espa%C3%B1a_neutral.png","/wiki/R%C3%A9union","#cite_note-74","/wiki/R%C3%A9union","//upload.wikimedia.org/wikipedia/en/thumb/c/c3/Flag_of_France.svg/100px-Flag_of_France.svg.png","/wiki/Saint-Denis,_R%C3%A9union","/wiki/Euro","/wiki/French_language","/wiki/File:Location_R%C3%A9union_Africa.svg","//upload.wikimedia.org/wikipedia/commons/thumb/b/bf/Location_R%C3%A9union_Africa.svg/150px-Location_R%C3%A9union_Africa.svg.png","/wiki/Lampedusa","/wiki/Lampione","/wiki/Italy","//upload.wikimedia.org/wikipedia/en/thumb/0/03/Flag_of_Italy.svg/100px-Flag_of_Italy.svg.png","/wiki/Lampedusa_e_Linosa","/wiki/Euro","/wiki/Italian_language","/wiki/File:Pelagie_Islands_map.png","//upload.wikimedia.org/wikipedia/commons/thumb/2/2e/Pelagie_Islands_map.png/150px-Pelagie_Islands_map.png","/w/index.php?title=List_of_sovereign_states_and_dependent_territories_in_Africa&action=edit&section=7","#cite_ref-16","#cite_ref-18","#cite_ref-TAA_21-0","/wiki/List_of_Asian_countries","#cite_ref-61","/wiki/Western_Sahara","#cite_ref-62","/wiki/Bir_Lehlou","#cite_ref-63","/wiki/Arabic_language","/wiki/Spanish_language","#cite_ref-64","/wiki/Overseas_territories_of_France","/wiki/France","/wiki/Scattered_Islands_in_the_Indian_Ocean","/wiki/List_of_islands_in_the_Indian_Ocean","/wiki/Territorial_claims_in_Antarctica","#cite_ref-65","/wiki/Tromelin_Island","/wiki/Saint-Pierre,_R%C3%A9union","/wiki/R%C3%A9union","#cite_ref-BOT_67-0","/wiki/British_Overseas_Territory","/wiki/United_Kingdom","#cite_ref-Spain_70-0","#cite_ref-Spain_70-1","#cite_ref-Spain_70-2","#cite_ref-Spain_70-3","/wiki/Spain","#cite_ref-ARP_71-0","/wiki/Portugal","#cite_ref-73","/wiki/Departments_of_France","/wiki/France","#cite_ref-74","/wiki/Departments_of_France","/wiki/France","/w/index.php?title=List_of_sovereign_states_and_dependent_territories_in_Africa&action=edit&section=8","/wiki/File:Africa_satellite_orthographic.jpg","//upload.wikimedia.org/wikipedia/en/thumb/2/21/Africa_satellite_orthographic.jpg/25px-Africa_satellite_orthographic.jpg","/wiki/Portal:Africa","/wiki/Coats_of_arms_of_Africa","/wiki/List_of_African_countries_by_population_density","/wiki/List_of_African_countries_by_GDP","/wiki/List_of_African_countries_by_GDP_(PPP)","/wiki/List_of_cities_in_Africa","/w/index.php?title=List_of_sovereign_states_and_dependent_territories_in_Africa&action=edit&section=9","#cite_ref-1","http://www.un.org/en/members/","#cite_ref-2","http://www.au.int/en/member_states/countryprofiles","#cite_ref-3","http://www.starafrica.com/en/news/detail-news/view/african-union-welcomes-south-sudan-as-th-180441.html","#cite_ref-4","https://www.cia.gov/library/publications/the-world-factbook/geos/ag.html","/wiki/Central_Intelligence_Agency","#cite_ref-5","https://www.cia.gov/library/publications/the-world-factbook/geos/ao.html","/wiki/Central_Intelligence_Agency","#cite_ref-6","https://www.cia.gov/library/publications/the-world-factbook/geos/bn.html","/wiki/Central_Intelligence_Agency","#cite_ref-7","https://www.cia.gov/library/publications/the-world-factbook/geos/bc.html","/wiki/Central_Intelligence_Agency","#cite_ref-8","https://www.cia.gov/library/publications/the-world-factbook/geos/uv.html","/wiki/Central_Intelligence_Agency","#cite_ref-9","https://www.cia.gov/library/publications/the-world-factbook/geos/by.html","/wiki/Central_Intelligence_Agency","#cite_ref-10","https://www.cia.gov/library/publications/the-world-factbook/geos/cm.html","/wiki/Central_Intelligence_Agency","#cite_ref-11","https://www.cia.gov/library/publications/the-world-factbook/geos/cv.html","/wiki/Central_Intelligence_Agency","#cite_ref-12","https://www.cia.gov/library/publications/the-world-factbook/geos/ct.html","/wiki/Central_Intelligence_Agency","#cite_ref-13","https://www.cia.gov/library/publications/the-world-factbook/geos/cd.html","/wiki/Central_Intelligence_Agency","#cite_ref-14","https://www.cia.gov/library/publications/the-world-factbook/geos/cn.html","/wiki/Central_Intelligence_Agency","#cite_ref-15","https://www.cia.gov/library/publications/the-world-factbook/geos/cg.html","/wiki/Central_Intelligence_Agency","#cite_ref-17","https://www.cia.gov/library/publications/the-world-factbook/geos/cf.html","/wiki/Central_Intelligence_Agency","#cite_ref-19","https://www.cia.gov/library/publications/the-world-factbook/geos/dj.html","/wiki/Central_Intelligence_Agency","#cite_ref-20","https://www.cia.gov/library/publications/the-world-factbook/geos/eg.html","/wiki/Central_Intelligence_Agency","#cite_ref-22","https://www.cia.gov/library/publications/the-world-factbook/geos/ek.html","/wiki/Central_Intelligence_Agency","#cite_ref-23","https://www.cia.gov/library/publications/the-world-factbook/geos/er.html","/wiki/Central_Intelligence_Agency","#cite_ref-24","https://www.cia.gov/library/publications/the-world-factbook/geos/et.html","/wiki/Central_Intelligence_Agency","#cite_ref-25","https://www.cia.gov/library/publications/the-world-factbook/geos/gb.html","/wiki/Central_Intelligence_Agency","#cite_ref-26","https://www.cia.gov/library/publications/the-world-factbook/geos/ga.html","/wiki/Central_Intelligence_Agency","#cite_ref-27","https://www.cia.gov/library/publications/the-world-factbook/geos/gh.html","/wiki/Central_Intelligence_Agency","#cite_ref-28","https://www.cia.gov/library/publications/the-world-factbook/geos/gv.html","/wiki/Central_Intelligence_Agency","#cite_ref-29","https://www.cia.gov/library/publications/the-world-factbook/geos/pu.html","/wiki/Central_Intelligence_Agency","#cite_ref-30","https://www.cia.gov/library/publications/the-world-factbook/geos/iv.html","/wiki/Central_Intelligence_Agency","#cite_ref-31","https://www.cia.gov/library/publications/the-world-factbook/geos/ke.html","/wiki/Central_Intelligence_Agency","#cite_ref-32","https://www.cia.gov/library/publications/the-world-factbook/geos/lt.html","/wiki/Central_Intelligence_Agency","#cite_ref-33","https://www.cia.gov/library/publications/the-world-factbook/geos/li.html","/wiki/Central_Intelligence_Agency","#cite_ref-34","https://www.cia.gov/library/publications/the-world-factbook/geos/ly.html","/wiki/Central_Intelligence_Agency","#cite_ref-35","https://www.cia.gov/library/publications/the-world-factbook/geos/ma.html","/wiki/Central_Intelligence_Agency","#cite_ref-36","https://www.cia.gov/library/publications/the-world-factbook/geos/mi.html","/wiki/Central_Intelligence_Agency","#cite_ref-37","https://www.cia.gov/library/publications/the-world-factbook/geos/ng.html","/wiki/Central_Intelligence_Agency","#cite_ref-38","https://www.cia.gov/library/publications/the-world-factbook/geos/mr.html","/wiki/Central_Intelligence_Agency","#cite_ref-39","https://www.cia.gov/library/publications/the-world-factbook/geos/mp.html","/wiki/Central_Intelligence_Agency","#cite_ref-40","https://www.cia.gov/library/publications/the-world-factbook/geos/mo.html","/wiki/Central_Intelligence_Agency","#cite_ref-41","https://www.cia.gov/library/publications/the-world-factbook/geos/mz.html","/wiki/Central_Intelligence_Agency","#cite_ref-42","https://www.cia.gov/library/publications/the-world-factbook/geos/wa.html","/wiki/Central_Intelligence_Agency","#cite_ref-43","https://www.cia.gov/library/publications/the-world-factbook/geos/ng.html","/wiki/Central_Intelligence_Agency","#cite_ref-44","https://www.cia.gov/library/publications/the-world-factbook/geos/ni.html","/wiki/Central_Intelligence_Agency","#cite_ref-45","https://www.cia.gov/library/publications/the-world-factbook/geos/rw.html","/wiki/Central_Intelligence_Agency","#cite_ref-46","https://www.cia.gov/library/publications/the-world-factbook/geos/tp.html","/wiki/Central_Intelligence_Agency","#cite_ref-47","https://www.cia.gov/library/publications/the-world-factbook/geos/sg.html","/wiki/Central_Intelligence_Agency","#cite_ref-48","https://www.cia.gov/library/publications/the-world-factbook/geos/se.html","/wiki/Central_Intelligence_Agency","#cite_ref-49","https://www.cia.gov/library/publications/the-world-factbook/geos/sl.html","/wiki/Central_Intelligence_Agency","#cite_ref-50","https://www.cia.gov/library/publications/the-world-factbook/geos/so.html","/wiki/Central_Intelligence_Agency","#cite_ref-51","https://www.cia.gov/library/publications/the-world-factbook/geos/sf.html","/wiki/Central_Intelligence_Agency","#cite_ref-52","https://www.cia.gov/library/publications/the-world-factbook/geos/od.html","/wiki/Central_Intelligence_Agency","#cite_ref-53","https://www.cia.gov/library/publications/the-world-factbook/geos/su.html","/wiki/Central_Intelligence_Agency","#cite_ref-54","https://www.cia.gov/library/publications/the-world-factbook/geos/wz.html","/wiki/Central_Intelligence_Agency","#cite_ref-55","https://www.cia.gov/library/publications/the-world-factbook/geos/tz.html","/wiki/Central_Intelligence_Agency","#cite_ref-56","https://www.cia.gov/library/publications/the-world-factbook/geos/to.html","/wiki/Central_Intelligence_Agency","#cite_ref-57","https://www.cia.gov/library/publications/the-world-factbook/geos/ts.html","/wiki/Central_Intelligence_Agency","#cite_ref-58","https://www.cia.gov/library/publications/the-world-factbook/geos/ug.html","/wiki/Central_Intelligence_Agency","#cite_ref-59","https://www.cia.gov/library/publications/the-world-factbook/geos/za.html","/wiki/Central_Intelligence_Agency","#cite_ref-60","https://www.cia.gov/library/publications/the-world-factbook/geos/zi.html","/wiki/Central_Intelligence_Agency","#cite_ref-66","https://www.cia.gov/library/publications/the-world-factbook/geos/fs.html","#cite_ref-68","https://www.cia.gov/library/publications/the-world-factbook/geos/sh.html","/wiki/Central_Intelligence_Agency","#cite_ref-CIA-spain_69-0","#cite_ref-CIA-spain_69-1","https://www.cia.gov/library/publications/the-world-factbook/geos/sp.html","/wiki/Central_Intelligence_Agency","#cite_ref-72","https://www.cia.gov/library/publications/the-world-factbook/geos/mf.html","/wiki/Central_Intelligence_Agency","/wiki/Template:Lists_of_sovereign_states_and_dependent_territories_by_continent","/wiki/Template_talk:Lists_of_sovereign_states_and_dependent_territories_by_continent","//en.wikipedia.org/w/index.php?title=Template:Lists_of_sovereign_states_and_dependent_territories_by_continent&action=edit","/wiki/List_of_sovereign_states_and_dependent_territories_by_continent","/wiki/Continent","/wiki/Territorial_claims_in_Antarctica","/wiki/List_of_sovereign_states_and_dependent_territories_in_Asia","/wiki/List_of_sovereign_states_and_dependent_territories_in_Europe","/wiki/List_of_sovereign_states_and_dependent_territories_in_North_America","/wiki/List_of_sovereign_states_and_dependent_territories_in_Oceania","/wiki/List_of_sovereign_states_and_dependent_territories_in_South_America","/wiki/Supercontinent","/wiki/List_of_sovereign_states_and_dependent_territories_in_the_Americas","/wiki/List_of_sovereign_states_and_dependent_territories_in_Eurasia","/wiki/Template:Countries_of_Africa","/wiki/Template_talk:Countries_of_Africa","//en.wikipedia.org/w/index.php?title=Template:Countries_of_Africa&action=edit","/wiki/Africa","/wiki/Sovereign_state","/wiki/Algeria","/wiki/Angola","/wiki/Benin","/wiki/Botswana","/wiki/Burkina_Faso","/wiki/Burundi","/wiki/Cameroon","/wiki/Cape_Verde","/wiki/Central_African_Republic","/wiki/Chad","/wiki/Comoros","/wiki/Democratic_Republic_of_the_Congo","/wiki/Republic_of_the_Congo","/wiki/Djibouti","/wiki/Egypt","/wiki/Equatorial_Guinea","/wiki/Eritrea","/wiki/Ethiopia","/wiki/France","/wiki/Mayotte","/wiki/R%C3%A9union","/wiki/Gabon","/wiki/The_Gambia","/wiki/Ghana","/wiki/Guinea","/wiki/Guinea-Bissau","/wiki/Italy","/wiki/Pantelleria","/wiki/Ivory_Coast","/wiki/Kenya","/wiki/Lesotho","/wiki/Liberia","/wiki/Libya","/wiki/Madagascar","/wiki/Malawi","/wiki/Mali","/wiki/Mauritania","/wiki/Mauritius","/wiki/Morocco","/wiki/Mozambique","/wiki/Namibia","/wiki/Niger","/wiki/Nigeria","/wiki/Portugal","/wiki/Madeira","/wiki/Rwanda","/wiki/S%C3%A3o_Tom%C3%A9_and_Pr%C3%ADncipe","/wiki/Senegal","/wiki/Seychelles","/wiki/Sierra_Leone","/wiki/Somalia","/wiki/South_Africa","/wiki/South_Sudan","/wiki/Spain","/wiki/Canary_Islands","/wiki/Ceuta","/wiki/Melilla","/wiki/Places_of_sovereignty_(Spain)","/wiki/Sudan","/wiki/Swaziland","/wiki/Tanzania","/wiki/Togo","/wiki/Tunisia","/wiki/Uganda","/wiki/Yemen","/wiki/Socotra","/wiki/Zambia","/wiki/Zimbabwe","/wiki/File:Africa_(orthographic_projection).svg","//upload.wikimedia.org/wikipedia/commons/thumb/8/86/Africa_%28orthographic_projection%29.svg/120px-Africa_%28orthographic_projection%29.svg.png","/wiki/List_of_states_with_limited_recognition","/wiki/Sahrawi_Arab_Democratic_Republic","/wiki/Somaliland","/wiki/Dependent_territory","/wiki/Scattered_Islands_in_the_Indian_Ocean","/wiki/France","/wiki/Saint_Helena,_Ascension_and_Tristan_da_Cunha","/wiki/United_Kingdom","/wiki/Territorial_dispute","/wiki/Western_Sahara","//en.wikipedia.org/w/index.php?title=Special:CentralAutoLogin/start&type=1x1&from=enwiki","http://en.wikipedia.org/w/index.php?title=List_of_sovereign_states_and_dependent_territories_in_Africa&oldid=560491509","/wiki/Help:Categories","/wiki/Category:Countries_in_Africa","/wiki/Category:Africa-related_lists","/wiki/Category:Lists_of_countries_by_continent","/w/index.php?title=Special:UserLogin&returnto=List+of+sovereign+states+and+dependent+territories+in+Africa&type=signup","/w/index.php?title=Special:UserLogin&returnto=List+of+sovereign+states+and+dependent+territories+in+Africa","/wiki/List_of_sovereign_states_and_dependent_territories_in_Africa","/wiki/Talk:List_of_sovereign_states_and_dependent_territories_in_Africa","#","/wiki/List_of_sovereign_states_and_dependent_territories_in_Africa","/w/index.php?title=List_of_sovereign_states_and_dependent_territories_in_Africa&action=edit","/w/index.php?title=List_of_sovereign_states_and_dependent_territories_in_Africa&action=history","#","/w/index.php","//bits.wikimedia.org/static-1.22wmf11/skins/vector/images/search-ltr.png?303-4","/wiki/Main_Page","/wiki/Main_Page","/wiki/Portal:Contents","/wiki/Portal:Featured_content","/wiki/Portal:Current_events","/wiki/Special:Random","//donate.wikimedia.org/wiki/Special:FundraiserRedirector?utm_source=donate&utm_medium=sidebar&utm_campaign=C13_en.wikipedia.org&uselang=en","/wiki/Help:Contents","/wiki/Wikipedia:About","/wiki/Wikipedia:Community_portal","/wiki/Special:RecentChanges","//en.wikipedia.org/wiki/Wikipedia:Contact_us","/wiki/Special:WhatLinksHere/List_of_sovereign_states_and_dependent_territories_in_Africa","/wiki/Special:RecentChangesLinked/List_of_sovereign_states_and_dependent_territories_in_Africa","/wiki/Wikipedia:File_Upload_Wizard","/wiki/Special:SpecialPages","/w/index.php?title=List_of_sovereign_states_and_dependent_territories_in_Africa&oldid=560491509","/w/index.php?title=List_of_sovereign_states_and_dependent_territories_in_Africa&action=info","//www.wikidata.org/wiki/Q228201","/w/index.php?title=Special:Cite&page=List_of_sovereign_states_and_dependent_territories_in_Africa&id=560491509","/w/index.php?title=Special:Book&bookcmd=book_creator&referer=List+of+sovereign+states+and+dependent+territories+in+Africa","/w/index.php?title=Special:Book&bookcmd=render_article&arttitle=List+of+sovereign+states+and+dependent+territories+in+Africa&oldid=560491509&writer=rl","/w/index.php?title=List_of_sovereign_states_and_dependent_territories_in_Africa&printable=yes","//af.wikipedia.org/wiki/Lys_van_Afrika-lande","//ar.wikipedia.org/wiki/%D9%85%D9%84%D8%AD%D9%82:%D9%82%D8%A7%D8%A6%D9%85%D8%A9_%D8%A7%D9%84%D8%A8%D9%84%D8%AF%D8%A7%D9%86_%D9%88%D8%A7%D9%84%D9%85%D8%B3%D8%AA%D8%B9%D9%85%D8%B1%D8%A7%D8%AA_%D8%A7%D9%84%D8%A5%D9%81%D8%B1%D9%8A%D9%82%D9%8A%D8%A9","//az.wikipedia.org/wiki/Afrika_%C3%B6lk%C9%99l%C9%99rinin_siyah%C4%B1s%C4%B1","//bn.wikipedia.org/wiki/%E0%A6%86%E0%A6%AB%E0%A7%8D%E0%A6%B0%E0%A6%BF%E0%A6%95%E0%A6%BE%E0%A6%A8_%E0%A6%A6%E0%A7%87%E0%A6%B6%E0%A6%97%E0%A7%81%E0%A6%B2%E0%A6%BF%E0%A6%B0_%E0%A6%A4%E0%A6%BE%E0%A6%B2%E0%A6%BF%E0%A6%95%E0%A6%BE","//ba.wikipedia.org/wiki/%D0%90%D1%84%D1%80%D0%B8%D0%BA%D0%B0_%D0%B4%D3%99%D2%AF%D0%BB%D3%99%D1%82%D1%82%D3%99%D1%80%D0%B5","//be.wikipedia.org/wiki/%D0%A1%D0%BF%D1%96%D1%81_%D0%B4%D0%B7%D1%8F%D1%80%D0%B6%D0%B0%D1%9E_%D1%96_%D0%B7%D0%B0%D0%BB%D0%B5%D0%B6%D0%BD%D1%8B%D1%85_%D1%82%D1%8D%D1%80%D1%8B%D1%82%D0%BE%D1%80%D1%8B%D0%B9_%D0%90%D1%84%D1%80%D1%8B%D0%BA%D1%96","//bg.wikipedia.org/wiki/%D0%A1%D0%BF%D0%B8%D1%81%D1%8A%D0%BA_%D0%BD%D0%B0_%D0%B0%D1%84%D1%80%D0%B8%D0%BA%D0%B0%D0%BD%D1%81%D0%BA%D0%B8%D1%82%D0%B5_%D0%B4%D1%8A%D1%80%D0%B6%D0%B0%D0%B2%D0%B8_%D0%B8_%D0%B7%D0%B0%D0%B2%D0%B8%D1%81%D0%B8%D0%BC%D0%B8_%D1%82%D0%B5%D1%80%D0%B8%D1%82%D0%BE%D1%80%D0%B8%D0%B8","//cs.wikipedia.org/wiki/Seznam_st%C3%A1t%C5%AF_a_%C3%BAzem%C3%AD_v_Africe","//de.wikipedia.org/wiki/Liste_der_Bev%C3%B6lkerungszahlen_Afrikas","//et.wikipedia.org/wiki/Aafrika_maad","//es.wikipedia.org/wiki/Anexo:Pa%C3%ADses_de_%C3%81frica","//fa.wikipedia.org/wiki/%D9%81%D9%87%D8%B1%D8%B3%D8%AA_%DA%A9%D8%B4%D9%88%D8%B1%D9%87%D8%A7%DB%8C_%D9%85%D8%B3%D8%AA%D9%82%D9%84_%D9%88_%D9%85%D8%B3%D8%AA%D8%B9%D9%85%D8%B1%D9%87_%D9%82%D8%A7%D8%B1%D9%87_%D8%A2%D9%81%D8%B1%DB%8C%D9%82%D8%A7","//fy.wikipedia.org/wiki/Alle_lannen_fan_Afrika","//gd.wikipedia.org/wiki/D%C3%B9thchannan_ann_an_Afraga","//gu.wikipedia.org/wiki/%E0%AA%86%E0%AA%AB%E0%AB%8D%E0%AA%B0%E0%AA%BF%E0%AA%95%E0%AA%BE%E0%AA%A8%E0%AA%BE_%E0%AA%B0%E0%AA%BE%E0%AA%B7%E0%AB%8D%E0%AA%9F%E0%AB%8D%E0%AA%B0%E0%AB%8B%E0%AA%A8%E0%AB%80_%E0%AA%AF%E0%AA%BE%E0%AA%A6%E0%AB%80","//hy.wikipedia.org/wiki/%D4%B1%D6%86%D6%80%D5%AB%D5%AF%D5%A1%D5%B5%D5%AB_%D5%A5%D6%80%D5%AF%D6%80%D5%B6%D5%A5%D6%80%D5%AB_%D6%87_%D5%AF%D5%A1%D5%AD%D5%B5%D5%A1%D5%AC_%D5%BF%D5%A1%D6%80%D5%A1%D5%AE%D6%84%D5%B6%D5%A5%D6%80%D5%AB_%D6%81%D5%A1%D5%B6%D5%AF","//id.wikipedia.org/wiki/Daftar_negara_di_Afrika","//it.wikipedia.org/wiki/Stati_sovrani_africani","//he.wikipedia.org/wiki/%D7%9E%D7%93%D7%99%D7%A0%D7%95%D7%AA_%D7%90%D7%A4%D7%A8%D7%99%D7%A7%D7%94","//ka.wikipedia.org/wiki/%E1%83%90%E1%83%A4%E1%83%A0%E1%83%98%E1%83%99%E1%83%98%E1%83%A1_%E1%83%A5%E1%83%95%E1%83%94%E1%83%A7%E1%83%9C%E1%83%94%E1%83%91%E1%83%98%E1%83%A1_%E1%83%A1%E1%83%98%E1%83%90","//sw.wikipedia.org/wiki/Orodha_ya_nchi_za_Afrika","//lez.wikipedia.org/wiki/%D0%90%D1%84%D1%80%D0%B8%D0%BA%D0%B0%D0%B4%D0%B8%D0%BD_%D0%B3%D1%8C%D1%83%D0%BA%D1%83%D0%BC%D0%B0%D1%82%D0%B0%D1%80","//hu.wikipedia.org/wiki/Afrika_orsz%C3%A1gai","//mk.wikipedia.org/wiki/%D0%A1%D0%BF%D0%B8%D1%81%D0%BE%D0%BA_%D0%BD%D0%B0_%D0%B4%D1%80%D0%B6%D0%B0%D0%B2%D0%B8_%D0%B8_%D1%82%D0%B5%D1%80%D0%B8%D1%82%D0%BE%D1%80%D0%B8%D0%B8_%D0%B2%D0%BE_%D0%90%D1%84%D1%80%D0%B8%D0%BA%D0%B0","//xmf.wikipedia.org/wiki/%E1%83%90%E1%83%A4%E1%83%A0%E1%83%98%E1%83%99%E1%83%90%E1%83%A8_%E1%83%A5%E1%83%98%E1%83%90%E1%83%9C%E1%83%94%E1%83%A4%E1%83%98%E1%83%A8_%E1%83%94%E1%83%A0%E1%83%99%E1%83%94%E1%83%91%E1%83%A3%E1%83%9A%E1%83%98","//ne.wikipedia.org/wiki/%E0%A4%85%E0%A4%AB%E0%A5%8D%E0%A4%B0%E0%A5%80%E0%A4%95%E0%A5%80_%E0%A4%A6%E0%A5%87%E0%A4%B6%E0%A4%B9%E0%A4%B0%E0%A5%81","//pl.wikipedia.org/wiki/Pa%C5%84stwa_Afryki","//pt.wikipedia.org/wiki/Anexo:Lista_de_pa%C3%ADses_e_territ%C3%B3rios_da_%C3%81frica","//ro.wikipedia.org/wiki/Lista_%C8%9B%C4%83rilor_%C8%99i_teritoriilor_nesuverane_africane","//ru.wikipedia.org/wiki/%D0%A1%D0%BF%D0%B8%D1%81%D0%BE%D0%BA_%D0%B3%D0%BE%D1%81%D1%83%D0%B4%D0%B0%D1%80%D1%81%D1%82%D0%B2_%D0%B8_%D0%B7%D0%B0%D0%B2%D0%B8%D1%81%D0%B8%D0%BC%D1%8B%D1%85_%D1%82%D0%B5%D1%80%D1%80%D0%B8%D1%82%D0%BE%D1%80%D0%B8%D0%B9_%D0%90%D1%84%D1%80%D0%B8%D0%BA%D0%B8","//sq.wikipedia.org/wiki/Lista_e_shteteve_afrikane","//simple.wikipedia.org/wiki/List_of_African_countries_by_population","//su.wikipedia.org/wiki/Daptar_nagara_di_Afrika","//ta.wikipedia.org/wiki/%E0%AE%86%E0%AE%AA%E0%AF%8D%E0%AE%AA%E0%AE%BF%E0%AE%B0%E0%AE%BF%E0%AE%95%E0%AF%8D%E0%AE%95_%E0%AE%A8%E0%AE%BE%E0%AE%9F%E0%AF%81%E0%AE%95%E0%AE%B3%E0%AE%BF%E0%AE%A9%E0%AF%8D_%E0%AE%AA%E0%AE%9F%E0%AF%8D%E0%AE%9F%E0%AE%BF%E0%AE%AF%E0%AE%B2%E0%AF%8D","//tt.wikipedia.org/wiki/%D0%90%D1%84%D1%80%D0%B8%D0%BA%D0%B0_%D0%B4%D3%99%D2%AF%D0%BB%D3%99%D1%82%D0%BB%D3%99%D1%80%D0%B5","//tr.wikipedia.org/wiki/Afrika_%C3%BClkeleri_listesi","//uk.wikipedia.org/wiki/%D0%A1%D0%BF%D0%B8%D1%81%D0%BE%D0%BA_%D0%B4%D0%B5%D1%80%D0%B6%D0%B0%D0%B2_%D1%82%D0%B0_%D0%B7%D0%B0%D0%BB%D0%B5%D0%B6%D0%BD%D0%B8%D1%85_%D1%82%D0%B5%D1%80%D0%B8%D1%82%D0%BE%D1%80%D1%96%D0%B9_%D0%90%D1%84%D1%80%D0%B8%D0%BA%D0%B8","//vi.wikipedia.org/wiki/Danh_s%C3%A1ch_c%C3%A1c_qu%E1%BB%91c_gia_v%C3%A0_l%C3%A3nh_th%E1%BB%95_%E1%BB%9F_Ch%C3%A2u_Phi","//wuu.wikipedia.org/wiki/%E9%9D%9E%E6%B4%B2%E5%9B%BD%E5%AE%B6%E5%88%97%E8%A1%A8","//ts.wikipedia.org/wiki/Matiko_ya_Afrika","//yi.wikipedia.org/wiki/%D7%9C%D7%99%D7%A1%D7%98%D7%A2_%D7%A4%D7%95%D7%9F_%D7%9C%D7%A2%D7%A0%D7%93%D7%A2%D7%A8_%D7%90%D7%99%D7%9F_%D7%90%D7%A4%D7%A8%D7%99%D7%A7%D7%A2","//yo.wikipedia.org/wiki/%C3%80k%C3%B3j%E1%BB%8D_%C3%A0w%E1%BB%8Dn_or%C3%ADl%E1%BA%B9%CC%80-%C3%A8d%C3%A8_%C3%A0ti_agb%C3%A8gb%C3%A8_%C3%81fr%C3%ADk%C3%A0","//zh.wikipedia.org/wiki/%E9%9D%9E%E6%B4%B2%E5%9B%BD%E5%AE%B6%E5%92%8C%E5%9C%B0%E5%8C%BA%E5%88%97%E8%A1%A8","#","//www.wikidata.org/wiki/Q228201#sitelinks-wikipedia","//en.wikipedia.org/wiki/Wikipedia:Text_of_Creative_Commons_Attribution-ShareAlike_3.0_Unported_License","//creativecommons.org/licenses/by-sa/3.0/","//wikimediafoundation.org/wiki/Terms_of_Use","//wikimediafoundation.org/wiki/Privacy_policy","//www.wikimediafoundation.org/","//wikimediafoundation.org/wiki/Privacy_policy","/wiki/Wikipedia:About","/wiki/Wikipedia:General_disclaimer","//en.wikipedia.org/wiki/Wikipedia:Contact_us","//en.m.wikipedia.org/wiki/List_of_sovereign_states_and_dependent_territories_in_Africa","//wikimediafoundation.org/","//bits.wikimedia.org/images/wikimedia-button.png","//www.mediawiki.org/","//bits.wikimedia.org/static-1.22wmf11/skins/common/images/poweredby_mediawiki_88x31.png","//bits.wikimedia.org/en.wikipedia.org/load.php?debug=false&lang=en&modules=site&only=scripts&skin=vector&*"],"instances":["ppp","city","political"],"pdf":[],"categories":["Countries in Africa|*","Africa-related lists","Lists of countries by continent|Africa"],"headings":["Sovereign states","Non-sovereign territories","Notes","See also","References"],"image":["//upload.wikimedia.org/wikipedia/commons/thumb/8/86/Africa_%28orthographic_projection%29.svg/200px-Africa_%28orthographic_projection%29.svg.png","//upload.wikimedia.org/wikipedia/commons/thumb/7/77/Flag_of_Algeria.svg/100px-Flag_of_Algeria.svg.png","//upload.wikimedia.org/wikipedia/commons/thumb/9/9a/Location_Algeria_AU_Africa.svg/150px-Location_Algeria_AU_Africa.svg.png","//upload.wikimedia.org/wikipedia/commons/thumb/9/9d/Flag_of_Angola.svg/100px-Flag_of_Angola.svg.png","//upload.wikimedia.org/wikipedia/commons/thumb/c/ca/Location_Angola_AU_Africa.svg/150px-Location_Angola_AU_Africa.svg.png","//upload.wikimedia.org/wikipedia/commons/thumb/0/0a/Flag_of_Benin.svg/100px-Flag_of_Benin.svg.png","//upload.wikimedia.org/wikipedia/commons/thumb/b/b6/Location_Benin_AU_Africa.svg/150px-Location_Benin_AU_Africa.svg.png","//upload.wikimedia.org/wikipedia/commons/thumb/f/fa/Flag_of_Botswana.svg/100px-Flag_of_Botswana.svg.png","//upload.wikimedia.org/wikipedia/commons/thumb/a/a8/Location_Botswana_AU_Africa.svg/150px-Location_Botswana_AU_Africa.svg.png","//upload.wikimedia.org/wikipedia/commons/thumb/3/31/Flag_of_Burkina_Faso.svg/100px-Flag_of_Burkina_Faso.svg.png","//upload.wikimedia.org/wikipedia/commons/thumb/3/35/Location_Burkina_Faso_AU_Africa.svg/150px-Location_Burkina_Faso_AU_Africa.svg.png","//upload.wikimedia.org/wikipedia/commons/thumb/5/50/Flag_of_Burundi.svg/100px-Flag_of_Burundi.svg.png","//upload.wikimedia.org/wikipedia/commons/thumb/4/43/Location_Burundi_AU_Africa.svg/150px-Location_Burundi_AU_Africa.svg.png","//upload.wikimedia.org/wikipedia/commons/thumb/4/4f/Flag_of_Cameroon.svg/100px-Flag_of_Cameroon.svg.png","//upload.wikimedia.org/wikipedia/commons/thumb/4/42/Location_Cameroon_AU_Africa.svg/150px-Location_Cameroon_AU_Africa.svg.png","//upload.wikimedia.org/wikipedia/commons/thumb/3/38/Flag_of_Cape_Verde.svg/100px-Flag_of_Cape_Verde.svg.png","//upload.wikimedia.org/wikipedia/commons/thumb/d/d8/Location_Cape_Verde_AU_Africa.svg/150px-Location_Cape_Verde_AU_Africa.svg.png","//upload.wikimedia.org/wikipedia/commons/thumb/6/6f/Flag_of_the_Central_African_Republic.svg/100px-Flag_of_the_Central_African_Republic.svg.png","//upload.wikimedia.org/wikipedia/commons/thumb/f/f0/Location_Central_African_Republic_AU_Africa.svg/150px-Location_Central_African_Republic_AU_Africa.svg.png","//upload.wikimedia.org/wikipedia/commons/thumb/4/4b/Flag_of_Chad.svg/100px-Flag_of_Chad.svg.png","//upload.wikimedia.org/wikipedia/commons/thumb/e/ec/Location_Chad_AU_Africa.svg/150px-Location_Chad_AU_Africa.svg.png","//upload.wikimedia.org/wikipedia/commons/thumb/9/94/Flag_of_the_Comoros.svg/100px-Flag_of_the_Comoros.svg.png","//upload.wikimedia.org/wikipedia/commons/thumb/2/25/Location_Comoros_AU_Africa.svg/150px-Location_Comoros_AU_Africa.svg.png","//upload.wikimedia.org/wikipedia/commons/thumb/6/6f/Flag_of_the_Democratic_Republic_of_the_Congo.svg/100px-Flag_of_the_Democratic_Republic_of_the_Congo.svg.png","//upload.wikimedia.org/wikipedia/commons/thumb/a/a9/Location_DR_Congo_AU_Africa.svg/150px-Location_DR_Congo_AU_Africa.svg.png","//upload.wikimedia.org/wikipedia/commons/thumb/9/92/Flag_of_the_Republic_of_the_Congo.svg/100px-Flag_of_the_Republic_of_the_Congo.svg.png","//upload.wikimedia.org/wikipedia/commons/thumb/b/ba/Location_Republic_of_the_Congo_AU_Africa.svg/150px-Location_Republic_of_the_Congo_AU_Africa.svg.png","//upload.wikimedia.org/wikipedia/commons/thumb/3/34/Flag_of_Djibouti.svg/100px-Flag_of_Djibouti.svg.png","//upload.wikimedia.org/wikipedia/commons/thumb/5/53/Location_Djibouti_AU_Africa.svg/150px-Location_Djibouti_AU_Africa.svg.png","//upload.wikimedia.org/wikipedia/commons/thumb/f/fe/Flag_of_Egypt.svg/100px-Flag_of_Egypt.svg.png","//upload.wikimedia.org/wikipedia/commons/thumb/d/df/Location_Egypt_AU_Africa.svg/150px-Location_Egypt_AU_Africa.svg.png","//upload.wikimedia.org/wikipedia/commons/thumb/3/31/Flag_of_Equatorial_Guinea.svg/100px-Flag_of_Equatorial_Guinea.svg.png","//upload.wikimedia.org/wikipedia/commons/thumb/e/e2/Location_Equatorial_Guinea_AU_Africa.svg/150px-Location_Equatorial_Guinea_AU_Africa.svg.png","//upload.wikimedia.org/wikipedia/commons/thumb/2/29/Flag_of_Eritrea.svg/100px-Flag_of_Eritrea.svg.png","//upload.wikimedia.org/wikipedia/commons/thumb/9/9f/Location_Eritrea_AU_Africa.svg/150px-Location_Eritrea_AU_Africa.svg.png","//upload.wikimedia.org/wikipedia/commons/thumb/7/71/Flag_of_Ethiopia.svg/100px-Flag_of_Ethiopia.svg.png","//upload.wikimedia.org/wikipedia/commons/thumb/e/e7/Location_Ethiopia_AU_Africa.svg/150px-Location_Ethiopia_AU_Africa.svg.png","//upload.wikimedia.org/wikipedia/commons/thumb/0/04/Flag_of_Gabon.svg/100px-Flag_of_Gabon.svg.png","//upload.wikimedia.org/wikipedia/commons/thumb/9/9c/Location_Gabon_AU_Africa.svg/150px-Location_Gabon_AU_Africa.svg.png","//upload.wikimedia.org/wikipedia/commons/thumb/7/77/Flag_of_The_Gambia.svg/100px-Flag_of_The_Gambia.svg.png","//upload.wikimedia.org/wikipedia/commons/thumb/5/52/Location_Gambia_AU_Africa.svg/150px-Location_Gambia_AU_Africa.svg.png","//upload.wikimedia.org/wikipedia/commons/thumb/1/19/Flag_of_Ghana.svg/100px-Flag_of_Ghana.svg.png","//upload.wikimedia.org/wikipedia/commons/thumb/5/5b/Location_Ghana_AU_Africa.svg/150px-Location_Ghana_AU_Africa.svg.png","//upload.wikimedia.org/wikipedia/commons/thumb/e/ed/Flag_of_Guinea.svg/100px-Flag_of_Guinea.svg.png","//upload.wikimedia.org/wikipedia/commons/thumb/0/04/Location_Guinea_AU_Africa.svg/150px-Location_Guinea_AU_Africa.svg.png","//upload.wikimedia.org/wikipedia/commons/thumb/0/01/Flag_of_Guinea-Bissau.svg/100px-Flag_of_Guinea-Bissau.svg.png","//upload.wikimedia.org/wikipedia/commons/thumb/f/fe/Location_Guinea_Bissau_AU_Africa.svg/150px-Location_Guinea_Bissau_AU_Africa.svg.png","//upload.wikimedia.org/wikipedia/commons/thumb/f/fe/Flag_of_C%C3%B4te_d%27Ivoire.svg/100px-Flag_of_C%C3%B4te_d%27Ivoire.svg.png","//upload.wikimedia.org/wikipedia/commons/thumb/c/cd/Location_C%C3%B4te_d%27Ivoire_AU_Africa.svg/150px-Location_C%C3%B4te_d%27Ivoire_AU_Africa.svg.png","//upload.wikimedia.org/wikipedia/commons/thumb/4/49/Flag_of_Kenya.svg/100px-Flag_of_Kenya.svg.png","//upload.wikimedia.org/wikipedia/commons/thumb/1/16/Location_Kenya_AU_Africa.svg/150px-Location_Kenya_AU_Africa.svg.png","//upload.wikimedia.org/wikipedia/commons/thumb/4/4a/Flag_of_Lesotho.svg/100px-Flag_of_Lesotho.svg.png","//upload.wikimedia.org/wikipedia/commons/thumb/d/d2/Location_Lesotho_AU_Africa.svg/150px-Location_Lesotho_AU_Africa.svg.png","//upload.wikimedia.org/wikipedia/commons/thumb/b/b8/Flag_of_Liberia.svg/100px-Flag_of_Liberia.svg.png","//upload.wikimedia.org/wikipedia/commons/thumb/6/6f/Location_Liberia_AU_Africa.svg/150px-Location_Liberia_AU_Africa.svg.png","//upload.wikimedia.org/wikipedia/commons/thumb/0/05/Flag_of_Libya.svg/100px-Flag_of_Libya.svg.png","//upload.wikimedia.org/wikipedia/commons/thumb/1/1b/Location_Libya_AU_Africa.svg/150px-Location_Libya_AU_Africa.svg.png","//upload.wikimedia.org/wikipedia/commons/thumb/b/bc/Flag_of_Madagascar.svg/100px-Flag_of_Madagascar.svg.png","//upload.wikimedia.org/wikipedia/commons/thumb/4/41/Location_Madagascar_AU_Africa.svg/150px-Location_Madagascar_AU_Africa.svg.png","//upload.wikimedia.org/wikipedia/commons/thumb/d/d1/Flag_of_Malawi.svg/100px-Flag_of_Malawi.svg.png","//upload.wikimedia.org/wikipedia/commons/thumb/a/ab/Location_Malawi_AU_Africa.svg/150px-Location_Malawi_AU_Africa.svg.png","//upload.wikimedia.org/wikipedia/commons/thumb/9/92/Flag_of_Mali.svg/100px-Flag_of_Mali.svg.png","//upload.wikimedia.org/wikipedia/commons/thumb/4/45/Location_Mali_AU_Africa.svg/150px-Location_Mali_AU_Africa.svg.png","//upload.wikimedia.org/wikipedia/commons/thumb/4/43/Flag_of_Mauritania.svg/100px-Flag_of_Mauritania.svg.png","//upload.wikimedia.org/wikipedia/commons/thumb/4/4a/Location_Mauritania_AU_Africa.svg/150px-Location_Mauritania_AU_Africa.svg.png","//upload.wikimedia.org/wikipedia/commons/thumb/7/77/Flag_of_Mauritius.svg/100px-Flag_of_Mauritius.svg.png","//upload.wikimedia.org/wikipedia/commons/thumb/6/66/Location_Mauritius_AU_Africa.svg/150px-Location_Mauritius_AU_Africa.svg.png","//upload.wikimedia.org/wikipedia/commons/thumb/2/2c/Flag_of_Morocco.svg/100px-Flag_of_Morocco.svg.png","//upload.wikimedia.org/wikipedia/commons/thumb/3/3e/Location_Morocco_Africa.svg/150px-Location_Morocco_Africa.svg.png","//upload.wikimedia.org/wikipedia/commons/thumb/d/d0/Flag_of_Mozambique.svg/100px-Flag_of_Mozambique.svg.png","//upload.wikimedia.org/wikipedia/commons/thumb/3/32/Location_Mozambique_AU_Africa.svg/150px-Location_Mozambique_AU_Africa.svg.png","//upload.wikimedia.org/wikipedia/commons/thumb/0/00/Flag_of_Namibia.svg/100px-Flag_of_Namibia.svg.png","//upload.wikimedia.org/wikipedia/commons/thumb/6/67/Location_Namibia_AU_Africa.svg/150px-Location_Namibia_AU_Africa.svg.png","//upload.wikimedia.org/wikipedia/commons/thumb/f/f4/Flag_of_Niger.svg/100px-Flag_of_Niger.svg.png","//upload.wikimedia.org/wikipedia/commons/thumb/6/68/Location_Niger_AU_Africa.svg/150px-Location_Niger_AU_Africa.svg.png","//upload.wikimedia.org/wikipedia/commons/thumb/7/79/Flag_of_Nigeria.svg/100px-Flag_of_Nigeria.svg.png","//upload.wikimedia.org/wikipedia/commons/thumb/2/2d/Location_Nigeria_AU_Africa.svg/150px-Location_Nigeria_AU_Africa.svg.png","//upload.wikimedia.org/wikipedia/commons/thumb/1/17/Flag_of_Rwanda.svg/100px-Flag_of_Rwanda.svg.png","//upload.wikimedia.org/wikipedia/commons/thumb/6/60/Location_Rwanda_AU_Africa.svg/150px-Location_Rwanda_AU_Africa.svg.png","//upload.wikimedia.org/wikipedia/commons/thumb/4/4f/Flag_of_Sao_Tome_and_Principe.svg/100px-Flag_of_Sao_Tome_and_Principe.svg.png","//upload.wikimedia.org/wikipedia/commons/thumb/3/35/Location_S%C3%A3o_Tom%C3%A9_and_Pr%C3%ADncipe_AU_Africa.svg/150px-Location_S%C3%A3o_Tom%C3%A9_and_Pr%C3%ADncipe_AU_Africa.svg.png","//upload.wikimedia.org/wikipedia/commons/thumb/f/fd/Flag_of_Senegal.svg/100px-Flag_of_Senegal.svg.png","//upload.wikimedia.org/wikipedia/commons/thumb/3/33/Location_Senegal_AU_Africa.svg/150px-Location_Senegal_AU_Africa.svg.png","//upload.wikimedia.org/wikipedia/commons/thumb/f/fc/Flag_of_Seychelles.svg/100px-Flag_of_Seychelles.svg.png","//upload.wikimedia.org/wikipedia/commons/thumb/b/bd/Location_Seychelles_AU_Africa.svg/150px-Location_Seychelles_AU_Africa.svg.png","//upload.wikimedia.org/wikipedia/commons/thumb/1/17/Flag_of_Sierra_Leone.svg/100px-Flag_of_Sierra_Leone.svg.png","//upload.wikimedia.org/wikipedia/commons/thumb/4/4f/Location_Sierra_Leone_AU_Africa.svg/150px-Location_Sierra_Leone_AU_Africa.svg.png","//upload.wikimedia.org/wikipedia/commons/thumb/a/a0/Flag_of_Somalia.svg/100px-Flag_of_Somalia.svg.png","//upload.wikimedia.org/wikipedia/commons/thumb/d/dd/Location_Somalia_AU_Africa.svg/150px-Location_Somalia_AU_Africa.svg.png","//upload.wikimedia.org/wikipedia/commons/thumb/a/af/Flag_of_South_Africa.svg/100px-Flag_of_South_Africa.svg.png","//upload.wikimedia.org/wikipedia/commons/thumb/8/85/Location_South_Africa_AU_Africa.svg/150px-Location_South_Africa_AU_Africa.svg.png","//upload.wikimedia.org/wikipedia/commons/thumb/7/7a/Flag_of_South_Sudan.svg/100px-Flag_of_South_Sudan.svg.png","//upload.wikimedia.org/wikipedia/commons/thumb/b/b1/Location_South_Sudan_AU_Africa.svg/150px-Location_South_Sudan_AU_Africa.svg.png","//upload.wikimedia.org/wikipedia/commons/thumb/0/01/Flag_of_Sudan.svg/100px-Flag_of_Sudan.svg.png","//upload.wikimedia.org/wikipedia/commons/thumb/9/94/Location_Sudan-N_AU_Africa.svg/150px-Location_Sudan-N_AU_Africa.svg.png","//upload.wikimedia.org/wikipedia/commons/thumb/1/1e/Flag_of_Swaziland.svg/100px-Flag_of_Swaziland.svg.png","//upload.wikimedia.org/wikipedia/commons/thumb/2/2a/Location_Swaziland_AU_Africa.svg/150px-Location_Swaziland_AU_Africa.svg.png","//upload.wikimedia.org/wikipedia/commons/thumb/3/38/Flag_of_Tanzania.svg/100px-Flag_of_Tanzania.svg.png","//upload.wikimedia.org/wikipedia/commons/thumb/8/83/Location_Tanzania_AU_Africa.svg/150px-Location_Tanzania_AU_Africa.svg.png","//upload.wikimedia.org/wikipedia/commons/thumb/6/68/Flag_of_Togo.svg/100px-Flag_of_Togo.svg.png","//upload.wikimedia.org/wikipedia/commons/thumb/1/1b/Location_Togo_AU_Africa.svg/150px-Location_Togo_AU_Africa.svg.png","//upload.wikimedia.org/wikipedia/commons/thumb/c/ce/Flag_of_Tunisia.svg/100px-Flag_of_Tunisia.svg.png","//upload.wikimedia.org/wikipedia/commons/thumb/7/7c/Location_Tunisia_AU_Africa.svg/150px-Location_Tunisia_AU_Africa.svg.png","//upload.wikimedia.org/wikipedia/commons/thumb/4/4e/Flag_of_Uganda.svg/100px-Flag_of_Uganda.svg.png","//upload.wikimedia.org/wikipedia/commons/thumb/e/e5/Location_Uganda_AU_Africa.svg/150px-Location_Uganda_AU_Africa.svg.png","//upload.wikimedia.org/wikipedia/commons/thumb/0/06/Flag_of_Zambia.svg/100px-Flag_of_Zambia.svg.png","//upload.wikimedia.org/wikipedia/commons/thumb/b/bb/Location_Zambia_AU_Africa.svg/150px-Location_Zambia_AU_Africa.svg.png","//upload.wikimedia.org/wikipedia/commons/thumb/6/6a/Flag_of_Zimbabwe.svg/100px-Flag_of_Zimbabwe.svg.png","//upload.wikimedia.org/wikipedia/commons/thumb/a/a1/Location_Zimbabwe_AU_Africa.svg/150px-Location_Zimbabwe_AU_Africa.svg.png","//upload.wikimedia.org/wikipedia/commons/thumb/4/4d/Flag_of_Somaliland.svg/100px-Flag_of_Somaliland.svg.png","//upload.wikimedia.org/wikipedia/commons/thumb/a/a7/Somaliland_in_Africa_%28-mini_map_-rivers%29.svg/150px-Somaliland_in_Africa_%28-mini_map_-rivers%29.svg.png","//upload.wikimedia.org/wikipedia/commons/thumb/2/26/Flag_of_the_Sahrawi_Arab_Democratic_Republic.svg/100px-Flag_of_the_Sahrawi_Arab_Democratic_Republic.svg.png","//upload.wikimedia.org/wikipedia/commons/thumb/5/50/Location_Western_Sahara_AU_Africa.svg/150px-Location_Western_Sahara_AU_Africa.svg.png","//upload.wikimedia.org/wikipedia/commons/thumb/a/a7/Flag_of_the_French_Southern_and_Antarctic_Lands.svg/100px-Flag_of_the_French_Southern_and_Antarctic_Lands.svg.png","//upload.wikimedia.org/wikipedia/commons/thumb/8/83/French_Southern_and_Antarctic_Lands_in_its_region_%28Scattered_islands_in_the_Indian_Ocean_only%29_%28small_islands_magnified%29.svg/150px-French_Southern_and_Antarctic_Lands_in_its_region_%28Scattered_islands_in_the_Indian_Ocean_only%29_%28small_islands_magnified%29.svg.png","//upload.wikimedia.org/wikipedia/en/thumb/a/ae/Flag_of_the_United_Kingdom.svg/100px-Flag_of_the_United_Kingdom.svg.png","//upload.wikimedia.org/wikipedia/commons/thumb/6/6e/LocationStHelena.png/150px-LocationStHelena.png","//upload.wikimedia.org/wikipedia/commons/thumb/b/b0/Flag_of_the_Canary_Islands.svg/100px-Flag_of_the_Canary_Islands.svg.png","//upload.wikimedia.org/wikipedia/commons/thumb/a/a1/Location_Canary_Islands_Africa.svg/150px-Location_Canary_Islands_Africa.svg.png","//upload.wikimedia.org/wikipedia/commons/thumb/f/fd/Flag_Ceuta.svg/100px-Flag_Ceuta.svg.png","//upload.wikimedia.org/wikipedia/commons/thumb/3/33/Ceuta-melilla.png/150px-Ceuta-melilla.png","//upload.wikimedia.org/wikipedia/commons/thumb/a/a4/Flag_of_Madeira.svg/100px-Flag_of_Madeira.svg.png","//upload.wikimedia.org/wikipedia/commons/thumb/a/a3/Location_Madeira_Africa.svg/150px-Location_Madeira_Africa.svg.png","//upload.wikimedia.org/wikipedia/en/thumb/c/c3/Flag_of_France.svg/100px-Flag_of_France.svg.png","//upload.wikimedia.org/wikipedia/commons/thumb/0/01/Location_Mayotte_Africa.svg/150px-Location_Mayotte_Africa.svg.png","//upload.wikimedia.org/wikipedia/commons/thumb/f/f7/Flag_of_Melilla.svg/100px-Flag_of_Melilla.svg.png","//upload.wikimedia.org/wikipedia/commons/thumb/3/33/Ceuta-melilla.png/150px-Ceuta-melilla.png","//upload.wikimedia.org/wikipedia/en/thumb/9/9a/Flag_of_Spain.svg/100px-Flag_of_Spain.svg.png","//upload.wikimedia.org/wikipedia/commons/thumb/c/c0/Mapa_del_sur_de_Espa%C3%B1a_neutral.png/150px-Mapa_del_sur_de_Espa%C3%B1a_neutral.png","//upload.wikimedia.org/wikipedia/en/thumb/c/c3/Flag_of_France.svg/100px-Flag_of_France.svg.png","//upload.wikimedia.org/wikipedia/commons/thumb/b/bf/Location_R%C3%A9union_Africa.svg/150px-Location_R%C3%A9union_Africa.svg.png","//upload.wikimedia.org/wikipedia/en/thumb/0/03/Flag_of_Italy.svg/100px-Flag_of_Italy.svg.png","//upload.wikimedia.org/wikipedia/commons/thumb/2/2e/Pelagie_Islands_map.png/150px-Pelagie_Islands_map.png","//upload.wikimedia.org/wikipedia/en/thumb/2/21/Africa_satellite_orthographic.jpg/25px-Africa_satellite_orthographic.jpg","//upload.wikimedia.org/wikipedia/commons/thumb/8/86/Africa_%28orthographic_projection%29.svg/120px-Africa_%28orthographic_projection%29.svg.png","//en.wikipedia.org/w/index.php?title=Special:CentralAutoLogin/start&type=1x1&from=enwiki","//bits.wikimedia.org/static-1.22wmf11/skins/vector/images/search-ltr.png?303-4","//bits.wikimedia.org/images/wikimedia-button.png","//bits.wikimedia.org/static-1.22wmf11/skins/common/images/poweredby_mediawiki_88x31.png"],"tags":[["capital","political"],["djibouti","city"],["list_of_african_countries_by_gdp","ppp"]],"members":["list_of_african_countries_by_gdp","djibouti","capital"],"related":["Capital_(political)","Language","Currency","World_population","Area","GDP_per_capita","Malta","Italy","Spain","Portugal","France","Socotra","Asia","Yemen","Egypt","Sinai_peninsula","Diplomatic_recognition","United_Nations","Morocco","African_Union","Algeria","Algiers","Algerian_dinar","Arabic_language","Angola","Luanda","Kwanza","Portuguese_language","Benin","Porto_Novo","West_African_CFA_franc","French_language","Botswana","Gaborone","Botswana_pula","English_language","Tswana_language","Burkina_Faso","Ouagadougou","West_African_CFA_franc","French_language","Burundi","Bujumbura","Burundi_franc","Kirundi","French_language","Cameroon","Yaound","Central_African_CFA_franc","French_language","English_language","Cape_Verde","Praia","Cape_Verdean_escudo","Portuguese_language","Central_African_Republic","Bangui","Central_African_CFA_franc","Sango","French_language","Chad","N'Djamena","Central_African_CFA_franc","French_language","Arabic_language","Comoros","Moroni,_Comoros","Comorian_franc","Arabic_language","French_language","Comorian_language","Democratic_Republic_of_the_Congo","Kinshasa","Congolese_franc","French_language","Republic_of_the_Congo","Brazzaville","Central_African_CFA_franc","French_language","Djibouti","Djibouti_(city)","Djiboutian_Franc","Arabic_language","French_language","Egypt","List_of_Asian_countries","Cairo","Egyptian_Pound","Arabic_language","Equatorial_Guinea","Malabo","Central_African_CFA_franc","Spanish_language","French_language","Portuguese_language","Eritrea","Asmara","Eritrean_nakfa","Tigrinya","Arabic","English_language","Ethiopia","Addis_Ababa","Ethiopian_birr","Amharic_language","English_language","Gabon","Libreville","Central_African_CFA_franc","French_language","The_Gambia","Banjul","Dalasi","English_language","Ghana","Accra","Ghanaian_cedi","English_language","Guinea","Conakry","Guinean_franc","French_language","Guinea-Bissau","Bissau","West_African_CFA_franc","Portuguese_language","Ivory_Coast","Yamoussoukro","West_African_CFA_franc","French_language","Kenya","Nairobi","Kenyan_shilling","Swahili_language","English_language","Lesotho","Maseru","Lesotho_loti","Sesotho_language","English_language","Liberia","Monrovia","Liberian_dollar","English_language","Libya","Tripoli","Libyan_dinar","Arabic_language","Madagascar","Antananarivo","Malagasy_Ariary","Malagasy_language","French_language","Malawi","Lilongwe","Malawian_kwacha","English_language","Chichewa_language","Mali","Bamako","West_African_CFA_franc","French_language","Mauritania","Nouakchott","Mauritanian_ouguiya","Arabic_language","Mauritius","Port_Louis","Mauritian_rupee","English_language","French_language","Mauritian_Creole","Morocco","Rabat","Moroccan_dirham","Arabic_language","Berber_language","Western_Sahara","Mozambique","Maputo","Mozambican_metical","Portuguese_language","Namibia","Windhoek","Namibian_dollar","English_language","Niger","Niamey","West_African_CFA_franc","French_language","Nigeria","Abuja","Nigerian_naira","English_language","Rwanda","Kigali","Rwandan_franc","Kinyarwanda","French_language","English_language","So_Tom_and_Prncipe","So_Tom","So_Tom_and_Prncipe_Dobra","Portuguese_language","Senegal","Dakar","West_African_CFA_franc","French_language","Seychelles","Victoria,_Seychelles","Seychellois_rupee","English_language","French_language","Seychellois_Creole","Sierra_Leone","Freetown","Sierra_Leonean_leone","English_language","Somalia","Mogadishu","Somali_shilling","Somali_language","Arabic_language","South_Africa","Bloemfontein","Cape_Town","Pretoria","South_African_rand","Afrikaans","English_language","Southern_Ndebele_language","Northern_Sotho_language","Sotho_language","Swati_language","Tsonga_language","Tswana_language","Venda_language","Xhosa_language","Zulu_language","South_Sudan","Juba","South_Sudanese_pound","English_language","Sudan","Khartoum","Sudanese_pound","Arabic_language","English_language","Swaziland","Lobamba","Mbabane","Lilangeni","English_language","Swati_language","Tanzania","Dodoma","Tanzanian_shilling","Swahili_language","English_language","Togo","Lom","West_African_CFA_franc","French_language","Tunisia","Tunis","Tunisian_dinar","Arabic_language","Uganda","Kampala","Ugandan_shilling","English_language","Swahili_language","Zambia","Lusaka","Zambian_kwacha","English_language","Zimbabwe","Harare","United_States_dollar","South_African_rand","Shona_language","Northern_Ndebele_language","English_language","Sahrawi_Arab_Democratic_Republic","African_Union","Somaliland","Hargeisa","Somaliland_shilling","Somali_language","Sahrawi_Arab_Democratic_Republic","Western_Sahara","El_Aain","Bir_Lehlou","Bir_Lehlou","Moroccan_dirham","Arabic_language","Spanish_language","Dependent_territory","French_Southern_and_Antarctic_Lands","Overseas_territories_of_France","France","Scattered_Islands_in_the_Indian_Ocean","List_of_islands_in_the_Indian_Ocean","Territorial_claims_in_Antarctica","Scattered_Islands_in_the_Indian_Ocean","Saint-Pierre,_Runion","Tromelin_Island","Saint-Pierre,_Runion","Runion","Euro","French_language","Saint_Helena,_Ascension_and_Tristan_da_Cunha","British_Overseas_Territory","United_Kingdom","Jamestown,_Saint_Helena","Saint_Helenian_pound","English_language","Canary_Islands","Spain","Las_Palmas_de_Gran_Canaria","Santa_Cruz_de_Tenerife","Euro","Spanish_language","Ceuta","Euro","Spanish_language","Madeira","Portugal","Funchal","Euro","Portuguese_language","Mayotte","France","Departments_of_France","France","Mamoudzou","Euro","French_language","Melilla","Euro","Spanish_language","Plazas_de_soberana","Euro","Spanish_language","Runion","Departments_of_France","France","Saint-Denis,_Runion","Euro","French_language","Lampedusa","Lampione","Lampedusa_e_Linosa","Euro","Italian_language","Coats_of_arms_of_Africa","List_of_African_countries_by_population_density","List_of_African_countries_by_GDP","List_of_African_countries_by_GDP_(PPP)","List_of_cities_in_Africa"]}