{"cursor":"69651","size":15,"audio":[],"currentlang":"en","article":"\n\nThe United States Office of Management and Budget (OMB) has defined 381\nMetropolitan Statistical Areas (MSAs) for the United States and seven for Puerto\nRico. The OMB defines a Metropolitan Statistical Area\nas one or more adjacent counties or county equivalents that have at least one\nurban core area of at least 50,000 population, plus adjacent territory that has\na high degree of social and economic integration with the core as measured by\ncommuting ties. __TOC__\n","linknr":995,"url":"List_of_Metropolitan_Statistical_Areas","recorded":1375077460,"links":["/w/index.php?title=List_of_Metropolitan_Statistical_Areas&action=edit","/w/index.php?title=List_of_Metropolitan_Statistical_Areas&action=edit","//bits.wikimedia.org/favicon/wikipedia.ico","/w/opensearch_desc.php","//en.wikipedia.org/w/api.php?action=rsd","//creativecommons.org/licenses/by-sa/3.0/","/w/index.php?title=Special:RecentChanges&feed=atom","//bits.wikimedia.org/en.wikipedia.org/load.php?debug=false&lang=en&modules=ext.gadget.DRN-wizard%2CReferenceTooltips%2Ccharinsert%2Cteahouse%7Cext.rtlcite%2Cwikihiero%7Cext.uls.nojs%7Cmediawiki.legacy.commonPrint%2Cshared%7Cmw.PopUpMediaTransform%7Cskins.vector&only=styles&skin=vector&*","//bits.wikimedia.org/en.wikipedia.org/load.php?debug=false&lang=en&modules=site&only=styles&skin=vector&*","//bits.wikimedia.org/en.wikipedia.org/load.php?debug=false&lang=en&modules=startup&only=scripts&skin=vector&*","//bits.wikimedia.org/geoiplookup","//meta.wikimedia.org","#mw-navigation","#p-search","/wiki/File:Pano_Manhattan2007_amk.jpg","//upload.wikimedia.org/wikipedia/commons/thumb/8/8d/Pano_Manhattan2007_amk.jpg/250px-Pano_Manhattan2007_amk.jpg","/wiki/List_of_United_States_cities_by_population","/wiki/List_of_United_States_cities_by_population","/wiki/List_of_United_States_cities_by_area","/wiki/List_of_United_States_cities_by_population_density","/wiki/Lists_of_U.S._cities_with_large_ethnic_identity_populations","/wiki/Highest-income_metropolitan_statistical_areas_in_the_United_States","/wiki/List_of_U.S._cities_by_Spanish-speaking_population","/wiki/List_of_United_States_urban_areas","/wiki/Cities_and_metropolitan_areas_of_the_United_States","/wiki/List_of_metropolitan_areas_of_the_United_States","/wiki/List_of_Primary_Statistical_Areas","/wiki/List_of_Combined_Statistical_Areas","/wiki/List_of_Core_Based_Statistical_Areas","/wiki/List_of_Micropolitan_Statistical_Areas","/wiki/Megaregions_of_the_United_States#list_of_U.S._megaregions","/wiki/List_of_North_American_metropolitan_areas_by_population","/wiki/List_of_cities_proper_by_population","/wiki/List_of_urban_agglomerations_by_population_(United_Nations)","/wiki/Template:U.S._city_population_tables","/wiki/Template_talk:U.S._city_population_tables","//en.wikipedia.org/w/index.php?title=Template:U.S._city_population_tables&action=edit","/wiki/Metropolitan_Statistical_Area","/wiki/United_States_Office_of_Management_and_Budget","/wiki/Metropolitan_Statistical_Area","/wiki/United_States","/wiki/Puerto_Rico","#cite_note-OMB_13-01-1","/wiki/County_(United_States)","/wiki/County-equivalent","/wiki/List_of_United_States_urban_areas","#United_States","#Puerto_Rico","#See_also","#References","#External_links","/w/index.php?title=List_of_Metropolitan_Statistical_Areas&action=edit&section=1","/wiki/File:Metropolitan_and_Micropolitan_Statistical_Areas_of_the_United_States_and_Puerto_Rico.gif","//upload.wikimedia.org/wikipedia/commons/thumb/6/6c/Metropolitan_and_Micropolitan_Statistical_Areas_of_the_United_States_and_Puerto_Rico.gif/300px-Metropolitan_and_Micropolitan_Statistical_Areas_of_the_United_States_and_Puerto_Rico.gif","/wiki/File:Metropolitan_and_Micropolitan_Statistical_Areas_of_the_United_States_and_Puerto_Rico.gif","//bits.wikimedia.org/static-1.22wmf11/skins/common/images/magnify-clip.png","/wiki/Core_Based_Statistical_Area","/wiki/United_States","/wiki/Puerto_Rico","/wiki/Metropolitan_Statistical_Area","/wiki/Micropolitan_Statistical_Area","/wiki/Help:Sorting","/wiki/Help:Table","/wiki/United_States_Census_Bureau","#cite_note-PopEstCBSA-2","/wiki/United_States_Office_of_Management_and_Budget","#cite_note-OMB_13-01-1","#cite_note-PopEstCBSA-2","/wiki/2010_United_States_Census","#cite_note-PopEstCBSA-2","#cite_note-PopEstCBSA-2","/wiki/Combined_Statistical_Area","#cite_note-CSA-3","#cite_note-OMB_13-01-1","/wiki/New_York-Newark-Jersey_City,_NY-NJ-PA_Metropolitan_Statistical_Area","/wiki/New_York-Newark,_NY-NJ-CT-PA_Combined_Statistical_Area","/wiki/Los_Angeles-Long_Beach-Anaheim,_CA_Metropolitan_Statistical_Area","/wiki/Los_Angeles-Long_Beach,_CA_Combined_Statistical_Area","/wiki/Chicago-Naperville-Elgin,_IL-IN-WI_Metropolitan_Statistical_Area","/wiki/Chicago-Naperville,_IL-IN-WI_Combined_Statistical_Area","/wiki/Dallas-Fort_Worth-Arlington,_TX_Metropolitan_Statistical_Area","/wiki/Dallas-Fort_Worth,_TX-OK_Combined_Statistical_Area","/wiki/Houston-The_Woodlands-Sugar_Land,_TX_Metropolitan_Statistical_Area","/wiki/Houston-The_Woodlands,_TX_Combined_Statistical_Area","/wiki/Philadelphia-Camden-Wilmington,_PA-NJ-DE-MD_Metropolitan_Statistical_Area","/wiki/Philadelphia-Reading-Camden,_PA-NJ-DE-MD_Combined_Statistical_Area","/wiki/Washington-Arlington-Alexandria,_DC-VA-MD-WV_Metropolitan_Statistical_Area","/wiki/Washington-Baltimore-Arlington,_DC-MD-VA-WV-PA_Combined_Statistical_Area","/wiki/Miami-Fort_Lauderdale-West_Palm_Beach,_FL_Metropolitan_Statistical_Area","/wiki/Miami-Fort_Lauderdale-Port_St._Lucie,_FL_Combined_Statistical_Area","/wiki/Atlanta-Sandy_Springs-Roswell,_GA_Metropolitan_Statistical_Area","/wiki/Atlanta%E2%80%93Athens-Clarke_County%E2%80%93Sandy_Springs,_GA_Combined_Statistical_Area","/wiki/Boston-Cambridge-Newton,_MA-NH_Metropolitan_Statistical_Area","/wiki/Boston-Worcester-Providence,_MA-RI-NH-CT_Combined_Statistical_Area","/wiki/San_Francisco-Oakland-Fremont,_CA_Metropolitan_Statistical_Area","/wiki/San_Jose-San_Francisco-Oakland,_CA_Combined_Statistical_Area","/wiki/Riverside-San_Bernardino-Ontario,_CA_Metropolitan_Statistical_Area","/wiki/Los_Angeles-Long_Beach,_CA_Combined_Statistical_Area","/wiki/Phoenix-Mesa-Scottsdale,_AZ_Metropolitan_Statistical_Area","/wiki/Detroit-Warren-Dearborn,_MI_Metropolitan_Statistical_Area","/wiki/Detroit-Warren-Ann_Arbor,_MI_Combined_Statistical_Area","/wiki/Seattle-Tacoma-Bellevue,_WA_Metropolitan_Statistical_Area","/wiki/Seattle-Tacoma,_WA_Combined_Statistical_Area","/wiki/Minneapolis-St._Paul-Bloomington,_MN-WI_Metropolitan_Statistical_Area","/wiki/Minneapolis-St._Paul,_MN-WI_Combined_Statistical_Area","/wiki/San_Diego-Carlsbad,_CA_Metropolitan_Statistical_Area","/wiki/Tampa-St._Petersburg-Clearwater,_FL_Metropolitan_Statistical_Area","/wiki/St._Louis,_MO-IL_Metropolitan_Statistical_Area","/wiki/St._Louis-St._Charles-Farmington,_MO-IL_Combined_Statistical_Area","/wiki/Baltimore-Columbia-Towson,_MD_Metropolitan_Statistical_Area","/wiki/Washington-Baltimore-Arlington,_DC-MD-VA-WV-PA_Combined_Statistical_Area","/wiki/Denver-Aurora-Lakewood,_CO_Metropolitan_Statistical_Area","/wiki/Denver-Aurora,_CO_Combined_Statistical_Area","/wiki/Pittsburgh,_PA_Metropolitan_Statistical_Area","/wiki/Pittsburgh-New_Castle-Weirton,_PA-OH-WV_Combined_Statistical_Area","/wiki/Charlotte-Concord-Gastonia,_NC-SC_Metropolitan_Statistical_Area","/wiki/Charlotte-Concord,_NC-SC_Combined_Statistical_Area","/wiki/Portland-Vancouver-Hillsboro,_OR-WA_Metropolitan_Statistical_Area","/wiki/Portland-Vancouver-Salem,_OR-WA_Combined_Statistical_Area","/wiki/San_Antonio-New_Braunfels,_TX_Metropolitan_Statistical_Area","/wiki/Orlando-Kissimmee-Sanford,_FL_Metropolitan_Statistical_Area","/wiki/Orlando-Deltona-Daytona_Beach,_FL_Combined_Statistical_Area","/wiki/Sacramento%E2%80%93Roseville%E2%80%93Arden-Arcade,_CA_Metropolitan_Statistical_Area","/wiki/Sacramento-Roseville,_CA_Combined_Statistical_Area","/wiki/Cincinnati,_OH-KY-IN_Metropolitan_Statistical_Area","/wiki/Cincinnati-Wilmington-Maysville,_OH-KY-IN_Combined_Statistical_Area","/wiki/Cleveland-Elyria,_OH_Metropolitan_Statistical_Area","/wiki/Cleveland-Akron-Canton,_OH_Combined_Statistical_Area","/wiki/Kansas_City,_MO-KS_Metropolitan_Statistical_Area","/wiki/Kansas_City-Overland_Park-Kansas_City,_MO-KS_Combined_Statistical_Area","/wiki/Las_Vegas-Henderson-Paradise,_NV_Metropolitan_Statistical_Area","/wiki/Las_Vegas-Henderson,_NV-AZ_Combined_Statistical_Area","/wiki/Columbus,_OH_Metropolitan_Statistical_Area","/wiki/Columbus-Marion-Zanesville,_OH_Combined_Statistical_Area","/wiki/Indianapolis-Carmel-Anderson,_IN_Metropolitan_Statistical_Area","/wiki/Indianapolis-Carmel-Muncie,_IN_Combined_Statistical_Area","/wiki/San_Jose-Sunnyvale-Santa_Clara,_CA_Metropolitan_Statistical_Area","/wiki/San_Jose-San_Francisco-Oakland,_CA_Combined_Statistical_Area","/wiki/Austin-Round_Rock,_TX_Metropolitan_Statistical_Area","/wiki/Nashville-Davidson%E2%80%93Murfreesboro%E2%80%93Franklin,_TN_Metropolitan_Statistical_Area","/wiki/Nashville-Davidson%E2%80%93Murfreesboro,_TN_Combined_Statistical_Area","/wiki/Virginia_Beach-Norfolk-Newport_News,_VA-NC_Metropolitan_Statistical_Area","/wiki/Virginia_Beach-Norfolk,_VA-NC_Combined_Statistical_Area","/wiki/Providence-Warwick,_RI-MA_Metropolitan_Statistical_Area","/wiki/Boston-Worcester-Providence,_MA-RI-NH-CT_Combined_Statistical_Area","/wiki/Milwaukee-Waukesha-West_Allis,_WI_Metropolitan_Statistical_Area","/wiki/Milwaukee-Racine-Waukesha,_WI_Combined_Statistical_Area","/wiki/Jacksonville,_FL_Metropolitan_Statistical_Area","/wiki/Jacksonville-St._Marys-Palatka,_FL-GA_Combined_Statistical_Area","/wiki/Memphis,_TN-MS-AR_Metropolitan_Statistical_Area","/wiki/Memphis-Forrest_City,_TN-MS-AR_Combined_Statistical_Area","/wiki/Oklahoma_City,_OK_Metropolitan_Statistical_Area","/wiki/Oklahoma_City-Shawnee,_OK_Combined_Statistical_Area","/wiki/Louisville/Jefferson_County,_KY-IN_Metropolitan_Statistical_Area","/wiki/Louisville/Jefferson_County%E2%80%93Elizabethtown%E2%80%93Madison,_KY-IN_Combined_Statistical_Area","/wiki/Richmond,_VA_Metropolitan_Statistical_Area","/wiki/New_Orleans-Metairie,_LA_Metropolitan_Statistical_Area","/wiki/New_Orleans-Metairie-Hammond,_LA-MS_Combined_Statistical_Area","/wiki/Hartford-West_Hartford-East_Hartford,_CT_Metropolitan_Statistical_Area","/wiki/Hartford-West_Hartford,_CT_Combined_Statistical_Area","/wiki/Raleigh,_NC_Metropolitan_Statistical_Area","/wiki/Raleigh-Durham-Chapel_Hill,_NC_Combined_Statistical_Area","/wiki/Birmingham-Hoover,_AL_Metropolitan_Statistical_Area","/wiki/Birmingham-Hoover-Talladega,_AL_Combined_Statistical_Area","/wiki/Buffalo-Cheektowaga-Niagara_Falls,_NY_Metropolitan_Statistical_Area","/wiki/Buffalo-Cheektowaga,_NY_Combined_Statistical_Area","/wiki/Salt_Lake_City,_UT_Metropolitan_Statistical_Area","/wiki/Salt_Lake_City-Provo-Orem,_UT_Combined_Statistical_Area","/wiki/Rochester,_NY_Metropolitan_Statistical_Area","/wiki/Rochester-Batavia-Seneca_Falls,_NY_Combined_Statistical_Area","/wiki/Grand_Rapids-Wyoming,_MI_Metropolitan_Statistical_Area","/wiki/Grand_Rapids-Wyoming-Muskegon,_MI_Combined_Statistical_Area","/wiki/Tucson,_AZ_Metropolitan_Statistical_Area","/wiki/Tucson-Nogales,_AZ_Combined_Statistical_Area","/wiki/Urban_Honolulu,_HI_Metropolitan_Statistical_Area","/wiki/Tulsa,_OK_Metropolitan_Statistical_Area","/wiki/Tulsa-Muskogee-Bartlesville,_OK_Combined_Statistical_Area","/wiki/Fresno,_CA_Metropolitan_Statistical_Area","/wiki/Fresno-Madera,_CA_Combined_Statistical_Area","/wiki/Bridgeport-Stamford-Norwalk,_CT_Metropolitan_Statistical_Area","/wiki/New_York-Newark,_NY-NJ-CT-PA_Combined_Statistical_Area","/wiki/Worcester,_MA-CT_Metropolitan_Statistical_Area","/wiki/Boston-Worcester-Providence,_MA-RI-NH-CT_Combined_Statistical_Area","/wiki/Albuquerque,_NM_Metropolitan_Statistical_Area","/wiki/Albuquerque-Santa_Fe-Las_Vegas,_NM_Combined_Statistical_Area","/wiki/Omaha-Council_Bluffs,_NE-IA_Metropolitan_Statistical_Area","/wiki/Omaha-Council_Bluffs-Fremont,_NE-IA_Combined_Statistical_Area","/wiki/Albany-Schenectady-Troy,_NY_Metropolitan_Statistical_Area","/wiki/Albany-Schenectady,_NY_Combined_Statistical_Area","/wiki/New_Haven-Milford,_CT_Metropolitan_Statistical_Area","/wiki/New_York-Newark,_NY-NJ-CT-PA_Combined_Statistical_Area","/wiki/Bakersfield,_CA_Metropolitan_Statistical_Area","/wiki/Knoxville,_TN_Metropolitan_Statistical_Area","/wiki/Knoxville-Morristown-Sevierville,_TN_Combined_Statistical_Area","/wiki/Greenville-Anderson-Mauldin,_SC_Metropolitan_Statistical_Area","/wiki/Greenville-Spartanburg-Anderson,_SC_Combined_Statistical_Area","/wiki/Oxnard-Thousand_Oaks-Ventura,_CA_Metropolitan_Statistical_Area","/wiki/Los_Angeles-Long_Beach,_CA_Combined_Statistical_Area","/wiki/El_Paso,_TX_Metropolitan_Statistical_Area","/wiki/El_Paso-Las_Cruces,_TX-NM_Combined_Statistical_Area","/wiki/Allentown-Bethlehem-Easton,_PA-NJ_Metropolitan_Statistical_Area","/wiki/New_York-Newark,_NY-NJ-CT-PA_Combined_Statistical_Area","/wiki/Baton_Rouge,_LA_Metropolitan_Statistical_Area","/wiki/McAllen-Edinburg-Mission,_TX_Metropolitan_Statistical_Area","/wiki/McAllen-Edinburg,_TX_Combined_Statistical_Area","/wiki/Dayton,_OH_Metropolitan_Statistical_Area","/wiki/Dayton-Springfield-Sidney,_OH_Combined_Statistical_Area","/wiki/Columbia,_SC_Metropolitan_Statistical_Area","/wiki/Columbia-Orangeburg-Newberry,_SC_Combined_Statistical_Area","/wiki/Greensboro-High_Point,_NC_Metropolitan_Statistical_Area","/wiki/Greensboro%E2%80%93Winston-Salem%E2%80%93High_Point,_NC_Combined_Statistical_Area","/wiki/North_Port-Sarasota-Bradenton,_FL_Metropolitan_Statistical_Area","/wiki/North_Port-Sarasota,_FL_Combined_Statistical_Area","/wiki/Little_Rock-North_Little_Rock-Conway,_AR_Metropolitan_Statistical_Area","/wiki/Little_Rock-North_Little_Rock,_AR_Combined_Statistical_Area","/wiki/Stockton-Lodi,_CA_Metropolitan_Statistical_Area","/wiki/San_Jose-San_Francisco-Oakland,_CA_Combined_Statistical_Area","/wiki/Akron,_OH_Metropolitan_Statistical_Area","/wiki/Cleveland-Akron-Canton,_OH_Combined_Statistical_Area","/wiki/Charleston-North_Charleston,_SC_Metropolitan_Statistical_Area","/wiki/Colorado_Springs,_CO_Metropolitan_Statistical_Area","/wiki/Syracuse,_NY_Metropolitan_Statistical_Area","/wiki/Syracuse-Auburn,_NY_Combined_Statistical_Area","/wiki/Winston-Salem,_NC_Metropolitan_Statistical_Area","/wiki/Greensboro%E2%80%93Winston-Salem%E2%80%93High_Point,_NC_Combined_Statistical_Area","/wiki/Cape_Coral-Fort_Myers,_FL_Metropolitan_Statistical_Area","/wiki/Cape_Coral-Fort_Myers-Naples,_FL_Combined_Statistical_Area","/wiki/Boise_City,_ID_Metropolitan_Statistical_Area","/wiki/Boise_City-Mountain_Home-Ontario,_ID-OR_Combined_Statistical_Area","/wiki/Wichita,_KS_Metropolitan_Statistical_Area","/wiki/Wichita-Arkansas_City-Winfield,_KS_Combined_Statistical_Area","/wiki/Springfield,_MA_Metropolitan_Statistical_Area","/wiki/Springfield-Greenfield_Town,_MA_Combined_Statistical_Area","/wiki/Madison,_WI_Metropolitan_Statistical_Area","/wiki/Madison-Janesville-Beloit,_WI_Combined_Statistical_Area","/wiki/Lakeland-Winter_Haven,_FL_Metropolitan_Statistical_Area","/wiki/Ogden-Clearfield,_UT_Metropolitan_Statistical_Area","/wiki/Salt_Lake_City-Provo-Orem,_UT_Combined_Statistical_Area","/wiki/Toledo,_OH_Metropolitan_Statistical_Area","/wiki/Toledo-Port_Clinton,_OH_Combined_Statistical_Area","/wiki/Deltona-Daytona_Beach-Ormond_Beach,_FL_Metropolitan_Statistical_Area","/wiki/Orlando-Deltona-Daytona_Beach,_FL_Combined_Statistical_Area","/wiki/Des_Moines-West_Des_Moines,_IA_Metropolitan_Statistical_Area","/wiki/Des_Moines-Ames-West_Des_Moines,_IA_Combined_Statistical_Area","/wiki/Jackson,_MS_Metropolitan_Statistical_Area","/wiki/Jackson-Vicksburg-Brookhaven,_MS_Combined_Statistical_Area","/wiki/Augusta-Richmond_County,_GA-SC_Metropolitan_Statistical_Area","/wiki/Scranton%E2%80%93Wilkes-Barre%E2%80%93Hazleton,_PA_Metropolitan_Statistical_Area","/wiki/Youngstown-Warren-Boardman,_OH-PA_Metropolitan_Statistical_Area","/wiki/Youngstown-Warren,_OH-PA_Combined_Statistical_Area","/wiki/Harrisburg-Carlisle,_PA_Metropolitan_Statistical_Area","/wiki/Harrisburg-York-Lebanon,_PA_Combined_Statistical_Area","/wiki/Provo-Orem,_UT_Metropolitan_Statistical_Area","/wiki/Salt_Lake_City-Provo-Orem,_UT_Combined_Statistical_Area","/wiki/Palm_Bay-Melbourne-Titusville,_FL_Metropolitan_Statistical_Area","/wiki/Chattanooga,_TN-GA_Metropolitan_Statistical_Area","/wiki/Chattanooga-Cleveland-Dalton,_TN-GA-AL_Combined_Statistical_Area","/wiki/Spokane-Spokane_Valley,_WA_Metropolitan_Statistical_Area","/wiki/Spokane-Spokane_Valley-Coeur_d%27Alene,_WA-ID_Combined_Statistical_Area","/wiki/Lancaster,_PA_Metropolitan_Statistical_Area","/wiki/Durham-Chapel_Hill,_NC_Metropolitan_Statistical_Area","/wiki/Raleigh-Durham-Chapel_Hill,_NC_Combined_Statistical_Area","/wiki/Modesto,_CA_Metropolitan_Statistical_Area","/wiki/Modesto-Merced,_CA_Combined_Statistical_Area","/wiki/Portland-South_Portland,_ME_Metropolitan_Statistical_Area","/wiki/Portland-Lewiston-South_Portland,_ME_Combined_Statistical_Area","/wiki/Santa_Rosa,_CA_Metropolitan_Statistical_Area","/wiki/San_Jose-San_Francisco-Oakland,_CA_Combined_Statistical_Area","/wiki/Lexington-Fayette,_KY_Metropolitan_Statistical_Area","/wiki/Lexington-Fayette%E2%80%93Richmond%E2%80%93Frankfort,_KY_Combined_Statistical_Area","/wiki/Fayetteville%E2%80%93Springdale%E2%80%93Rogers_metropolitan_area","/wiki/Lafayette,_LA_Metropolitan_Statistical_Area","/wiki/Lafayette-Opelousas-Morgan_City,_LA_Combined_Statistical_Area","/wiki/Lansing-East_Lansing,_MI_Metropolitan_Statistical_Area","/wiki/Lansing-East_Lansing-Owosso,_MI_Combined_Statistical_Area","/wiki/Pensacola-Ferry_Pass-Brent,_FL_Metropolitan_Statistical_Area","/wiki/Visalia-Porterville,_CA_Metropolitan_Statistical_Area","/wiki/Visalia-Porterville-Hanford,_CA_Combined_Statistical_Area","/wiki/Shreveport-Bossier_City,_LA_Metropolitan_Statistical_Area","/wiki/Springfield,_MO_Metropolitan_Statistical_Area","/wiki/Springfield-Branson,_MO_Combined_Statistical_Area","/wiki/York-Hanover,_PA_Metropolitan_Statistical_Area","/wiki/Harrisburg-York-Lebanon,_PA_Combined_Statistical_Area","/wiki/Corpus_Christi,_TX_Metropolitan_Statistical_Area","/wiki/Corpus_Christi-Kingsville-Alice,_TX_Combined_Statistical_Area","/wiki/Reno,_NV_Metropolitan_Statistical_Area","/wiki/Reno-Carson_City-Fernley,_NV_Combined_Statistical_Area","/wiki/Port_St._Lucie,_FL_Metropolitan_Statistical_Area","/wiki/Miami-Fort_Lauderdale-Port_St._Lucie,_FL_Combined_Statistical_Area","/wiki/Asheville,_NC_Metropolitan_Statistical_Area","/wiki/Asheville-Brevard,_NC_Combined_Statistical_Area","/wiki/Santa_Maria-Santa_Barbara,_CA_Metropolitan_Statistical_Area","/wiki/Huntsville,_AL_Metropolitan_Statistical_Area","/wiki/Huntsville-Decatur-Albertville,_AL_Combined_Statistical_Area","/wiki/Salinas,_CA_Metropolitan_Statistical_Area","/wiki/Fort_Wayne,_IN_Metropolitan_Statistical_Area","/wiki/Fort_Wayne-Huntington-Auburn,_IN_Combined_Statistical_Area","/wiki/Vallejo-Fairfield,_CA_Metropolitan_Statistical_Area","/wiki/San_Jose-San_Francisco-Oakland,_CA_Combined_Statistical_Area","/wiki/Killeen-Temple,_TX_Metropolitan_Statistical_Area","/wiki/Flint,_MI_Metropolitan_Statistical_Area","/wiki/Detroit-Warren-Ann_Arbor,_MI_Combined_Statistical_Area","/wiki/Brownsville-Harlingen,_TX_Metropolitan_Statistical_Area","/wiki/Brownsville-Harlingen-Raymondville,_TX_Combined_Statistical_Area","/wiki/Mobile,_AL_Metropolitan_Statistical_Area","/wiki/Mobile-Daphne-Fairhope,_AL_Combined_Statistical_Area","/wiki/Reading,_PA_Metropolitan_Statistical_Area","/wiki/Philadelphia-Reading-Camden,_PA-NJ-DE-MD_Combined_Statistical_Area","/wiki/Beaumont-Port_Arthur,_TX_Metropolitan_Statistical_Area","/wiki/Canton-Massillon,_OH_Metropolitan_Statistical_Area","/wiki/Cleveland-Akron-Canton,_OH_Combined_Statistical_Area","/wiki/Manchester-Nashua,_NH_Metropolitan_Statistical_Area","/wiki/Boston-Worcester-Providence,_MA-RI-NH-CT_Combined_Statistical_Area","/wiki/Salem,_OR_Metropolitan_Statistical_Area","/wiki/Portland-Vancouver-Salem,_OR-WA_Combined_Statistical_Area","/wiki/Myrtle_Beach-Conway-North_Myrtle_Beach,_SC-NC_Metropolitan_Statistical_Area","/wiki/Myrtle_Beach-Conway,_SC-NC_Combined_Statistical_Area","/wiki/Anchorage,_AK_Metropolitan_Statistical_Area","/wiki/Davenport-Moline-Rock_Island,_IA-IL_Metropolitan_Statistical_Area","/wiki/Davenport-Moline,_IA-IL_Combined_Statistical_Area","/wiki/Salisbury,_MD-DE_Metropolitan_Statistical_Area","/wiki/Peoria,_IL_Metropolitan_Statistical_Area","/wiki/Peoria-Canton,_IL_Combined_Statistical_Area","/wiki/Gulfport-Biloxi-Pascagoula,_MS_Metropolitan_Statistical_Area","/wiki/Montgomery,_AL_Metropolitan_Statistical_Area","/wiki/Tallahassee,_FL_Metropolitan_Statistical_Area","/wiki/Tallahassee-Bainbridge,_FL-GA_Combined_Statistical_Area","/wiki/Fayetteville,_NC_Metropolitan_Statistical_Area","/wiki/Fayetteville-Lumberton-Laurinburg,_NC_Combined_Statistical_Area","/wiki/Trenton,_NJ_Metropolitan_Statistical_Area","/wiki/New_York-Newark,_NY-NJ-CT-PA_Combined_Statistical_Area","/wiki/Huntington-Ashland,_WV-KY-OH_Metropolitan_Statistical_Area","/wiki/Charleston-Huntington-Ashland,_WV-OH-KY_Combined_Statistical_Area","/wiki/Hickory-Lenoir-Morganton,_NC_Metropolitan_Statistical_Area","/wiki/Hickory-Lenoir,_NC_Combined_Statistical_Area","/wiki/Savannah,_GA_Metropolitan_Statistical_Area","/wiki/Savannah-Hinesville-Statesboro,_GA_Combined_Statistical_Area","/wiki/Eugene,_OR_Metropolitan_Statistical_Area","/wiki/Ann_Arbor,_MI_Metropolitan_Statistical_Area","/wiki/Detroit-Warren-Ann_Arbor,_MI_Combined_Statistical_Area","/wiki/Rockford,_IL_Metropolitan_Statistical_Area","/wiki/Rockford-Freeport-Rochelle,_IL_Combined_Statistical_Area","/wiki/Ocala,_FL_Metropolitan_Statistical_Area","/wiki/Naples-Immokalee-Marco_Island,_FL_Metropolitan_Statistical_Area","/wiki/Cape_Coral-Fort_Myers-Naples,_FL_Combined_Statistical_Area","/wiki/Kalamazoo-Portage,_MI_Metropolitan_Statistical_Area","/wiki/Kalamazoo-Battle_Creek-Portage,_MI_Combined_Statistical_Area","/wiki/South_Bend-Mishawaka,_IN-MI_Metropolitan_Statistical_Area","/wiki/South_Bend-Elkhart-Mishawaka,_IN-MI_Combined_Statistical_Area","/wiki/Spartanburg,_SC_Metropolitan_Statistical_Area","/wiki/Greenville-Spartanburg-Anderson,_SC_Combined_Statistical_Area","/wiki/Evansville,_IN-KY_Metropolitan_Statistical_Area","/wiki/Green_Bay,_WI_Metropolitan_Statistical_Area","/wiki/Green_Bay-Shawano,_WI_Combined_Statistical_Area","/wiki/Columbus,_GA-AL_Metropolitan_Statistical_Area","/wiki/Columbus-Auburn-Opelika,_GA-AL_Combined_Statistical_Area","/wiki/Fort_Collins,_CO_Metropolitan_Statistical_Area","/wiki/Lincoln,_Nebraska_metropolitan_area","/wiki/Lincoln,_Nebraska_metropolitan_area","/wiki/Roanoke,_VA_Metropolitan_Statistical_Area","/wiki/Kingsport-Bristol-Bristol,_TN-VA_Metropolitan_Statistical_Area","/wiki/Johnson_City-Kingsport-Bristol,_TN-VA_Combined_Statistical_Area","/wiki/Boulder,_CO_Metropolitan_Statistical_Area","/wiki/Denver-Aurora,_CO_Combined_Statistical_Area","/wiki/Utica-Rome,_NY_Metropolitan_Statistical_Area","/wiki/Lubbock,_TX_Metropolitan_Statistical_Area","/wiki/Lubbock-Levelland,_TX_Combined_Statistical_Area","/wiki/Erie,_PA_Metropolitan_Statistical_Area","/wiki/Erie-Meadville,_PA_Combined_Statistical_Area","/wiki/Fort_Smith,_AR-OK_Metropolitan_Statistical_Area","/wiki/Duluth,_MN-WI_Metropolitan_Statistical_Area","/wiki/Atlantic_City-Hammonton,_NJ_Metropolitan_Statistical_Area","/wiki/Philadelphia-Reading-Camden,_PA-NJ-DE-MD_Combined_Statistical_Area","/wiki/San_Luis_Obispo-Paso_Robles-Arroyo_Grande,_CA_Metropolitan_Statistical_Area","/wiki/Clarksville,_TN-KY_Metropolitan_Statistical_Area","/wiki/Norwich-New_London,_CT_Metropolitan_Statistical_Area","/wiki/Hartford-West_Hartford,_CT_Combined_Statistical_Area","/wiki/Kennewick-Richland,_WA_Metropolitan_Statistical_Area","/wiki/Gainesville,_FL_Metropolitan_Statistical_Area","/wiki/Gainesville-Lake_City,_FL_Combined_Statistical_Area","/wiki/Santa_Cruz-Watsonville,_CA_Metropolitan_Statistical_Area","/wiki/San_Jose-San_Francisco-Oakland,_CA_Combined_Statistical_Area","/wiki/Greeley,_CO_Metropolitan_Statistical_Area","/wiki/Denver-Aurora,_CO_Combined_Statistical_Area","/wiki/Wilmington,_NC_Metropolitan_Statistical_Area","/wiki/Merced,_CA_Metropolitan_Statistical_Area","/wiki/Modesto-Merced,_CA_Combined_Statistical_Area","/wiki/Cedar_Rapids,_IA_Metropolitan_Statistical_Area","/wiki/Cedar_Rapids-Iowa_City,_IA_Combined_Statistical_Area","/wiki/Laredo,_TX_Metropolitan_Statistical_Area","/wiki/Olympia-Tumwater,_WA_Metropolitan_Statistical_Area","/wiki/Seattle-Tacoma,_WA_Combined_Statistical_Area","/wiki/Amarillo,_TX_Metropolitan_Statistical_Area","/wiki/Amarillo-Borger,_TX_Combined_Statistical_Area","/wiki/Waco,_TX_Metropolitan_Statistical_Area","/wiki/Hagerstown-Martinsburg,_MD-WV_Metropolitan_Statistical_Area","/wiki/Washington-Baltimore-Arlington,_DC-MD-VA-WV-PA_Combined_Statistical_Area","/wiki/Lynchburg,_VA_Metropolitan_Statistical_Area","/wiki/Bremerton-Silverdale,_WA_Metropolitan_Statistical_Area","/wiki/Seattle-Tacoma,_WA_Combined_Statistical_Area","/wiki/Binghamton,_NY_Metropolitan_Statistical_Area","/wiki/Crestview-Fort_Walton_Beach-Destin,_FL_Metropolitan_Statistical_Area","/wiki/Yakima,_WA_Metropolitan_Statistical_Area","/wiki/Sioux_Falls,_SD_Metropolitan_Statistical_Area","/wiki/Topeka,_KS_Metropolitan_Statistical_Area","/wiki/College_Station-Bryan,_TX_Metropolitan_Statistical_Area","/wiki/Champaign-Urbana,_IL_Metropolitan_Statistical_Area","/wiki/Tuscaloosa,_AL_Metropolitan_Statistical_Area","/wiki/Macon,_GA_Metropolitan_Statistical_Area","/wiki/Macon-Warner_Robins,_GA_Combined_Statistical_Area","/wiki/Appleton,_WI_Metropolitan_Statistical_Area","/wiki/Appleton-Oshkosh-Neenah,_WI_Combined_Statistical_Area","/wiki/Charleston,_WV_Metropolitan_Statistical_Area","/wiki/Charleston-Huntington-Ashland,_WV-OH-KY_Combined_Statistical_Area","/wiki/Charlottesville,_VA_Metropolitan_Statistical_Area","/wiki/Chico,_CA_Metropolitan_Statistical_Area","/wiki/Longview,_TX_Metropolitan_Statistical_Area","/wiki/Longview-Marshall,_TX_Combined_Statistical_Area","/wiki/Fargo,_ND-MN_Metropolitan_Statistical_Area","/wiki/Fargo-Wahpeton,_ND-MN_Combined_Statistical_Area","/wiki/Barnstable_Town,_MA_Metropolitan_Statistical_Area","/wiki/Boston-Worcester-Providence,_MA-RI-NH-CT_Combined_Statistical_Area","/wiki/Tyler,_TX_Metropolitan_Statistical_Area","/wiki/Tyler-Jacksonville,_TX_Combined_Statistical_Area","/wiki/Las_Cruces,_NM_Metropolitan_Statistical_Area","/wiki/El_Paso-Las_Cruces,_TX-NM_Combined_Statistical_Area","/wiki/Burlington-South_Burlington,_VT_Metropolitan_Statistical_Area","/wiki/Prescott,_AZ_Metropolitan_Statistical_Area","/wiki/Springfield,_IL_Metropolitan_Statistical_Area","/wiki/Springfield-Jacksonville-Lincoln,_IL_Combined_Statistical_Area","/wiki/Rochester,_MN_Metropolitan_Statistical_Area","/wiki/Rochester-Austin,_MN_Combined_Statistical_Area","/wiki/Houma-Thibodaux,_LA_Metropolitan_Statistical_Area","/wiki/Medford,_OR_Metropolitan_Statistical_Area","/wiki/Medford-Grants_Pass,_OR_Combined_Statistical_Area","/wiki/Lafayette-West_Lafayette,_IN_Metropolitan_Statistical_Area","/wiki/Lafayette-West_Lafayette-Frankfort,_IN_Combined_Statistical_Area","/wiki/Florence,_SC_Metropolitan_Statistical_Area","/wiki/Bellingham,_WA_Metropolitan_Statistical_Area","/wiki/Lake_Havasu_City-Kingman,_AZ_Metropolitan_Statistical_Area","/wiki/Las_Vegas-Henderson,_NV-AZ_Combined_Statistical_Area","/wiki/Lake_Charles,_LA_Metropolitan_Statistical_Area","/wiki/Johnson_City,_TN_Metropolitan_Statistical_Area","/wiki/Johnson_City-Kingsport-Bristol,_TN-VA_Combined_Statistical_Area","/wiki/Yuma,_AZ_Metropolitan_Statistical_Area","/wiki/Elkhart-Goshen,_IN_Metropolitan_Statistical_Area","/wiki/South_Bend-Elkhart-Mishawaka,_IN-MI_Combined_Statistical_Area","/wiki/Saginaw,_MI_Metropolitan_Statistical_Area","/wiki/Saginaw-Midland-Bay_City,_MI_Combined_Statistical_Area","/wiki/Athens-Clarke_County,_GA_Metropolitan_Statistical_Area","/wiki/Atlanta%E2%80%93Athens-Clarke_County%E2%80%93Sandy_Springs,_GA_Combined_Statistical_Area","/wiki/Racine,_WI_Metropolitan_Statistical_Area","/wiki/Milwaukee-Racine-Waukesha,_WI_Combined_Statistical_Area","/wiki/Hilton_Head_Island-Bluffton-Beaufort,_SC_Metropolitan_Statistical_Area","/wiki/Daphne-Fairhope-Foley,_AL_Metropolitan_Statistical_Area","/wiki/Mobile-Daphne-Fairhope,_AL_Combined_Statistical_Area","/wiki/St._Cloud,_MN_Metropolitan_Statistical_Area","/wiki/Minneapolis-St._Paul,_MN-WI_Combined_Statistical_Area","/wiki/Bloomington,_IL_Metropolitan_Statistical_Area","/wiki/Bloomington-Pontiac,_IL_Combined_Statistical_Area","/wiki/Panama_City,_FL_Metropolitan_Statistical_Area","/wiki/Warner_Robins,_GA_Metropolitan_Statistical_Area","/wiki/Macon-Warner_Robins,_GA_Combined_Statistical_Area","/wiki/Gainesville,_GA_Metropolitan_Statistical_Area","/wiki/Atlanta%E2%80%93Athens-Clarke_County%E2%80%93Sandy_Springs,_GA_Combined_Statistical_Area","/wiki/Jacksonville,_NC_Metropolitan_Statistical_Area","/wiki/Kingston,_NY_Metropolitan_Statistical_Area","/wiki/New_York-Newark,_NY-NJ-CT-PA_Combined_Statistical_Area","/wiki/Blacksburg-Christiansburg-Radford,_VA_Metropolitan_Statistical_Area","/wiki/Redding,_CA_Metropolitan_Statistical_Area","/wiki/Redding-Red_Bluff,_CA_Combined_Statistical_Area","/wiki/Monroe,_LA_Metropolitan_Statistical_Area","/wiki/Monroe-Ruston-Bastrop,_LA_Combined_Statistical_Area","/wiki/El_Centro,_CA_Metropolitan_Statistical_Area","/wiki/Joplin,_MO_Metropolitan_Statistical_Area","/wiki/Joplin-Miami,_MO-OK_Combined_Statistical_Area","/wiki/Greenville,_NC_Metropolitan_Statistical_Area","/wiki/Greenville-Washington,_NC_Combined_Statistical_Area","/wiki/Terre_Haute,_IN_Metropolitan_Statistical_Area","/wiki/Muskegon,_MI_Metropolitan_Statistical_Area","/wiki/Grand_Rapids-Wyoming-Muskegon,_MI_Combined_Statistical_Area","/wiki/Sioux_City,_IA-NE-SD_Metropolitan_Statistical_Area","/wiki/Sioux_City-Vermillion,_IA-SD-NE_Combined_Statistical_Area","/wiki/East_Stroudsburg,_PA_Metropolitan_Statistical_Area","/wiki/New_York-Newark,_NY-NJ-CT-PA_Combined_Statistical_Area","/wiki/Oshkosh-Neenah,_WI_Metropolitan_Statistical_Area","/wiki/Appleton-Oshkosh-Neenah,_WI_Combined_Statistical_Area","/wiki/Waterloo-Cedar_Falls,_IA_Metropolitan_Statistical_Area","/wiki/Columbia,_MO_Metropolitan_Statistical_Area","/wiki/Columbia-Moberly-Mexico,_MO_Combined_Statistical_Area","/wiki/Yuba_City,_CA_Metropolitan_Statistical_Area","/wiki/Sacramento-Roseville,_CA_Combined_Statistical_Area","/wiki/Dover,_DE_Metropolitan_Statistical_Area","/wiki/Philadelphia-Reading-Camden,_PA-NJ-DE-MD_Combined_Statistical_Area","/wiki/Abilene,_TX_Metropolitan_Statistical_Area","/wiki/Eau_Claire,_WI_Metropolitan_Statistical_Area","/wiki/Eau_Claire-Menomonie,_WI_Combined_Statistical_Area","/wiki/Billings,_MT_Metropolitan_Statistical_Area","/wiki/Punta_Gorda,_FL_Metropolitan_Statistical_Area","/wiki/North_Port-Sarasota,_FL_Combined_Statistical_Area","/wiki/Bloomington,_IN_Metropolitan_Statistical_Area","/wiki/Bloomington-Bedford,_IN_Combined_Statistical_Area","/wiki/Bend-Redmond,_OR_Metropolitan_Statistical_Area","/wiki/Bend-Redmond-Prineville,_OR_Combined_Statistical_Area","/wiki/Bowling_Green,_KY_Metropolitan_Statistical_Area","/wiki/Bowling_Green-Glasgow,_KY_Combined_Statistical_Area","/wiki/Pueblo,_CO_Metropolitan_Statistical_Area","/wiki/Pueblo-Ca%C3%B1on_City,_CO_Combined_Statistical_Area","/wiki/Janesville-Beloit,_WI_Metropolitan_Statistical_Area","/wiki/Madison-Janesville-Beloit,_WI_Combined_Statistical_Area","/wiki/Jackson,_MI_Metropolitan_Statistical_Area","/wiki/Kahului-Wailuku-Lahaina,_HI_Metropolitan_Statistical_Area","/wiki/Iowa_City,_IA_Metropolitan_Statistical_Area","/wiki/Cedar_Rapids-Iowa_City,_IA_Combined_Statistical_Area","/wiki/Vineland-Bridgeton,_NJ_Metropolitan_Statistical_Area","/wiki/Philadelphia-Reading-Camden,_PA-NJ-DE-MD_Combined_Statistical_Area","/wiki/Albany,_GA_Metropolitan_Statistical_Area","/wiki/Niles-Benton_Harbor,_MI_Metropolitan_Statistical_Area","/wiki/South_Bend-Elkhart-Mishawaka,_IN-MI_Combined_Statistical_Area","/wiki/State_College,_PA_Metropolitan_Statistical_Area","/wiki/State_College-DuBois,_PA_Combined_Statistical_Area","/wiki/Alexandria,_LA_Metropolitan_Statistical_Area","/wiki/Decatur,_AL_Metropolitan_Statistical_Area","/wiki/Huntsville-Decatur-Albertville,_AL_Combined_Statistical_Area","/wiki/Burlington,_NC_Metropolitan_Statistical_Area","/wiki/Greensboro%E2%80%93Winston-Salem%E2%80%93High_Point,_NC_Combined_Statistical_Area","/wiki/Bangor,_ME_Metropolitan_Statistical_Area","/wiki/Madera,_CA_Metropolitan_Statistical_Area","/wiki/Fresno-Madera,_CA_Combined_Statistical_Area","/wiki/Rocky_Mount,_NC_Metropolitan_Statistical_Area","/wiki/Rocky_Mount-Wilson-Roanoke_Rapids,_NC_Combined_Statistical_Area","/wiki/Midland,_Texas_metropolitan_area","/wiki/Midland,_Texas_metropolitan_area","/wiki/Hanford-Corcoran,_CA_Metropolitan_Statistical_Area","/wiki/Visalia-Porterville-Hanford,_CA_Combined_Statistical_Area","/wiki/Chambersburg-Waynesboro,_PA_Metropolitan_Statistical_Area","/wiki/Washington-Baltimore-Arlington,_DC-MD-VA-WV-PA_Combined_Statistical_Area","/wiki/Monroe,_MI_Metropolitan_Statistical_Area","/wiki/Detroit-Warren-Ann_Arbor,_MI_Combined_Statistical_Area","/wiki/Wichita_Falls,_TX_Metropolitan_Statistical_Area","/wiki/Elizabethtown-Fort_Knox,_KY_Metropolitan_Statistical_Area","/wiki/Louisville/Jefferson_County%E2%80%93Elizabethtown%E2%80%93Madison,_KY-IN_Combined_Statistical_Area","/wiki/Jefferson_City,_MO_Metropolitan_Statistical_Area","/wiki/Texarkana,_TX-AR_Metropolitan_Statistical_Area","/wiki/Grand_Junction,_CO_Metropolitan_Statistical_Area","/wiki/Dothan,_AL_Metropolitan_Statistical_Area","/wiki/Dothan-Enterprise-Ozark,_AL_Combined_Statistical_Area","/wiki/Auburn-Opelika,_AL_Metropolitan_Statistical_Area","/wiki/Columbus-Auburn-Opelika,_GA-AL_Combined_Statistical_Area","/wiki/Florence-Muscle_Shoals,_AL_Metropolitan_Statistical_Area","/wiki/Hattiesburg,_MS_Metropolitan_Statistical_Area","/wiki/Wheeling,_WV-OH_Metropolitan_Statistical_Area","/wiki/Santa_Fe,_NM_Metropolitan_Statistical_Area","/wiki/Albuquerque-Santa_Fe-Las_Vegas,_NM_Combined_Statistical_Area","/wiki/St._George,_UT_Metropolitan_Statistical_Area","/wiki/Valdosta,_GA_Metropolitan_Statistical_Area","/wiki/Odessa,_TX_Metropolitan_Statistical_Area","/wiki/Midland,_Texas_metropolitan_area","/wiki/Dalton,_GA_Metropolitan_Statistical_Area","/wiki/Chattanooga-Cleveland-Dalton,_TN-GA-AL_Combined_Statistical_Area","/wiki/Coeur_d%27Alene,_ID_Metropolitan_Statistical_Area","/wiki/Spokane-Spokane_Valley-Coeur_d%27Alene,_WA-ID_Combined_Statistical_Area","/wiki/Johnstown,_PA_Metropolitan_Statistical_Area","/wiki/Johnstown-Somerset,_PA_Combined_Statistical_Area","/wiki/Sebastian-Vero_Beach,_FL_Metropolitan_Statistical_Area","/wiki/Miami-Fort_Lauderdale-Port_St._Lucie,_FL_Combined_Statistical_Area","/wiki/Homosassa_Springs,_FL_Metropolitan_Statistical_Area","/wiki/Napa,_CA_Metropolitan_Statistical_Area","/wiki/San_Jose-San_Francisco-Oakland,_CA_Combined_Statistical_Area","/wiki/Rapid_City,_SD_Metropolitan_Statistical_Area","/wiki/Rapid_City-Spearfish,_SD_Combined_Statistical_Area","/wiki/Springfield,_OH_Metropolitan_Statistical_Area","/wiki/Dayton-Springfield-Sidney,_OH_Combined_Statistical_Area","/wiki/Idaho_Falls,_ID_Metropolitan_Statistical_Area","/wiki/Idaho_Falls-Rexburg-Blackfoot,_ID_Combined_Statistical_Area","/wiki/Flagstaff,_AZ_Metropolitan_Statistical_Area","/wiki/La_Crosse-Onalaska,_WI-MN_Metropolitan_Statistical_Area","/wiki/Lebanon,_PA_Metropolitan_Statistical_Area","/wiki/Harrisburg-York-Lebanon,_PA_Combined_Statistical_Area","/wiki/Battle_Creek,_MI_Metropolitan_Statistical_Area","/wiki/Kalamazoo-Battle_Creek-Portage,_MI_Combined_Statistical_Area","/wiki/Wausau,_WI_Metropolitan_Statistical_Area","/wiki/Wausau-Stevens_Point-Wisconsin_Rapids,_WI_Combined_Statistical_Area","/wiki/Morgantown,_WV_Metropolitan_Statistical_Area","/wiki/Morgantown-Fairmont,_WV_Combined_Statistical_Area","/wiki/Lawton,_OK_Metropolitan_Statistical_Area","/wiki/Sierra_Vista-Douglas,_AZ_Metropolitan_Statistical_Area","/wiki/Winchester,_VA-WV_Metropolitan_Statistical_Area","/wiki/Washington-Baltimore-Arlington,_DC-MD-VA-WV-PA_Combined_Statistical_Area","/wiki/Jackson,_TN_Metropolitan_Statistical_Area","/wiki/Pittsfield,_MA_Metropolitan_Statistical_Area","/wiki/Farmington,_NM_Metropolitan_Statistical_Area","/wiki/Glens_Falls,_NY_Metropolitan_Statistical_Area","/wiki/Albany-Schenectady,_NY_Combined_Statistical_Area","/wiki/Harrisonburg,_VA_Metropolitan_Statistical_Area","/wiki/Harrisonburg-Staunton-Waynesboro,_VA_Combined_Statistical_Area","/wiki/Logan,_UT-ID_Metropolitan_Statistical_Area","/wiki/New_Bern,_NC_Metropolitan_Statistical_Area","/wiki/New_Bern-Morehead_City,_NC_Combined_Statistical_Area","/wiki/St._Joseph,_MO-KS_Metropolitan_Statistical_Area","/wiki/Kansas_City-Overland_Park-Kansas_City,_MO-KS_Combined_Statistical_Area","/wiki/Altoona,_PA_Metropolitan_Statistical_Area","/wiki/Carbondale-Marion,_IL_Metropolitan_Statistical_Area","/wiki/Beckley,_WV_Metropolitan_Statistical_Area","/wiki/Goldsboro,_NC_Metropolitan_Statistical_Area","/wiki/Jonesboro,_AR_Metropolitan_Statistical_Area","/wiki/Jonesboro-Paragould,_AR_Combined_Statistical_Area","/wiki/Hammond,_LA_Metropolitan_Statistical_Area","/wiki/New_Orleans-Metairie-Hammond,_LA-MS_Combined_Statistical_Area","/wiki/Mansfield,_OH_Metropolitan_Statistical_Area","/wiki/Mansfield-Ashland-Bucyrus,_OH_Combined_Statistical_Area","/wiki/Weirton-Steubenville,_WV-OH_Metropolitan_Statistical_Area","/wiki/Pittsburgh-New_Castle-Weirton,_PA-OH-WV_Combined_Statistical_Area","/wiki/Sherman-Denison,_TX_Metropolitan_Statistical_Area","/wiki/Dallas-Fort_Worth,_TX-OK_Combined_Statistical_Area","/wiki/Watertown-Fort_Drum,_NY_Metropolitan_Statistical_Area","/wiki/Bismarck,_ND_Metropolitan_Statistical_Area","/wiki/Staunton-Waynesboro,_VA_Metropolitan_Statistical_Area","/wiki/Harrisonburg-Staunton-Waynesboro,_VA_Combined_Statistical_Area","/wiki/Albany,_OR_Metropolitan_Statistical_Area","/wiki/Portland-Vancouver-Salem,_OR-WA_Combined_Statistical_Area","/wiki/Mount_Vernon-Anacortes,_WA_Metropolitan_Statistical_Area","/wiki/Seattle-Tacoma,_WA_Combined_Statistical_Area","/wiki/Cleveland,_TN_Metropolitan_Statistical_Area","/wiki/Chattanooga-Cleveland-Dalton,_TN-GA-AL_Combined_Statistical_Area","/wiki/Muncie,_IN_Metropolitan_Statistical_Area","/wiki/Indianapolis-Carmel-Muncie,_IN_Combined_Statistical_Area","/wiki/Anniston-Oxford-Jacksonville,_AL_Metropolitan_Statistical_Area","/wiki/Williamsport,_PA_Metropolitan_Statistical_Area","/wiki/Williamsport-Lock_Haven,_PA_Combined_Statistical_Area","/wiki/Owensboro,_KY_Metropolitan_Statistical_Area","/wiki/Sheboygan,_WI_Metropolitan_Statistical_Area","/wiki/Morristown,_TN_Metropolitan_Statistical_Area","/wiki/Knoxville-Morristown-Sevierville,_TN_Combined_Statistical_Area","/wiki/San_Angelo,_TX_Metropolitan_Statistical_Area","/wiki/Brunswick,_GA_Metropolitan_Statistical_Area","/wiki/Kankakee,_IL_Metropolitan_Statistical_Area","/wiki/Chicago-Naperville,_IL-IN-WI_Combined_Statistical_Area","/wiki/Wenatchee,_WA_Metropolitan_Statistical_Area","/wiki/Lawrence,_KS_Metropolitan_Statistical_Area","/wiki/Kansas_City-Overland_Park-Kansas_City,_MO-KS_Combined_Statistical_Area","/wiki/Michigan_City-La_Porte,_IN_Metropolitan_Statistical_Area","/wiki/Chicago-Naperville,_IL-IN-WI_Combined_Statistical_Area","/wiki/Missoula,_MT_Metropolitan_Statistical_Area","/wiki/Decatur,_IL_Metropolitan_Statistical_Area","/wiki/California-Lexington_Park,_MD_Metropolitan_Statistical_Area","/wiki/Washington-Baltimore-Arlington,_DC-MD-VA-WV-PA_Combined_Statistical_Area","/wiki/Sumter,_SC_Metropolitan_Statistical_Area","/wiki/Lewiston-Auburn,_ME_Metropolitan_Statistical_Area","/wiki/Portland-Lewiston-South_Portland,_ME_Combined_Statistical_Area","/wiki/Bay_City,_MI_Metropolitan_Statistical_Area","/wiki/Saginaw-Midland-Bay_City,_MI_Combined_Statistical_Area","/wiki/Lima,_OH_Metropolitan_Statistical_Area","/wiki/Lima-Van_Wert-Celina,_OH_Combined_Statistical_Area","/wiki/Gadsden,_AL_Metropolitan_Statistical_Area","/wiki/Ithaca,_NY_Metropolitan_Statistical_Area","/wiki/Ithaca-Cortland,_NY_Combined_Statistical_Area","/wiki/Longview,_WA_Metropolitan_Statistical_Area","/wiki/Portland-Vancouver-Salem,_OR-WA_Combined_Statistical_Area","/wiki/Cumberland,_MD-WV_Metropolitan_Statistical_Area","/wiki/Fond_du_Lac,_WI_Metropolitan_Statistical_Area","/wiki/The_Villages,_FL_Metropolitan_Statistical_Area","/wiki/Orlando-Deltona-Daytona_Beach,_FL_Combined_Statistical_Area","/wiki/Gettysburg,_PA_Metropolitan_Statistical_Area","/wiki/Harrisburg-York-Lebanon,_PA_Combined_Statistical_Area","/wiki/Fairbanks,_AK_Metropolitan_Statistical_Area","/wiki/Grand_Forks,_ND-MN_Metropolitan_Statistical_Area","/wiki/Sebring,_FL_Metropolitan_Statistical_Area","/wiki/Mankato-North_Mankato,_MN_Metropolitan_Statistical_Area","/wiki/Mankato-New_Ulm-North_Mankato,_MN_Combined_Statistical_Area","/wiki/Manhattan,_KS_Metropolitan_Statistical_Area","/wiki/Manhattan-Junction_City,_KS_Combined_Statistical_Area","/wiki/Pine_Bluff,_AR_Metropolitan_Statistical_Area","/wiki/Little_Rock-North_Little_Rock,_AR_Combined_Statistical_Area","/wiki/Cape_Girardeau,_MO-IL_Metropolitan_Statistical_Area","/wiki/Cape_Girardeau-Sikeston,_MO-IL_Combined_Statistical_Area","/wiki/Hot_Springs,_AR_Metropolitan_Statistical_Area","/wiki/Hot_Springs-Malvern,_AR_Combined_Statistical_Area","/wiki/Victoria,_TX_Metropolitan_Statistical_Area","/wiki/Victoria-Port_Lavaca,_TX_Combined_Statistical_Area","/wiki/Ocean_City,_NJ_Metropolitan_Statistical_Area","/wiki/Philadelphia-Reading-Camden,_PA-NJ-DE-MD_Combined_Statistical_Area","/wiki/Rome,_GA_Metropolitan_Statistical_Area","/wiki/Rome-Summerville,_GA_Combined_Statistical_Area","/wiki/Dubuque,_IA_Metropolitan_Statistical_Area","/wiki/Cheyenne,_WY_Metropolitan_Statistical_Area","/wiki/Parkersburg-Vienna,_WV_Metropolitan_Statistical_Area","/wiki/Parkersburg-Marietta-Vienna,_WV-OH_Combined_Statistical_Area","/wiki/Ames,_IA_Metropolitan_Statistical_Area","/wiki/Des_Moines-Ames-West_Des_Moines,_IA_Combined_Statistical_Area","/wiki/Elmira,_NY_Metropolitan_Statistical_Area","/wiki/Elmira-Corning,_NY_Combined_Statistical_Area","/wiki/Corvallis,_OR_Metropolitan_Statistical_Area","/wiki/Portland-Vancouver-Salem,_OR-WA_Combined_Statistical_Area","/wiki/Bloomsburg-Berwick,_PA_Metropolitan_Statistical_Area","/wiki/Bloomsburg-Berwick-Sunbury,_PA_Combined_Statistical_Area","/wiki/Midland,_MI_Metropolitan_Statistical_Area","/wiki/Saginaw-Midland-Bay_City,_MI_Combined_Statistical_Area","/wiki/Pocatello,_ID_Metropolitan_Statistical_Area","/wiki/Grand_Island,_NE_Metropolitan_Statistical_Area","/wiki/Grants_Pass,_OR_Metropolitan_Statistical_Area","/wiki/Medford-Grants_Pass,_OR_Combined_Statistical_Area","/wiki/Kokomo,_IN_Metropolitan_Statistical_Area","/wiki/Kokomo-Peru,_IN_Combined_Statistical_Area","/wiki/Great_Falls,_MT_Metropolitan_Statistical_Area","/wiki/Hinesville,_GA_Metropolitan_Statistical_Area","/wiki/Savannah-Hinesville-Statesboro,_GA_Combined_Statistical_Area","/wiki/Danville,_IL_Metropolitan_Statistical_Area","/wiki/Columbus,_IN_Metropolitan_Statistical_Area","/wiki/Indianapolis-Carmel-Muncie,_IN_Combined_Statistical_Area","/wiki/Casper,_WY_Metropolitan_Statistical_Area","/wiki/Walla_Walla,_WA_Metropolitan_Statistical_Area","/wiki/Lewiston,_ID-WA_Metropolitan_Statistical_Area","/wiki/Carson_City,_NV_Metropolitan_Statistical_Area","/wiki/Reno-Carson_City-Fernley,_NV_Combined_Statistical_Area","/w/index.php?title=List_of_Metropolitan_Statistical_Areas&action=edit&section=2","/wiki/Help:Sorting","/wiki/Help:Table","/wiki/United_States_Census_Bureau","#cite_note-PopEstCBSA-PR-4","/wiki/United_States_Office_of_Management_and_Budget","#cite_note-OMB_13-01-1","#cite_note-PopEstCBSA-PR-4","/wiki/2010_United_States_Census","#cite_note-PopEstCBSA-PR-4","#cite_note-PopEstCBSA-PR-4","/wiki/Combined_Statistical_Area","#cite_note-CSA-3","#cite_note-OMB_13-01-1","/wiki/San_Juan-Carolina-Caguas,_PR_Metropolitan_Statistical_Area","/wiki/San_Juan-Carolina,_PR_Combined_Statistical_Area","/wiki/Ponce,_PR_Metropolitan_Statistical_Area","/wiki/Ponce-Coamo-Santa_Isabel,_PR_Combined_Statistical_Area","/wiki/Aguadilla-Isabela,_PR_Metropolitan_Statistical_Area","/wiki/Arecibo,_PR_Metropolitan_Statistical_Area","/wiki/San_Juan-Carolina,_PR_Combined_Statistical_Area","/wiki/San_Germ%C3%A1n,_PR_Metropolitan_Statistical_Area","/wiki/Mayag%C3%BCez-San_Germ%C3%A1n,_PR_Combined_Statistical_Area","/wiki/Mayag%C3%BCez,_PR_Metropolitan_Statistical_Area","/wiki/Mayag%C3%BCez-San_Germ%C3%A1n,_PR_Combined_Statistical_Area","/wiki/Guayama,_PR_Metropolitan_Statistical_Area","/wiki/San_Juan-Carolina,_PR_Combined_Statistical_Area","/w/index.php?title=List_of_Metropolitan_Statistical_Areas&action=edit&section=3","/wiki/File:Terrestrial_globe.svg","//upload.wikimedia.org/wikipedia/en/thumb/6/6b/Terrestrial_globe.svg/29px-Terrestrial_globe.svg.png","/wiki/Portal:Geography","/wiki/File:Flag_of_the_United_States.svg","//upload.wikimedia.org/wikipedia/en/thumb/a/a4/Flag_of_the_United_States.svg/32px-Flag_of_the_United_States.svg.png","/wiki/Portal:United_States","/wiki/File:Flag_of_Puerto_Rico.svg","//upload.wikimedia.org/wikipedia/commons/thumb/2/28/Flag_of_Puerto_Rico.svg/32px-Flag_of_Puerto_Rico.svg.png","/wiki/Portal:Puerto_Rico","/wiki/United_States","/wiki/Outline_of_the_United_States","/wiki/Index_of_United_States-related_articles","/wiki/Book:United_States","/wiki/Demographics_of_the_United_States","/wiki/United_States_Census_Bureau","/wiki/List_of_U.S._states_and_territories_by_population","/wiki/List_of_metropolitan_areas_of_the_United_States","/wiki/List_of_United_States_cities_by_population","/wiki/List_of_United_States_counties_and_county-equivalents","/wiki/Office_of_Management_and_Budget","/wiki/Statistical_area_(United_States)","/wiki/List_of_Micropolitan_Statistical_Areas","/wiki/List_of_Combined_Statistical_Areas","/wiki/United_States_primary_statistical_area","/wiki/List_of_primary_statistical_areas_of_the_United_States","/wiki/Combined_Statistical_Area","/wiki/List_of_Combined_Statistical_Areas","/wiki/Core_Based_Statistical_Area","/wiki/List_of_Core_Based_Statistical_Areas","/wiki/Metropolitan_Statistical_Area","/wiki/Micropolitan_Statistical_Area","/wiki/List_of_Micropolitan_Statistical_Areas","/w/index.php?title=List_of_Metropolitan_Statistical_Areas&action=edit&section=4","#cite_ref-OMB_13-01_1-0","#cite_ref-OMB_13-01_1-1","#cite_ref-OMB_13-01_1-2","#cite_ref-OMB_13-01_1-3","#cite_ref-OMB_13-01_1-4","http://www.whitehouse.gov/sites/default/files/omb/bulletins/2013/b13-01.pdf","/wiki/United_States_Office_of_Management_and_Budget","#cite_ref-PopEstCBSA_2-0","#cite_ref-PopEstCBSA_2-1","#cite_ref-PopEstCBSA_2-2","#cite_ref-PopEstCBSA_2-3","http://www.census.gov/popest/data/metro/totals/2012/tables/CBSA-EST2012-01.csv","/wiki/Comma-separated_values","/wiki/United_States_Census_Bureau","#cite_ref-CSA_3-0","#cite_ref-CSA_3-1","/wiki/United_States_Office_of_Management_and_Budget","/wiki/Combined_Statistical_Area","/wiki/Core_Based_Statistical_Area","#cite_ref-PopEstCBSA-PR_4-0","#cite_ref-PopEstCBSA-PR_4-1","#cite_ref-PopEstCBSA-PR_4-2","#cite_ref-PopEstCBSA-PR_4-3","http://www.census.gov/popest/data/metro/totals/2012/tables/CBSA-EST2012-03.csv","/wiki/Comma-separated_values","/wiki/United_States_Census_Bureau","/w/index.php?title=List_of_Metropolitan_Statistical_Areas&action=edit&section=5","/wiki/Wikipedia:Wikimedia_sister_projects","//en.wiktionary.org/wiki/Special:Search/United_States","//upload.wikimedia.org/wikipedia/commons/thumb/f/f8/Wiktionary-logo-en.svg/23px-Wiktionary-logo-en.svg.png","//en.wiktionary.org/wiki/Special:Search/United_States","//commons.wikimedia.org/wiki/Special:Search/United_States","//upload.wikimedia.org/wikipedia/en/thumb/4/4a/Commons-logo.svg/18px-Commons-logo.svg.png","//commons.wikimedia.org/wiki/Special:Search/United_States","//en.wikiversity.org/wiki/Special:Search/United_States","//upload.wikimedia.org/wikipedia/commons/thumb/1/1b/Wikiversity-logo-en.svg/25px-Wikiversity-logo-en.svg.png","//en.wikiversity.org/wiki/Special:Search/United_States","//en.wikiquote.org/wiki/Special:Search/United_States","//upload.wikimedia.org/wikipedia/commons/thumb/f/fa/Wikiquote-logo.svg/21px-Wikiquote-logo.svg.png","//en.wikiquote.org/wiki/Special:Search/United_States","//en.wikisource.org/wiki/Special:Search/United_States","//upload.wikimedia.org/wikipedia/commons/thumb/4/4c/Wikisource-logo.svg/24px-Wikisource-logo.svg.png","//en.wikisource.org/wiki/Special:Search/United_States","//en.wikibooks.org/wiki/Special:Search/United_States","//upload.wikimedia.org/wikipedia/commons/thumb/f/fa/Wikibooks-logo.svg/25px-Wikibooks-logo.svg.png","//en.wikibooks.org/wiki/Special:Search/United_States","http://www.usa.gov/","http://www.census.gov/","http://2010.census.gov/2010census/","http://www.census.gov/popest/data/index.html","http://www.whitehouse.gov/omb/","/wiki/Template:USLargestMetros","/wiki/Template_talk:USLargestMetros","//en.wikipedia.org/w/index.php?title=Template:USLargestMetros&action=edit","/wiki/Metropolitan_Statistical_Area","/wiki/United_States","/wiki/Puerto_Rico","/wiki/New_York-Newark-Jersey_City,_NY-NJ-PA_Metropolitan_Statistical_Area","/wiki/Los_Angeles-Long_Beach-Anaheim,_CA_Metropolitan_Statistical_Area","/wiki/Chicago-Naperville-Elgin,_IL-IN-WI_Metropolitan_Statistical_Area","/wiki/Dallas-Fort_Worth-Arlington,_TX_Metropolitan_Statistical_Area","/wiki/Houston-The_Woodlands-Sugar_Land,_TX_Metropolitan_Statistical_Area","/wiki/Philadelphia-Camden-Wilmington,_PA-NJ-DE-MD_Metropolitan_Statistical_Area","/wiki/Washington-Arlington-Alexandria,_DC-VA-MD-WV_Metropolitan_Statistical_Area","/wiki/Miami-Fort_Lauderdale-West_Palm_Beach,_FL_Metropolitan_Statistical_Area","/wiki/Atlanta-Sandy_Springs-Roswell,_GA_Metropolitan_Statistical_Area","/wiki/Boston-Cambridge-Newton,_MA-NH_Metropolitan_Statistical_Area","/wiki/San_Francisco-Oakland-Hayward,_CA_Metropolitan_Statistical_Area","/wiki/Riverside-San_Bernardino-Ontario,_CA_Metropolitan_Statistical_Area","/wiki/Phoenix-Mesa-Scottsdale,_AZ_Metropolitan_Statistical_Area","/wiki/Detroit-Warren-Dearborn,_MI_Metropolitan_Statistical_Area","/wiki/Seattle-Tacoma-Bellevue,_WA_Metropolitan_Statistical_Area","/wiki/Minneapolis-St._Paul-Bloomington,_MN-WI_Metropolitan_Statistical_Area","/wiki/San_Diego-Carlsbad,_CA_Metropolitan_Statistical_Area","/wiki/Tampa-St._Petersburg-Clearwater,_FL_Metropolitan_Statistical_Area","/wiki/St._Louis,_MO-IL_Metropolitan_Statistical_Area","/wiki/Baltimore-Columbia-Towson,_MD_Metropolitan_Statistical_Area","/wiki/Denver-Aurora-Lakewood,_CO_Metropolitan_Statistical_Area","/wiki/Pittsburgh,_PA_Metropolitan_Statistical_Area","/wiki/San_Juan-Carolina-Caguas,_PR_Metropolitan_Statistical_Area","/wiki/Charlotte-Concord-Gastonia,_NC-SC_Metropolitan_Statistical_Area","/wiki/Portland-Vancouver-Hillsboro,_OR-WA_Metropolitan_Statistical_Area","/wiki/San_Antonio-New_Braunfels,_TX_Metropolitan_Statistical_Area","/wiki/Orlando-Kissimmee-Sanford,_FL_Metropolitan_Statistical_Area","/wiki/Sacramento%E2%80%93Roseville%E2%80%93Arden-Arcade,_CA_Metropolitan_Statistical_Area","/wiki/Cincinnati,_OH-KY-IN_Metropolitan_Statistical_Area","/wiki/Cleveland-Elyria,_OH_Metropolitan_Statistical_Area","/wiki/Kansas_City,_MO-KS_Metropolitan_Statistical_Area","/wiki/Las_Vegas-Henderson-Paradise,_NV_Metropolitan_Statistical_Area","/wiki/Columbus,_OH_Metropolitan_Statistical_Area","/wiki/Indianapolis-Carmel-Anderson,_IN_Metropolitan_Statistical_Area","/wiki/San_Jose-Sunnyvale-Santa_Clara,_CA_Metropolitan_Statistical_Area","/wiki/Austin-Round_Rock,_TX_Metropolitan_Statistical_Area","/wiki/Nashville-Davidson%E2%80%93Murfreesboro%E2%80%93Franklin,_TN_Metropolitan_Statistical_Area","/wiki/Virginia_Beach-Norfolk-Newport_News,_VA-NC_Metropolitan_Statistical_Area","/wiki/Providence-Warwick,_RI-MA_Metropolitan_Statistical_Area","/wiki/Milwaukee-Waukesha-West_Allis,_WI_Metropolitan_Statistical_Area","/wiki/Jacksonville,_FL_Metropolitan_Statistical_Area","/wiki/Memphis,_TN-MS-AR_Metropolitan_Statistical_Area","/wiki/Oklahoma_City_metropolitan_area","/wiki/Louisville/Jefferson_County,_KY-IN_Metropolitan_Statistical_Area","/wiki/Richmond,_VA_Metropolitan_Statistical_Area","/wiki/New_Orleans-Metairie,_LA_Metropolitan_Statistical_Area","/wiki/Hartford-West_Hartford-East_Hartford,_CT_Metropolitan_Statistical_Area","/wiki/Raleigh,_NC_Metropolitan_Statistical_Area","/wiki/Birmingham-Hoover,_AL_Metropolitan_Statistical_Area","/wiki/Buffalo-Cheektowaga-Niagara_Falls,_NY_Metropolitan_Statistical_Area","/wiki/Salt_Lake_City,_UT_Metropolitan_Statistical_Area","/wiki/Rochester,_NY_Metropolitan_Statistical_Area","/wiki/Grand_Rapids-Wyoming,_MI_Metropolitan_Statistical_Area","/wiki/Tucson,_AZ_Metropolitan_Statistical_Area","/wiki/Urban_Honolulu,_HI_Metropolitan_Statistical_Area","/wiki/Tulsa,_OK_Metropolitan_Statistical_Area","/wiki/Fresno,_CA_Metropolitan_Statistical_Area","/wiki/Bridgeport-Stamford-Norwalk,_CT_Metropolitan_Statistical_Area","/wiki/Worcester,_MA-CT_Metropolitan_Statistical_Area","/wiki/Albuquerque,_NM_Metropolitan_Statistical_Area","/wiki/Omaha-Council_Bluffs,_NE-IA_Metropolitan_Statistical_Area","/wiki/Albany-Schenectady-Troy,_NY_Metropolitan_Statistical_Area","/wiki/New_Haven-Milford,_CT_Metropolitan_Statistical_Area","/wiki/Bakersfield,_CA_Metropolitan_Statistical_Area","/wiki/Knoxville,_TN_Metropolitan_Statistical_Area","/wiki/Greenville-Anderson-Mauldin,_SC_Metropolitan_Statistical_Area","/wiki/Oxnard-Thousand_Oaks-Ventura,_CA_Metropolitan_Statistical_Area","/wiki/El_Paso,_TX_Metropolitan_Statistical_Area","/wiki/Allentown-Bethlehem-Easton,_PA-NJ_Metropolitan_Statistical_Area","/wiki/Baton_Rouge,_LA_Metropolitan_Statistical_Area","/wiki/McAllen-Edinburg-Mission,_TX_Metropolitan_Statistical_Area","/wiki/Dayton,_OH_Metropolitan_Statistical_Area","/wiki/Columbia,_SC_Metropolitan_Statistical_Area","/wiki/Greensboro-High_Point,_NC_Metropolitan_Statistical_Area","/wiki/North_Port%E2%80%93Sarasota%E2%80%93Bradenton,_Florida_Metropolitan_Statistical_Area","/wiki/Little_Rock-North_Little_Rock-Conway,_AR_Metropolitan_Statistical_Area","/wiki/Stockton-Lodi,_CA_Metropolitan_Statistical_Area","/wiki/Akron,_OH_Metropolitan_Statistical_Area","/wiki/Charleston-North_Charleston,_SC_Metropolitan_Statistical_Area","/wiki/Colorado_Springs,_CO_Metropolitan_Statistical_Area","/wiki/Syracuse,_NY_Metropolitan_Statistical_Area","/wiki/Winston-Salem,_NC_Metropolitan_Statistical_Area","/wiki/Cape_Coral-Fort_Myers,_FL_Metropolitan_Statistical_Area","/wiki/Boise_City,_ID_Metropolitan_Statistical_Area","/wiki/Wichita,_KS_Metropolitan_Statistical_Area","/wiki/Springfield,_MA_Metropolitan_Statistical_Area","/wiki/Madison,_WI_Metropolitan_Statistical_Area","/wiki/Lakeland-Winter_Haven,_FL_Metropolitan_Statistical_Area","/wiki/Ogden-Clearfield,_UT_Metropolitan_Statistical_Area","/wiki/Toledo,_OH_Metropolitan_Statistical_Area","/wiki/Deltona-Daytona_Beach-Ormond_Beach,_FL_Metropolitan_Statistical_Area","/wiki/Des_Moines-West_Des_Moines,_IA_Metropolitan_Statistical_Area","/wiki/Jackson,_MS_Metropolitan_Statistical_Area","/wiki/Augusta-Richmond_County,_GA-SC_Metropolitan_Statistical_Area","/wiki/Scranton%E2%80%93Wilkes-Barre%E2%80%93Hazleton,_PA_Metropolitan_Statistical_Area","/wiki/Youngstown-Warren-Boardman,_OH-PA_Metropolitan_Statistical_Area","/wiki/Harrisburg-Carlisle,_PA_Metropolitan_Statistical_Area","/wiki/Provo-Orem,_UT_Metropolitan_Statistical_Area","/wiki/Palm_Bay-Melbourne-Titusville,_FL_Metropolitan_Statistical_Area","/wiki/Chattanooga,_TN-GA_Metropolitan_Statistical_Area","/wiki/United_States_Census_Bureau","/wiki/List_of_United_States_core_based_statistical_areas","//en.wikipedia.org/w/index.php?title=Special:CentralAutoLogin/start&type=1x1&from=enwiki","http://en.wikipedia.org/w/index.php?title=List_of_Metropolitan_Statistical_Areas&oldid=565950026","/wiki/Help:Categories","/wiki/Category:Metropolitan_statistical_areas_of_the_United_States","/wiki/Category:Core_based_statistical_areas_of_the_United_States","/wiki/Category:United_States_demography-related_lists","/wiki/Category:Lists_of_metropolitan_areas","/w/index.php?title=Special:UserLogin&returnto=List+of+Metropolitan+Statistical+Areas&type=signup","/w/index.php?title=Special:UserLogin&returnto=List+of+Metropolitan+Statistical+Areas","/wiki/List_of_Metropolitan_Statistical_Areas","/wiki/Talk:List_of_Metropolitan_Statistical_Areas","#","/wiki/List_of_Metropolitan_Statistical_Areas","/w/index.php?title=List_of_Metropolitan_Statistical_Areas&action=edit","/w/index.php?title=List_of_Metropolitan_Statistical_Areas&action=history","#","/w/index.php","//bits.wikimedia.org/static-1.22wmf11/skins/vector/images/search-ltr.png?303-4","/wiki/Main_Page","/wiki/Main_Page","/wiki/Portal:Contents","/wiki/Portal:Featured_content","/wiki/Portal:Current_events","/wiki/Special:Random","//donate.wikimedia.org/wiki/Special:FundraiserRedirector?utm_source=donate&utm_medium=sidebar&utm_campaign=C13_en.wikipedia.org&uselang=en","/wiki/Help:Contents","/wiki/Wikipedia:About","/wiki/Wikipedia:Community_portal","/wiki/Special:RecentChanges","//en.wikipedia.org/wiki/Wikipedia:Contact_us","/wiki/Special:WhatLinksHere/List_of_Metropolitan_Statistical_Areas","/wiki/Special:RecentChangesLinked/List_of_Metropolitan_Statistical_Areas","/wiki/Wikipedia:File_Upload_Wizard","/wiki/Special:SpecialPages","/w/index.php?title=List_of_Metropolitan_Statistical_Areas&oldid=565950026","/w/index.php?title=List_of_Metropolitan_Statistical_Areas&action=info","//www.wikidata.org/wiki/Q4387868","/w/index.php?title=Special:Cite&page=List_of_Metropolitan_Statistical_Areas&id=565950026","/w/index.php?title=Special:Book&bookcmd=book_creator&referer=List+of+Metropolitan+Statistical+Areas","/w/index.php?title=Special:Book&bookcmd=render_article&arttitle=List+of+Metropolitan+Statistical+Areas&oldid=565950026&writer=rl","/w/index.php?title=List_of_Metropolitan_Statistical_Areas&printable=yes","//es.wikipedia.org/wiki/Anexo:%C3%81reas_metropolitanas_de_Estados_Unidos","//ja.wikipedia.org/wiki/%E3%82%A2%E3%83%A1%E3%83%AA%E3%82%AB%E5%90%88%E8%A1%86%E5%9B%BD%E3%81%AE%E4%B8%BB%E3%81%AA%E9%83%BD%E5%B8%82%E5%9C%8F%E4%BA%BA%E5%8F%A3%E3%81%AE%E9%A0%86%E4%BD%8D","//pl.wikipedia.org/wiki/Obszary_metropolitalne_w_Stanach_Zjednoczonych","#","//www.wikidata.org/wiki/Q4387868#sitelinks-wikipedia","//en.wikipedia.org/wiki/Wikipedia:Text_of_Creative_Commons_Attribution-ShareAlike_3.0_Unported_License","//creativecommons.org/licenses/by-sa/3.0/","//wikimediafoundation.org/wiki/Terms_of_Use","//wikimediafoundation.org/wiki/Privacy_policy","//www.wikimediafoundation.org/","//wikimediafoundation.org/wiki/Privacy_policy","/wiki/Wikipedia:About","/wiki/Wikipedia:General_disclaimer","//en.wikipedia.org/wiki/Wikipedia:Contact_us","//en.m.wikipedia.org/wiki/List_of_Metropolitan_Statistical_Areas","//wikimediafoundation.org/","//bits.wikimedia.org/images/wikimedia-button.png","//www.mediawiki.org/","//bits.wikimedia.org/static-1.22wmf11/skins/common/images/poweredby_mediawiki_88x31.png","//bits.wikimedia.org/en.wikipedia.org/load.php?debug=false&lang=en&modules=site&only=scripts&skin=vector&*"],"instances":["united_states","united_states"],"pdf":["http://www.whitehouse.gov/sites/default/files/omb/bulletins/2013/b13-01.pdf"],"categories":["Metropolitan statistical areas of the United States|","Core based statistical areas of the United States|","United States demography-related lists|United States Metropolitan Statistical Areas","Lists of metropolitan areas|United States Metropolitan Statistical Areas"],"headings":["United States","Puerto Rico","See also","References","External links"],"image":["//upload.wikimedia.org/wikipedia/commons/thumb/8/8d/Pano_Manhattan2007_amk.jpg/250px-Pano_Manhattan2007_amk.jpg","//upload.wikimedia.org/wikipedia/commons/thumb/6/6c/Metropolitan_and_Micropolitan_Statistical_Areas_of_the_United_States_and_Puerto_Rico.gif/300px-Metropolitan_and_Micropolitan_Statistical_Areas_of_the_United_States_and_Puerto_Rico.gif","//bits.wikimedia.org/static-1.22wmf11/skins/common/images/magnify-clip.png","//upload.wikimedia.org/wikipedia/en/thumb/6/6b/Terrestrial_globe.svg/29px-Terrestrial_globe.svg.png","//upload.wikimedia.org/wikipedia/en/thumb/a/a4/Flag_of_the_United_States.svg/32px-Flag_of_the_United_States.svg.png","//upload.wikimedia.org/wikipedia/commons/thumb/2/28/Flag_of_Puerto_Rico.svg/32px-Flag_of_Puerto_Rico.svg.png","//upload.wikimedia.org/wikipedia/commons/thumb/f/f8/Wiktionary-logo-en.svg/23px-Wiktionary-logo-en.svg.png","//upload.wikimedia.org/wikipedia/en/thumb/4/4a/Commons-logo.svg/18px-Commons-logo.svg.png","//upload.wikimedia.org/wikipedia/commons/thumb/1/1b/Wikiversity-logo-en.svg/25px-Wikiversity-logo-en.svg.png","//upload.wikimedia.org/wikipedia/commons/thumb/f/fa/Wikiquote-logo.svg/21px-Wikiquote-logo.svg.png","//upload.wikimedia.org/wikipedia/commons/thumb/4/4c/Wikisource-logo.svg/24px-Wikisource-logo.svg.png","//upload.wikimedia.org/wikipedia/commons/thumb/f/fa/Wikibooks-logo.svg/25px-Wikibooks-logo.svg.png","//en.wikipedia.org/w/index.php?title=Special:CentralAutoLogin/start&type=1x1&from=enwiki","//bits.wikimedia.org/static-1.22wmf11/skins/vector/images/search-ltr.png?303-4","//bits.wikimedia.org/images/wikimedia-button.png","//bits.wikimedia.org/static-1.22wmf11/skins/common/images/poweredby_mediawiki_88x31.png"],"tags":[["county","united_states"],["statistical_area","united_states"]],"members":["statistical_area","county"],"related":["United_States_Office_of_Management_and_Budget","Metropolitan_Statistical_Area","United_States","Puerto_Rico","County_(United_States)","County-equivalent","List_of_United_States_urban_areas","United_States","Puerto_Rico","Metropolitan_Statistical_Area","Micropolitan_Statistical_Area","United_States_Census_Bureau","United_States_Office_of_Management_and_Budget","2010_United_States_Census","Combined_Statistical_Area","United_States_Office_of_Management_and_Budget","Combined_Statistical_Area","Core_Based_Statistical_Area","New_York-Newark-Jersey_City,_NY-NJ-PA_Metropolitan_Statistical_Area","New_York-Newark,_NY-NJ-CT-PA_Combined_Statistical_Area","Los_Angeles-Long_Beach-Anaheim,_CA_Metropolitan_Statistical_Area","Los_Angeles-Long_Beach,_CA_Combined_Statistical_Area","Chicago-Naperville-Elgin,_IL-IN-WI_Metropolitan_Statistical_Area","Chicago-Naperville,_IL-IN-WI_Combined_Statistical_Area","Dallas-Fort_Worth-Arlington,_TX_Metropolitan_Statistical_Area","Dallas-Fort_Worth,_TX-OK_Combined_Statistical_Area","Houston-The_Woodlands-Sugar_Land,_TX_Metropolitan_Statistical_Area","Houston-The_Woodlands,_TX_Combined_Statistical_Area","Philadelphia-Camden-Wilmington,_PA-NJ-DE-MD_Metropolitan_Statistical_Area","Philadelphia-Reading-Camden,_PA-NJ-DE-MD_Combined_Statistical_Area","Washington-Arlington-Alexandria,_DC-VA-MD-WV_Metropolitan_Statistical_Area","Washington-Baltimore-Arlington,_DC-MD-VA-WV-PA_Combined_Statistical_Area","Miami-Fort_Lauderdale-West_Palm_Beach,_FL_Metropolitan_Statistical_Area","Miami-Fort_Lauderdale-Port_St._Lucie,_FL_Combined_Statistical_Area","Atlanta-Sandy_Springs-Roswell,_GA_Metropolitan_Statistical_Area","AtlantaAthens-Clarke_CountySandy_Springs,_GA_Combined_Statistical_Area","Boston-Cambridge-Newton,_MA-NH_Metropolitan_Statistical_Area","Boston-Worcester-Providence,_MA-RI-NH-CT_Combined_Statistical_Area","San_Francisco-Oakland-Fremont,_CA_Metropolitan_Statistical_Area","San_Jose-San_Francisco-Oakland,_CA_Combined_Statistical_Area","Riverside-San_Bernardino-Ontario,_CA_Metropolitan_Statistical_Area","Los_Angeles-Long_Beach,_CA_Combined_Statistical_Area","Phoenix-Mesa-Scottsdale,_AZ_Metropolitan_Statistical_Area","Detroit-Warren-Dearborn,_MI_Metropolitan_Statistical_Area","Detroit-Warren-Ann_Arbor,_MI_Combined_Statistical_Area","Seattle-Tacoma-Bellevue,_WA_Metropolitan_Statistical_Area","Seattle-Tacoma,_WA_Combined_Statistical_Area","Minneapolis-St._Paul-Bloomington,_MN-WI_Metropolitan_Statistical_Area","Minneapolis-St._Paul,_MN-WI_Combined_Statistical_Area","San_Diego-Carlsbad,_CA_Metropolitan_Statistical_Area","Tampa-St._Petersburg-Clearwater,_FL_Metropolitan_Statistical_Area","St._Louis,_MO-IL_Metropolitan_Statistical_Area","St._Louis-St._Charles-Farmington,_MO-IL_Combined_Statistical_Area","Baltimore-Columbia-Towson,_MD_Metropolitan_Statistical_Area","Washington-Baltimore-Arlington,_DC-MD-VA-WV-PA_Combined_Statistical_Area","Denver-Aurora-Lakewood,_CO_Metropolitan_Statistical_Area","Denver-Aurora,_CO_Combined_Statistical_Area","Pittsburgh,_PA_Metropolitan_Statistical_Area","Pittsburgh-New_Castle-Weirton,_PA-OH-WV_Combined_Statistical_Area","Charlotte-Concord-Gastonia,_NC-SC_Metropolitan_Statistical_Area","Charlotte-Concord,_NC-SC_Combined_Statistical_Area","Portland-Vancouver-Hillsboro,_OR-WA_Metropolitan_Statistical_Area","Portland-Vancouver-Salem,_OR-WA_Combined_Statistical_Area","San_Antonio-New_Braunfels,_TX_Metropolitan_Statistical_Area","Orlando-Kissimmee-Sanford,_FL_Metropolitan_Statistical_Area","Orlando-Deltona-Daytona_Beach,_FL_Combined_Statistical_Area","SacramentoRosevilleArden-Arcade,_CA_Metropolitan_Statistical_Area","Sacramento-Roseville,_CA_Combined_Statistical_Area","Cincinnati,_OH-KY-IN_Metropolitan_Statistical_Area","Cincinnati-Wilmington-Maysville,_OH-KY-IN_Combined_Statistical_Area","Cleveland-Elyria,_OH_Metropolitan_Statistical_Area","Cleveland-Akron-Canton,_OH_Combined_Statistical_Area","Kansas_City,_MO-KS_Metropolitan_Statistical_Area","Kansas_City-Overland_Park-Kansas_City,_MO-KS_Combined_Statistical_Area","Las_Vegas-Henderson-Paradise,_NV_Metropolitan_Statistical_Area","Las_Vegas-Henderson,_NV-AZ_Combined_Statistical_Area","Columbus,_OH_Metropolitan_Statistical_Area","Columbus-Marion-Zanesville,_OH_Combined_Statistical_Area","Indianapolis-Carmel-Anderson,_IN_Metropolitan_Statistical_Area","Indianapolis-Carmel-Muncie,_IN_Combined_Statistical_Area","San_Jose-Sunnyvale-Santa_Clara,_CA_Metropolitan_Statistical_Area","San_Jose-San_Francisco-Oakland,_CA_Combined_Statistical_Area","Austin-Round_Rock,_TX_Metropolitan_Statistical_Area","Nashville-DavidsonMurfreesboroFranklin,_TN_Metropolitan_Statistical_Area","Nashville-DavidsonMurfreesboro,_TN_Combined_Statistical_Area","Virginia_Beach-Norfolk-Newport_News,_VA-NC_Metropolitan_Statistical_Area","Virginia_Beach-Norfolk,_VA-NC_Combined_Statistical_Area","Providence-Warwick,_RI-MA_Metropolitan_Statistical_Area","Boston-Worcester-Providence,_MA-RI-NH-CT_Combined_Statistical_Area","Milwaukee-Waukesha-West_Allis,_WI_Metropolitan_Statistical_Area","Milwaukee-Racine-Waukesha,_WI_Combined_Statistical_Area","Jacksonville,_FL_Metropolitan_Statistical_Area","Jacksonville-St._Marys-Palatka,_FL-GA_Combined_Statistical_Area","Memphis,_TN-MS-AR_Metropolitan_Statistical_Area","Memphis-Forrest_City,_TN-MS-AR_Combined_Statistical_Area","Oklahoma_City,_OK_Metropolitan_Statistical_Area","Oklahoma_City-Shawnee,_OK_Combined_Statistical_Area","Louisville/Jefferson_County,_KY-IN_Metropolitan_Statistical_Area","Louisville/Jefferson_CountyElizabethtownMadison,_KY-IN_Combined_Statistical_Area","Richmond,_VA_Metropolitan_Statistical_Area","New_Orleans-Metairie,_LA_Metropolitan_Statistical_Area","New_Orleans-Metairie-Hammond,_LA-MS_Combined_Statistical_Area","Hartford-West_Hartford-East_Hartford,_CT_Metropolitan_Statistical_Area","Hartford-West_Hartford,_CT_Combined_Statistical_Area","Raleigh,_NC_Metropolitan_Statistical_Area","Raleigh-Durham-Chapel_Hill,_NC_Combined_Statistical_Area","Birmingham-Hoover,_AL_Metropolitan_Statistical_Area","Birmingham-Hoover-Talladega,_AL_Combined_Statistical_Area","Buffalo-Cheektowaga-Niagara_Falls,_NY_Metropolitan_Statistical_Area","Buffalo-Cheektowaga,_NY_Combined_Statistical_Area","Salt_Lake_City,_UT_Metropolitan_Statistical_Area","Salt_Lake_City-Provo-Orem,_UT_Combined_Statistical_Area","Rochester,_NY_Metropolitan_Statistical_Area","Rochester-Batavia-Seneca_Falls,_NY_Combined_Statistical_Area","Grand_Rapids-Wyoming,_MI_Metropolitan_Statistical_Area","Grand_Rapids-Wyoming-Muskegon,_MI_Combined_Statistical_Area","Tucson,_AZ_Metropolitan_Statistical_Area","Tucson-Nogales,_AZ_Combined_Statistical_Area","Urban_Honolulu,_HI_Metropolitan_Statistical_Area","Tulsa,_OK_Metropolitan_Statistical_Area","Tulsa-Muskogee-Bartlesville,_OK_Combined_Statistical_Area","Fresno,_CA_Metropolitan_Statistical_Area","Fresno-Madera,_CA_Combined_Statistical_Area","Bridgeport-Stamford-Norwalk,_CT_Metropolitan_Statistical_Area","New_York-Newark,_NY-NJ-CT-PA_Combined_Statistical_Area","Worcester,_MA-CT_Metropolitan_Statistical_Area","Boston-Worcester-Providence,_MA-RI-NH-CT_Combined_Statistical_Area","Albuquerque,_NM_Metropolitan_Statistical_Area","Albuquerque-Santa_Fe-Las_Vegas,_NM_Combined_Statistical_Area","Omaha-Council_Bluffs,_NE-IA_Metropolitan_Statistical_Area","Omaha-Council_Bluffs-Fremont,_NE-IA_Combined_Statistical_Area","Albany-Schenectady-Troy,_NY_Metropolitan_Statistical_Area","Albany-Schenectady,_NY_Combined_Statistical_Area","New_Haven-Milford,_CT_Metropolitan_Statistical_Area","New_York-Newark,_NY-NJ-CT-PA_Combined_Statistical_Area","Bakersfield,_CA_Metropolitan_Statistical_Area","Knoxville,_TN_Metropolitan_Statistical_Area","Knoxville-Morristown-Sevierville,_TN_Combined_Statistical_Area","Greenville-Anderson-Mauldin,_SC_Metropolitan_Statistical_Area","Greenville-Spartanburg-Anderson,_SC_Combined_Statistical_Area","Oxnard-Thousand_Oaks-Ventura,_CA_Metropolitan_Statistical_Area","Los_Angeles-Long_Beach,_CA_Combined_Statistical_Area","El_Paso,_TX_Metropolitan_Statistical_Area","El_Paso-Las_Cruces,_TX-NM_Combined_Statistical_Area","Allentown-Bethlehem-Easton,_PA-NJ_Metropolitan_Statistical_Area","New_York-Newark,_NY-NJ-CT-PA_Combined_Statistical_Area","Baton_Rouge,_LA_Metropolitan_Statistical_Area","McAllen-Edinburg-Mission,_TX_Metropolitan_Statistical_Area","McAllen-Edinburg,_TX_Combined_Statistical_Area","Dayton,_OH_Metropolitan_Statistical_Area","Dayton-Springfield-Sidney,_OH_Combined_Statistical_Area","Columbia,_SC_Metropolitan_Statistical_Area","Columbia-Orangeburg-Newberry,_SC_Combined_Statistical_Area","Greensboro-High_Point,_NC_Metropolitan_Statistical_Area","GreensboroWinston-SalemHigh_Point,_NC_Combined_Statistical_Area","North_Port-Sarasota-Bradenton,_FL_Metropolitan_Statistical_Area","North_Port-Sarasota,_FL_Combined_Statistical_Area","Little_Rock-North_Little_Rock-Conway,_AR_Metropolitan_Statistical_Area","Little_Rock-North_Little_Rock,_AR_Combined_Statistical_Area","Stockton-Lodi,_CA_Metropolitan_Statistical_Area","San_Jose-San_Francisco-Oakland,_CA_Combined_Statistical_Area","Akron,_OH_Metropolitan_Statistical_Area","Cleveland-Akron-Canton,_OH_Combined_Statistical_Area","Charleston-North_Charleston,_SC_Metropolitan_Statistical_Area","Colorado_Springs,_CO_Metropolitan_Statistical_Area","Syracuse,_NY_Metropolitan_Statistical_Area","Syracuse-Auburn,_NY_Combined_Statistical_Area","Winston-Salem,_NC_Metropolitan_Statistical_Area","GreensboroWinston-SalemHigh_Point,_NC_Combined_Statistical_Area","Cape_Coral-Fort_Myers,_FL_Metropolitan_Statistical_Area","Cape_Coral-Fort_Myers-Naples,_FL_Combined_Statistical_Area","Boise_City,_ID_Metropolitan_Statistical_Area","Boise_City-Mountain_Home-Ontario,_ID-OR_Combined_Statistical_Area","Wichita,_KS_Metropolitan_Statistical_Area","Wichita-Arkansas_City-Winfield,_KS_Combined_Statistical_Area","Springfield,_MA_Metropolitan_Statistical_Area","Springfield-Greenfield_Town,_MA_Combined_Statistical_Area","Madison,_WI_Metropolitan_Statistical_Area","Madison-Janesville-Beloit,_WI_Combined_Statistical_Area","Lakeland-Winter_Haven,_FL_Metropolitan_Statistical_Area","Ogden-Clearfield,_UT_Metropolitan_Statistical_Area","Salt_Lake_City-Provo-Orem,_UT_Combined_Statistical_Area","Toledo,_OH_Metropolitan_Statistical_Area","Toledo-Port_Clinton,_OH_Combined_Statistical_Area","Deltona-Daytona_Beach-Ormond_Beach,_FL_Metropolitan_Statistical_Area","Orlando-Deltona-Daytona_Beach,_FL_Combined_Statistical_Area","Des_Moines-West_Des_Moines,_IA_Metropolitan_Statistical_Area","Des_Moines-Ames-West_Des_Moines,_IA_Combined_Statistical_Area","Jackson,_MS_Metropolitan_Statistical_Area","Jackson-Vicksburg-Brookhaven,_MS_Combined_Statistical_Area","Augusta-Richmond_County,_GA-SC_Metropolitan_Statistical_Area","ScrantonWilkes-BarreHazleton,_PA_Metropolitan_Statistical_Area","Youngstown-Warren-Boardman,_OH-PA_Metropolitan_Statistical_Area","Youngstown-Warren,_OH-PA_Combined_Statistical_Area","Harrisburg-Carlisle,_PA_Metropolitan_Statistical_Area","Harrisburg-York-Lebanon,_PA_Combined_Statistical_Area","Provo-Orem,_UT_Metropolitan_Statistical_Area","Salt_Lake_City-Provo-Orem,_UT_Combined_Statistical_Area","Palm_Bay-Melbourne-Titusville,_FL_Metropolitan_Statistical_Area","Chattanooga,_TN-GA_Metropolitan_Statistical_Area","Chattanooga-Cleveland-Dalton,_TN-GA-AL_Combined_Statistical_Area","Spokane-Spokane_Valley,_WA_Metropolitan_Statistical_Area","Spokane-Spokane_Valley-Coeur_d'Alene,_WA-ID_Combined_Statistical_Area","Lancaster,_PA_Metropolitan_Statistical_Area","Durham-Chapel_Hill,_NC_Metropolitan_Statistical_Area","Raleigh-Durham-Chapel_Hill,_NC_Combined_Statistical_Area","Modesto,_CA_Metropolitan_Statistical_Area","Modesto-Merced,_CA_Combined_Statistical_Area","Portland-South_Portland,_ME_Metropolitan_Statistical_Area","Portland-Lewiston-South_Portland,_ME_Combined_Statistical_Area","Santa_Rosa,_CA_Metropolitan_Statistical_Area","San_Jose-San_Francisco-Oakland,_CA_Combined_Statistical_Area","Lexington-Fayette,_KY_Metropolitan_Statistical_Area","Lexington-FayetteRichmondFrankfort,_KY_Combined_Statistical_Area","FayettevilleSpringdaleRogers_metropolitan_area","Lafayette,_LA_Metropolitan_Statistical_Area","Lafayette-Opelousas-Morgan_City,_LA_Combined_Statistical_Area","Lansing-East_Lansing,_MI_Metropolitan_Statistical_Area","Lansing-East_Lansing-Owosso,_MI_Combined_Statistical_Area","Pensacola-Ferry_Pass-Brent,_FL_Metropolitan_Statistical_Area","Visalia-Porterville,_CA_Metropolitan_Statistical_Area","Visalia-Porterville-Hanford,_CA_Combined_Statistical_Area","Shreveport-Bossier_City,_LA_Metropolitan_Statistical_Area","Springfield,_MO_Metropolitan_Statistical_Area","Springfield-Branson,_MO_Combined_Statistical_Area","York-Hanover,_PA_Metropolitan_Statistical_Area","Harrisburg-York-Lebanon,_PA_Combined_Statistical_Area","Corpus_Christi,_TX_Metropolitan_Statistical_Area","Corpus_Christi-Kingsville-Alice,_TX_Combined_Statistical_Area","Reno,_NV_Metropolitan_Statistical_Area","Reno-Carson_City-Fernley,_NV_Combined_Statistical_Area","Port_St._Lucie,_FL_Metropolitan_Statistical_Area","Miami-Fort_Lauderdale-Port_St._Lucie,_FL_Combined_Statistical_Area","Asheville,_NC_Metropolitan_Statistical_Area","Asheville-Brevard,_NC_Combined_Statistical_Area","Santa_Maria-Santa_Barbara,_CA_Metropolitan_Statistical_Area","Huntsville,_AL_Metropolitan_Statistical_Area","Huntsville-Decatur-Albertville,_AL_Combined_Statistical_Area","Salinas,_CA_Metropolitan_Statistical_Area","Fort_Wayne,_IN_Metropolitan_Statistical_Area","Fort_Wayne-Huntington-Auburn,_IN_Combined_Statistical_Area","Vallejo-Fairfield,_CA_Metropolitan_Statistical_Area","San_Jose-San_Francisco-Oakland,_CA_Combined_Statistical_Area","Killeen-Temple,_TX_Metropolitan_Statistical_Area","Flint,_MI_Metropolitan_Statistical_Area","Detroit-Warren-Ann_Arbor,_MI_Combined_Statistical_Area","Brownsville-Harlingen,_TX_Metropolitan_Statistical_Area","Brownsville-Harlingen-Raymondville,_TX_Combined_Statistical_Area","Mobile,_AL_Metropolitan_Statistical_Area","Mobile-Daphne-Fairhope,_AL_Combined_Statistical_Area","Reading,_PA_Metropolitan_Statistical_Area","Philadelphia-Reading-Camden,_PA-NJ-DE-MD_Combined_Statistical_Area","Beaumont-Port_Arthur,_TX_Metropolitan_Statistical_Area","Canton-Massillon,_OH_Metropolitan_Statistical_Area","Cleveland-Akron-Canton,_OH_Combined_Statistical_Area","Manchester-Nashua,_NH_Metropolitan_Statistical_Area","Boston-Worcester-Providence,_MA-RI-NH-CT_Combined_Statistical_Area","Salem,_OR_Metropolitan_Statistical_Area","Portland-Vancouver-Salem,_OR-WA_Combined_Statistical_Area","Myrtle_Beach-Conway-North_Myrtle_Beach,_SC-NC_Metropolitan_Statistical_Area","Myrtle_Beach-Conway,_SC-NC_Combined_Statistical_Area","Anchorage,_AK_Metropolitan_Statistical_Area","Davenport-Moline-Rock_Island,_IA-IL_Metropolitan_Statistical_Area","Davenport-Moline,_IA-IL_Combined_Statistical_Area","Salisbury,_MD-DE_Metropolitan_Statistical_Area","Peoria,_IL_Metropolitan_Statistical_Area","Peoria-Canton,_IL_Combined_Statistical_Area","Gulfport-Biloxi-Pascagoula,_MS_Metropolitan_Statistical_Area","Montgomery,_AL_Metropolitan_Statistical_Area","Tallahassee,_FL_Metropolitan_Statistical_Area","Tallahassee-Bainbridge,_FL-GA_Combined_Statistical_Area","Fayetteville,_NC_Metropolitan_Statistical_Area","Fayetteville-Lumberton-Laurinburg,_NC_Combined_Statistical_Area","Trenton,_NJ_Metropolitan_Statistical_Area","New_York-Newark,_NY-NJ-CT-PA_Combined_Statistical_Area","Huntington-Ashland,_WV-KY-OH_Metropolitan_Statistical_Area","Charleston-Huntington-Ashland,_WV-OH-KY_Combined_Statistical_Area","Hickory-Lenoir-Morganton,_NC_Metropolitan_Statistical_Area","Hickory-Lenoir,_NC_Combined_Statistical_Area","Savannah,_GA_Metropolitan_Statistical_Area","Savannah-Hinesville-Statesboro,_GA_Combined_Statistical_Area","Eugene,_OR_Metropolitan_Statistical_Area","Ann_Arbor,_MI_Metropolitan_Statistical_Area","Detroit-Warren-Ann_Arbor,_MI_Combined_Statistical_Area","Rockford,_IL_Metropolitan_Statistical_Area","Rockford-Freeport-Rochelle,_IL_Combined_Statistical_Area","Ocala,_FL_Metropolitan_Statistical_Area","Naples-Immokalee-Marco_Island,_FL_Metropolitan_Statistical_Area","Cape_Coral-Fort_Myers-Naples,_FL_Combined_Statistical_Area","Kalamazoo-Portage,_MI_Metropolitan_Statistical_Area","Kalamazoo-Battle_Creek-Portage,_MI_Combined_Statistical_Area","South_Bend-Mishawaka,_IN-MI_Metropolitan_Statistical_Area","South_Bend-Elkhart-Mishawaka,_IN-MI_Combined_Statistical_Area","Spartanburg,_SC_Metropolitan_Statistical_Area","Greenville-Spartanburg-Anderson,_SC_Combined_Statistical_Area","Evansville,_IN-KY_Metropolitan_Statistical_Area","Green_Bay,_WI_Metropolitan_Statistical_Area","Green_Bay-Shawano,_WI_Combined_Statistical_Area","Columbus,_GA-AL_Metropolitan_Statistical_Area","Columbus-Auburn-Opelika,_GA-AL_Combined_Statistical_Area","Fort_Collins,_CO_Metropolitan_Statistical_Area","Lincoln,_Nebraska_metropolitan_area","Lincoln,_Nebraska_metropolitan_area","Roanoke,_VA_Metropolitan_Statistical_Area","Kingsport-Bristol-Bristol,_TN-VA_Metropolitan_Statistical_Area","Johnson_City-Kingsport-Bristol,_TN-VA_Combined_Statistical_Area","Boulder,_CO_Metropolitan_Statistical_Area","Denver-Aurora,_CO_Combined_Statistical_Area","Utica-Rome,_NY_Metropolitan_Statistical_Area","Lubbock,_TX_Metropolitan_Statistical_Area","Lubbock-Levelland,_TX_Combined_Statistical_Area","Erie,_PA_Metropolitan_Statistical_Area","Erie-Meadville,_PA_Combined_Statistical_Area","Fort_Smith,_AR-OK_Metropolitan_Statistical_Area","Duluth,_MN-WI_Metropolitan_Statistical_Area","Atlantic_City-Hammonton,_NJ_Metropolitan_Statistical_Area","Philadelphia-Reading-Camden,_PA-NJ-DE-MD_Combined_Statistical_Area","San_Luis_Obispo-Paso_Robles-Arroyo_Grande,_CA_Metropolitan_Statistical_Area","Clarksville,_TN-KY_Metropolitan_Statistical_Area","Norwich-New_London,_CT_Metropolitan_Statistical_Area","Hartford-West_Hartford,_CT_Combined_Statistical_Area","Kennewick-Richland,_WA_Metropolitan_Statistical_Area","Gainesville,_FL_Metropolitan_Statistical_Area","Gainesville-Lake_City,_FL_Combined_Statistical_Area","Santa_Cruz-Watsonville,_CA_Metropolitan_Statistical_Area","San_Jose-San_Francisco-Oakland,_CA_Combined_Statistical_Area","Greeley,_CO_Metropolitan_Statistical_Area","Denver-Aurora,_CO_Combined_Statistical_Area","Wilmington,_NC_Metropolitan_Statistical_Area","Merced,_CA_Metropolitan_Statistical_Area","Modesto-Merced,_CA_Combined_Statistical_Area","Cedar_Rapids,_IA_Metropolitan_Statistical_Area","Cedar_Rapids-Iowa_City,_IA_Combined_Statistical_Area","Laredo,_TX_Metropolitan_Statistical_Area","Olympia-Tumwater,_WA_Metropolitan_Statistical_Area","Seattle-Tacoma,_WA_Combined_Statistical_Area","Amarillo,_TX_Metropolitan_Statistical_Area","Amarillo-Borger,_TX_Combined_Statistical_Area","Waco,_TX_Metropolitan_Statistical_Area","Hagerstown-Martinsburg,_MD-WV_Metropolitan_Statistical_Area","Washington-Baltimore-Arlington,_DC-MD-VA-WV-PA_Combined_Statistical_Area","Lynchburg,_VA_Metropolitan_Statistical_Area","Bremerton-Silverdale,_WA_Metropolitan_Statistical_Area","Seattle-Tacoma,_WA_Combined_Statistical_Area","Binghamton,_NY_Metropolitan_Statistical_Area","Crestview-Fort_Walton_Beach-Destin,_FL_Metropolitan_Statistical_Area","Yakima,_WA_Metropolitan_Statistical_Area","Sioux_Falls,_SD_Metropolitan_Statistical_Area","Topeka,_KS_Metropolitan_Statistical_Area","College_Station-Bryan,_TX_Metropolitan_Statistical_Area","Champaign-Urbana,_IL_Metropolitan_Statistical_Area","Tuscaloosa,_AL_Metropolitan_Statistical_Area","Macon,_GA_Metropolitan_Statistical_Area","Macon-Warner_Robins,_GA_Combined_Statistical_Area","Appleton,_WI_Metropolitan_Statistical_Area","Appleton-Oshkosh-Neenah,_WI_Combined_Statistical_Area","Charleston,_WV_Metropolitan_Statistical_Area","Charleston-Huntington-Ashland,_WV-OH-KY_Combined_Statistical_Area","Charlottesville,_VA_Metropolitan_Statistical_Area","Chico,_CA_Metropolitan_Statistical_Area","Longview,_TX_Metropolitan_Statistical_Area","Longview-Marshall,_TX_Combined_Statistical_Area","Fargo,_ND-MN_Metropolitan_Statistical_Area","Fargo-Wahpeton,_ND-MN_Combined_Statistical_Area","Barnstable_Town,_MA_Metropolitan_Statistical_Area","Boston-Worcester-Providence,_MA-RI-NH-CT_Combined_Statistical_Area","Tyler,_TX_Metropolitan_Statistical_Area","Tyler-Jacksonville,_TX_Combined_Statistical_Area","Las_Cruces,_NM_Metropolitan_Statistical_Area","El_Paso-Las_Cruces,_TX-NM_Combined_Statistical_Area","Burlington-South_Burlington,_VT_Metropolitan_Statistical_Area","Prescott,_AZ_Metropolitan_Statistical_Area","Springfield,_IL_Metropolitan_Statistical_Area","Springfield-Jacksonville-Lincoln,_IL_Combined_Statistical_Area","Rochester,_MN_Metropolitan_Statistical_Area","Rochester-Austin,_MN_Combined_Statistical_Area","Houma-Thibodaux,_LA_Metropolitan_Statistical_Area","Medford,_OR_Metropolitan_Statistical_Area","Medford-Grants_Pass,_OR_Combined_Statistical_Area","Lafayette-West_Lafayette,_IN_Metropolitan_Statistical_Area","Lafayette-West_Lafayette-Frankfort,_IN_Combined_Statistical_Area","Florence,_SC_Metropolitan_Statistical_Area","Bellingham,_WA_Metropolitan_Statistical_Area","Lake_Havasu_City-Kingman,_AZ_Metropolitan_Statistical_Area","Las_Vegas-Henderson,_NV-AZ_Combined_Statistical_Area","Lake_Charles,_LA_Metropolitan_Statistical_Area","Johnson_City,_TN_Metropolitan_Statistical_Area","Johnson_City-Kingsport-Bristol,_TN-VA_Combined_Statistical_Area","Yuma,_AZ_Metropolitan_Statistical_Area","Elkhart-Goshen,_IN_Metropolitan_Statistical_Area","South_Bend-Elkhart-Mishawaka,_IN-MI_Combined_Statistical_Area","Saginaw,_MI_Metropolitan_Statistical_Area","Saginaw-Midland-Bay_City,_MI_Combined_Statistical_Area","Athens-Clarke_County,_GA_Metropolitan_Statistical_Area","AtlantaAthens-Clarke_CountySandy_Springs,_GA_Combined_Statistical_Area","Racine,_WI_Metropolitan_Statistical_Area","Milwaukee-Racine-Waukesha,_WI_Combined_Statistical_Area","Hilton_Head_Island-Bluffton-Beaufort,_SC_Metropolitan_Statistical_Area","Daphne-Fairhope-Foley,_AL_Metropolitan_Statistical_Area","Mobile-Daphne-Fairhope,_AL_Combined_Statistical_Area","St._Cloud,_MN_Metropolitan_Statistical_Area","Minneapolis-St._Paul,_MN-WI_Combined_Statistical_Area","Bloomington,_IL_Metropolitan_Statistical_Area","Bloomington-Pontiac,_IL_Combined_Statistical_Area","Panama_City,_FL_Metropolitan_Statistical_Area","Warner_Robins,_GA_Metropolitan_Statistical_Area","Macon-Warner_Robins,_GA_Combined_Statistical_Area","Gainesville,_GA_Metropolitan_Statistical_Area","AtlantaAthens-Clarke_CountySandy_Springs,_GA_Combined_Statistical_Area","Jacksonville,_NC_Metropolitan_Statistical_Area","Kingston,_NY_Metropolitan_Statistical_Area","New_York-Newark,_NY-NJ-CT-PA_Combined_Statistical_Area","Blacksburg-Christiansburg-Radford,_VA_Metropolitan_Statistical_Area","Redding,_CA_Metropolitan_Statistical_Area","Redding-Red_Bluff,_CA_Combined_Statistical_Area","Monroe,_LA_Metropolitan_Statistical_Area","Monroe-Ruston-Bastrop,_LA_Combined_Statistical_Area","El_Centro,_CA_Metropolitan_Statistical_Area","Joplin,_MO_Metropolitan_Statistical_Area","Joplin-Miami,_MO-OK_Combined_Statistical_Area","Greenville,_NC_Metropolitan_Statistical_Area","Greenville-Washington,_NC_Combined_Statistical_Area","Terre_Haute,_IN_Metropolitan_Statistical_Area","Muskegon,_MI_Metropolitan_Statistical_Area","Grand_Rapids-Wyoming-Muskegon,_MI_Combined_Statistical_Area","Sioux_City,_IA-NE-SD_Metropolitan_Statistical_Area","Sioux_City-Vermillion,_IA-SD-NE_Combined_Statistical_Area","East_Stroudsburg,_PA_Metropolitan_Statistical_Area","New_York-Newark,_NY-NJ-CT-PA_Combined_Statistical_Area","Oshkosh-Neenah,_WI_Metropolitan_Statistical_Area","Appleton-Oshkosh-Neenah,_WI_Combined_Statistical_Area","Waterloo-Cedar_Falls,_IA_Metropolitan_Statistical_Area","Columbia,_MO_Metropolitan_Statistical_Area","Columbia-Moberly-Mexico,_MO_Combined_Statistical_Area","Yuba_City,_CA_Metropolitan_Statistical_Area","Sacramento-Roseville,_CA_Combined_Statistical_Area","Dover,_DE_Metropolitan_Statistical_Area","Philadelphia-Reading-Camden,_PA-NJ-DE-MD_Combined_Statistical_Area","Abilene,_TX_Metropolitan_Statistical_Area","Eau_Claire,_WI_Metropolitan_Statistical_Area","Eau_Claire-Menomonie,_WI_Combined_Statistical_Area","Billings,_MT_Metropolitan_Statistical_Area","Punta_Gorda,_FL_Metropolitan_Statistical_Area","North_Port-Sarasota,_FL_Combined_Statistical_Area","Bloomington,_IN_Metropolitan_Statistical_Area","Bloomington-Bedford,_IN_Combined_Statistical_Area","Bend-Redmond,_OR_Metropolitan_Statistical_Area","Bend-Redmond-Prineville,_OR_Combined_Statistical_Area","Bowling_Green,_KY_Metropolitan_Statistical_Area","Bowling_Green-Glasgow,_KY_Combined_Statistical_Area","Pueblo,_CO_Metropolitan_Statistical_Area","Pueblo-Caon_City,_CO_Combined_Statistical_Area","Janesville-Beloit,_WI_Metropolitan_Statistical_Area","Madison-Janesville-Beloit,_WI_Combined_Statistical_Area","Jackson,_MI_Metropolitan_Statistical_Area","Kahului-Wailuku-Lahaina,_HI_Metropolitan_Statistical_Area","Iowa_City,_IA_Metropolitan_Statistical_Area","Cedar_Rapids-Iowa_City,_IA_Combined_Statistical_Area","Vineland-Bridgeton,_NJ_Metropolitan_Statistical_Area","Philadelphia-Reading-Camden,_PA-NJ-DE-MD_Combined_Statistical_Area","Albany,_GA_Metropolitan_Statistical_Area","Niles-Benton_Harbor,_MI_Metropolitan_Statistical_Area","South_Bend-Elkhart-Mishawaka,_IN-MI_Combined_Statistical_Area","State_College,_PA_Metropolitan_Statistical_Area","State_College-DuBois,_PA_Combined_Statistical_Area","Alexandria,_LA_Metropolitan_Statistical_Area","Decatur,_AL_Metropolitan_Statistical_Area","Huntsville-Decatur-Albertville,_AL_Combined_Statistical_Area","Burlington,_NC_Metropolitan_Statistical_Area","GreensboroWinston-SalemHigh_Point,_NC_Combined_Statistical_Area","Bangor,_ME_Metropolitan_Statistical_Area","Madera,_CA_Metropolitan_Statistical_Area","Fresno-Madera,_CA_Combined_Statistical_Area","Rocky_Mount,_NC_Metropolitan_Statistical_Area","Rocky_Mount-Wilson-Roanoke_Rapids,_NC_Combined_Statistical_Area","Midland,_Texas_metropolitan_area","Midland,_Texas_metropolitan_area","Hanford-Corcoran,_CA_Metropolitan_Statistical_Area","Visalia-Porterville-Hanford,_CA_Combined_Statistical_Area","Chambersburg-Waynesboro,_PA_Metropolitan_Statistical_Area","Washington-Baltimore-Arlington,_DC-MD-VA-WV-PA_Combined_Statistical_Area","Monroe,_MI_Metropolitan_Statistical_Area","Detroit-Warren-Ann_Arbor,_MI_Combined_Statistical_Area","Wichita_Falls,_TX_Metropolitan_Statistical_Area","Elizabethtown-Fort_Knox,_KY_Metropolitan_Statistical_Area","Louisville/Jefferson_CountyElizabethtownMadison,_KY-IN_Combined_Statistical_Area","Jefferson_City,_MO_Metropolitan_Statistical_Area","Texarkana,_TX-AR_Metropolitan_Statistical_Area","Grand_Junction,_CO_Metropolitan_Statistical_Area","Dothan,_AL_Metropolitan_Statistical_Area","Dothan-Enterprise-Ozark,_AL_Combined_Statistical_Area","Auburn-Opelika,_AL_Metropolitan_Statistical_Area","Columbus-Auburn-Opelika,_GA-AL_Combined_Statistical_Area","Florence-Muscle_Shoals,_AL_Metropolitan_Statistical_Area","Hattiesburg,_MS_Metropolitan_Statistical_Area","Wheeling,_WV-OH_Metropolitan_Statistical_Area","Santa_Fe,_NM_Metropolitan_Statistical_Area","Albuquerque-Santa_Fe-Las_Vegas,_NM_Combined_Statistical_Area","St._George,_UT_Metropolitan_Statistical_Area","Valdosta,_GA_Metropolitan_Statistical_Area","Odessa,_TX_Metropolitan_Statistical_Area","Midland,_Texas_metropolitan_area","Dalton,_GA_Metropolitan_Statistical_Area","Chattanooga-Cleveland-Dalton,_TN-GA-AL_Combined_Statistical_Area","Coeur_d'Alene,_ID_Metropolitan_Statistical_Area","Spokane-Spokane_Valley-Coeur_d'Alene,_WA-ID_Combined_Statistical_Area","Johnstown,_PA_Metropolitan_Statistical_Area","Johnstown-Somerset,_PA_Combined_Statistical_Area","Sebastian-Vero_Beach,_FL_Metropolitan_Statistical_Area","Miami-Fort_Lauderdale-Port_St._Lucie,_FL_Combined_Statistical_Area","Homosassa_Springs,_FL_Metropolitan_Statistical_Area","Napa,_CA_Metropolitan_Statistical_Area","San_Jose-San_Francisco-Oakland,_CA_Combined_Statistical_Area","Rapid_City,_SD_Metropolitan_Statistical_Area","Rapid_City-Spearfish,_SD_Combined_Statistical_Area","Springfield,_OH_Metropolitan_Statistical_Area","Dayton-Springfield-Sidney,_OH_Combined_Statistical_Area","Idaho_Falls,_ID_Metropolitan_Statistical_Area","Idaho_Falls-Rexburg-Blackfoot,_ID_Combined_Statistical_Area","Flagstaff,_AZ_Metropolitan_Statistical_Area","La_Crosse-Onalaska,_WI-MN_Metropolitan_Statistical_Area","Lebanon,_PA_Metropolitan_Statistical_Area","Harrisburg-York-Lebanon,_PA_Combined_Statistical_Area","Battle_Creek,_MI_Metropolitan_Statistical_Area","Kalamazoo-Battle_Creek-Portage,_MI_Combined_Statistical_Area","Wausau,_WI_Metropolitan_Statistical_Area","Wausau-Stevens_Point-Wisconsin_Rapids,_WI_Combined_Statistical_Area","Morgantown,_WV_Metropolitan_Statistical_Area","Morgantown-Fairmont,_WV_Combined_Statistical_Area","Lawton,_OK_Metropolitan_Statistical_Area","Sierra_Vista-Douglas,_AZ_Metropolitan_Statistical_Area","Winchester,_VA-WV_Metropolitan_Statistical_Area","Washington-Baltimore-Arlington,_DC-MD-VA-WV-PA_Combined_Statistical_Area","Jackson,_TN_Metropolitan_Statistical_Area","Pittsfield,_MA_Metropolitan_Statistical_Area","Farmington,_NM_Metropolitan_Statistical_Area","Glens_Falls,_NY_Metropolitan_Statistical_Area","Albany-Schenectady,_NY_Combined_Statistical_Area","Harrisonburg,_VA_Metropolitan_Statistical_Area","Harrisonburg-Staunton-Waynesboro,_VA_Combined_Statistical_Area","Logan,_UT-ID_Metropolitan_Statistical_Area","New_Bern,_NC_Metropolitan_Statistical_Area","New_Bern-Morehead_City,_NC_Combined_Statistical_Area","St._Joseph,_MO-KS_Metropolitan_Statistical_Area","Kansas_City-Overland_Park-Kansas_City,_MO-KS_Combined_Statistical_Area","Altoona,_PA_Metropolitan_Statistical_Area","Carbondale-Marion,_IL_Metropolitan_Statistical_Area","Beckley,_WV_Metropolitan_Statistical_Area","Goldsboro,_NC_Metropolitan_Statistical_Area","Jonesboro,_AR_Metropolitan_Statistical_Area","Jonesboro-Paragould,_AR_Combined_Statistical_Area","Hammond,_LA_Metropolitan_Statistical_Area","New_Orleans-Metairie-Hammond,_LA-MS_Combined_Statistical_Area","Mansfield,_OH_Metropolitan_Statistical_Area","Mansfield-Ashland-Bucyrus,_OH_Combined_Statistical_Area","Weirton-Steubenville,_WV-OH_Metropolitan_Statistical_Area","Pittsburgh-New_Castle-Weirton,_PA-OH-WV_Combined_Statistical_Area","Sherman-Denison,_TX_Metropolitan_Statistical_Area","Dallas-Fort_Worth,_TX-OK_Combined_Statistical_Area","Watertown-Fort_Drum,_NY_Metropolitan_Statistical_Area","Bismarck,_ND_Metropolitan_Statistical_Area","Staunton-Waynesboro,_VA_Metropolitan_Statistical_Area","Harrisonburg-Staunton-Waynesboro,_VA_Combined_Statistical_Area","Albany,_OR_Metropolitan_Statistical_Area","Portland-Vancouver-Salem,_OR-WA_Combined_Statistical_Area","Mount_Vernon-Anacortes,_WA_Metropolitan_Statistical_Area","Seattle-Tacoma,_WA_Combined_Statistical_Area","Cleveland,_TN_Metropolitan_Statistical_Area","Chattanooga-Cleveland-Dalton,_TN-GA-AL_Combined_Statistical_Area","Muncie,_IN_Metropolitan_Statistical_Area","Indianapolis-Carmel-Muncie,_IN_Combined_Statistical_Area","Anniston-Oxford-Jacksonville,_AL_Metropolitan_Statistical_Area","Williamsport,_PA_Metropolitan_Statistical_Area","Williamsport-Lock_Haven,_PA_Combined_Statistical_Area","Owensboro,_KY_Metropolitan_Statistical_Area","Sheboygan,_WI_Metropolitan_Statistical_Area","Morristown,_TN_Metropolitan_Statistical_Area","Knoxville-Morristown-Sevierville,_TN_Combined_Statistical_Area","San_Angelo,_TX_Metropolitan_Statistical_Area","Brunswick,_GA_Metropolitan_Statistical_Area","Kankakee,_IL_Metropolitan_Statistical_Area","Chicago-Naperville,_IL-IN-WI_Combined_Statistical_Area","Wenatchee,_WA_Metropolitan_Statistical_Area","Lawrence,_KS_Metropolitan_Statistical_Area","Kansas_City-Overland_Park-Kansas_City,_MO-KS_Combined_Statistical_Area","Michigan_City-La_Porte,_IN_Metropolitan_Statistical_Area","Chicago-Naperville,_IL-IN-WI_Combined_Statistical_Area","Missoula,_MT_Metropolitan_Statistical_Area","Decatur,_IL_Metropolitan_Statistical_Area","California-Lexington_Park,_MD_Metropolitan_Statistical_Area","Washington-Baltimore-Arlington,_DC-MD-VA-WV-PA_Combined_Statistical_Area","Sumter,_SC_Metropolitan_Statistical_Area","Lewiston-Auburn,_ME_Metropolitan_Statistical_Area","Portland-Lewiston-South_Portland,_ME_Combined_Statistical_Area","Bay_City,_MI_Metropolitan_Statistical_Area","Saginaw-Midland-Bay_City,_MI_Combined_Statistical_Area","Lima,_OH_Metropolitan_Statistical_Area","Lima-Van_Wert-Celina,_OH_Combined_Statistical_Area","Gadsden,_AL_Metropolitan_Statistical_Area","Ithaca,_NY_Metropolitan_Statistical_Area","Ithaca-Cortland,_NY_Combined_Statistical_Area","Longview,_WA_Metropolitan_Statistical_Area","Portland-Vancouver-Salem,_OR-WA_Combined_Statistical_Area","Cumberland,_MD-WV_Metropolitan_Statistical_Area","Fond_du_Lac,_WI_Metropolitan_Statistical_Area","The_Villages,_FL_Metropolitan_Statistical_Area","Orlando-Deltona-Daytona_Beach,_FL_Combined_Statistical_Area","Gettysburg,_PA_Metropolitan_Statistical_Area","Harrisburg-York-Lebanon,_PA_Combined_Statistical_Area","Fairbanks,_AK_Metropolitan_Statistical_Area","Grand_Forks,_ND-MN_Metropolitan_Statistical_Area","Sebring,_FL_Metropolitan_Statistical_Area","Mankato-North_Mankato,_MN_Metropolitan_Statistical_Area","Mankato-New_Ulm-North_Mankato,_MN_Combined_Statistical_Area","Manhattan,_KS_Metropolitan_Statistical_Area","Manhattan-Junction_City,_KS_Combined_Statistical_Area","Pine_Bluff,_AR_Metropolitan_Statistical_Area","Little_Rock-North_Little_Rock,_AR_Combined_Statistical_Area","Cape_Girardeau,_MO-IL_Metropolitan_Statistical_Area","Cape_Girardeau-Sikeston,_MO-IL_Combined_Statistical_Area","Hot_Springs,_AR_Metropolitan_Statistical_Area","Hot_Springs-Malvern,_AR_Combined_Statistical_Area","Victoria,_TX_Metropolitan_Statistical_Area","Victoria-Port_Lavaca,_TX_Combined_Statistical_Area","Ocean_City,_NJ_Metropolitan_Statistical_Area","Philadelphia-Reading-Camden,_PA-NJ-DE-MD_Combined_Statistical_Area","Rome,_GA_Metropolitan_Statistical_Area","Rome-Summerville,_GA_Combined_Statistical_Area","Dubuque,_IA_Metropolitan_Statistical_Area","Cheyenne,_WY_Metropolitan_Statistical_Area","Parkersburg-Vienna,_WV_Metropolitan_Statistical_Area","Parkersburg-Marietta-Vienna,_WV-OH_Combined_Statistical_Area","Ames,_IA_Metropolitan_Statistical_Area","Des_Moines-Ames-West_Des_Moines,_IA_Combined_Statistical_Area","Elmira,_NY_Metropolitan_Statistical_Area","Elmira-Corning,_NY_Combined_Statistical_Area","Corvallis,_OR_Metropolitan_Statistical_Area","Portland-Vancouver-Salem,_OR-WA_Combined_Statistical_Area","Bloomsburg-Berwick,_PA_Metropolitan_Statistical_Area","Bloomsburg-Berwick-Sunbury,_PA_Combined_Statistical_Area","Midland,_MI_Metropolitan_Statistical_Area","Saginaw-Midland-Bay_City,_MI_Combined_Statistical_Area","Pocatello,_ID_Metropolitan_Statistical_Area","Grand_Island,_NE_Metropolitan_Statistical_Area","Grants_Pass,_OR_Metropolitan_Statistical_Area","Medford-Grants_Pass,_OR_Combined_Statistical_Area","Kokomo,_IN_Metropolitan_Statistical_Area","Kokomo-Peru,_IN_Combined_Statistical_Area","Great_Falls,_MT_Metropolitan_Statistical_Area","Hinesville,_GA_Metropolitan_Statistical_Area","Savannah-Hinesville-Statesboro,_GA_Combined_Statistical_Area","Danville,_IL_Metropolitan_Statistical_Area","Columbus,_IN_Metropolitan_Statistical_Area","Indianapolis-Carmel-Muncie,_IN_Combined_Statistical_Area","Casper,_WY_Metropolitan_Statistical_Area","Walla_Walla,_WA_Metropolitan_Statistical_Area","Lewiston,_ID-WA_Metropolitan_Statistical_Area","Carson_City,_NV_Metropolitan_Statistical_Area","Reno-Carson_City-Fernley,_NV_Combined_Statistical_Area","United_States_Census_Bureau","United_States_Office_of_Management_and_Budget","2010_United_States_Census","Combined_Statistical_Area","San_Juan-Carolina-Caguas,_PR_Metropolitan_Statistical_Area","San_Juan-Carolina,_PR_Combined_Statistical_Area","Ponce,_PR_Metropolitan_Statistical_Area","Ponce-Coamo-Santa_Isabel,_PR_Combined_Statistical_Area","Aguadilla-Isabela,_PR_Metropolitan_Statistical_Area","Arecibo,_PR_Metropolitan_Statistical_Area","San_Juan-Carolina,_PR_Combined_Statistical_Area","San_Germn,_PR_Metropolitan_Statistical_Area","Mayagez-San_Germn,_PR_Combined_Statistical_Area","Mayagez,_PR_Metropolitan_Statistical_Area","Mayagez-San_Germn,_PR_Combined_Statistical_Area","Guayama,_PR_Metropolitan_Statistical_Area","San_Juan-Carolina,_PR_Combined_Statistical_Area","United_States","Outline_of_the_United_States","Index_of_United_States-related_articles","Bibliography_of_the_United_States","Demographics_of_the_United_States","United_States_Census_Bureau","List_of_U.S._states_and_territories_by_population","List_of_metropolitan_areas_of_the_United_States","List_of_United_States_cities_by_population","List_of_United_States_counties_and_county-equivalents","Cities_and_metropolitan_areas_of_the_United_States","Office_of_Management_and_Budget","Statistical_area_(United_States)","List_of_Micropolitan_Statistical_Areas","List_of_Combined_Statistical_Areas","United_States_primary_statistical_area","List_of_primary_statistical_areas_of_the_United_States","Combined_Statistical_Area","List_of_Combined_Statistical_Areas","Core_Based_Statistical_Area","List_of_Core_Based_Statistical_Areas","Metropolitan_Statistical_Area","Micropolitan_Statistical_Area","List_of_Micropolitan_Statistical_Areas"]}