{"cursor":"44733","size":15,"audio":[],"currentlang":"en","article":"\n\nThis is a list of metropolitan areas in the United States and Canada categorized\nby the number of professional sports franchises in their metropolitan areas.\n","linknr":1388,"url":"List_of_American_and_Canadian_cities_by_number_of_major_professional_sports_franchises","recorded":1375057556,"links":["/w/index.php?title=List_of_American_and_Canadian_cities_by_number_of_major_professional_sports_franchises&action=edit","/w/index.php?title=List_of_American_and_Canadian_cities_by_number_of_major_professional_sports_franchises&action=edit","//bits.wikimedia.org/favicon/wikipedia.ico","/w/opensearch_desc.php","//en.wikipedia.org/w/api.php?action=rsd","//creativecommons.org/licenses/by-sa/3.0/","/w/index.php?title=Special:RecentChanges&feed=atom","//bits.wikimedia.org/en.wikipedia.org/load.php?debug=false&lang=en&modules=ext.gadget.DRN-wizard%2CReferenceTooltips%2Ccharinsert%2Cteahouse%7Cext.rtlcite%2Cwikihiero%7Cext.uls.nojs%7Cmediawiki.legacy.commonPrint%2Cshared%7Cmw.PopUpMediaTransform%7Cskins.vector&only=styles&skin=vector&*","//bits.wikimedia.org/en.wikipedia.org/load.php?debug=false&lang=en&modules=site&only=styles&skin=vector&*","//bits.wikimedia.org/en.wikipedia.org/load.php?debug=false&lang=en&modules=startup&only=scripts&skin=vector&*","//bits.wikimedia.org/geoiplookup","//meta.wikimedia.org","#mw-navigation","#p-search","/wiki/File:Number_of_NFL,_NBA,_MLB_and_NHL_teams_by_City,_2012.svg","//upload.wikimedia.org/wikipedia/commons/thumb/5/5c/Number_of_NFL%2C_NBA%2C_MLB_and_NHL_teams_by_City%2C_2012.svg/525px-Number_of_NFL%2C_NBA%2C_MLB_and_NHL_teams_by_City%2C_2012.svg.png","/wiki/File:Number_of_NFL,_NBA,_MLB_and_NHL_teams_by_City,_2012.svg","//bits.wikimedia.org/static-1.22wmf11/skins/common/images/magnify-clip.png","/wiki/Metropolitan_area","/wiki/United_States","/wiki/Canada","/wiki/Professional_sports","#Major_Professional_Sports_Leagues","#Metropolitan_area","#List_of_teams_by_metropolitan_area","#Teams_by_state.2Fprovince.2Fterritory","#See_also","#References","#External_links","/w/index.php?title=List_of_American_and_Canadian_cities_by_number_of_major_professional_sports_franchises&action=edit&section=1","/wiki/Major_professional_sports_leagues_in_the_United_States_and_Canada","/wiki/United_States","/wiki/Canada","/wiki/Team_sport","/wiki/Golf","/wiki/Tennis","/wiki/Auto_racing","/wiki/Major_League_Baseball","/wiki/Baseball","/wiki/Major_League_Baseball","/wiki/National_Basketball_Association","/wiki/National_Football_League","/wiki/National_Hockey_League","#cite_note-everson20090507-1","/wiki/Cultural_icon","/wiki/Popular_culture","/wiki/Culture_of_the_United_States","/wiki/Canadian_popular_culture","/wiki/Average_attendances_of_professional_sports_teams_in_the_United_States_and_Canada","/wiki/National_Association_of_Base_Ball_Players","/wiki/Ohio_League","/wiki/National_Hockey_Association","/wiki/National_Basketball_League_(United_States)","/wiki/Basketball_Association_of_America","/wiki/Major_League_Soccer","/wiki/Canadian_Football_League","/wiki/Arena_Football_League","/wiki/Major_League_Lacrosse","/wiki/National_Lacrosse_League","/wiki/Women%27s_National_Basketball_Association","/w/index.php?title=List_of_American_and_Canadian_cities_by_number_of_major_professional_sports_franchises&action=edit&section=2","/wiki/Baseball","/wiki/New_York_City","/wiki/New_York_Yankees","/wiki/Bronx","/wiki/Brooklyn","/wiki/Staten_Island","/wiki/Manhattan","/wiki/Long_Island","/wiki/North_Jersey","/wiki/Westchester_County,_New_York","/wiki/New_York_Mets","/wiki/Queens","/wiki/San_Francisco_Giants","/wiki/Oakland_Athletics","/wiki/San_Francisco_Bay_Area","/wiki/Washington_Nationals","/wiki/Baltimore_Orioles","/wiki/Los_Angeles","/wiki/Los_Angeles_Lakers","/wiki/Los_Angeles_Clippers","/wiki/Staples_Center","/wiki/Las_Vegas_metropolitan_area","/wiki/CFL_USA","/wiki/Las_Vegas_Posse","/wiki/Green_Bay,_Wisconsin","/wiki/Milwaukee","/wiki/Winnipeg","/wiki/Winnipeg_Jets","/wiki/New_Orleans_%E2%80%93_Metairie_%E2%80%93_Bogalusa_combined_statistical_area","/wiki/New_Orleans_Pelicans","/wiki/New_Orleans_Saints","/w/index.php?title=List_of_American_and_Canadian_cities_by_number_of_major_professional_sports_franchises&action=edit&section=3","/wiki/Table_of_United_States_primary_census_statistical_areas","/wiki/Primary_census_statistical_areas","/wiki/2010_United_States_Census","/wiki/List_of_the_100_largest_urban_areas_in_Canada_by_population","/wiki/Census_metropolitan_area","/wiki/Canada_2011_Census","#cite_note-2","#cite_note-NFL_teams-3","#cite_note-MLB_teams-4","#cite_note-NBA_teams-5","#cite_note-NHL_teams-6","#cite_note-MLS_teams-7","#cite_note-CFL_teams-8","/wiki/Metropolitan_area","/wiki/New_York_metropolitan_area","/wiki/New_York_Giants","/wiki/New_York_Jets","/wiki/New_York_Yankees","/wiki/New_York_Mets","/wiki/New_York_Knicks","/wiki/Brooklyn_Nets","/wiki/New_York_Rangers","/wiki/New_York_Islanders","/wiki/New_Jersey_Devils","/wiki/New_York_Red_Bulls","/wiki/New_York_City_FC","#cite_note-10","/wiki/Greater_Los_Angeles_Area","#cite_note-11","/wiki/Los_Angeles_Dodgers","/wiki/Los_Angeles_Angels_of_Anaheim","/wiki/Los_Angeles_Lakers","/wiki/Los_Angeles_Clippers","/wiki/Los_Angeles_Kings","/wiki/Anaheim_Ducks","/wiki/Los_Angeles_Galaxy","/wiki/C.D._Chivas_USA","/wiki/Baltimore%E2%80%93Washington_Metropolitan_Area","/wiki/Washington_Redskins","/wiki/Baltimore_Ravens","/wiki/Washington_Nationals","/wiki/Baltimore_Orioles","/wiki/Washington_Wizards","/wiki/Washington_Capitals","/wiki/D.C._United","#cite_note-12","/wiki/San_Francisco_Bay_Area","/wiki/San_Francisco_49ers","/wiki/Oakland_Raiders","/wiki/San_Francisco_Giants","/wiki/Oakland_Athletics","/wiki/Golden_State_Warriors","/wiki/San_Jose_Sharks","#cite_note-13","/wiki/San_Jose_Earthquakes","/wiki/Chicago_metropolitan_area","/wiki/Chicago_Bears","/wiki/Chicago_Cubs","/wiki/Chicago_White_Sox","/wiki/Chicago_Bulls","/wiki/Chicago_Blackhawks","/wiki/Chicago_Fire_Soccer_Club","/wiki/Greater_Toronto_Area","#cite_note-14","/wiki/Toronto_Blue_Jays","/wiki/Toronto_Raptors","/wiki/Toronto_Maple_Leafs","/wiki/Toronto_FC","/wiki/Toronto_Argonauts","/wiki/Greater_Boston","/wiki/New_England_Patriots","/wiki/Boston_Red_Sox","/wiki/Boston_Celtics","/wiki/Boston_Bruins","/wiki/New_England_Revolution","/wiki/Dallas%E2%80%93Fort_Worth_metroplex","/wiki/Dallas_Cowboys","/wiki/Texas_Rangers_(baseball)","/wiki/Dallas_Mavericks","/wiki/Dallas_Stars","/wiki/FC_Dallas","/wiki/Delaware_Valley","/wiki/Philadelphia_Eagles","/wiki/Philadelphia_Phillies","/wiki/Philadelphia_76ers","/wiki/Philadelphia_Flyers","/wiki/Philadelphia_Union","/wiki/Denver%E2%80%93Aurora%E2%80%93Boulder_Combined_Statistical_Area","/wiki/Denver_Broncos","/wiki/Colorado_Rockies","/wiki/Denver_Nuggets","/wiki/Colorado_Avalanche","/wiki/Colorado_Rapids","/wiki/Greater_Houston","/wiki/Houston_Texans","/wiki/Houston_Astros","/wiki/Houston_Rockets","/wiki/Houston_Dynamo","/wiki/Miami_metropolitan_area","/wiki/Miami_Dolphins","/wiki/Miami_Marlins","/wiki/Miami_Heat","/wiki/Florida_Panthers","#cite_note-15","/wiki/Metro_Detroit","/wiki/Detroit_Lions","/wiki/Detroit_Tigers","/wiki/Detroit_Pistons","/wiki/Detroit_Red_Wings","/wiki/Phoenix_metropolitan_area","/wiki/Arizona_Cardinals","/wiki/Arizona_Diamondbacks","/wiki/Phoenix_Suns","/wiki/Phoenix_Coyotes","/wiki/Minneapolis%E2%80%93Saint_Paul","/wiki/Minnesota_Vikings","/wiki/Minnesota_Twins","/wiki/Minnesota_Timberwolves","/wiki/Minnesota_Wild","/wiki/Atlanta_metropolitan_area","/wiki/Atlanta_Falcons","/wiki/Atlanta_Braves","/wiki/Atlanta_Hawks","#cite_note-16","/wiki/Greater_Cleveland","/wiki/Cleveland_Browns","/wiki/Cleveland_Indians","/wiki/Cleveland_Cavaliers","#cite_note-17","/wiki/Greater_St._Louis","/wiki/St._Louis_Rams","/wiki/St._Louis_Cardinals","#cite_note-18","/wiki/St._Louis_Blues","/wiki/Tampa_Bay_Area","/wiki/Tampa_Bay_Buccaneers","/wiki/Tampa_Bay_Rays","/wiki/Tampa_Bay_Lightning","#cite_note-20","/wiki/Pittsburgh_metropolitan_area","/wiki/Pittsburgh_Steelers","/wiki/Pittsburgh_Pirates","#cite_note-21","/wiki/Pittsburgh_Penguins","/wiki/Metro_Vancouver","#cite_note-22","/wiki/Vancouver_Canucks","/wiki/Vancouver_Whitecaps_FC","/wiki/BC_Lions","/wiki/Seattle_metropolitan_area","/wiki/Seattle_Seahawks","/wiki/Seattle_Mariners","#cite_note-23","/wiki/Seattle_Sounders_FC","/wiki/Kansas_City_metropolitan_area","/wiki/Kansas_City_Chiefs","/wiki/Kansas_City_Royals","#cite_note-24","#cite_note-25","/wiki/Sporting_Kansas_City","/wiki/San_Diego_metropolitan_area","/wiki/San_Diego_Chargers","/wiki/San_Diego_Padres","#cite_note-26","/wiki/Greater_Montreal","#cite_note-29","/wiki/Montreal_Canadiens","/wiki/Montreal_Impact","/wiki/Montreal_Alouettes","/wiki/Charlotte_metropolitan_area","/wiki/Carolina_Panthers","/wiki/Charlotte_Bobcats","/wiki/Cincinnati%E2%80%93Northern_Kentucky_metropolitan_area","/wiki/Cincinnati_Bengals","/wiki/Cincinnati_Reds","#cite_note-30","/wiki/Portland_metropolitan_area","/wiki/Portland_Trail_Blazers","/wiki/Portland_Timbers","/wiki/Indianapolis_metropolitan_area","/wiki/Indianapolis_Colts","/wiki/Indiana_Pacers","/wiki/Milwaukee_metropolitan_area","#cite_note-31","/wiki/Milwaukee_Brewers","/wiki/Milwaukee_Bucks","/wiki/Nashville_metropolitan_area","/wiki/Tennessee_Titans","/wiki/Nashville_Predators","/wiki/Buffalo_%E2%80%93_Niagara_Falls_metropolitan_area","/wiki/Buffalo_Bills","#cite_note-32","/wiki/Buffalo_Sabres","/wiki/Greater_Calgary","/wiki/Calgary_Flames","/wiki/Calgary_Stampeders","/wiki/New_Orleans_metropolitan_area","/wiki/New_Orleans_Saints","/wiki/New_Orleans_Pelicans","/wiki/Edmonton_Capital_Region","/wiki/Edmonton_Oilers","/wiki/Edmonton_Eskimos","/wiki/Columbus,_Ohio_metropolitan_area","/wiki/Columbus_Blue_Jackets","/wiki/Columbus_Crew","/wiki/Salt_Lake_City_metropolitan_area","/wiki/Utah_Jazz","/wiki/Real_Salt_Lake","/wiki/Winnipeg_Capital_Region","/wiki/Winnipeg_Jets","/wiki/Winnipeg_Blue_Bombers","/wiki/Greater_Orlando","/wiki/Orlando_Magic","/wiki/Sacramento_metropolitan_area","/wiki/Sacramento_Kings","#cite_note-33","/wiki/Greater_San_Antonio","#cite_note-34","/wiki/San_Antonio_Spurs","#cite_note-35","/wiki/Research_Triangle","/wiki/Carolina_Hurricanes","/wiki/Jacksonville_metropolitan_area","/wiki/Jacksonville_Jaguars","/wiki/Oklahoma_City_metropolitan_area","/wiki/Oklahoma_City_Thunder","/wiki/Memphis_metropolitan_area","#cite_note-36","/wiki/Memphis_Grizzlies","#cite_note-37","/wiki/National_Capital_Region_(Canada)","/wiki/Ottawa_Senators","#cite_note-38","/wiki/Hamilton,_Ontario","/wiki/Hamilton_Tiger-Cats","/wiki/Green_Bay_metropolitan_area","/wiki/Green_Bay_Packers","/wiki/Regina,_Saskatchewan","/wiki/Saskatchewan_Roughriders","#cite_note-39","#cite_ref-10","#cite_note-NYFC-9","#cite_ref-11","/wiki/History_of_the_National_Football_League_in_Los_Angeles","/wiki/1994_NFL_season","/wiki/St._Louis_Rams","/wiki/St._Louis,_Missouri","/wiki/Los_Angeles_Raiders","/wiki/Oakland,_California","/wiki/Los_Angeles_Chargers","/wiki/American_Football_League","#cite_ref-12","/wiki/Baltimore_Stallions","/wiki/Montreal","/wiki/Montreal_Alouettes","#cite_ref-13","/wiki/California_Golden_Seals","/wiki/1967%E2%80%9368_NHL_season","/wiki/1975%E2%80%9376_NHL_season","/wiki/Cleveland","/wiki/Cleveland_Barons_(NHL)","#cite_ref-14","/wiki/Rogers_Communications","/wiki/Bills_Toronto_Series","/wiki/Buffalo_Bills","#cite_ref-15","/wiki/Miami_Fusion_F.C.","/wiki/Fort_Lauderdale,_Florida","#cite_ref-16","/wiki/Atlanta_Flames","/wiki/Calgary","/wiki/Alberta","/wiki/Calgary_Flames","/wiki/Atlanta_Thrashers","/wiki/Winnipeg","/wiki/Winnipeg_Jets","#cite_ref-17","/wiki/California_Golden_Seals","/wiki/1976%E2%80%9377_NHL_season","/wiki/Cleveland_Barons_(NHL)","/wiki/Minnesota_North_Stars","/wiki/1977%E2%80%9378_NHL_season","#cite_ref-18","/wiki/St._Louis_Hawks","/wiki/St._Louis_Bombers_(NBA)","/wiki/American_Basketball_Association","/wiki/Spirits_of_St._Louis","/wiki/ABA-NBA_merger","#cite_ref-20","/wiki/Tampa_Bay_Mutiny","#cite_note-19","#cite_ref-21","/wiki/Pittsburgh_Ironmen","#cite_ref-22","/wiki/Vancouver_Grizzlies","/wiki/Memphis,_Tennessee","/wiki/Memphis_Grizzlies","#cite_ref-23","/wiki/Seattle_SuperSonics","/wiki/Seattle_SuperSonics_relocation_to_Oklahoma_City","/wiki/Oklahoma_City","/wiki/Oklahoma_City_Thunder","#cite_ref-24","/wiki/Rochester_Royals","/wiki/Cincinnati_Royals","/wiki/Kansas_City-Omaha_Kings","/wiki/Kansas_City_Kings","/wiki/Sacramento_Kings","#cite_ref-25","/wiki/Kansas_City_Scouts","/wiki/Colorado_Rockies_(NHL)","/wiki/New_Jersey_Devils","#cite_ref-26","/wiki/Houston_Rockets","/wiki/Buffalo_Braves","/wiki/Los_Angeles_Clippers","#cite_ref-29","/wiki/Montreal_Expos","/wiki/1969_Montreal_Expos_season","/wiki/Washington,_D.C.","/wiki/2005_Washington_Nationals_season","/wiki/Washington_Nationals","#cite_note-27","#cite_note-28","#cite_ref-30","/wiki/Cincinnati_Royals","/wiki/Rochester_Royals","/wiki/Kansas_City,_Missouri","/wiki/Kansas_City_Kings","/wiki/Sacramento_Kings","#cite_ref-31","/wiki/Green_Bay_Packers","/wiki/1933_Green_Bay_Packers_season","/wiki/1994_Green_Bay_Packers_season","#cite_ref-32","/wiki/Buffalo_Braves","/wiki/San_Diego,_California","/wiki/San_Diego_Clippers","/wiki/Los_Angeles_Clippers","#cite_ref-33","/wiki/Sacramento_Gold_Miners","/wiki/Sacramento,_California","/wiki/San_Antonio_Texans","#cite_ref-34","/wiki/New_Orleans_Saints","/wiki/2005_NFL_season","/wiki/Hurricane_Katrina","#cite_ref-35","/wiki/San_Antonio_Texans","/wiki/1995_CFL_season","/wiki/Sacramento,_California","/wiki/Sacramento_Gold_Miners","#cite_ref-36","/wiki/Houston_Oilers","/wiki/1997_Tennessee_Oilers_season","/wiki/Tennessee_Titans","#cite_ref-37","/wiki/Memphis_Mad_Dogs","#cite_ref-38","/wiki/Ottawa_Canadian_Football_League_team","#cite_ref-39","#cite_note-NYFC-9","/w/index.php?title=List_of_American_and_Canadian_cities_by_number_of_major_professional_sports_franchises&action=edit&section=4","/wiki/File:Major_sports_by_state.svg","//upload.wikimedia.org/wikipedia/commons/thumb/1/1d/Major_sports_by_state.svg/500px-Major_sports_by_state.svg.png","/wiki/File:Big6_teams_by_state_province.svg","//upload.wikimedia.org/wikipedia/commons/thumb/0/02/Big6_teams_by_state_province.svg/500px-Big6_teams_by_state_province.svg.png","/wiki/U.S._state","/wiki/Province","/wiki/Territory_(country_subdivision)","/wiki/List_of_U.S._states_and_territories_by_population","#cite_note-40","/wiki/List_of_Canadian_provinces_and_territories_by_population","#cite_note-41","/wiki/Major_professional_sports_leagues_in_the_United_States_and_Canada","/wiki/National_Football_League","#cite_note-NFL_teams-3","/wiki/Major_League_Baseball","#cite_note-MLB_teams-4","/wiki/National_Basketball_Association","#cite_note-NBA_teams-5","/wiki/National_Hockey_League","#cite_note-NHL_teams-6","/wiki/Major_League_Soccer","#cite_note-MLS_teams-7","/wiki/Canadian_Football_League","#cite_note-CFL_teams-8","/wiki/United_States","//upload.wikimedia.org/wikipedia/en/thumb/a/a4/Flag_of_the_United_States.svg/23px-Flag_of_the_United_States.svg.png","/wiki/California","/wiki/Oakland_Raiders","/wiki/San_Diego_Chargers","/wiki/San_Francisco_49ers","/wiki/Los_Angeles_Angels_of_Anaheim","/wiki/Los_Angeles_Dodgers","/wiki/Oakland_Athletics","/wiki/San_Diego_Padres","/wiki/San_Francisco_Giants","/wiki/Golden_State_Warriors","/wiki/Los_Angeles_Clippers","/wiki/Los_Angeles_Lakers","/wiki/Sacramento_Kings","/wiki/Anaheim_Ducks","/wiki/Los_Angeles_Kings","/wiki/San_Jose_Sharks","/wiki/C.D._Chivas_USA","/wiki/Los_Angeles_Galaxy","/wiki/San_Jose_Earthquakes","/wiki/United_States","//upload.wikimedia.org/wikipedia/en/thumb/a/a4/Flag_of_the_United_States.svg/23px-Flag_of_the_United_States.svg.png","/wiki/Florida","/wiki/Jacksonville_Jaguars","/wiki/Miami_Dolphins","/wiki/Tampa_Bay_Buccaneers","/wiki/Miami_Marlins","/wiki/Tampa_Bay_Rays","/wiki/Miami_Heat","/wiki/Orlando_Magic","/wiki/Florida_Panthers","/wiki/Tampa_Bay_Lightning","/wiki/United_States","//upload.wikimedia.org/wikipedia/en/thumb/a/a4/Flag_of_the_United_States.svg/23px-Flag_of_the_United_States.svg.png","/wiki/Texas","/wiki/Dallas_Cowboys","/wiki/Houston_Texans","/wiki/Houston_Astros","/wiki/Texas_Rangers_(baseball)","/wiki/Dallas_Mavericks","/wiki/Houston_Rockets","/wiki/San_Antonio_Spurs","/wiki/Dallas_Stars","/wiki/Houston_Dynamo","/wiki/FC_Dallas","/wiki/United_States","//upload.wikimedia.org/wikipedia/en/thumb/a/a4/Flag_of_the_United_States.svg/23px-Flag_of_the_United_States.svg.png","/wiki/New_York","/wiki/Buffalo_Bills","#endnote_Cc","/wiki/New_York_Mets","/wiki/New_York_Yankees","/wiki/Brooklyn_Nets","/wiki/New_York_Knicks","/wiki/Buffalo_Sabres","/wiki/New_York_Islanders","/wiki/New_York_Rangers","#endnote_Dd","/wiki/United_States","//upload.wikimedia.org/wikipedia/en/thumb/a/a4/Flag_of_the_United_States.svg/23px-Flag_of_the_United_States.svg.png","/wiki/Pennsylvania","/wiki/Philadelphia_Eagles","/wiki/Pittsburgh_Steelers","/wiki/Philadelphia_Phillies","/wiki/Pittsburgh_Pirates","/wiki/Philadelphia_76ers","/wiki/Philadelphia_Flyers","/wiki/Pittsburgh_Penguins","/wiki/Philadelphia_Union","/wiki/United_States","//upload.wikimedia.org/wikipedia/en/thumb/a/a4/Flag_of_the_United_States.svg/23px-Flag_of_the_United_States.svg.png","/wiki/Ohio","/wiki/Cincinnati_Bengals","/wiki/Cleveland_Browns","/wiki/Cincinnati_Reds","/wiki/Cleveland_Indians","/wiki/Cleveland_Cavaliers","/wiki/Columbus_Blue_Jackets","/wiki/Columbus_Crew","/wiki/United_States","//upload.wikimedia.org/wikipedia/en/thumb/a/a4/Flag_of_the_United_States.svg/23px-Flag_of_the_United_States.svg.png","/wiki/Illinois","/wiki/Chicago_Bears","/wiki/Chicago_Cubs","/wiki/Chicago_White_Sox","/wiki/Chicago_Bulls","/wiki/Chicago_Blackhawks","/wiki/Chicago_Fire_Soccer_Club","/wiki/United_States","//upload.wikimedia.org/wikipedia/en/thumb/a/a4/Flag_of_the_United_States.svg/23px-Flag_of_the_United_States.svg.png","/wiki/Missouri","/wiki/Kansas_City_Chiefs","/wiki/St._Louis_Rams","/wiki/Kansas_City_Royals","/wiki/St._Louis_Cardinals","/wiki/St._Louis_Blues","#endnote_Hh","/wiki/United_States","//upload.wikimedia.org/wikipedia/en/thumb/a/a4/Flag_of_the_United_States.svg/23px-Flag_of_the_United_States.svg.png","/wiki/Massachusetts","/wiki/New_England_Patriots","/wiki/Boston_Red_Sox","/wiki/Boston_Celtics","/wiki/Boston_Bruins","/wiki/New_England_Revolution","/wiki/United_States","//upload.wikimedia.org/wikipedia/en/thumb/a/a4/Flag_of_the_United_States.svg/23px-Flag_of_the_United_States.svg.png","/wiki/Colorado","/wiki/Denver_Broncos","/wiki/Colorado_Rockies","/wiki/Denver_Nuggets","/wiki/Colorado_Avalanche","/wiki/Colorado_Rapids","/wiki/United_States","//upload.wikimedia.org/wikipedia/en/thumb/a/a4/Flag_of_the_United_States.svg/23px-Flag_of_the_United_States.svg.png","/wiki/Arizona","/wiki/Arizona_Cardinals","/wiki/Arizona_Diamondbacks","/wiki/Phoenix_Suns","/wiki/Phoenix_Coyotes","/wiki/United_States","//upload.wikimedia.org/wikipedia/en/thumb/a/a4/Flag_of_the_United_States.svg/23px-Flag_of_the_United_States.svg.png","/wiki/Michigan","/wiki/Detroit_Lions","/wiki/Detroit_Tigers","/wiki/Detroit_Pistons","/wiki/Detroit_Red_Wings","/wiki/United_States","//upload.wikimedia.org/wikipedia/en/thumb/a/a4/Flag_of_the_United_States.svg/23px-Flag_of_the_United_States.svg.png","/wiki/Minnesota","/wiki/Minnesota_Vikings","/wiki/Minnesota_Twins","/wiki/Minnesota_Timberwolves","/wiki/Minnesota_Wild","/wiki/United_States","//upload.wikimedia.org/wikipedia/en/thumb/a/a4/Flag_of_the_United_States.svg/23px-Flag_of_the_United_States.svg.png","/wiki/New_Jersey","/wiki/New_York_Giants","#endnote_Cc","/wiki/New_York_Jets","#endnote_Cc","/wiki/New_Jersey_Devils","/wiki/New_York_Red_Bulls","#endnote_Dd","/wiki/United_States","//upload.wikimedia.org/wikipedia/en/thumb/a/a4/Flag_of_the_United_States.svg/23px-Flag_of_the_United_States.svg.png","/wiki/Washington,_D.C.","#endnote_Aa","#endnote_Ee","/wiki/Washington_Nationals","/wiki/Washington_Wizards","/wiki/Washington_Capitals","/wiki/D.C._United","/wiki/United_States","//upload.wikimedia.org/wikipedia/en/thumb/a/a4/Flag_of_the_United_States.svg/23px-Flag_of_the_United_States.svg.png","/wiki/Georgia_(U.S._state)","/wiki/Atlanta_Falcons","/wiki/Atlanta_Braves","/wiki/Atlanta_Hawks","/wiki/United_States","//upload.wikimedia.org/wikipedia/en/thumb/a/a4/Flag_of_the_United_States.svg/23px-Flag_of_the_United_States.svg.png","/wiki/Maryland","/wiki/Baltimore_Ravens","/wiki/Washington_Redskins","#endnote_Ee","/wiki/Baltimore_Orioles","/wiki/United_States","//upload.wikimedia.org/wikipedia/en/thumb/a/a4/Flag_of_the_United_States.svg/23px-Flag_of_the_United_States.svg.png","/wiki/North_Carolina","/wiki/Carolina_Panthers","/wiki/Charlotte_Bobcats","/wiki/Carolina_Hurricanes","/wiki/United_States","//upload.wikimedia.org/wikipedia/en/thumb/a/a4/Flag_of_the_United_States.svg/23px-Flag_of_the_United_States.svg.png","/wiki/Tennessee","/wiki/Tennessee_Titans","/wiki/Memphis_Grizzlies","/wiki/Nashville_Predators","/wiki/United_States","//upload.wikimedia.org/wikipedia/en/thumb/a/a4/Flag_of_the_United_States.svg/23px-Flag_of_the_United_States.svg.png","/wiki/Wisconsin","/wiki/Green_Bay_Packers","/wiki/Milwaukee_Brewers","/wiki/Milwaukee_Bucks","/wiki/United_States","//upload.wikimedia.org/wikipedia/en/thumb/a/a4/Flag_of_the_United_States.svg/23px-Flag_of_the_United_States.svg.png","/wiki/Washington_(state)","/wiki/Seattle_Seahawks","/wiki/Seattle_Mariners","/wiki/Seattle_Sounders_FC","/wiki/United_States","//upload.wikimedia.org/wikipedia/en/thumb/a/a4/Flag_of_the_United_States.svg/23px-Flag_of_the_United_States.svg.png","/wiki/Indiana","/wiki/Indianapolis_Colts","/wiki/Indiana_Pacers","/wiki/United_States","//upload.wikimedia.org/wikipedia/en/thumb/a/a4/Flag_of_the_United_States.svg/23px-Flag_of_the_United_States.svg.png","/wiki/Louisiana","/wiki/New_Orleans_Saints","/wiki/New_Orleans_Pelicans","/wiki/United_States","//upload.wikimedia.org/wikipedia/en/thumb/a/a4/Flag_of_the_United_States.svg/23px-Flag_of_the_United_States.svg.png","/wiki/Oregon","/wiki/Portland_Trail_Blazers","/wiki/Portland_Timbers","/wiki/United_States","//upload.wikimedia.org/wikipedia/en/thumb/a/a4/Flag_of_the_United_States.svg/23px-Flag_of_the_United_States.svg.png","/wiki/Utah","/wiki/Utah_Jazz","/wiki/Real_Salt_Lake","/wiki/United_States","//upload.wikimedia.org/wikipedia/en/thumb/a/a4/Flag_of_the_United_States.svg/23px-Flag_of_the_United_States.svg.png","/wiki/Oklahoma","/wiki/Oklahoma_City_Thunder","/wiki/United_States","//upload.wikimedia.org/wikipedia/en/thumb/a/a4/Flag_of_the_United_States.svg/23px-Flag_of_the_United_States.svg.png","/wiki/Kansas","/wiki/Sporting_Kansas_City","#endnote_Ff","/wiki/Canada","//upload.wikimedia.org/wikipedia/en/thumb/c/cf/Flag_of_Canada.svg/23px-Flag_of_Canada.svg.png","/wiki/Ontario","#endnote_Bb","/wiki/Toronto_Blue_Jays","/wiki/Toronto_Raptors","/wiki/Ottawa_Senators","/wiki/Toronto_Maple_Leafs","/wiki/Toronto_FC","/wiki/Hamilton_Tiger-Cats","/wiki/Toronto_Argonauts","/wiki/Canada","//upload.wikimedia.org/wikipedia/en/thumb/c/cf/Flag_of_Canada.svg/23px-Flag_of_Canada.svg.png","/wiki/Alberta","/wiki/Calgary_Flames","/wiki/Edmonton_Oilers","/wiki/Calgary_Stampeders","/wiki/Edmonton_Eskimos","/wiki/Canada","//upload.wikimedia.org/wikipedia/en/thumb/c/cf/Flag_of_Canada.svg/23px-Flag_of_Canada.svg.png","/wiki/Quebec","/wiki/Montreal_Canadiens","/wiki/Montreal_Impact","/wiki/Montreal_Alouettes","/wiki/Canada","//upload.wikimedia.org/wikipedia/en/thumb/c/cf/Flag_of_Canada.svg/23px-Flag_of_Canada.svg.png","/wiki/British_Columbia","/wiki/Vancouver_Canucks","/wiki/Vancouver_Whitecaps_FC","/wiki/BC_Lions","/wiki/Canada","//upload.wikimedia.org/wikipedia/en/thumb/c/cf/Flag_of_Canada.svg/23px-Flag_of_Canada.svg.png","/wiki/Manitoba","/wiki/Winnipeg_Jets","/wiki/Winnipeg_Blue_Bombers","/wiki/Canada","//upload.wikimedia.org/wikipedia/en/thumb/c/cf/Flag_of_Canada.svg/23px-Flag_of_Canada.svg.png","/wiki/Saskatchewan","/wiki/Saskatchewan_Roughriders","#ref_Aa","#ref_Bb","/wiki/Rogers_Communications","/wiki/National_Football_League_in_Toronto","/wiki/Buffalo_Bills","#ref_Cc","/wiki/MetLife_Stadium","#ref_Dd","/wiki/Red_Bull_Arena_(New_Jersey)","#ref_Ee","/wiki/FedEx_Field","#ref_Ff","/wiki/Sporting_Park","/w/index.php?title=List_of_American_and_Canadian_cities_by_number_of_major_professional_sports_franchises&action=edit&section=5","/wiki/U.S._cities_with_teams_from_four_major_league_sports","/wiki/List_of_auto_racing_tracks_in_the_United_States_by_city","/wiki/List_of_professional_sports_teams_in_the_United_States_and_Canada","/wiki/Major_professional_sports_leagues_in_the_United_States_and_Canada","/wiki/U.S._states_without_major_sports_teams","/w/index.php?title=List_of_American_and_Canadian_cities_by_number_of_major_professional_sports_franchises&action=edit&section=6","#cite_ref-everson20090507_0","/wiki/Help:Cite_errors/Cite_error_references_no_text","#cite_ref-2","http://www12.statcan.gc.ca/census-recensement/2011/dp-pd/hlt-fst/pd-pl/Table-Tableau.cfm?LANG=Eng&T=201&S=3&O=D&RPP=150","#cite_ref-NFL_teams_3-0","#cite_ref-NFL_teams_3-1","http://www.nfl.com/teams","#cite_ref-MLB_teams_4-0","#cite_ref-MLB_teams_4-1","http://mlb.mlb.com/team/index.jsp?tcid=nav_mlb_sitelist","#cite_ref-NBA_teams_5-0","#cite_ref-NBA_teams_5-1","http://www.nba.com/teams/","#cite_ref-NHL_teams_6-0","#cite_ref-NHL_teams_6-1","http://www.nhl.com/ice/teams.htm#?nav-tms-main","#cite_ref-MLS_teams_7-0","#cite_ref-MLS_teams_7-1","http://www.mlssoccer.com/league/clubs","#cite_ref-CFL_teams_8-0","#cite_ref-CFL_teams_8-1","http://www.cfl.ca/","#cite_ref-NYFC_9-0","#cite_ref-NYFC_9-1","http://www.mcfc.co.uk/News/Club-news/2013/May/Club-announcement-New-York-City-FC-to-launch-21-May","#cite_ref-19","http://sportsillustrated.cnn.com/soccer/us/news/2001/12/16/mls_contraction/","#cite_ref-27","http://espn.go.com/espn/print?id=1946925&type=story","#cite_ref-28","http://espn.go.com/espn/print?id=1890915&type=story","#cite_ref-40","http://www.census.gov/compendia/statab/2011/tables/11s0013.pdf","http://www.census.gov/compendia/statab/2011/tables/11s0013.pdf","#cite_ref-41","http://www.statcan.gc.ca/daily-quotidien/100929/t100929b3-eng.htm","/w/index.php?title=List_of_American_and_Canadian_cities_by_number_of_major_professional_sports_franchises&action=edit&section=7","http://www.angelfire.com/ns/agalley/napsl/napsl1.html","/wiki/Template:Canadian_Football_League","/wiki/Template_talk:Canadian_Football_League","//en.wikipedia.org/w/index.php?title=Template:Canadian_Football_League&action=edit","/wiki/Canadian_Football_League","/wiki/List_of_Canadian_Football_League_stadiums","/wiki/Canadian_Football_League_West_Division","/wiki/BC_Lions","/wiki/Calgary_Stampeders","/wiki/Edmonton_Eskimos","/wiki/Saskatchewan_Roughriders","/wiki/Canadian_Football_League_East_Division","/wiki/Hamilton_Tiger-Cats","/wiki/Montreal_Alouettes","/wiki/Ottawa_Redblacks","/wiki/Toronto_Argonauts","/wiki/Winnipeg_Blue_Bombers","/wiki/Ottawa_Rough_Riders","/wiki/Ottawa_Renegades","/wiki/Atlantic_Schooners","/wiki/CFL_USA","/wiki/Baltimore_Stallions","/wiki/Birmingham_Barracudas","/wiki/Las_Vegas_Posse","/wiki/Memphis_Mad_Dogs","/wiki/Sacramento_Gold_Miners","/wiki/San_Antonio_Texans","/wiki/Shreveport_Pirates","/wiki/Miami_Manatees_(CFL)","/wiki/Canadian_Football_League_West_Division","/wiki/Jeff_Nicklin_Memorial_Trophy","/wiki/Dr._Beattie_Martin_Trophy","/wiki/Norm_Fieldgate_Trophy","/wiki/Jackie_Parker_Trophy","/wiki/DeMarco%E2%80%93Becket_Memorial_Trophy","/wiki/Dave_Dryburgh_Memorial_Trophy","/wiki/Eddie_James_Memorial_Trophy","/wiki/Canadian_Football_League_East_Division","/wiki/Terry_Evanshen_Trophy","/wiki/Lew_Hayman_Trophy","/wiki/James_P._McCaffrey_Trophy","/wiki/Frank_M._Gibson_Trophy","/wiki/Leo_Dandurand_Trophy","/wiki/List_of_Grey_Cup_champions","/wiki/Grey_Cup_Most_Valuable_Player","/wiki/Dick_Suderman_Trophy","/wiki/CFL%27s_Most_Outstanding_Player_Award","/wiki/CFL%27s_Most_Outstanding_Canadian_Award","/wiki/CFL%27s_Most_Outstanding_Defensive_Player_Award","/wiki/CFL%27s_Most_Outstanding_Offensive_Lineman_Award","/wiki/CFL%27s_Most_Outstanding_Rookie_Award","/wiki/Annis_Stukus_Trophy","/wiki/Tom_Pate_Memorial_Award","/wiki/Jake_Gaudaur_Veterans%27_Trophy","/wiki/John_Agro_Special_Teams_Award","/wiki/CFL%27s_Most_Outstanding_Lineman_Award","/wiki/Jeff_Russel_Memorial_Trophy","/wiki/Gruen_Trophy","/wiki/Rogers_Fans%27_Choice_Award","/wiki/Hugo_Ross_Trophy","/wiki/N._J._Taylor_Trophy","/wiki/James_S._Dixon_Trophy","/wiki/Canadian_Football_League#Broadcasting","/wiki/CFL_on_CBC","/wiki/Canadian_Football_Network","/wiki/CFL_on_CTV","/wiki/CFL_on_NBC","/wiki/CFL_on_TSN","/wiki/List_of_current_Canadian_Football_League_announcers","/wiki/List_of_Grey_Cup_broadcasters","/wiki/List_of_Canadian_Football_League_records_(individual)","/wiki/List_of_Canadian_Football_League_records_(team)","/wiki/List_of_Canadian_Football_League_seasons","/wiki/List_of_Canadian_Football_League_stadiums","/wiki/Canadian_Football_League_attendance","/wiki/Canadian_College_Draft","/wiki/Canadian_Football_League_Players%27_Association","/wiki/Canadian_Football_Hall_of_Fame","/wiki/CFL_All-Star_Game","/wiki/Touchdown_Atlantic","/wiki/Labour_Day_Classic","/wiki/Thanksgiving_Day_Classic","/wiki/TSN_Top_50_CFL_Players","//upload.wikimedia.org/wikipedia/en/thumb/f/fd/Portal-puzzle.svg/16px-Portal-puzzle.svg.png","/wiki/Portal:Canadian_football","/wiki/Template:MLB","/wiki/Template_talk:MLB","//en.wikipedia.org/w/index.php?title=Template:MLB&action=edit","/wiki/Major_League_Baseball","/wiki/2013_Major_League_Baseball_season","/wiki/American_League","/wiki/American_League_East","/wiki/American_League_Central","/wiki/American_League_West","/wiki/Baltimore_Orioles","/wiki/Chicago_White_Sox","/wiki/Houston_Astros","/wiki/Boston_Red_Sox","/wiki/Cleveland_Indians","/wiki/Los_Angeles_Angels_of_Anaheim","/wiki/New_York_Yankees","/wiki/Detroit_Tigers","/wiki/Oakland_Athletics","/wiki/Tampa_Bay_Rays","/wiki/Kansas_City_Royals","/wiki/Seattle_Mariners","/wiki/Toronto_Blue_Jays","/wiki/Minnesota_Twins","/wiki/Texas_Rangers_(baseball)","/wiki/National_League","/wiki/National_League_East","/wiki/National_League_Central","/wiki/National_League_West","/wiki/Atlanta_Braves","/wiki/Chicago_Cubs","/wiki/Arizona_Diamondbacks","/wiki/Miami_Marlins","/wiki/Cincinnati_Reds","/wiki/Colorado_Rockies","/wiki/New_York_Mets","/wiki/Milwaukee_Brewers","/wiki/Los_Angeles_Dodgers","/wiki/Philadelphia_Phillies","/wiki/Pittsburgh_Pirates","/wiki/San_Diego_Padres","/wiki/Washington_Nationals","/wiki/St._Louis_Cardinals","/wiki/San_Francisco_Giants","/wiki/Major_League_Baseball_postseason","/wiki/World_Series","/wiki/List_of_World_Series_champions","/wiki/List_of_National_League_pennant_winners","/wiki/National_League_Championship_Series","/wiki/National_League_Division_Series","/wiki/Major_League_Baseball_Wild_Card_Game","/wiki/List_of_American_League_pennant_winners","/wiki/American_League_Championship_Series","/wiki/American_League_Division_Series","/wiki/Major_League_Baseball_Wild_Card_Game","/wiki/Major_League_Baseball_All-Star_Game","/wiki/World_Baseball_Classic","/wiki/List_of_Major_League_Baseball_record_holders","/wiki/List_of_Major_League_Baseball_awards","/wiki/National_Baseball_Hall_of_Fame_and_Museum","/wiki/Winter_Meetings","/wiki/Hot_stove_league","/wiki/Major_League_Baseball_Draft","/wiki/Rule_5_draft","/wiki/Major_League_Baseball_Players_Association","/wiki/Major_League_Baseball_television_contracts","/wiki/List_of_highest_paid_Major_League_Baseball_players","/wiki/Major_League_Baseball_logo","/wiki/List_of_Major_League_Baseball_seasons","/wiki/Minor_League_Baseball","/wiki/History_of_baseball_in_the_United_States","/w/index.php?title=History_of_the_National_League&action=edit&redlink=1","/wiki/History_of_the_American_League","/wiki/List_of_Major_League_Baseball_tie-breakers","/wiki/Major_League_Baseball_rivalries","/wiki/Interleague_play","/wiki/Major_League_Baseball_schedule","/wiki/List_of_Major_League_Baseball_stadiums","/wiki/Civil_Rights_Game","/wiki/Spring_training","/wiki/MLB_lockout","/wiki/Timeline_of_Major_League_Baseball","/wiki/Dead-ball_era","/wiki/Live-ball_era","/wiki/Major_League_Baseball_relocation_of_1950s%E2%80%931960s","/wiki/1969_Major_League_Baseball_expansion","/wiki/1977_Major_League_Baseball_expansion","/wiki/1993_Major_League_Baseball_expansion","/wiki/1998_Major_League_Baseball_expansion","/wiki/Commissioner_of_Baseball","/wiki/Bud_Selig","/wiki/List_of_National_League_presidents","/wiki/List_of_American_League_presidents","/wiki/Template:Major_League_Soccer","/wiki/Template_talk:Major_League_Soccer","//en.wikipedia.org/w/index.php?title=Template:Major_League_Soccer&action=edit","/wiki/Major_League_Soccer","/wiki/List_of_Major_League_Soccer_seasons","/wiki/Major_League_Soccer_records_and_statistics","/wiki/Major_League_Soccer_Players_Union","/wiki/MLS_rivalry_cups","/wiki/Expansion_of_Major_League_Soccer","/wiki/United_States_Soccer_Federation","/wiki/Canadian_Soccer_Association","/wiki/Eastern_Conference_(MLS)","/wiki/Western_Conference_(MLS)","/wiki/Chicago_Fire_Soccer_Club","/wiki/Columbus_Crew","/wiki/D.C._United","/wiki/Houston_Dynamo","/wiki/Montreal_Impact","/wiki/New_England_Revolution","/wiki/New_York_Red_Bulls","/wiki/Philadelphia_Union","/wiki/Sporting_Kansas_City","/wiki/Toronto_FC","/wiki/C.D._Chivas_USA","/wiki/Colorado_Rapids","/wiki/FC_Dallas","/wiki/Los_Angeles_Galaxy","/wiki/Portland_Timbers","/wiki/Real_Salt_Lake","/wiki/San_Jose_Earthquakes","/wiki/Seattle_Sounders_FC","/wiki/Vancouver_Whitecaps_FC","/wiki/New_York_City_FC","/wiki/MLS_Cup","/wiki/MLS_Cup_Playoffs","/wiki/List_of_MLS_Cup_finals","/wiki/List_of_current_Major_League_Soccer_players","/wiki/List_of_foreign_MLS_players","/wiki/List_of_current_MLS_players_with_national_team_caps","/wiki/Designated_Player_Rule","/wiki/Homegrown_Player_Rule_(Major_League_Soccer)","/wiki/Generation_Adidas","/wiki/List_of_Major_League_Soccer_transfers_2013","/wiki/List_of_MLS_coaches","/wiki/List_of_Major_League_Soccer_stadiums","/wiki/Major_League_Soccer_attendance","/wiki/Major_League_Soccer_on_television","/wiki/List_of_current_Major_League_Soccer_commentators","/wiki/List_of_MLS_Cup_broadcasters","/wiki/Supporters%27_Shield","/wiki/Major_League_Soccer_All-Star_Game","/wiki/CONCACAF_Champions_League","/wiki/Lamar_Hunt_U.S._Open_Cup","/wiki/Canadian_Championship","/wiki/MLS_Reserve_League","/wiki/MLS_SuperDraft","/wiki/Category:Major_League_Soccer","/wiki/Portal:Association_football","/wiki/2013_Major_League_Soccer_season","/wiki/Template:NFL","/wiki/Template_talk:NFL","//en.wikipedia.org/w/index.php?title=Template:NFL&action=edit","/wiki/National_Football_League","/wiki/2013_NFL_season","/wiki/American_Football_Conference","/wiki/AFC_East","/wiki/AFC_North","/wiki/AFC_South","/wiki/AFC_West","/wiki/Buffalo_Bills","/wiki/Baltimore_Ravens","/wiki/Houston_Texans","/wiki/Denver_Broncos","/wiki/Miami_Dolphins","/wiki/Cincinnati_Bengals","/wiki/Indianapolis_Colts","/wiki/Kansas_City_Chiefs","/wiki/New_England_Patriots","/wiki/Cleveland_Browns","/wiki/Jacksonville_Jaguars","/wiki/Oakland_Raiders","/wiki/New_York_Jets","/wiki/Pittsburgh_Steelers","/wiki/Tennessee_Titans","/wiki/San_Diego_Chargers","/wiki/National_Football_Conference","/wiki/NFC_East","/wiki/NFC_North","/wiki/NFC_South","/wiki/NFC_West","/wiki/Dallas_Cowboys","/wiki/Chicago_Bears","/wiki/Atlanta_Falcons","/wiki/Arizona_Cardinals","/wiki/New_York_Giants","/wiki/Detroit_Lions","/wiki/Carolina_Panthers","/wiki/St._Louis_Rams","/wiki/Philadelphia_Eagles","/wiki/Green_Bay_Packers","/wiki/New_Orleans_Saints","/wiki/San_Francisco_49ers","/wiki/Washington_Redskins","/wiki/Minnesota_Vikings","/wiki/Tampa_Bay_Buccaneers","/wiki/Seattle_Seahawks","/wiki/List_of_National_Football_League_seasons","/wiki/National_Football_League_team_season_lists","/wiki/National_Football_League_regular_season","/wiki/National_Football_League_playoffs","/wiki/AFC_Championship_Game","/wiki/NFC_Championship_Game","/wiki/Super_Bowl","/wiki/List_of_Super_Bowl_champions","/wiki/List_of_quarterbacks_with_multiple_Super_Bowl_starts","/wiki/Pro_Bowl","/wiki/History_of_National_Football_League_Championship","/wiki/American_Football_League_playoffs","/wiki/List_of_NFL_champions_(1920%E2%80%931969)","/wiki/One-game_playoff#National_Football_League","/wiki/Playoff_Bowl","/wiki/List_of_NFL_franchise_owners","/wiki/List_of_NFL_officials","/wiki/National_Football_League_Properties","/wiki/List_of_current_National_Football_League_stadiums","/wiki/Chronology_of_home_stadiums_for_current_National_Football_League_teams","/wiki/Timeline_of_the_National_Football_League","/wiki/Defunct_National_Football_League_franchises","/wiki/List_of_National_Football_League_records_(individual)","/wiki/List_of_National_Football_League_records_(team)","/wiki/2013_NFL_quarterbacks_win_loss_records","/wiki/List_of_Super_Bowl_records","/wiki/All-Pro","/wiki/Pro_Football_Hall_of_Fame","/wiki/National_Football_League_lore","/wiki/List_of_NFL_nicknames","/wiki/American_Football_League","/wiki/AFL%E2%80%93NFL_merger","/wiki/History_of_the_National_Football_League_in_Los_Angeles","/wiki/National_Football_League_in_Toronto","/wiki/Bills_Toronto_Series","/wiki/NFL_International_Series","/wiki/NFL_on_television","/wiki/Category:National_Football_League_on_the_radio","/wiki/National_Football_League_Management_Council","/wiki/National_Football_League_Players_Association","/wiki/National_Football_League_player_conduct_controversy","/wiki/List_of_players_and_coaches_suspended_by_the_NFL","/wiki/NFL_draft","/wiki/Training_camp_(National_Football_League)","/wiki/National_Football_League_preseason","/wiki/Pro_Football_Hall_of_Fame_Game","/wiki/American_Bowl","/wiki/National_Football_League_Kickoff_game","/wiki/Monday_Night_Football","/wiki/List_of_NFL_franchise_post-season_streaks","/wiki/List_of_NFL_franchise_post-season_droughts","/wiki/National_Football_League_rivalries","/wiki/Thanksgiving_Classic","/wiki/National_Football_League_Christmas_games","/wiki/NFL_Charities","/wiki/List_of_NFL_tied_games","/wiki/Cancelled_NFL_games","/wiki/NFL_lockout","/wiki/National_Football_League_controversies","/wiki/National_Football_League_Cheerleading","/wiki/Template:NHL","/wiki/Template_talk:NHL","//en.wikipedia.org/w/index.php?title=Template:NHL&action=edit","/wiki/National_Hockey_League","/wiki/Western_Conference_(NHL)","/wiki/Eastern_Conference_(NHL)","/wiki/Pacific_Division_(NHL)","/wiki/Anaheim_Ducks","/wiki/Calgary_Flames","/wiki/Edmonton_Oilers","/wiki/Los_Angeles_Kings","/wiki/Phoenix_Coyotes","/wiki/San_Jose_Sharks","/wiki/Vancouver_Canucks","/wiki/Central_Division_(NHL)","/wiki/Chicago_Blackhawks","/wiki/Colorado_Avalanche","/wiki/Dallas_Stars","/wiki/Minnesota_Wild","/wiki/Nashville_Predators","/wiki/St._Louis_Blues","/wiki/Winnipeg_Jets","/wiki/Atlantic_Division_(NHL)","/wiki/Boston_Bruins","/wiki/Buffalo_Sabres","/wiki/Detroit_Red_Wings","/wiki/Florida_Panthers","/wiki/Montreal_Canadiens","/wiki/Ottawa_Senators","/wiki/Tampa_Bay_Lightning","/wiki/Toronto_Maple_Leafs","/wiki/Metropolitan_Division","/wiki/Carolina_Hurricanes","/wiki/Columbus_Blue_Jackets","/wiki/New_Jersey_Devils","/wiki/New_York_Islanders","/wiki/New_York_Rangers","/wiki/Philadelphia_Flyers","/wiki/Pittsburgh_Penguins","/wiki/Washington_Capitals","/wiki/List_of_NHL_seasons","/wiki/Season_structure_of_the_NHL","/wiki/Stanley_Cup","/wiki/Stanley_Cup_playoffs","/wiki/List_of_Stanley_Cup_champions","/wiki/Stanley_Cup_Finals","/wiki/NHL_Conference_Finals","/wiki/Presidents%27_Trophy","/wiki/National_Hockey_League_All-Star_Game","/wiki/NHL_Winter_Classic","/wiki/NHL_Entry_Draft","/wiki/List_of_NHL_players","/wiki/National_Hockey_League_Players%27_Association","/wiki/NHL_All-Star_Team","/wiki/List_of_National_Hockey_League_awards","/wiki/List_of_current_NHL_captains_and_alternate_captains","/wiki/History_of_the_National_Hockey_League","/wiki/History_of_organizational_changes_in_the_NHL","/wiki/List_of_NHL_playoff_series","/wiki/List_of_defunct_and_relocated_National_Hockey_League_teams","/wiki/National_Hockey_Association","/wiki/Original_Six","/wiki/1967_NHL_expansion","/wiki/World_Hockey_Association","/wiki/Potential_National_Hockey_League_expansion","/wiki/List_of_NHL_franchise_post-season_appearance_streaks","/wiki/List_of_NHL_franchise_post-season_droughts","/wiki/Hockey_Hall_of_Fame","/wiki/List_of_members_of_the_Hockey_Hall_of_Fame","/wiki/National_Hockey_League_rivalries","/wiki/List_of_National_Hockey_League_arenas","/wiki/National_Hockey_League_rules","/wiki/Fighting_in_ice_hockey","/wiki/Violence_in_ice_hockey","/wiki/List_of_international_games_played_by_NHL_teams","/wiki/NHL_Collective_Bargaining_Agreement","/wiki/NHL_lockout","/wiki/Template:National_Hockey_League_on_national_television","/wiki/National_Hockey_League_on_the_radio","/wiki/Category:National_Hockey_League","/wiki/Portal:Ice_hockey","/wiki/2013%E2%80%9314_NHL_season","/wiki/Template:National_Basketball_Association","/wiki/Template_talk:National_Basketball_Association","//en.wikipedia.org/w/index.php?title=Template:National_Basketball_Association&action=edit","/wiki/National_Basketball_Association","/wiki/Eastern_Conference_(NBA)","/wiki/Western_Conference_(NBA)","/wiki/Atlantic_Division_(NBA)","/wiki/Boston_Celtics","/wiki/Brooklyn_Nets","/wiki/New_York_Knicks","/wiki/Philadelphia_76ers","/wiki/Toronto_Raptors","/wiki/Central_Division_(NBA)","/wiki/Chicago_Bulls","/wiki/Cleveland_Cavaliers","/wiki/Detroit_Pistons","/wiki/Indiana_Pacers","/wiki/Milwaukee_Bucks","/wiki/Southeast_Division_(NBA)","/wiki/Atlanta_Hawks","/wiki/Charlotte_Bobcats","/wiki/Miami_Heat","/wiki/Orlando_Magic","/wiki/Washington_Wizards","/wiki/Northwest_Division_(NBA)","/wiki/Denver_Nuggets","/wiki/Minnesota_Timberwolves","/wiki/Oklahoma_City_Thunder","/wiki/Portland_Trail_Blazers","/wiki/Utah_Jazz","/wiki/Pacific_Division_(NBA)","/wiki/Golden_State_Warriors","/wiki/Los_Angeles_Clippers","/wiki/Los_Angeles_Lakers","/wiki/Phoenix_Suns","/wiki/Sacramento_Kings","/wiki/Southwest_Division_(NBA)","/wiki/Dallas_Mavericks","/wiki/Houston_Rockets","/wiki/Memphis_Grizzlies","/wiki/New_Orleans_Pelicans","/wiki/San_Antonio_Spurs","/wiki/National_Basketball_Association_Draft","/wiki/NBA_Summer_League","/wiki/Orlando_Summer_League","/wiki/National_Basketball_Association_Christmas_games","/wiki/NBA_All-Star_Weekend","/wiki/NBA_All-Star_Game","/wiki/NBA_All-Star_Game_Most_Valuable_Player_Award","/wiki/NBA_All-Star_Weekend_Celebrity_Game","/wiki/Rising_Stars_Challenge","/wiki/NBA_All-Star_Weekend_Shooting_Stars_Competition","/wiki/NBA_All-Star_Weekend_Skills_Challenge","/wiki/Slam_Dunk_Contest","/wiki/Three-Point_Shootout","/wiki/NBA_Playoffs","/wiki/NBA_Finals","/wiki/Bill_Russell_NBA_Finals_Most_Valuable_Player_Award","/wiki/50_Greatest_Players_in_NBA_History","/wiki/List_of_National_Basketball_Association_arenas","/wiki/List_of_National_Basketball_Association_awards","/wiki/Basketball_Association_of_America","/wiki/National_Basketball_Association_Cheerleading","/wiki/NBA_Collective_Bargaining_Agreement","/wiki/National_Basketball_Association_criticisms_and_controversies","/wiki/NBA_Development_League","/wiki/NBA_dress_code","/wiki/Eligibility_for_the_NBA_Draft","/wiki/NBA_Europe_Live_Tour","/wiki/List_of_first_overall_NBA_draft_picks","/wiki/Naismith_Memorial_Basketball_Hall_of_Fame","/wiki/List_of_members_of_the_Naismith_Memorial_Basketball_Hall_of_Fame","/wiki/List_of_National_Basketball_Association_head_coaches_with_400_games_coached","/wiki/List_of_current_National_Basketball_Association_head_coaches","/wiki/List_of_National_Basketball_Association_player-coaches","/wiki/List_of_NBA_championship_head_coaches","/wiki/NBA_lockout","/wiki/Larry_O%27Brien_Championship_Trophy","/wiki/List_of_National_Basketball_Association_mascots","/wiki/Midwest_Division_(NBA)","/wiki/List_of_NBA_champions","/wiki/NBA_Store","/wiki/NBA_TV","/wiki/National_Basketball_League_(United_States)","/wiki/List_of_NBA_team_owners","/wiki/List_of_National_Basketball_Association_players","/wiki/List_of_current_NBA_team_rosters","/wiki/List_of_foreign_NBA_players","/wiki/Race_and_ethnicity_in_the_NBA","/wiki/List_of_players_banned_or_suspended_by_the_NBA","/wiki/Highest_paid_NBA_players_by_season","/wiki/NBA_regular_season_records","/wiki/NBA_post-season_records","/wiki/NBA_All-Star_Game_records","/wiki/National_Basketball_Association_rivalries","/wiki/NBA_salary_cap","/wiki/List_of_National_Basketball_Association_seasons","/wiki/List_of_defunct_National_Basketball_Association_teams","/wiki/List_of_relocated_National_Basketball_Association_teams","/wiki/Timeline_of_the_National_Basketball_Association","/wiki/Women%27s_National_Basketball_Association","/wiki/Category:National_Basketball_Association","/wiki/Portal:National_Basketball_Association","/wiki/2012%E2%80%9313_NBA_season","//en.wikipedia.org/w/index.php?title=Special:CentralAutoLogin/start&type=1x1&from=enwiki","http://en.wikipedia.org/w/index.php?title=List_of_American_and_Canadian_cities_by_number_of_major_professional_sports_franchises&oldid=563434641","/wiki/Help:Categories","/wiki/Category:Sports_in_the_United_States_by_city","/wiki/Category:Sport_in_Canada_by_city","/wiki/Category:Major_League_Baseball_teams","/wiki/Category:Canadian_Football_League_teams","/wiki/Category:National_Football_League_teams","/wiki/Category:National_Hockey_League_teams","/wiki/Category:National_Basketball_Association_teams","/wiki/Category:Major_League_Soccer_teams","/wiki/Category:Pages_with_broken_reference_names","/w/index.php?title=Special:UserLogin&returnto=List+of+American+and+Canadian+cities+by+number+of+major+professional+sports+franchises&type=signup","/w/index.php?title=Special:UserLogin&returnto=List+of+American+and+Canadian+cities+by+number+of+major+professional+sports+franchises","/wiki/List_of_American_and_Canadian_cities_by_number_of_major_professional_sports_franchises","/wiki/Talk:List_of_American_and_Canadian_cities_by_number_of_major_professional_sports_franchises","#","/wiki/List_of_American_and_Canadian_cities_by_number_of_major_professional_sports_franchises","/w/index.php?title=List_of_American_and_Canadian_cities_by_number_of_major_professional_sports_franchises&action=edit","/w/index.php?title=List_of_American_and_Canadian_cities_by_number_of_major_professional_sports_franchises&action=history","#","/w/index.php","//bits.wikimedia.org/static-1.22wmf11/skins/vector/images/search-ltr.png?303-4","/wiki/Main_Page","/wiki/Main_Page","/wiki/Portal:Contents","/wiki/Portal:Featured_content","/wiki/Portal:Current_events","/wiki/Special:Random","//donate.wikimedia.org/wiki/Special:FundraiserRedirector?utm_source=donate&utm_medium=sidebar&utm_campaign=C13_en.wikipedia.org&uselang=en","/wiki/Help:Contents","/wiki/Wikipedia:About","/wiki/Wikipedia:Community_portal","/wiki/Special:RecentChanges","//en.wikipedia.org/wiki/Wikipedia:Contact_us","/wiki/Special:WhatLinksHere/List_of_American_and_Canadian_cities_by_number_of_major_professional_sports_franchises","/wiki/Special:RecentChangesLinked/List_of_American_and_Canadian_cities_by_number_of_major_professional_sports_franchises","/wiki/Wikipedia:File_Upload_Wizard","/wiki/Special:SpecialPages","/w/index.php?title=List_of_American_and_Canadian_cities_by_number_of_major_professional_sports_franchises&oldid=563434641","/w/index.php?title=List_of_American_and_Canadian_cities_by_number_of_major_professional_sports_franchises&action=info","//www.wikidata.org/wiki/Q13643835","/w/index.php?title=Special:Cite&page=List_of_American_and_Canadian_cities_by_number_of_major_professional_sports_franchises&id=563434641","/w/index.php?title=Special:Book&bookcmd=book_creator&referer=List+of+American+and+Canadian+cities+by+number+of+major+professional+sports+franchises","/w/index.php?title=Special:Book&bookcmd=render_article&arttitle=List+of+American+and+Canadian+cities+by+number+of+major+professional+sports+franchises&oldid=563434641&writer=rl","/w/index.php?title=List_of_American_and_Canadian_cities_by_number_of_major_professional_sports_franchises&printable=yes","//es.wikipedia.org/wiki/Anexo:Ciudades_estadounidenses_y_canadienses_con_equipos_deportivos_profesionales","#","//www.wikidata.org/wiki/Q13643835#sitelinks-wikipedia","//en.wikipedia.org/wiki/Wikipedia:Text_of_Creative_Commons_Attribution-ShareAlike_3.0_Unported_License","//creativecommons.org/licenses/by-sa/3.0/","//wikimediafoundation.org/wiki/Terms_of_Use","//wikimediafoundation.org/wiki/Privacy_policy","//www.wikimediafoundation.org/","//wikimediafoundation.org/wiki/Privacy_policy","/wiki/Wikipedia:About","/wiki/Wikipedia:General_disclaimer","//en.wikipedia.org/wiki/Wikipedia:Contact_us","//en.m.wikipedia.org/wiki/List_of_American_and_Canadian_cities_by_number_of_major_professional_sports_franchises","//wikimediafoundation.org/","//bits.wikimedia.org/images/wikimedia-button.png","//www.mediawiki.org/","//bits.wikimedia.org/static-1.22wmf11/skins/common/images/poweredby_mediawiki_88x31.png","//bits.wikimedia.org/en.wikipedia.org/load.php?debug=false&lang=en&modules=site&only=scripts&skin=vector&*"],"instances":["country_subdivision","nhl","new_jersey","united_states","canada","state"],"pdf":["http://www.census.gov/compendia/statab/2011/tables/11s0013.pdf","http://www.census.gov/compendia/statab/2011/tables/11s0013.pdf"],"categories":["Sports in the United States by city","Sport in Canada by city","Major League Baseball teams|","Canadian Football League teams|","National Football League teams|","National Hockey League teams|","National Basketball Association teams|","Major League Soccer teams|"],"headings":["Major Professional Sports Leagues","Metropolitan area","List of teams by metropolitan area","Teams by state/province/territory","See also","References","External links"],"image":["//upload.wikimedia.org/wikipedia/commons/thumb/5/5c/Number_of_NFL%2C_NBA%2C_MLB_and_NHL_teams_by_City%2C_2012.svg/525px-Number_of_NFL%2C_NBA%2C_MLB_and_NHL_teams_by_City%2C_2012.svg.png","//bits.wikimedia.org/static-1.22wmf11/skins/common/images/magnify-clip.png","//upload.wikimedia.org/wikipedia/commons/thumb/1/1d/Major_sports_by_state.svg/500px-Major_sports_by_state.svg.png","//upload.wikimedia.org/wikipedia/commons/thumb/0/02/Big6_teams_by_state_province.svg/500px-Big6_teams_by_state_province.svg.png","//upload.wikimedia.org/wikipedia/en/thumb/a/a4/Flag_of_the_United_States.svg/23px-Flag_of_the_United_States.svg.png","//upload.wikimedia.org/wikipedia/en/thumb/a/a4/Flag_of_the_United_States.svg/23px-Flag_of_the_United_States.svg.png","//upload.wikimedia.org/wikipedia/en/thumb/a/a4/Flag_of_the_United_States.svg/23px-Flag_of_the_United_States.svg.png","//upload.wikimedia.org/wikipedia/en/thumb/a/a4/Flag_of_the_United_States.svg/23px-Flag_of_the_United_States.svg.png","//upload.wikimedia.org/wikipedia/en/thumb/a/a4/Flag_of_the_United_States.svg/23px-Flag_of_the_United_States.svg.png","//upload.wikimedia.org/wikipedia/en/thumb/a/a4/Flag_of_the_United_States.svg/23px-Flag_of_the_United_States.svg.png","//upload.wikimedia.org/wikipedia/en/thumb/a/a4/Flag_of_the_United_States.svg/23px-Flag_of_the_United_States.svg.png","//upload.wikimedia.org/wikipedia/en/thumb/a/a4/Flag_of_the_United_States.svg/23px-Flag_of_the_United_States.svg.png","//upload.wikimedia.org/wikipedia/en/thumb/a/a4/Flag_of_the_United_States.svg/23px-Flag_of_the_United_States.svg.png","//upload.wikimedia.org/wikipedia/en/thumb/a/a4/Flag_of_the_United_States.svg/23px-Flag_of_the_United_States.svg.png","//upload.wikimedia.org/wikipedia/en/thumb/a/a4/Flag_of_the_United_States.svg/23px-Flag_of_the_United_States.svg.png","//upload.wikimedia.org/wikipedia/en/thumb/a/a4/Flag_of_the_United_States.svg/23px-Flag_of_the_United_States.svg.png","//upload.wikimedia.org/wikipedia/en/thumb/a/a4/Flag_of_the_United_States.svg/23px-Flag_of_the_United_States.svg.png","//upload.wikimedia.org/wikipedia/en/thumb/a/a4/Flag_of_the_United_States.svg/23px-Flag_of_the_United_States.svg.png","//upload.wikimedia.org/wikipedia/en/thumb/a/a4/Flag_of_the_United_States.svg/23px-Flag_of_the_United_States.svg.png","//upload.wikimedia.org/wikipedia/en/thumb/a/a4/Flag_of_the_United_States.svg/23px-Flag_of_the_United_States.svg.png","//upload.wikimedia.org/wikipedia/en/thumb/a/a4/Flag_of_the_United_States.svg/23px-Flag_of_the_United_States.svg.png","//upload.wikimedia.org/wikipedia/en/thumb/a/a4/Flag_of_the_United_States.svg/23px-Flag_of_the_United_States.svg.png","//upload.wikimedia.org/wikipedia/en/thumb/a/a4/Flag_of_the_United_States.svg/23px-Flag_of_the_United_States.svg.png","//upload.wikimedia.org/wikipedia/en/thumb/a/a4/Flag_of_the_United_States.svg/23px-Flag_of_the_United_States.svg.png","//upload.wikimedia.org/wikipedia/en/thumb/a/a4/Flag_of_the_United_States.svg/23px-Flag_of_the_United_States.svg.png","//upload.wikimedia.org/wikipedia/en/thumb/a/a4/Flag_of_the_United_States.svg/23px-Flag_of_the_United_States.svg.png","//upload.wikimedia.org/wikipedia/en/thumb/a/a4/Flag_of_the_United_States.svg/23px-Flag_of_the_United_States.svg.png","//upload.wikimedia.org/wikipedia/en/thumb/a/a4/Flag_of_the_United_States.svg/23px-Flag_of_the_United_States.svg.png","//upload.wikimedia.org/wikipedia/en/thumb/a/a4/Flag_of_the_United_States.svg/23px-Flag_of_the_United_States.svg.png","//upload.wikimedia.org/wikipedia/en/thumb/a/a4/Flag_of_the_United_States.svg/23px-Flag_of_the_United_States.svg.png","//upload.wikimedia.org/wikipedia/en/thumb/a/a4/Flag_of_the_United_States.svg/23px-Flag_of_the_United_States.svg.png","//upload.wikimedia.org/wikipedia/en/thumb/c/cf/Flag_of_Canada.svg/23px-Flag_of_Canada.svg.png","//upload.wikimedia.org/wikipedia/en/thumb/c/cf/Flag_of_Canada.svg/23px-Flag_of_Canada.svg.png","//upload.wikimedia.org/wikipedia/en/thumb/c/cf/Flag_of_Canada.svg/23px-Flag_of_Canada.svg.png","//upload.wikimedia.org/wikipedia/en/thumb/c/cf/Flag_of_Canada.svg/23px-Flag_of_Canada.svg.png","//upload.wikimedia.org/wikipedia/en/thumb/c/cf/Flag_of_Canada.svg/23px-Flag_of_Canada.svg.png","//upload.wikimedia.org/wikipedia/en/thumb/c/cf/Flag_of_Canada.svg/23px-Flag_of_Canada.svg.png","//upload.wikimedia.org/wikipedia/en/thumb/f/fd/Portal-puzzle.svg/16px-Portal-puzzle.svg.png","//en.wikipedia.org/w/index.php?title=Special:CentralAutoLogin/start&type=1x1&from=enwiki","//bits.wikimedia.org/static-1.22wmf11/skins/vector/images/search-ltr.png?303-4","//bits.wikimedia.org/images/wikimedia-button.png","//bits.wikimedia.org/static-1.22wmf11/skins/common/images/poweredby_mediawiki_88x31.png"],"tags":[["national_basketball_league","united_states"],["cleveland_barons","nhl"],["national_capital_region","canada"],["territory","country_subdivision"],["georgia","u.s._state"],["washington","state"],["red_bull_arena","new_jersey"]],"members":["territory","georgia","cleveland_barons","red_bull_arena","national_basketball_league","national_capital_region","washington"],"related":["Metropolitan_area","United_States","Canada","Professional_sports","United_States","Canada","Team_sport","Golf","Tennis","Auto_racing","Major_League_Baseball","Baseball","Major_League_Baseball","National_Basketball_Association","National_Football_League","National_Hockey_League","Cultural_icon","Popular_culture","Culture_of_the_United_States","Canadian_popular_culture","Average_attendances_of_professional_sports_teams_in_the_United_States_and_Canada","National_Association_of_Base_Ball_Players","Ohio_League","National_Hockey_Association","National_Basketball_League_(United_States)","Basketball_Association_of_America","Major_League_Soccer","Canadian_Football_League","Arena_Football_League","Major_League_Lacrosse","National_Lacrosse_League","Women's_National_Basketball_Association","Baseball","New_York_City","New_York_Yankees","Bronx","Brooklyn","Staten_Island","Manhattan","Long_Island","North_Jersey","Westchester_County,_New_York","New_York_Mets","Queens","San_Francisco_Giants","Oakland_Athletics","San_Francisco_Bay_Area","Washington_Nationals","Baltimore_Orioles","Los_Angeles","Los_Angeles_Lakers","Los_Angeles_Clippers","Staples_Center","Las_Vegas_metropolitan_area","CFL_USA","Las_Vegas_Posse","Green_Bay,_Wisconsin","Milwaukee","Winnipeg","Winnipeg_Jets","New_Orleans__Metairie__Bogalusa_combined_statistical_area","New_Orleans_Pelicans","New_Orleans_Saints","Table_of_United_States_primary_census_statistical_areas","Primary_census_statistical_areas","2010_United_States_Census","List_of_the_100_largest_urban_areas_in_Canada_by_population","Census_metropolitan_area","Canada_2011_Census","Metropolitan_area","New_York_metropolitan_area","Greater_Los_Angeles_Area","BaltimoreWashington_Metropolitan_Area","San_Francisco_Bay_Area","California_Golden_Seals","196768_NHL_season","197576_NHL_season","Cleveland","Cleveland_Barons_(NHL)","Chicago_metropolitan_area","Greater_Toronto_Area","Greater_Boston","DallasFort_Worth_metroplex","Delaware_Valley","DenverAuroraBoulder_Combined_Statistical_Area","Greater_Houston","Miami_metropolitan_area","Metro_Detroit","Phoenix_metropolitan_area","MinneapolisSaint_Paul","Atlanta_metropolitan_area","Greater_Cleveland","Greater_St._Louis","Tampa_Bay_Area","Pittsburgh_metropolitan_area","Metro_Vancouver","Seattle_metropolitan_area","Kansas_City_metropolitan_area","San_Diego_metropolitan_area","Greater_Montreal","Charlotte_metropolitan_area","CincinnatiNorthern_Kentucky_metropolitan_area","Portland_metropolitan_area","Indianapolis_metropolitan_area","Milwaukee_metropolitan_area","Nashville_metropolitan_area","Buffalo__Niagara_Falls_metropolitan_area","Greater_Calgary","New_Orleans_metropolitan_area","Edmonton_Capital_Region","Columbus,_Ohio_metropolitan_area","Salt_Lake_City_metropolitan_area","Winnipeg_Capital_Region","Greater_Orlando","Sacramento_metropolitan_area","Greater_San_Antonio","Research_Triangle","Jacksonville_metropolitan_area","Oklahoma_City_metropolitan_area","Memphis_metropolitan_area","National_Capital_Region_(Canada)","Hamilton,_Ontario","Green_Bay_metropolitan_area","Regina,_Saskatchewan","U.S._state","Province","Territory_(country_subdivision)","List_of_U.S._states_and_territories_by_population","List_of_Canadian_provinces_and_territories_by_population","Major_professional_sports_leagues_in_the_United_States_and_Canada","National_Football_League","Major_League_Baseball","National_Basketball_Association","National_Hockey_League","Major_League_Soccer","Canadian_Football_League","California","Florida","Texas","New_York","Pennsylvania","Ohio","Illinois","Missouri","Massachusetts","Colorado","Arizona","Michigan","Minnesota","New_Jersey","New_York_Jets","Washington,_D.C.","Georgia_(U.S._state)","Maryland","North_Carolina","Tennessee","Wisconsin","Washington_(state)","Indiana","Louisiana","Oregon","Utah","Oklahoma","Kansas","Ontario","Alberta","Quebec","British_Columbia","Manitoba","Saskatchewan","Rogers_Communications","National_Football_League_in_Toronto","Buffalo_Bills","MetLife_Stadium","Red_Bull_Arena_(New_Jersey)","FedEx_Field","Sporting_Park","U.S._cities_with_teams_from_four_major_league_sports","List_of_auto_racing_tracks_in_the_United_States_by_city","List_of_professional_sports_teams_in_the_United_States_and_Canada","Major_professional_sports_leagues_in_the_United_States_and_Canada","U.S._states_without_major_sports_teams"]}