{"cursor":"58028","size":15,"audio":[],"currentlang":"en","article":"__NOTOC__ This is a list of postal codes in Canada where the first letter is G.\nPostal codes beginning with G are located within the Canadian province of\nQuebec. Only the first three characters are listed, corresponding to the Forward\nSortation Area.\n\nCanada Post provides a free postal code look-up tool on its website, {{cite\nweb |url=https://www.canadapost.ca/cpotools/apps/fpc/personal/findByCity?execut-\nion=e2s1 |author=Canada Post |title=Canada Post - Find a Postal Code\n|accessdate=9 November 2008 }}  via its applications for such\nsmartphones as the iPhone and BlackBerry, and sells hard-copy\ndirectories and CD-ROMs. Many vendors also sell validation tools, which allow\ncustomers to properly match addresses and postal codes. Hard-copy directories\ncan also be consulted in all post offices, and some libraries.\n","linknr":790,"url":"List_of_G_postal_codes_of_Canada","recorded":1375070691,"links":["/w/index.php?title=List_of_G_postal_codes_of_Canada&action=edit","/w/index.php?title=List_of_G_postal_codes_of_Canada&action=edit","//bits.wikimedia.org/favicon/wikipedia.ico","/w/opensearch_desc.php","//en.wikipedia.org/w/api.php?action=rsd","//creativecommons.org/licenses/by-sa/3.0/","/w/index.php?title=Special:RecentChanges&feed=atom","//bits.wikimedia.org/en.wikipedia.org/load.php?debug=false&lang=en&modules=ext.gadget.DRN-wizard%2CReferenceTooltips%2Ccharinsert%2Cteahouse%7Cext.rtlcite%2Cwikihiero%7Cext.uls.nojs%7Cmediawiki.legacy.commonPrint%2Cshared%7Cmw.PopUpMediaTransform%7Cskins.vector&only=styles&skin=vector&*","//bits.wikimedia.org/en.wikipedia.org/load.php?debug=false&lang=en&modules=site&only=styles&skin=vector&*","//bits.wikimedia.org/en.wikipedia.org/load.php?debug=false&lang=en&modules=startup&only=scripts&skin=vector&*","//bits.wikimedia.org/geoiplookup","//meta.wikimedia.org","#mw-navigation","#p-search","/wiki/Postal_codes_in_Canada","/wiki/Quebec","/wiki/Canada_Post","#cite_note-1","/w/index.php?title=APP_(file_format)&action=edit&redlink=1","/wiki/Smartphones","/wiki/IPhone","/wiki/BlackBerry","#cite_note-2","/wiki/CD-ROM","/w/index.php?title=Eastern_Quebec&action=edit&redlink=1","/wiki/Canadian_postal_code#Forward_sortation_areas","/w/index.php?title=List_of_G_postal_codes_of_Canada&action=edit&section=1","/w/index.php?title=List_of_G_postal_codes_of_Canada&action=edit&section=2","/wiki/Loretteville,_Quebec","/wiki/Saint-Augustin-de-Desmaures","/wiki/Clermont,_Capitale-Nationale,_Quebec","/wiki/La_Malbaie","/wiki/Saint-Georges,_Quebec","/wiki/Saint-Nicolas,_Quebec","/wiki/Jonqui%C3%A8re","/wiki/Trois-Rivi%C3%A8res","/wiki/Beauport,_Quebec","/wiki/Loretteville,_Quebec","/wiki/Lac-Beauport,_Quebec","/wiki/Port-Cartier,_Quebec","/wiki/Lac-M%C3%A9gantic,_Quebec","/wiki/La_Baie,_Quebec","/wiki/Alma,_Quebec","/wiki/Trois-Rivi%C3%A8res","/wiki/Beauport,_Quebec","/wiki/Quebec_City","/wiki/Stoneham-et-Tewkesbury","/wiki/Baie-Comeau","/wiki/Pintendre,_Quebec","/wiki/Alma,_Quebec","/wiki/Trois-Rivi%C3%A8res","/wiki/Beauport,_Quebec","/wiki/L%27Ancienne-Lorette,_Quebec","/wiki/Saint-%C3%89mile-de-Suffolk,_Quebec","/wiki/Sainte-Marie,_Quebec","/wiki/Alma,_Quebec","/wiki/Quebec_City,_Quebec","/wiki/L%27Ancienne-Lorette,_Quebec","/wiki/YQB","/wiki/Lac-Saint-Charles,_Quebec","/wiki/Thetford_Mines","/wiki/Chicoutimi","/wiki/M%C3%A9tabetchouan%E2%80%93Lac-%C3%A0-la-Croix,_Quebec","/wiki/Charlesbourg,_Quebec_City","/wiki/Pont-Rouge,_Quebec","/wiki/Mont-Joli","/wiki/Black_Lake,_Quebec","/wiki/Chicoutimi","/wiki/Roberval,_Quebec","/wiki/B%C3%A9cancour,_Quebec","/wiki/Quebec_City","/wiki/Quebec_City","/wiki/Val-B%C3%A9lair,_Quebec","/wiki/Amqui","/wiki/Saint-%C3%89tienne-de-Lauzon,_Quebec","/wiki/Chicoutimi","/wiki/Saint-Prime,_Quebec","/wiki/Quebec_City","/wiki/Quebec_City","/wiki/Val-B%C3%A9lair,_Quebec","/wiki/Saint-Redempteur,_Quebec","/wiki/Chicoutimi","/wiki/Saint-F%C3%A9licien,_Quebec","/wiki/Quebec_City","/wiki/Charlesbourg,_Quebec_City","/wiki/Saint-Raymond,_Quebec","/wiki/Rimouski","/wiki/Plessisville,_Quebec","/wiki/Dolbeau-Mistassini","/wiki/Quebec_City","/wiki/Quebec_City,_Quebec","/wiki/Donnacona,_Quebec","/wiki/Rimouski","/wiki/Albanel,_Quebec","/wiki/Quebec_City","/wiki/Quebec_City","/wiki/Sainte-Catherine-de-la-Jacques-Cartier","/wiki/Rimouski","/wiki/Laterri%C3%A8re,_Quebec","/wiki/H%C3%A9bertville,_Quebec","/wiki/Shawinigan","/wiki/Quebec_City","/wiki/Victoriaville","/wiki/Saint-Ambroise,_Quebec","/wiki/Chibougamau","/wiki/Shawinigan","/wiki/Quebec_City","/wiki/Sept-%C3%8Eles,_Quebec","/wiki/Rivi%C3%A8re-du-Loup","/wiki/Victoriaville","/wiki/Shawinigan","/wiki/Quebec_City","/wiki/Sept-%C3%8Eles,_Quebec","/wiki/Victoriaville","/wiki/Jonqui%C3%A8re","/wiki/Quebec_City","/wiki/Les_%C3%8Eles-de-la-Madeleine,_Quebec","/wiki/D%C3%A9gelis,_Quebec","/wiki/Victoriaville","/wiki/Jonqui%C3%A8re","/wiki/Cap-de-la-Madeleine,_Quebec","/wiki/Grand-M%C3%A8re,_Quebec","/wiki/Sainte-Foy,_Quebec_City","/wiki/Sainte-Anne-des-Monts,_Quebec","/wiki/Montmagny,_Quebec","/wiki/L%C3%A9vis,_Quebec","/wiki/Cap-de-la-Madeleine,_Quebec","/wiki/Sainte-Foy,_Quebec_City","/wiki/Matane","/wiki/L%C3%A9vis,_Quebec","/wiki/Cap-de-la-Madeleine,_Quebec","/wiki/Sainte-Foy,_Quebec_City","/wiki/Gasp%C3%A9,_Quebec","/wiki/Beauceville,_Quebec","/wiki/Charny,_Quebec","/wiki/Jonqui%C3%A8re","/wiki/La_Tuque,_Quebec","/wiki/Cap-Rouge,_Quebec","/wiki/Saint-Georges,_Quebec","/wiki/Jonqui%C3%A8re","/wiki/Trois-Rivi%C3%A8res","/wiki/Baie-Saint-Paul","/wiki/Baie-Comeau","/wiki/Saint-Georges,_Quebec","/wiki/Saint-Jean-Chrysostome,_L%C3%A9vis,_Quebec","/wiki/Jonqui%C3%A8re","/wiki/Trois-Rivi%C3%A8res","/w/index.php?title=List_of_G_postal_codes_of_Canada&action=edit&section=3","/wiki/Capitale-Nationale","/wiki/Sainte-Christine-d%27Auvergne,_Quebec","/wiki/Beaupr%C3%A9,_Quebec","/wiki/Boischatel,_Quebec","/wiki/Cap-Sant%C3%A9,_Quebec","/wiki/Ch%C3%A2teau-Richer,_Quebec","/wiki/Courcelette,_Quebec","/wiki/Deschambault,_Quebec","/wiki/Grondines,_Quebec","/wiki/L%27Isle-aux-Coudres,_Quebec","/wiki/Cap-Sant%C3%A9","/wiki/La_Baleine,_Quebec","/wiki/Lac-Sergent,_Quebec","/wiki/L%27Ange-Gardien,_Capitale-Nationale,_Quebec","/wiki/Petite-Rivi%C3%A8re-Saint-Fran%C3%A7ois","/wiki/Les_%C3%89boulements,_Quebec","/wiki/Neuville,_Quebec","/wiki/Portneuf,_Quebec","/wiki/Rivi%C3%A8re-%C3%A0-Pierre,_Quebec","/wiki/Saint-Alban,_Quebec","/wiki/Sainte-Anne-de-Beaupr%C3%A9","/wiki/Saint-Basile,_Quebec","/wiki/Saint-Bernard-sur-Mer,_Quebec","/wiki/Sainte-Brigitte-de-Laval","/wiki/Saint-Casimir,_Quebec","/wiki/Sainte-Famille,_Quebec","/wiki/Saint-Ferr%C3%A9ol-les-Neiges","/wiki/Saint-Fran%C3%A7ois-de-l%27%C3%8Ele-d%27Orl%C3%A9ans","/wiki/Saint-Gilbert,_Quebec","/wiki/Saint-Hilarion,_Quebec","/wiki/Saint-Jean-de-l%27%C3%8Ele-d%27Orl%C3%A9ans","/wiki/Saint-Joachim,_Quebec","/wiki/Saint-Joseph-de-la-Rive,_Quebec","/wiki/Saint-Laurent-de-l%27%C3%8Ele-d%27Orl%C3%A9ans","/wiki/Saint-L%C3%A9onard-de-Portneuf,_Quebec","/wiki/Saint-Marc-des-Carri%C3%A8res,_Quebec","/wiki/Sainte-P%C3%A9tronille,_Quebec","/wiki/Saint-Pierre-de-l%27%C3%8Ele-d%27Orl%C3%A9ans","/wiki/Saint-Thuribe,_Quebec","/wiki/Saint-Tite-des-Caps","/wiki/Saint-Urbain,_Quebec","/wiki/Saint-Ubalde,_Quebec","/wiki/Shannon,_Quebec","/wiki/Saint-Gabriel-de-Valcartier","/wiki/Wendake,_Quebec","/wiki/Saint-Gabriel-de-Valcartier","/wiki/Gasp%C3%A9sie","/wiki/Barachois,_Quebec","/wiki/Bonaventure,_Quebec","/wiki/Cap-d%27Espoir,_Quebec","/wiki/Caplan,_Quebec","/wiki/Carleton-sur-Mer","/wiki/Chandler,_Quebec","/wiki/Pointe-%C3%A0-la-Croix,_Quebec","/wiki/Escuminac,_Quebec","/wiki/Gascons,_Quebec","/wiki/Cascap%C3%A9dia%E2%80%93Saint-Jules,_Quebec","/wiki/Grande-Rivi%C3%A8re,_Quebec","/wiki/Grande-Rivi%C3%A8re-Ouest,_Quebec","/wiki/Pointe-%C3%A0-la-Croix,_Quebec","/wiki/Maria,_Quebec","/wiki/New_Carlisle,_Quebec","/wiki/Newport,_Chandler,_Quebec","/wiki/New_Richmond,_Quebec","/wiki/Nouvelle,_Quebec","/wiki/Nouvelle-Ouest,_Quebec","/wiki/Pabos,_Quebec","/wiki/Pabos_Mills,_Quebec","/wiki/Pasp%C3%A9biac,_Quebec","/wiki/Perc%C3%A9,_Quebec","/wiki/Pointe-%C3%A0-la-Garde,_Quebec","/wiki/Port-Daniel,_Quebec","/wiki/Listuguj,_Quebec","/wiki/Rivi%C3%A8re-Pasp%C3%A9biac,_Quebec","/wiki/Saint-Alphonse-de-Caplan,_Quebec","/wiki/Saint-Elz%C3%A9ar-de-Bonaventure,_Quebec","/wiki/Saint-Georges-de-Malbaie,_Quebec","/wiki/Saint-Jogues,_Quebec","/wiki/Saint-Omer,_Gasp%C3%A9sie,_Quebec","/wiki/Saint-Sim%C3%A9on-de-Bonaventure,_Quebec","/wiki/Sainte-Th%C3%A9r%C3%A8se-de-Gasp%C3%A9,_Quebec","/wiki/Saint-Godefroi,_Quebec","/wiki/Shigawake,_Quebec","/wiki/Val-d%27Espoir,_Quebec","/wiki/Gasp%C3%A9sie","/wiki/La_Martre,_Quebec","/wiki/Cloridorme,_Quebec","/wiki/Grande-Vall%C3%A9e,_Quebec","/wiki/Gros-Morne,_Quebec","/wiki/Sainte-Madeleine-de-la-Rivi%C3%A8re-Madeleine,_Quebec","/wiki/Sainte-Madeleine-de-la-Rivi%C3%A8re-Madeleine,_Quebec","/wiki/Marsoui,_Quebec","/wiki/Mont-Louis,_Quebec","/wiki/Mont-Saint-Pierre,_Quebec","/wiki/Murdochville,_Quebec","/wiki/Petite-Vall%C3%A9e,_Quebec","/wiki/Rivi%C3%A8re-%C3%A0-Claude,_Quebec","/wiki/Sainte-Madeleine-de-la-Rivi%C3%A8re-Madeleine,_Quebec","/wiki/Rivi%C3%A8re-%C3%A0-Claude,_Quebec","/wiki/L%27Anse-Pleureuse,_Quebec","/wiki/La_Martre,_Quebec","/wiki/C%C3%B4te-Nord","/wiki/Anticosti_Island","/wiki/Aguanish,_Quebec","/wiki/Baie-Johan-Beetz,_Quebec","/wiki/Blanc-Sablon,_Quebec","/wiki/Brador,_Quebec","/wiki/Chevery,_Quebec","/wiki/Clarke_City,_Quebec","/wiki/Fermont,_Quebec","/wiki/Gallix,_Quebec","/wiki/La_Romaine,_Quebec","/wiki/Harrington_Harbour,_Quebec","/wiki/Havre-Saint-Pierre,_Quebec","/wiki/Aguanish,_Quebec","/wiki/Kegaska,_Quebec","/wiki/La_Tabati%C3%A8re,_Quebec","/wiki/Longue-Pointe-de-Mingan,_Quebec","/wiki/Lourdes-de-Blanc-Sablon,_Quebec","/wiki/Rivi%C3%A8re-Saint-Jean,_Quebec","/wiki/Middle_Bay,_Quebec","/wiki/Moisie,_Quebec","/wiki/Mutton_Bay,_Quebec","/wiki/Natashquan,_Quebec_(municipality)","/wiki/Old_Fort_Bay,_Quebec","/wiki/Rivi%C3%A8re-au-Tonnerre,_Quebec","/wiki/Rivi%C3%A8re-Saint-Jean,_Quebec","/wiki/Rivi%C3%A8re-Saint-Paul,_Quebec","/wiki/Saint-Augustin,_C%C3%B4te-Nord,_Quebec","/wiki/Schefferville,_Quebec","/wiki/Rivi%C3%A8re-au-Tonnerre,_Quebec","/wiki/T%C3%AAte-%C3%A0-la-Baleine,_Quebec","/wiki/Port-Menier,_Quebec","/wiki/Kawawachikamach,_Quebec","/wiki/Manicouagan_Regional_County_Municipality,_Quebec","/wiki/Baie-Trinit%C3%A9,_Quebec","/wiki/Betsiamites,_Quebec","/wiki/Chute-aux-Outardes,_Quebec","/wiki/Franquelin,_Quebec","/wiki/Godbout,_Quebec","/wiki/Pointe-aux-Outardes,_Quebec","/wiki/Pointe-aux-Outardes,_Quebec","/wiki/Pointe-Lebel,_Quebec","/wiki/Colombier,_Quebec","/wiki/Port-Cartier","/wiki/Ragueneau,_Quebec","/wiki/Gasp%C3%A9sie","/wiki/Albertville,_Quebec","/wiki/Baie-des-Sables,_Quebec","/wiki/Cap-Chat,_Quebec","/wiki/Cap-Chat,_Quebec","/wiki/Capucins,_Quebec","/wiki/Causapscal,_Quebec","/wiki/Grosses-Roches,_Quebec","/wiki/Lac-au-Saumon,_Quebec","/wiki/Lac-Humqui,_Quebec","/wiki/La_R%C3%A9demption,_Quebec","/wiki/L%27Ascension-de-Patap%C3%A9dia,_Quebec","/wiki/M%C3%A9tis-sur-Mer,_Quebec","/wiki/Les_M%C3%A9chins,_Quebec","/wiki/Matap%C3%A9dia,_Quebec","/wiki/Padoue,_Quebec","/wiki/Price,_Quebec","/wiki/Routhierville,_Quebec","/wiki/Saint-Adelme,_Quebec","/wiki/Saint-Alexandre-des-Lacs,_Quebec","/wiki/Saint-Alexis-de-Matap%C3%A9dia,_Quebec","/wiki/Saint-Andr%C3%A9-de-Restigouche,_Quebec","/wiki/Sainte-Ang%C3%A8le-de-M%C3%A9rici,_Quebec","/wiki/Saint-Damase-de-Matap%C3%A9dia,_Quebec","/wiki/Sainte-F%C3%A9licit%C3%A9,_Bas-Saint-Laurent,_Quebec","/wiki/Sainte-Flavie,_Quebec","/wiki/Sainte-Florence,_Quebec","/wiki/Saint-Fran%C3%A7ois-d%27Assise,_Quebec","/wiki/Sainte-Ir%C3%A8ne,_Quebec","/wiki/Saint-Jean-de-Cherbourg,_Quebec","/wiki/Saint-Jean-de-Matap%C3%A9dia,_Quebec","/wiki/Sainte-Jeanne-d%27Arc-de-Matane,_Quebec","/wiki/Saint-L%C3%A9andre,_Quebec","/wiki/Saint-L%C3%A9on-le-Grand,_Bas-Saint-Laurent,_Quebec","/wiki/Sainte-Marguerite-Marie,_Quebec","/wiki/Saint-Mo%C3%AFse,_Quebec","/wiki/Saint-No%C3%ABl,_Quebec","/wiki/Saint-Octave,_Quebec","/wiki/Sainte-Paule,_Quebec","/wiki/Saint-Ren%C3%A9-de-Matane,_Quebec","/wiki/Saint-Tharcisius,_Quebec","/wiki/Saint-Ulric,_Quebec","/wiki/Saint-Vianney,_Quebec","/wiki/Sayabec,_Quebec","/wiki/Val-Brillant,_Quebec","/wiki/Saint-Cl%C3%A9ophas,_Quebec","/wiki/Bas-Saint-Laurent","/wiki/Esprit-Saint,_Quebec","/wiki/La_Trinit%C3%A9-des-Monts,_Quebec","/wiki/Les_Hauteurs,_Quebec","/wiki/Saint-Anaclet,_Quebec","/wiki/Saint-Charles-Garnier,_Quebec","/wiki/Saint-Donat,_Bas-Saint-Laurent,_Quebec","/wiki/Saint-Gabriel-de-Rimouski,_Quebec","/wiki/Sainte-Luce,_Quebec","/wiki/Saint-Marcellin,_Quebec","/wiki/Saint-Narcisse-de-Rimouski,_Quebec","/wiki/Biencourt,_Quebec","/wiki/Lac-des-Aigles,_Quebec","/wiki/Saint-Guy,_Quebec","/wiki/Bas-Saint-Laurent","/wiki/Auclair,_Quebec","/wiki/Le_Bic,_Quebec","/wiki/Cabano,_Quebec","/wiki/Cacouna,_Quebec","/wiki/Poh%C3%A9n%C3%A9gamook,_Quebec","/wiki/L%27Isle-Verte,_Quebec","/wiki/L%27Isle-Verte-Ouest,_Quebec","/wiki/Kamouraska,_Quebec","/wiki/Ladri%C3%A8re,_Quebec","/wiki/Lejeune,_Quebec","/wiki/Saint-Marc-du-Lac-Long,_Quebec","/wiki/Lots-Renvers%C3%A9s,_Quebec","/wiki/Mont-Carmel,_Quebec","/wiki/Notre-Dame-du-Lac,_Quebec","/wiki/Notre-Dame-du-Portage,_Quebec","/wiki/Packington,_Quebec","/wiki/Rivi%C3%A8re-Bleue,_Quebec","/wiki/Rivi%C3%A8re-Ouelle,_Quebec","/wiki/Rivi%C3%A8re-Trois-Pistoles,_Quebec","/wiki/Saint-Alexandre-de-Kamouraska,_Quebec","/wiki/Saint-Andr%C3%A9-de-Kamouraska,_Quebec","/wiki/Saint-Antonin,_Quebec","/wiki/Saint-Ars%C3%A8ne,_Quebec","/wiki/Saint-Athanase,_Quebec","/wiki/Saint-Bruno-de-Kamouraska,_Quebec","/wiki/Saint-Cl%C3%A9ment,_Quebec","/wiki/Saint-Cyprien,_Bas-Saint-Laurent,_Quebec","/wiki/Saint-Denis-de-la-Bouteillerie,_Quebec","/wiki/Saint-%C3%89loi,_Quebec","/wiki/Saint-Elz%C3%A9ar-de-T%C3%A9miscouata,_Quebec","/wiki/Saint-%C3%89piphane,_Quebec","/wiki/Saint-Eus%C3%A8be,_Quebec","/wiki/Saint-Fabien,_Quebec","/wiki/Sainte-Fran%C3%A7oise,_Bas-Saint-Laurent,_Quebec","/wiki/Saint-Fran%C3%A7ois-Xavier-de-Viger,_Quebec","/wiki/Saint-Gabriel-de-Kamouraska,_Quebec","/wiki/Saint-Germain,_Quebec","/wiki/Sainte-H%C3%A9l%C3%A8ne-de-Kamouraska,_Quebec","/wiki/Saint-Honor%C3%A9-de-Temiscouata,_Quebec","/wiki/Saint-Hubert-de-Rivi%C3%A8re-du-Loup,_Quebec","/wiki/Saint-Jean-de-Dieu,_Quebec","/wiki/Saint-Jean-de-la-Lande,_Quebec","/wiki/Saint-Joseph-de-Kamouraska,_Quebec","/wiki/Saint-Juste-du-Lac,_Quebec","/wiki/Saint-Louis-du-Ha!_Ha!,_Quebec","/wiki/Saint-Mathieu-de-Rioux,_Quebec","/wiki/Saint-M%C3%A9dard,_Quebec","/wiki/Saint-Modeste,_Quebec","/wiki/Saint-Pac%C3%B4me,_Quebec","/wiki/Saint-Pascal,_Quebec","/wiki/Saint-Paul-de-la-Croix,_Quebec","/wiki/Saint-Philippe-de-N%C3%A9ri,_Quebec","/wiki/Saint-Pierre-de-Lamy,_Quebec","/wiki/Saint-Simon-de-Rimouski,_Quebec","/wiki/Saint-Val%C3%A9rien,_Quebec","/wiki/Sainte-Rita,_Quebec","/wiki/Squatec,_Quebec","/wiki/Trois-Pistoles,_Quebec","/wiki/Saint-Martin,_Quebec","/wiki/Courcelles,_Quebec","/wiki/Saint-Jean-de-la-Lande-de-Beauce,_Quebec","/wiki/La_Guadeloupe,_Quebec","/wiki/Lambton,_Quebec","/wiki/Saint-C%C3%B4me%E2%80%93Lini%C3%A8re,_Quebec","/wiki/Notre-Dame-des-Pins,_Quebec","/wiki/Saint-Alfred,_Quebec","/wiki/Sainte-Aur%C3%A9lie,_Quebec","/wiki/Saint-Benjamin,_Quebec","/wiki/Saint-Beno%C3%AEt-Labre,_Quebec","/wiki/Saint-%C3%89phrem-de-Beauce,_Quebec","/wiki/Saint-%C3%89variste-de-Forsyth,_Quebec","/wiki/Saint-G%C3%A9d%C3%A9on-de-Beauce,_Quebec","/wiki/Saint-Honor%C3%A9-de-Shenley,_Quebec","/wiki/Saint-Ludger,_Quebec","/wiki/Saint-Philibert,_Quebec","/wiki/Saint-Prosper-de-Dorchester,_Quebec","/wiki/Saint-Ren%C3%A9,_Quebec","/wiki/Saint-Th%C3%A9ophile,_Quebec","/wiki/Saint-Victor,_Quebec","/wiki/Saint-Zacharie,_Quebec","/wiki/Saint-Robert-Bellarmin,_Quebec","/wiki/Chaudi%C3%A8re-Appalaches","/wiki/Saint-Joseph-de-Coleraine,_Quebec","/wiki/Sainte-Clotilde-de-Beauce,_Quebec","/wiki/Disraeli,_Quebec_(city)","/wiki/East_Broughton,_Quebec","/wiki/East_Broughton_Station,_Quebec","/wiki/Saint-Jacques-de-Leeds,_Quebec","/wiki/Kinnear%27s_Mills,_Quebec","/wiki/Saint-Adrien-d%27Irlande,_Quebec","/wiki/Saint-Ferdinand,_Quebec","/wiki/Saint-Fr%C3%A9d%C3%A9ric,_Quebec","/wiki/Saint-Jules,_Quebec","/wiki/Adstock,_Quebec","/wiki/Saint-Pierre-de-Broughton,_Quebec","/wiki/Saint-S%C3%A9verin-de-Beauce,_Quebec","/wiki/Tring-Jonction,_Quebec","/wiki/Centre-du-Qu%C3%A9bec","/wiki/Ham-Nord,_Quebec","/wiki/Saint-Norbert-d%27Arthabaska,_Quebec","/wiki/Notre-Dame-de-Ham,_Quebec","/wiki/Saint-Fortunat,_Quebec","/wiki/Sainte-H%C3%A9l%C3%A8ne-de-Chester,_Quebec","/wiki/Chesterville,_Quebec","/wiki/Saint-Pierre-Baptiste,_Quebec","/wiki/Sainte-Sophie-d%27Halifax,_Quebec","/wiki/Saint-Val%C3%A8re,_Quebec","/wiki/Chaudi%C3%A8re-Appalaches","/wiki/Armagh,_Quebec","/wiki/Saint-Cyprien-des-Etchemins,_Quebec","/wiki/Beaumont,_Quebec","/wiki/Berthier-sur-Mer,_Quebec","/wiki/Buckland,_Quebec","/wiki/Cap-Saint-Ignace,_Quebec","/wiki/Saint-Luc-de-Bellechasse,_Quebec","/wiki/Frampton,_Quebec","/wiki/Honfleur,_Quebec","/wiki/L%27Isle-aux-Grues,_Quebec","/wiki/Lac-Etchemin,_Quebec","/wiki/Lac-Fronti%C3%A8re,_Quebec","/wiki/La_Durantaye,_Quebec","/wiki/Lamartine,_Quebec","/wiki/Sainte-Justine,_Quebec","/wiki/La_Pocati%C3%A8re,_Quebec","/wiki/L%27Islet,_Quebec","/wiki/L%27Isletville,_Quebec","/wiki/Notre-Dame-du-Rosaire,_Quebec","/wiki/Saint-Fabien-de-Panet,_Quebec","/wiki/Ravignan,_Quebec","/wiki/Saint-Adalbert,_Quebec","/wiki/Saint-Anselme,_Quebec","/wiki/Sainte-Apolline-de-Patton,_Quebec","/wiki/Saint-Aubert,_Quebec","/wiki/Saint-Camille-de-Bellechasse,_Quebec","/wiki/Saint-Charles-de-Bellechasse,_Quebec","/wiki/Sainte-Claire,_Quebec","/wiki/Saint-Cyrille-de-L%27Islet,_Quebec","/wiki/Saint-Damase-des-Aulnaies,_Quebec","/wiki/Saint-Damien-de-Buckland,_Quebec","/wiki/Sainte-Euph%C3%A9mie-sur-Rivi%C3%A8re-du-Sud,_Quebec","/wiki/Saint-Fran%C3%A7ois-de-la-Rivi%C3%A8re-du-Sud,_Quebec","/wiki/Lac-Etchemin,_Quebec","/wiki/Saint-Gervais,_Quebec","/wiki/Saint-Henri-de-L%C3%A9vis,_Quebec","/wiki/Saint-Jean-Port-Joli,_Quebec","/wiki/Saint-Just-de-Breteni%C3%A8res,_Quebec","/wiki/Saint-Lazare-de-Bellechasse,_Quebec","/wiki/Sainte-Louise,_Quebec","/wiki/Sainte-Lucie-de-Beauregard,_Quebec","/wiki/Saint-Magloire,_Quebec","/wiki/Saint-Malachie,_Quebec","/wiki/Saint-Marcel-de-L%27Islet,_Quebec","/wiki/Saint-Michel-de-Bellechasse,_Quebec","/wiki/Saint-Nazaire-de-Dorchester,_Quebec","/wiki/Saint-N%C3%A9r%C3%A9e,_Quebec","/wiki/Saint-On%C3%A9sime,_Quebec","/wiki/Saint-Pamphile,_Quebec","/wiki/Saint-Paul-de-Montminy,_Quebec","/wiki/Sainte-Perp%C3%A9tue-de-L%27Islet,_Quebec","/wiki/Saint-Phil%C3%A9mon,_Quebec","/wiki/Saint-Pierre-de-la-Rivi%C3%A8re-du-Sud,_Quebec","/wiki/Saint-Rapha%C3%ABl,_Quebec","/wiki/Saint-Roch-des-Aulnaies,_Quebec","/wiki/Sainte-Rose-de-Watford,_Quebec","/wiki/Sainte-Sabine-de-Bellechasse,_Quebec","/wiki/Saint-Vallier,_Quebec","/wiki/Standon,_Quebec","/wiki/Tourville,_Quebec","/wiki/Sainte-Felicit%C3%A9-de-L%27Islet,_Quebec","/wiki/Saint-Omer-de-L%27Islet,_Quebec","/wiki/Chaudi%C3%A8re-Appalaches","/wiki/Saint-Patrice-de-Beaurivage,_Quebec","/wiki/Sainte-H%C3%A9l%C3%A8ne-de-Breakeyville,_Quebec","/wiki/Deschaillons-sur-Saint-Laurent,_Quebec","/wiki/Dosquet,_Quebec","/wiki/Fortierville,_Quebec","/wiki/Inverness,_Quebec","/wiki/Issoudun,_Quebec","/wiki/Joly,_Quebec","/wiki/Laurier-Station,_Quebec","/wiki/Laurierville,_Quebec","/wiki/Lotbini%C3%A8re,_Quebec","/wiki/Lourdes,_Quebec","/wiki/Lyster,_Quebec","/wiki/Saint-Narcisse-de-Beaurivage,_Quebec","/wiki/Parisville,_Quebec","/wiki/Saint-%C3%89douard-de-Lotbini%C3%A8re,_Quebec","/wiki/Saint-Agapit,_Quebec","/wiki/Sainte-Agathe-de-Lotbini%C3%A8re,_Quebec","/wiki/Saint-Antoine-de-Tilly,_Quebec","/wiki/Saint-Apollinaire,_Quebec","/wiki/Saint-Bernard,_Quebec","/wiki/Sainte-Croix,_Quebec","/wiki/Saint-Elz%C3%A9ar,_Chaudi%C3%A8re-Appalaches,_Quebec","/wiki/Leclercville,_Quebec","/wiki/Saint-Flavien,_Quebec","/wiki/Sainte-Fran%C3%A7oise-de-Lotbini%C3%A8re,_Quebec","/wiki/Saint-Gilles,_Quebec","/wiki/Sainte-H%C3%A9n%C3%A9dine,_Quebec","/wiki/Saint-Isidore,_Chaudi%C3%A8re-Appalaches,_Quebec","/wiki/Saint-Joseph-de-Beauce,_Quebec","/wiki/Saint-Lambert-de-Lauzon,_Quebec","/wiki/Sainte-Marguerite-de-Dorchester,_Quebec","/wiki/Saint-Odilon,_Quebec","/wiki/Saint-Sylvestre,_Quebec","/wiki/Saints-Anges,_Quebec","/wiki/Scott,_Quebec","/wiki/Val-Alain,_Quebec","/wiki/Vall%C3%A9e-Jonction,_Quebec","/wiki/Villeroy,_Quebec","/wiki/Le_Fjord,_Quebec","/wiki/Baie-Sainte-Catherine,_Quebec","/wiki/Forestville,_Quebec","/wiki/Grandes-Bergeronnes,_Quebec","/wiki/Les_Escoumins,_Quebec","/wiki/Notre-Dame-des-Monts,_Quebec","/wiki/Portneuf-sur-Mer,_Quebec","/wiki/Saint-Aim%C3%A9-des-Lacs,_Quebec","/wiki/Saint-Ir%C3%A9n%C3%A9e,_Quebec","/wiki/Saint-Sim%C3%A9on,_Capitale-Nationale,_Quebec","/wiki/Sacr%C3%A9-Coeur,_Quebec","/wiki/Longue-Rive,_Quebec","/wiki/Tadoussac,_Quebec","/wiki/Saguenay-Lac-Saint-Jean","/wiki/La_Baie,_Quebec","/wiki/B%C3%A9gin,_Quebec","/wiki/Saint-David-de-Falardeau,_Quebec","/wiki/Saint-Charles-de-Bourget,_Quebec","/wiki/Ferland-et-Boilleau,_Quebec","/wiki/L%27Anse-Saint-Jean,_Quebec","/wiki/Saint-Honor%C3%A9-de-Chicoutimi,_Quebec","/wiki/Saint-F%C3%A9lix-d%27Otis,_Quebec","/wiki/Petit-Saguenay,_Quebec","/wiki/Rivi%C3%A8re-%C3%89ternit%C3%A9,_Quebec","/wiki/Saint-Fulgence,_Quebec","/wiki/Sainte-Rose-du-Nord,_Quebec","/wiki/Saguenay-Lac-Saint-Jean","/wiki/Saint-Eug%C3%A8ne-d%27Argentenay,_Quebec","/wiki/Mistissini,_Quebec","/wiki/Boulanger,_Quebec","/wiki/Chambord,_Quebec","/wiki/Chapais,_Quebec","/wiki/Dalmas,_Quebec","/wiki/Saint-Fran%C3%A7ois-de-Sales,_Quebec","/wiki/Desbiens,_Quebec","/wiki/Saint-Thomas-Didyme,_Quebec","/wiki/Girardville,_Quebec","/wiki/H%C3%A9bertville-Station,_Quebec","/wiki/Lac-Bouchette,_Quebec","/wiki/Lamarche,_Quebec","/wiki/L%27Ascension-de-Notre-Seigneur,_Quebec","/wiki/Larouche,_Quebec","/wiki/Saint-Ludger-de-Milot,_Quebec","/wiki/P%C3%A9ribonka,_Quebec","/wiki/Mashteuiatsh,_Quebec","/wiki/Saint-Andr%C3%A9-du-Lac-Saint-Jean,_Quebec","/wiki/Saint-Bruno-du-Lac-Saint-Jean,_Quebec","/wiki/Saint-Edmond-les-Plaines,_Quebec","/wiki/Saint-G%C3%A9d%C3%A9on,_Quebec","/wiki/Sainte-Hedwidge-de-Roberval,_Quebec","/wiki/Labrecque,_Quebec","/wiki/Sainte-Monique-du-Lac-Saint-Jean,_Quebec","/wiki/Saint-Nazaire-du-Lac-Saint-Jean,_Quebec","/wiki/Taillon,_Quebec","/wiki/Obedjiwan,_Quebec","/wiki/Ouj%C3%A9-Bougoumou,_Quebec","/wiki/Mauricie","/wiki/Batiscan,_Quebec","/wiki/W%C3%B4linak,_Quebec","/wiki/Champlain,_Quebec","/wiki/Charette,_Quebec","/wiki/Grandes-Piles,_Quebec","/wiki/H%C3%A9rouxville,_Quebec","/wiki/Lac-%C3%A0-la-Tortue,_Quebec","/wiki/Lac-aux-Sables,_Quebec","/wiki/Saint-Mathieu-du-Parc,_Quebec","/wiki/La_Croche,_Quebec","/wiki/Lemieux,_Quebec","/wiki/Manseau,_Quebec","/wiki/Notre-Dame-de-Montauban,_Quebec","/wiki/Proulxville,_Quebec","/wiki/Trois-Rives,_Quebec","/wiki/Saint-Roch-de-M%C3%A9kinac,_Quebec","/wiki/Saint-Adelphe-de-Champlain,_Quebec","/wiki/Sainte-Anne-de-la-P%C3%A9rade,_Quebec","/wiki/Saint-Barnab%C3%A9-Nord,_Quebec","/wiki/Saint-Boniface-de-Shawinigan,_Quebec","/wiki/Sainte-C%C3%A9cile-de-L%C3%A9vrard,_Quebec","/wiki/Saint-%C3%89lie-de-Caxton,_Quebec","/wiki/Saint-%C3%89tienne-des-Gr%C3%A8s,_Quebec","/wiki/Sainte-Genevi%C3%A8ve-de-Batiscan,_Quebec","/wiki/Saint-Jean-des-Piles,_Quebec","/wiki/Sainte-Marie-de-Blandford,_Quebec","/wiki/Saint-Maurice,_Quebec","/wiki/Saint-Narcisse,_Quebec","/wiki/Saint-Pierre-les-Becquets,_Quebec","/wiki/Saint-Prosper-de-Champlain,_Quebec","/wiki/Saint-S%C3%A9v%C3%A8re,_Quebec","/wiki/Sainte-Sophie-de-L%C3%A9vrard,_Quebec","/wiki/Saint-Stanislas-de-Champlain,_Quebec","/wiki/Sainte-Th%C3%A8cle,_Quebec","/wiki/Saint-Tite,_Quebec","/wiki/Notre-Dame-du-Mont-Carmel,_Quebec","/wiki/Saint-Luc-de-Vincennes,_Quebec","/wiki/Yamachiche,_Quebec","/wiki/Clova,_Quebec","/wiki/Lac-%C3%89douard,_Quebec","/wiki/Parent,_Quebec","/wiki/Wemotaci,_Quebec","/wiki/L%27%C3%89rable_Regional_County_Municipality,_Quebec","/wiki/Audet,_Quebec","/wiki/Beaulac-Garthby,_Quebec","/wiki/Lac-Drolet,_Quebec","/wiki/Milan,_Quebec","/wiki/Nantes,_Quebec","/wiki/Piopolis,_Quebec","/wiki/Sainte-C%C3%A9cile-de-Whitton,_Quebec","/wiki/Saint-Romain,_Quebec","/wiki/Saint-S%C3%A9bastien-de-Frontenac,_Quebec","/wiki/Stornoway,_Quebec","/wiki/Stratford,_Quebec","/wiki/Woburn,_Quebec","/wiki/Centre-du-Qu%C3%A9bec","/wiki/Aston-Jonction,_Quebec","/wiki/Saint-Louis-de-Blandford,_Quebec","/wiki/Daveluyville,_Quebec","/wiki/Sainte-Eulalie,_Quebec","/wiki/Saint-Samuel,_Quebec","/wiki/Saint-Sylv%C3%A8re,_Quebec","/wiki/Saint-Wenceslas,_Quebec","/wiki/Saint-Rosaire,_Quebec","#cite_note-statcan-3","/w/index.php?title=List_of_G_postal_codes_of_Canada&action=edit&section=4","#cite_note-statcan-3","/w/index.php?title=List_of_G_postal_codes_of_Canada&action=edit&section=5","/w/index.php?title=List_of_G_postal_codes_of_Canada&action=edit&section=6","#cite_ref-1","https://www.canadapost.ca/cpotools/apps/fpc/personal/findByCity?execution=e2s1","#cite_ref-2","http://www.canadapost.ca/cpo/mc/personal/tools/mobileapp/default.jsf","#cite_ref-statcan_3-0","#cite_ref-statcan_3-1","http://www12.statcan.ca/english/census06/data/popdwell/Table.cfm?T=1201&SR=1&S=0&O=A&RPP=9999&PR=0&CMA=0","/wiki/File:Flag_of_Canada.svg","//upload.wikimedia.org/wikipedia/en/thumb/c/cf/Flag_of_Canada.svg/36px-Flag_of_Canada.svg.png","/wiki/Postal_codes_in_Canada","/wiki/File:Canadian_postal_district_map_(without_legends).svg","//upload.wikimedia.org/wikipedia/commons/thumb/e/eb/Canadian_postal_district_map_%28without_legends%29.svg/21px-Canadian_postal_district_map_%28without_legends%29.svg.png","/wiki/Newfoundland_and_Labrador","/wiki/Nova_Scotia","/wiki/Prince_Edward_Island","/wiki/New_Brunswick","/wiki/Quebec","/wiki/Ontario","/wiki/Manitoba","/wiki/Saskatchewan","/wiki/Alberta","/wiki/British_Columbia","/wiki/Nunavut","/wiki/Northwest_Territories","/wiki/Yukon","/wiki/List_of_A_postal_codes_of_Canada","/wiki/List_of_B_postal_codes_of_Canada","/wiki/List_of_C_postal_codes_of_Canada","/wiki/List_of_E_postal_codes_of_Canada","/wiki/List_of_H_postal_codes_of_Canada","/wiki/List_of_J_postal_codes_of_Canada","/wiki/List_of_K_postal_codes_of_Canada","/wiki/List_of_L_postal_codes_of_Canada","/wiki/List_of_M_postal_codes_of_Canada","/wiki/List_of_N_postal_codes_of_Canada","/wiki/List_of_P_postal_codes_of_Canada","/wiki/List_of_R_postal_codes_of_Canada","/wiki/List_of_S_postal_codes_of_Canada","/wiki/List_of_T_postal_codes_of_Canada","/wiki/List_of_V_postal_codes_of_Canada","/wiki/List_of_X_postal_codes_of_Canada","/wiki/List_of_Y_postal_codes_of_Canada","//en.wikipedia.org/w/index.php?title=Special:CentralAutoLogin/start&type=1x1&from=enwiki","http://en.wikipedia.org/w/index.php?title=List_of_G_postal_codes_of_Canada&oldid=562722663","/wiki/Help:Categories","/wiki/Category:Communications_in_Quebec","/wiki/Category:Quebec-related_lists","/wiki/Category:Postal_codes_in_Canada","/w/index.php?title=Special:UserLogin&returnto=List+of+G+postal+codes+of+Canada&type=signup","/w/index.php?title=Special:UserLogin&returnto=List+of+G+postal+codes+of+Canada","/wiki/List_of_G_postal_codes_of_Canada","/wiki/Talk:List_of_G_postal_codes_of_Canada","#","/wiki/List_of_G_postal_codes_of_Canada","/w/index.php?title=List_of_G_postal_codes_of_Canada&action=edit","/w/index.php?title=List_of_G_postal_codes_of_Canada&action=history","#","/w/index.php","//bits.wikimedia.org/static-1.22wmf10/skins/vector/images/search-ltr.png?303-4","/wiki/Main_Page","/wiki/Main_Page","/wiki/Portal:Contents","/wiki/Portal:Featured_content","/wiki/Portal:Current_events","/wiki/Special:Random","//donate.wikimedia.org/wiki/Special:FundraiserRedirector?utm_source=donate&utm_medium=sidebar&utm_campaign=C13_en.wikipedia.org&uselang=en","/wiki/Help:Contents","/wiki/Wikipedia:About","/wiki/Wikipedia:Community_portal","/wiki/Special:RecentChanges","//en.wikipedia.org/wiki/Wikipedia:Contact_us","/wiki/Special:WhatLinksHere/List_of_G_postal_codes_of_Canada","/wiki/Special:RecentChangesLinked/List_of_G_postal_codes_of_Canada","/wiki/Wikipedia:File_Upload_Wizard","/wiki/Special:SpecialPages","/w/index.php?title=List_of_G_postal_codes_of_Canada&oldid=562722663","/w/index.php?title=List_of_G_postal_codes_of_Canada&action=info","//www.wikidata.org/wiki/Q3248232","/w/index.php?title=Special:Cite&page=List_of_G_postal_codes_of_Canada&id=562722663","/w/index.php?title=Special:Book&bookcmd=book_creator&referer=List+of+G+postal+codes+of+Canada","/w/index.php?title=Special:Book&bookcmd=render_article&arttitle=List+of+G+postal+codes+of+Canada&oldid=562722663&writer=rl","/w/index.php?title=List_of_G_postal_codes_of_Canada&printable=yes","//fr.wikipedia.org/wiki/Liste_des_codes_postaux_canadiens_d%C3%A9butant_par_G","#","//www.wikidata.org/wiki/Q3248232#sitelinks-wikipedia","//en.wikipedia.org/wiki/Wikipedia:Text_of_Creative_Commons_Attribution-ShareAlike_3.0_Unported_License","//creativecommons.org/licenses/by-sa/3.0/","//wikimediafoundation.org/wiki/Terms_of_Use","//wikimediafoundation.org/wiki/Privacy_policy","//www.wikimediafoundation.org/","//wikimediafoundation.org/wiki/Privacy_policy","/wiki/Wikipedia:About","/wiki/Wikipedia:General_disclaimer","//en.wikipedia.org/wiki/Wikipedia:Contact_us","//en.m.wikipedia.org/wiki/List_of_G_postal_codes_of_Canada","//wikimediafoundation.org/","//bits.wikimedia.org/images/wikimedia-button.png","//www.mediawiki.org/","//bits.wikimedia.org/static-1.22wmf10/skins/common/images/poweredby_mediawiki_88x31.png","//bits.wikimedia.org/en.wikipedia.org/load.php?debug=false&lang=en&modules=site&only=scripts&skin=vector&*"],"instances":["file_format","municipality","city"],"pdf":[],"categories":["Communications in Quebec","Quebec-related lists|Postal codes G","Postal codes in Canada|G"],"headings":["[[Eastern Quebec]] - 138 [[Canadian postal code#Forward sortation areas|FSAs]]","Most populated FSAs<ref name=\"statcan\">http://www12.statcan.ca/english/census06/data/popdwell/Table.cfm?T=1201&SR=1&S=0&O=A&RPP=9999&PR=0&CMA=0</ref>","Least populated FSAs<ref name=\"statcan\"/>","References"],"image":["//upload.wikimedia.org/wikipedia/en/thumb/c/cf/Flag_of_Canada.svg/36px-Flag_of_Canada.svg.png","//upload.wikimedia.org/wikipedia/commons/thumb/e/eb/Canadian_postal_district_map_%28without_legends%29.svg/21px-Canadian_postal_district_map_%28without_legends%29.svg.png","//en.wikipedia.org/w/index.php?title=Special:CentralAutoLogin/start&type=1x1&from=enwiki","//bits.wikimedia.org/static-1.22wmf10/skins/vector/images/search-ltr.png?303-4","//bits.wikimedia.org/images/wikimedia-button.png","//bits.wikimedia.org/static-1.22wmf10/skins/common/images/poweredby_mediawiki_88x31.png"],"tags":[["app","file_format"],["natashquan,_quebec","municipality"],["disraeli,_quebec","city"]],"members":["app"],"related":["Postal_codes_in_Canada","Quebec","Canada_Post","APP_(file_format)","Smartphones","IPhone","BlackBerry","CD-ROM","Loretteville,_Quebec","Saint-Augustin-de-Desmaures","Clermont,_Capitale-Nationale,_Quebec","La_Malbaie","Saint-Georges,_Quebec","Saint-Nicolas,_Quebec","Jonquière","Trois-Rivières","Beauport,_Quebec","Loretteville,_Quebec","Lac-Beauport,_Quebec","Port-Cartier,_Quebec","Lac-Mégantic,_Quebec","La_Baie,_Quebec","Alma,_Quebec","Trois-Rivières","Beauport,_Quebec","Quebec_City","Stoneham-et-Tewkesbury","Baie-Comeau","Pintendre,_Quebec","Alma,_Quebec","Trois-Rivières","Beauport,_Quebec","L'Ancienne-Lorette,_Quebec","Saint-Émile-de-Suffolk,_Quebec","Sainte-Marie,_Quebec","Alma,_Quebec","Quebec_City,_Quebec","L'Ancienne-Lorette,_Quebec","YQB","Lac-Saint-Charles,_Quebec","Thetford_Mines","Chicoutimi","Métabetchouan–Lac-à-la-Croix,_Quebec","Charlesbourg,_Quebec_City","Pont-Rouge,_Quebec","Mont-Joli","Black_Lake,_Quebec","Chicoutimi","Roberval,_Quebec","Bécancour,_Quebec","Quebec_City","Quebec_City","Val-Bélair,_Quebec","Amqui","Saint-Étienne-de-Lauzon,_Quebec","Chicoutimi","Saint-Prime,_Quebec","Quebec_City","Quebec_City","Val-Bélair,_Quebec","Saint-Redempteur,_Quebec","Chicoutimi","Saint-Félicien,_Quebec","Quebec_City","Charlesbourg,_Quebec_City","Saint-Raymond,_Quebec","Rimouski","Plessisville,_Quebec","Dolbeau-Mistassini","Quebec_City","Quebec_City,_Quebec","Donnacona,_Quebec","Rimouski","Albanel,_Quebec","Quebec_City","Quebec_City","Sainte-Catherine-de-la-Jacques-Cartier","Rimouski","Laterrière,_Quebec","Hébertville,_Quebec","Shawinigan","Quebec_City","Victoriaville","Saint-Ambroise,_Quebec","Chibougamau","Shawinigan","Quebec_City","Sept-Îles,_Quebec","Rivière-du-Loup","Victoriaville","Shawinigan","Quebec_City","Sept-Îles,_Quebec","Victoriaville","Jonquière","Quebec_City","Les_Îles-de-la-Madeleine,_Quebec","Dégelis,_Quebec","Victoriaville","Jonquière","Cap-de-la-Madeleine,_Quebec","Grand-Mère,_Quebec","Sainte-Foy,_Quebec_City","Sainte-Anne-des-Monts,_Quebec","Montmagny,_Quebec","Lévis,_Quebec","Cap-de-la-Madeleine,_Quebec","Sainte-Foy,_Quebec_City","Matane","Lévis,_Quebec","Cap-de-la-Madeleine,_Quebec","Sainte-Foy,_Quebec_City","Gaspé,_Quebec","Beauceville,_Quebec","Charny,_Quebec","Jonquière","La_Tuque,_Quebec","Cap-Rouge,_Quebec","Saint-Georges,_Quebec","Jonquière","Trois-Rivières","Baie-Saint-Paul","Baie-Comeau","Saint-Georges,_Quebec","Saint-Jean-Chrysostome,_Lévis,_Quebec","Jonquière","Trois-Rivières","Capitale-Nationale","Sainte-Christine-d'Auvergne,_Quebec","Beaupré,_Quebec","Boischatel,_Quebec","Cap-Santé,_Quebec","Château-Richer,_Quebec","Courcelette,_Quebec","Deschambault,_Quebec","Grondines,_Quebec","L'Isle-aux-Coudres,_Quebec","Cap-Santé","La_Baleine,_Quebec","Lac-Sergent,_Quebec","L'Ange-Gardien,_Capitale-Nationale,_Quebec","Petite-Rivière-Saint-François","Les_Éboulements,_Quebec","Neuville,_Quebec","Portneuf,_Quebec","Rivière-à-Pierre,_Quebec","Saint-Alban,_Quebec","Sainte-Anne-de-Beaupré","Saint-Basile,_Quebec","Saint-Bernard-sur-Mer,_Quebec","Sainte-Brigitte-de-Laval","Saint-Casimir,_Quebec","Sainte-Famille,_Quebec","Saint-Ferréol-les-Neiges","Saint-François-de-l'Île-d'Orléans","Saint-Gilbert,_Quebec","Saint-Hilarion,_Quebec","Saint-Jean-de-l'Île-d'Orléans","Saint-Joachim,_Quebec","Saint-Joseph-de-la-Rive,_Quebec","Saint-Laurent-de-l'Île-d'Orléans","Saint-Léonard-de-Portneuf,_Quebec","Saint-Marc-des-Carrières,_Quebec","Sainte-Pétronille,_Quebec","Saint-Pierre-de-l'Île-d'Orléans","Saint-Thuribe,_Quebec","Saint-Tite-des-Caps","Saint-Urbain,_Quebec","Saint-Ubalde,_Quebec","Shannon,_Quebec","Saint-Gabriel-de-Valcartier","Wendake,_Quebec","Saint-Gabriel-de-Valcartier","Gaspésie","Barachois,_Quebec","Bonaventure,_Quebec","Cap-d'Espoir,_Quebec","Caplan,_Quebec","Carleton-sur-Mer","Chandler,_Quebec","Pointe-à-la-Croix,_Quebec","Escuminac,_Quebec","Gascons,_Quebec","Cascapédia–Saint-Jules,_Quebec","Grande-Rivière,_Quebec","Grande-Rivière-Ouest,_Quebec","Pointe-à-la-Croix,_Quebec","Maria,_Quebec","New_Carlisle,_Quebec","Newport,_Chandler,_Quebec","New_Richmond,_Quebec","Nouvelle,_Quebec","Nouvelle-Ouest,_Quebec","Pabos,_Quebec","Pabos_Mills,_Quebec","Paspébiac,_Quebec","Percé,_Quebec","Pointe-à-la-Garde,_Quebec","Port-Daniel,_Quebec","Listuguj,_Quebec","Rivière-Paspébiac,_Quebec","Saint-Alphonse-de-Caplan,_Quebec","Saint-Elzéar-de-Bonaventure,_Quebec","Saint-Georges-de-Malbaie,_Quebec","Saint-Jogues,_Quebec","Saint-Omer,_Gaspésie,_Quebec","Saint-Siméon-de-Bonaventure,_Quebec","Sainte-Thérèse-de-Gaspé,_Quebec","Saint-Godefroi,_Quebec","Shigawake,_Quebec","Val-d'Espoir,_Quebec","Gaspésie","La_Martre,_Quebec","Cloridorme,_Quebec","Grande-Vallée,_Quebec","Gros-Morne,_Quebec","Sainte-Madeleine-de-la-Rivière-Madeleine,_Quebec","Sainte-Madeleine-de-la-Rivière-Madeleine,_Quebec","Marsoui,_Quebec","Mont-Louis,_Quebec","Mont-Saint-Pierre,_Quebec","Murdochville,_Quebec","Petite-Vallée,_Quebec","Rivière-à-Claude,_Quebec","Sainte-Madeleine-de-la-Rivière-Madeleine,_Quebec","Rivière-à-Claude,_Quebec","L'Anse-Pleureuse,_Quebec","La_Martre,_Quebec","Côte-Nord","Anticosti_Island","Aguanish,_Quebec","Baie-Johan-Beetz,_Quebec","Blanc-Sablon,_Quebec","Brador,_Quebec","Chevery,_Quebec","Clarke_City,_Quebec","Fermont,_Quebec","Gallix,_Quebec","La_Romaine,_Quebec","Harrington_Harbour,_Quebec","Havre-Saint-Pierre,_Quebec","Aguanish,_Quebec","Kegaska,_Quebec","La_Tabatière,_Quebec","Longue-Pointe-de-Mingan,_Quebec","Lourdes-de-Blanc-Sablon,_Quebec","Rivière-Saint-Jean,_Quebec","Middle_Bay,_Quebec","Moisie,_Quebec","Mutton_Bay,_Quebec","Natashquan,_Quebec_(municipality)","Old_Fort_Bay,_Quebec","Rivière-au-Tonnerre,_Quebec","Rivière-Saint-Jean,_Quebec","Rivière-Saint-Paul,_Quebec","Saint-Augustin,_Côte-Nord,_Quebec","Schefferville,_Quebec","Rivière-au-Tonnerre,_Quebec","Tête-à-la-Baleine,_Quebec","Port-Menier,_Quebec","Kawawachikamach,_Quebec","Manicouagan_Regional_County_Municipality,_Quebec","Baie-Trinité,_Quebec","Betsiamites,_Quebec","Chute-aux-Outardes,_Quebec","Franquelin,_Quebec","Godbout,_Quebec","Pointe-aux-Outardes,_Quebec","Pointe-aux-Outardes,_Quebec","Pointe-Lebel,_Quebec","Colombier,_Quebec","Port-Cartier","Ragueneau,_Quebec","Gaspésie","Albertville,_Quebec","Baie-des-Sables,_Quebec","Cap-Chat,_Quebec","Cap-Chat,_Quebec","Capucins,_Quebec","Causapscal,_Quebec","Grosses-Roches,_Quebec","Lac-au-Saumon,_Quebec","Lac-Humqui,_Quebec","La_Rédemption,_Quebec","L'Ascension-de-Patapédia,_Quebec","Métis-sur-Mer,_Quebec","Les_Méchins,_Quebec","Matapédia,_Quebec","Padoue,_Quebec","Price,_Quebec","Routhierville,_Quebec","Saint-Adelme,_Quebec","Saint-Alexandre-des-Lacs,_Quebec","Saint-Alexis-de-Matapédia,_Quebec","Saint-André-de-Restigouche,_Quebec","Sainte-Angèle-de-Mérici,_Quebec","Saint-Damase-de-Matapédia,_Quebec","Sainte-Félicité,_Bas-Saint-Laurent,_Quebec","Sainte-Flavie,_Quebec","Sainte-Florence,_Quebec","Saint-François-d'Assise,_Quebec","Sainte-Irène,_Quebec","Saint-Jean-de-Cherbourg,_Quebec","Saint-Jean-de-Matapédia,_Quebec","Sainte-Jeanne-d'Arc-de-Matane,_Quebec","Saint-Léandre,_Quebec","Saint-Léon-le-Grand,_Bas-Saint-Laurent,_Quebec","Sainte-Marguerite-Marie,_Quebec","Saint-Moïse,_Quebec","Saint-Noël,_Quebec","Saint-Octave,_Quebec","Sainte-Paule,_Quebec","Saint-René-de-Matane,_Quebec","Saint-Tharcisius,_Quebec","Saint-Ulric,_Quebec","Saint-Vianney,_Quebec","Sayabec,_Quebec","Val-Brillant,_Quebec","Saint-Cléophas,_Quebec","Bas-Saint-Laurent","Esprit-Saint,_Quebec","La_Trinité-des-Monts,_Quebec","Les_Hauteurs,_Quebec","Saint-Anaclet,_Quebec","Saint-Charles-Garnier,_Quebec","Saint-Donat,_Bas-Saint-Laurent,_Quebec","Saint-Gabriel-de-Rimouski,_Quebec","Sainte-Luce,_Quebec","Saint-Marcellin,_Quebec","Saint-Narcisse-de-Rimouski,_Quebec","Biencourt,_Quebec","Lac-des-Aigles,_Quebec","Saint-Guy,_Quebec","Bas-Saint-Laurent","Auclair,_Quebec","Le_Bic,_Quebec","Cabano,_Quebec","Cacouna,_Quebec","Pohénégamook,_Quebec","L'Isle-Verte,_Quebec","L'Isle-Verte-Ouest,_Quebec","Kamouraska,_Quebec","Ladrière,_Quebec","Lejeune,_Quebec","Saint-Marc-du-Lac-Long,_Quebec","Lots-Renversés,_Quebec","Mont-Carmel,_Quebec","Notre-Dame-du-Lac,_Quebec","Notre-Dame-du-Portage,_Quebec","Packington,_Quebec","Rivière-Bleue,_Quebec","Rivière-Ouelle,_Quebec","Rivière-Trois-Pistoles,_Quebec","Saint-Alexandre-de-Kamouraska,_Quebec","Saint-André-de-Kamouraska,_Quebec","Saint-Antonin,_Quebec","Saint-Arsène,_Quebec","Saint-Athanase,_Quebec","Saint-Bruno-de-Kamouraska,_Quebec","Saint-Clément,_Quebec","Saint-Cyprien,_Bas-Saint-Laurent,_Quebec","Saint-Denis-de-la-Bouteillerie,_Quebec","Saint-Éloi,_Quebec","Saint-Elzéar-de-Témiscouata,_Quebec","Saint-Épiphane,_Quebec","Saint-Eusèbe,_Quebec","Saint-Fabien,_Quebec","Sainte-Françoise,_Bas-Saint-Laurent,_Quebec","Saint-François-Xavier-de-Viger,_Quebec","Saint-Gabriel-de-Kamouraska,_Quebec","Saint-Germain,_Quebec","Sainte-Hélène-de-Kamouraska,_Quebec","Saint-Honoré-de-Temiscouata,_Quebec","Saint-Hubert-de-Rivière-du-Loup,_Quebec","Saint-Jean-de-Dieu,_Quebec","Saint-Jean-de-la-Lande,_Quebec","Saint-Joseph-de-Kamouraska,_Quebec","Saint-Juste-du-Lac,_Quebec","Saint-Louis-du-Ha!_Ha!,_Quebec","Saint-Mathieu-de-Rioux,_Quebec","Saint-Médard,_Quebec","Saint-Modeste,_Quebec","Saint-Pacôme,_Quebec","Saint-Pascal,_Quebec","Saint-Paul-de-la-Croix,_Quebec","Saint-Philippe-de-Néri,_Quebec","Saint-Pierre-de-Lamy,_Quebec","Saint-Simon-de-Rimouski,_Quebec","Saint-Valérien,_Quebec","Sainte-Rita,_Quebec","Squatec,_Quebec","Trois-Pistoles,_Quebec","Saint-Martin,_Quebec","Courcelles,_Quebec","Saint-Jean-de-la-Lande-de-Beauce,_Quebec","La_Guadeloupe,_Quebec","Lambton,_Quebec","Saint-Côme–Linière,_Quebec","Notre-Dame-des-Pins,_Quebec","Saint-Alfred,_Quebec","Sainte-Aurélie,_Quebec","Saint-Benjamin,_Quebec","Saint-Benoît-Labre,_Quebec","Saint-Éphrem-de-Beauce,_Quebec","Saint-Évariste-de-Forsyth,_Quebec","Saint-Gédéon-de-Beauce,_Quebec","Saint-Honoré-de-Shenley,_Quebec","Saint-Ludger,_Quebec","Saint-Philibert,_Quebec","Saint-Prosper-de-Dorchester,_Quebec","Saint-René,_Quebec","Saint-Théophile,_Quebec","Saint-Victor,_Quebec","Saint-Zacharie,_Quebec","Saint-Robert-Bellarmin,_Quebec","Chaudière-Appalaches","Saint-Joseph-de-Coleraine,_Quebec","Sainte-Clotilde-de-Beauce,_Quebec","Disraeli,_Quebec_(city)","East_Broughton,_Quebec","East_Broughton_Station,_Quebec","Saint-Jacques-de-Leeds,_Quebec","Kinnear's_Mills,_Quebec","Saint-Adrien-d'Irlande,_Quebec","Saint-Ferdinand,_Quebec","Saint-Frédéric,_Quebec","Saint-Jules,_Quebec","Adstock,_Quebec","Saint-Pierre-de-Broughton,_Quebec","Saint-Séverin-de-Beauce,_Quebec","Tring-Jonction,_Quebec","Centre-du-Québec","Ham-Nord,_Quebec","Saint-Norbert-d'Arthabaska,_Quebec","Notre-Dame-de-Ham,_Quebec","Saint-Fortunat,_Quebec","Sainte-Hélène-de-Chester,_Quebec","Chesterville,_Quebec","Saint-Pierre-Baptiste,_Quebec","Sainte-Sophie-d'Halifax,_Quebec","Saint-Valère,_Quebec","Chaudière-Appalaches","Armagh,_Quebec","Saint-Cyprien-des-Etchemins,_Quebec","Beaumont,_Quebec","Berthier-sur-Mer,_Quebec","Buckland,_Quebec","Cap-Saint-Ignace,_Quebec","Saint-Luc-de-Bellechasse,_Quebec","Frampton,_Quebec","Honfleur,_Quebec","L'Isle-aux-Grues,_Quebec","Lac-Etchemin,_Quebec","Lac-Frontière,_Quebec","La_Durantaye,_Quebec","Lamartine,_Quebec","Sainte-Justine,_Quebec","La_Pocatière,_Quebec","L'Islet,_Quebec","L'Isletville,_Quebec","Notre-Dame-du-Rosaire,_Quebec","Saint-Fabien-de-Panet,_Quebec","Ravignan,_Quebec","Saint-Adalbert,_Quebec","Saint-Anselme,_Quebec","Sainte-Apolline-de-Patton,_Quebec","Saint-Aubert,_Quebec","Saint-Camille-de-Bellechasse,_Quebec","Saint-Charles-de-Bellechasse,_Quebec","Sainte-Claire,_Quebec","Saint-Cyrille-de-L'Islet,_Quebec","Saint-Damase-des-Aulnaies,_Quebec","Saint-Damien-de-Buckland,_Quebec","Sainte-Euphémie-sur-Rivière-du-Sud,_Quebec","Saint-François-de-la-Rivière-du-Sud,_Quebec","Lac-Etchemin,_Quebec","Saint-Gervais,_Quebec","Saint-Henri-de-Lévis,_Quebec","Saint-Jean-Port-Joli,_Quebec","Saint-Just-de-Bretenières,_Quebec","Saint-Lazare-de-Bellechasse,_Quebec","Sainte-Louise,_Quebec","Sainte-Lucie-de-Beauregard,_Quebec","Saint-Magloire,_Quebec","Saint-Malachie,_Quebec","Saint-Marcel-de-L'Islet,_Quebec","Saint-Michel-de-Bellechasse,_Quebec","Saint-Nazaire-de-Dorchester,_Quebec","Saint-Nérée,_Quebec","Saint-Onésime,_Quebec","Saint-Pamphile,_Quebec","Saint-Paul-de-Montminy,_Quebec","Sainte-Perpétue-de-L'Islet,_Quebec","Saint-Philémon,_Quebec","Saint-Pierre-de-la-Rivière-du-Sud,_Quebec","Saint-Raphaël,_Quebec","Saint-Roch-des-Aulnaies,_Quebec","Sainte-Rose-de-Watford,_Quebec","Sainte-Sabine-de-Bellechasse,_Quebec","Saint-Vallier,_Quebec","Standon,_Quebec","Tourville,_Quebec","Sainte-Felicité-de-L'Islet,_Quebec","Saint-Omer-de-L'Islet,_Quebec","Chaudière-Appalaches","Saint-Patrice-de-Beaurivage,_Quebec","Sainte-Hélène-de-Breakeyville,_Quebec","Deschaillons-sur-Saint-Laurent,_Quebec","Dosquet,_Quebec","Fortierville,_Quebec","Inverness,_Quebec","Issoudun,_Quebec","Joly,_Quebec","Laurier-Station,_Quebec","Laurierville,_Quebec","Lotbinière,_Quebec","Lourdes,_Quebec","Lyster,_Quebec","Saint-Narcisse-de-Beaurivage,_Quebec","Parisville,_Quebec","Saint-Édouard-de-Lotbinière,_Quebec","Saint-Agapit,_Quebec","Sainte-Agathe-de-Lotbinière,_Quebec","Saint-Antoine-de-Tilly,_Quebec","Saint-Apollinaire,_Quebec","Saint-Bernard,_Quebec","Sainte-Croix,_Quebec","Saint-Elzéar,_Chaudière-Appalaches,_Quebec","Leclercville,_Quebec","Saint-Flavien,_Quebec","Sainte-Françoise-de-Lotbinière,_Quebec","Saint-Gilles,_Quebec","Sainte-Hénédine,_Quebec","Saint-Isidore,_Chaudière-Appalaches,_Quebec","Saint-Joseph-de-Beauce,_Quebec","Saint-Lambert-de-Lauzon,_Quebec","Sainte-Marguerite-de-Dorchester,_Quebec","Saint-Odilon,_Quebec","Saint-Sylvestre,_Quebec","Saints-Anges,_Quebec","Scott,_Quebec","Val-Alain,_Quebec","Vallée-Jonction,_Quebec","Villeroy,_Quebec","Le_Fjord,_Quebec","Baie-Sainte-Catherine,_Quebec","Forestville,_Quebec","Grandes-Bergeronnes,_Quebec","Les_Escoumins,_Quebec","Notre-Dame-des-Monts,_Quebec","Portneuf-sur-Mer,_Quebec","Saint-Aimé-des-Lacs,_Quebec","Saint-Irénée,_Quebec","Saint-Siméon,_Capitale-Nationale,_Quebec","Sacré-Coeur,_Quebec","Longue-Rive,_Quebec","Tadoussac,_Quebec","Saguenay-Lac-Saint-Jean","La_Baie,_Quebec","Bégin,_Quebec","Saint-David-de-Falardeau,_Quebec","Saint-Charles-de-Bourget,_Quebec","Ferland-et-Boilleau,_Quebec","L'Anse-Saint-Jean,_Quebec","Saint-Honoré-de-Chicoutimi,_Quebec","Saint-Félix-d'Otis,_Quebec","Petit-Saguenay,_Quebec","Rivière-Éternité,_Quebec","Saint-Fulgence,_Quebec","Sainte-Rose-du-Nord,_Quebec","Saguenay-Lac-Saint-Jean","Saint-Eugène-d'Argentenay,_Quebec","Mistissini,_Quebec","Boulanger,_Quebec","Chambord,_Quebec","Chapais,_Quebec","Dalmas,_Quebec","Saint-François-de-Sales,_Quebec","Desbiens,_Quebec","Saint-Thomas-Didyme,_Quebec","Girardville,_Quebec","Hébertville-Station,_Quebec","Lac-Bouchette,_Quebec","Lamarche,_Quebec","L'Ascension-de-Notre-Seigneur,_Quebec","Larouche,_Quebec","Saint-Ludger-de-Milot,_Quebec","Péribonka,_Quebec","Mashteuiatsh,_Quebec","Saint-André-du-Lac-Saint-Jean,_Quebec","Saint-Bruno-du-Lac-Saint-Jean,_Quebec","Saint-Edmond-les-Plaines,_Quebec","Saint-Gédéon,_Quebec","Sainte-Hedwidge-de-Roberval,_Quebec","Labrecque,_Quebec","Sainte-Monique-du-Lac-Saint-Jean,_Quebec","Saint-Nazaire-du-Lac-Saint-Jean,_Quebec","Taillon,_Quebec","Obedjiwan,_Quebec","Oujé-Bougoumou,_Quebec","Mauricie","Batiscan,_Quebec","Wôlinak,_Quebec","Champlain,_Quebec","Charette,_Quebec","Grandes-Piles,_Quebec","Hérouxville,_Quebec","Lac-à-la-Tortue,_Quebec","Lac-aux-Sables,_Quebec","Saint-Mathieu-du-Parc,_Quebec","La_Croche,_Quebec","Lemieux,_Quebec","Manseau,_Quebec","Notre-Dame-de-Montauban,_Quebec","Proulxville,_Quebec","Trois-Rives,_Quebec","Saint-Roch-de-Mékinac,_Quebec","Saint-Adelphe-de-Champlain,_Quebec","Sainte-Anne-de-la-Pérade,_Quebec","Saint-Barnabé-Nord,_Quebec","Saint-Boniface-de-Shawinigan,_Quebec","Sainte-Cécile-de-Lévrard,_Quebec","Saint-Élie-de-Caxton,_Quebec","Saint-Étienne-des-Grès,_Quebec","Sainte-Geneviève-de-Batiscan,_Quebec","Saint-Jean-des-Piles,_Quebec","Sainte-Marie-de-Blandford,_Quebec","Saint-Maurice,_Quebec","Saint-Narcisse,_Quebec","Saint-Pierre-les-Becquets,_Quebec","Saint-Prosper-de-Champlain,_Quebec","Saint-Sévère,_Quebec","Sainte-Sophie-de-Lévrard,_Quebec","Saint-Stanislas-de-Champlain,_Quebec","Sainte-Thècle,_Quebec","Saint-Tite,_Quebec","Notre-Dame-du-Mont-Carmel,_Quebec","Saint-Luc-de-Vincennes,_Quebec","Yamachiche,_Quebec","Clova,_Quebec","Lac-Édouard,_Quebec","Parent,_Quebec","Wemotaci,_Quebec","L'Érable_Regional_County_Municipality,_Quebec","Audet,_Quebec","Beaulac-Garthby,_Quebec","Lac-Drolet,_Quebec","Milan,_Quebec","Nantes,_Quebec","Piopolis,_Quebec","Sainte-Cécile-de-Whitton,_Quebec","Saint-Romain,_Quebec","Saint-Sébastien-de-Frontenac,_Quebec","Stornoway,_Quebec","Stratford,_Quebec","Woburn,_Quebec","Centre-du-Québec","Aston-Jonction,_Quebec","Saint-Louis-de-Blandford,_Quebec","Daveluyville,_Quebec","Sainte-Eulalie,_Quebec","Saint-Samuel,_Quebec","Saint-Sylvère,_Quebec","Saint-Wenceslas,_Quebec","Saint-Rosaire,_Quebec"]}