{"cursor":"52218","size":15,"audio":[],"currentlang":"en","article":"__NOTOC__ This is a list of postal codes in Canada where the first letter is J.\nPostal codes beginning with J are located within the Canadian province of\nQuebec. Only the first three characters are listed, corresponding to the Forward\nSortation Area.\n\nCanada Post provides a free postal code look-up tool on its website, {{cite\nweb |url=https://www.canadapost.ca/cpotools/apps/fpc/personal/findByCity?execut-\nion=e2s1 |author=Canada Post |title=Canada Post - Find a Postal Code\n|accessdate=9 November 2008 }}  via its applications for such\nsmartphones as the iPhone and BlackBerry, and sells hard-copy\ndirectories and CD-ROMs. Many vendors also sell validation tools, which allow\ncustomers to properly match addresses and postal codes. Hard-copy directories\ncan also be consulted in all post offices, and some libraries.\n","linknr":735,"url":"List_of_J_Postal_Codes_of_Canada","recorded":1375074184,"links":["/w/index.php?title=List_of_J_postal_codes_of_Canada&action=edit","/w/index.php?title=List_of_J_postal_codes_of_Canada&action=edit","//bits.wikimedia.org/favicon/wikipedia.ico","/w/opensearch_desc.php","//en.wikipedia.org/w/api.php?action=rsd","//creativecommons.org/licenses/by-sa/3.0/","/w/index.php?title=Special:RecentChanges&feed=atom","/wiki/List_of_J_postal_codes_of_Canada","//bits.wikimedia.org/en.wikipedia.org/load.php?debug=false&lang=en&modules=ext.gadget.DRN-wizard%2CReferenceTooltips%2Ccharinsert%2Cteahouse%7Cext.rtlcite%2Cwikihiero%7Cext.uls.nojs%7Cmediawiki.legacy.commonPrint%2Cshared%7Cmw.PopUpMediaTransform%7Cskins.vector&only=styles&skin=vector&*","//bits.wikimedia.org/en.wikipedia.org/load.php?debug=false&lang=en&modules=site&only=styles&skin=vector&*","//bits.wikimedia.org/en.wikipedia.org/load.php?debug=false&lang=en&modules=startup&only=scripts&skin=vector&*","//bits.wikimedia.org/geoiplookup","//meta.wikimedia.org","/w/index.php?title=List_of_J_Postal_Codes_of_Canada&redirect=no","#mw-navigation","#p-search","/wiki/Postal_codes_in_Canada","/wiki/Quebec","/wiki/Canada_Post","#cite_note-1","/w/index.php?title=APP_(file_format)&action=edit&redlink=1","/wiki/Smartphones","/wiki/IPhone","/wiki/BlackBerry","#cite_note-2","/wiki/CD-ROM","/w/index.php?title=Western_Quebec&action=edit&redlink=1","/wiki/Northern_Quebec","/wiki/Canadian_postal_code#Forward_sortation_areas","/w/index.php?title=List_of_J_postal_codes_of_Canada&action=edit&section=1","/w/index.php?title=List_of_J_postal_codes_of_Canada&action=edit&section=2","/wiki/Coaticook,_Quebec","/wiki/Drummondville","/wiki/Saint-Jean-sur-Richelieu","/wiki/Saint-Constant,_Quebec","/wiki/Repentigny,_Quebec","/wiki/Sainte-Th%C3%A9r%C3%A8se,_Quebec","/wiki/Saint-Hippolyte,_Quebec","/wiki/Hull,_Quebec","/wiki/Drummondville","/wiki/Saint-Jean-sur-Richelieu","/wiki/Boucherville","/wiki/Delson,_Quebec","/wiki/Sainte-Th%C3%A9r%C3%A8se,_Quebec","/wiki/Sainte-Ad%C3%A8le,_Quebec","/wiki/Chelsea,_Quebec","/wiki/Bromptonville,_Quebec","/wiki/Drummondville","/wiki/Sainte-Catherine,_Quebec","/wiki/Sainte-Th%C3%A9r%C3%A8se,_Quebec","/wiki/Sainte-Agathe-des-Monts","/wiki/Sherbrooke","/wiki/Drummondville","/wiki/Sainte-Julie,_Quebec","/wiki/Joliette","/wiki/Sainte-Th%C3%A9r%C3%A8se,_Quebec","/wiki/Mont-Tremblant,_Quebec","/wiki/Maniwaki,_Quebec","/wiki/Sherbrooke","/wiki/Granby,_Quebec","/wiki/Bel%C5%93il,_Quebec","/wiki/Longueuil","/wiki/Sainte-Th%C3%A9r%C3%A8se,_Quebec","/wiki/Chatham,_Quebec","/wiki/Sherbrooke","/wiki/Granby,_Quebec","/wiki/Bel%C5%93il,_Quebec","/wiki/Longueuil","/wiki/Sainte-Th%C3%A9r%C3%A8se,_Quebec","/wiki/Lachute","/wiki/Aylmer,_Quebec","/wiki/Sherbrooke","/wiki/Granby,_Quebec","/wiki/Longueuil","/wiki/Sainte-Sophie,_Quebec","/wiki/Ch%C3%A2teauguay","/wiki/Mirabel,_Quebec","/wiki/Aylmer,_Quebec","/wiki/Sherbrooke","/wiki/Cowansville","/wiki/Longueuil","/wiki/Saint-Colomban,_Quebec","/wiki/Ch%C3%A2teauguay","/wiki/Mascouche","/wiki/Sherbrooke","/wiki/Bromont,_Quebec","/wiki/Chambly,_Quebec","/wiki/Longueuil","/wiki/Saint-J%C3%A9r%C3%B4me,_Quebec","/wiki/Mascouche","/wiki/Buckingham,_Quebec","/wiki/Mont-Laurier","/wiki/Sherbrooke","/wiki/Shefford,_Quebec","/wiki/Marieville,_Quebec","/wiki/Longueuil","/wiki/Saint-Lin%E2%80%93Laurentides,_Quebec","/wiki/La_Plaine,_Quebec","/wiki/Masson-Angers,_Quebec","/wiki/Rock_Forest,_Quebec","/wiki/Farnham,_Quebec","/wiki/Saint-Basile-le-Grand,_Quebec","/wiki/Longueuil","/wiki/Beauharnois,_Quebec","/wiki/Mirabel,_Quebec","/wiki/Val-des-Monts,_Quebec","/wiki/Sorel-Tracy","/wiki/Saint-Lambert,_Quebec","/wiki/Saint-Eustache,_Quebec","/wiki/Gatineau","/wiki/Val-d%27Or","/wiki/Saint-%C3%89lie-d%27Orford,_Quebec","/wiki/Saint-Hyacinthe,_Quebec","/wiki/Sorel-Tracy","/wiki/Saint-Lambert,_Quebec","/wiki/La_Prairie,_Quebec","/wiki/Mercier,_Quebec","/wiki/Saint-Eustache,_Quebec","/wiki/Gatineau","/wiki/Windsor,_Quebec","/wiki/Saint-Hyacinthe,_Quebec","/wiki/Saint-Lambert,_Quebec","/wiki/Salaberry-de-Valleyfield","/wiki/Asbestos,_Quebec","/wiki/Saint-Hyacinthe,_Quebec","/wiki/Nicolet,_Quebec","/wiki/Saint-Hubert,_Quebec","/wiki/Lavaltrie,_Quebec","/wiki/Salaberry-de-Valleyfield","/wiki/Vaudreuil-Dorion","/wiki/Gatineau","/wiki/Amos,_Quebec","/wiki/Saint-Bruno-de-Montarville","/wiki/Greenfield_Park,_Quebec","/wiki/Louiseville","/wiki/Terrebonne,_Quebec","/wiki/Vaudreuil-Dorion","/wiki/Gatineau","/wiki/Ville-Marie,_Quebec","/wiki/Saint-Luc,_Quebec","/wiki/Brossard","/wiki/L%27Assomption,_Quebec","/wiki/Terrebonne,_Quebec","/wiki/Pincourt,_Quebec","/wiki/Magog,_Quebec","/wiki/Saint-Jean-sur-Richelieu","/wiki/Varennes,_Quebec","/wiki/Brossard","/wiki/L%27%C3%89piphanie,_Quebec_(city)","/wiki/Terrebonne,_Quebec","/wiki/Salaberry-de-Valleyfield","/wiki/Hull,_Quebec","/wiki/Rouyn-Noranda","/wiki/Saint-Jean-sur-Richelieu","/wiki/Saint-Hubert,_Quebec","/wiki/Brossard","/wiki/Repentigny,_Quebec","/wiki/Terrebonne,_Quebec","/wiki/Saint-J%C3%A9r%C3%B4me,_Quebec","/wiki/Hull,_Quebec","/wiki/Rouyn-Noranda","/wiki/Saint-Cyrille-de-Wendover,_Quebec","/wiki/Saint-Hubert,_Quebec","/wiki/Brossard","/wiki/Repentigny,_Quebec","/wiki/Sainte-Th%C3%A9r%C3%A8se,_Quebec","/wiki/Saint-J%C3%A9r%C3%B4me,_Quebec","/wiki/Hull,_Quebec","/wiki/La_Sarre,_Quebec","/w/index.php?title=List_of_J_postal_codes_of_Canada&action=edit&section=3","/wiki/Centre-du-Qu%C3%A9bec","/wiki/Danville,_Quebec","/wiki/Kingsey_Falls,_Quebec","/wiki/Saint-Adrien,_Quebec","/wiki/Saint-Albert,_Quebec","/wiki/Saint-Camille,_Quebec","/wiki/Sainte-Clotilde-de-Horton,_Quebec","/wiki/Saint-Georges-de-Windsor,_Quebec","/wiki/Saint-R%C3%A9mi-de-Tingwick,_Quebec","/wiki/Tingwick,_Quebec","/wiki/Warwick,_Quebec","/wiki/Wotton,_Quebec","/wiki/Estrie","/wiki/Ascot_Corner,_Quebec","/wiki/Austin,_Quebec","/wiki/Ayer%27s_Cliff,_Quebec","/wiki/Bishopton,_Quebec","/wiki/Bury,_Quebec","/wiki/Chartierville,_Quebec","/wiki/Compton,_Quebec","/wiki/Cookshire,_Quebec","/wiki/Dixville,_Quebec","/wiki/East_Angus,_Quebec","/wiki/East_Hereford,_Quebec","/wiki/Georgeville,_Quebec","/wiki/Sainte-Catherine-de-Hatley,_Quebec","/wiki/Kingsbury,_Quebec","/wiki/La_Patrie,_Quebec","/wiki/Martinville,_Quebec","/wiki/North_Hatley,_Quebec","/wiki/Notre-Dame-des-Bois,_Quebec","/wiki/Richmond,_Quebec","/wiki/Saint-Beno%C3%AEt-du-Lac,_Quebec","/wiki/Saint-Claude,_Quebec","/wiki/Saint-Denis-de-Brompton,_Quebec","/wiki/Sainte-Edwidge,_Quebec","/wiki/Saint-F%C3%A9lix-de-Kingsey,_Quebec","/wiki/Saint-Fran%C3%A7ois-Xavier-de-Brompton,_Quebec","/wiki/Saint-Herm%C3%A9n%C3%A9gilde,_Quebec","/wiki/Saint-Isidore-de-Clifton,_Quebec","/wiki/Saint-Malo,_Quebec","/wiki/Sawyerville,_Quebec","/wiki/Scotstown,_Quebec","/wiki/Stanstead,_Quebec","/wiki/Stoke,_Quebec","/wiki/Waterville,_Quebec","/wiki/Weedon,_Quebec","/wiki/Hatley,_Quebec_(municipality)","/wiki/Centre-du-Qu%C3%A9bec","/wiki/Bon-Conseil,_Quebec","/wiki/L%27Avenir,_Quebec","/wiki/Saint-Bonaventure,_Quebec","/wiki/Sainte-Brigitte-des-Saults,_Quebec","/wiki/Saint-C%C3%A9lestin,_Quebec_(municipality)","/wiki/Saint-Eug%C3%A8ne-de-Grantham,_Quebec","/wiki/Saint-Germain-de-Grantham,_Quebec","/wiki/Saint-Guillaume,_Quebec","/wiki/Saint-L%C3%A9onard-d%27Aston,_Quebec","/wiki/Saint-Lucien,_Quebec","/wiki/Sainte-Perp%C3%A9tue,_Centre-du-Qu%C3%A9bec,_Quebec","/wiki/Wickham,_Quebec","/wiki/Estrie","/wiki/Saint-Paul-d%27Abbotsford,_Quebec","/wiki/Abercorn,_Quebec","/wiki/Ange-Gardien,_Quebec","/wiki/Bolton-Est,_Quebec","/wiki/Bonsecours,_Quebec","/wiki/Brome,_Quebec","/wiki/Dunham,_Quebec","/wiki/Eastman,_Quebec","/wiki/Fulford,_Quebec","/wiki/Knowlton,_Quebec","/wiki/Lawrenceville,_Quebec","/wiki/Mansonville,_Quebec","/wiki/Racine,_Quebec","/wiki/Roxton_Pond,_Quebec","/wiki/Saint-Alphonse-de-Granby,_Quebec","/wiki/Sainte-C%C3%A9cile-de-Milton,_Quebec","/wiki/Sutton,_Quebec","/wiki/Valcourt,_Quebec_(city)","/wiki/Warden,_Quebec","/wiki/Waterloo,_Quebec","/wiki/Bois-Francs","/wiki/Baie-du-Febvre,_Quebec","/wiki/Grand-Saint-Esprit,_Quebec","/wiki/La_Visitation-de-Yamaska,_Quebec","/wiki/Odanak,_Quebec","/wiki/Pierreville,_Quebec","/wiki/Saint-Aim%C3%A9,_Quebec","/wiki/Saint-Fran%C3%A7ois-du-Lac,_Quebec","/wiki/Sainte-Monique,_Centre-du-Qu%C3%A9bec,_Quebec","/wiki/Saint-Ours,_Quebec","/wiki/Saint-Pie-de-Guire,_Quebec","/wiki/Saint-Robert,_Quebec","/wiki/Sainte-Victoire-de-Sorel,_Quebec","/wiki/Saint-Z%C3%A9phirin-de-Courval,_Quebec","/wiki/Yamaska,_Quebec","/wiki/Yamaska-Est,_Quebec","/wiki/Bois-Francs","/wiki/Acton_Vale,_Quebec","/wiki/La_Pr%C3%A9sentation,_Quebec","/wiki/Saint-Bernard-de-Michaudville,_Quebec","/wiki/Roxton_Falls,_Quebec","/wiki/Saint-Barnab%C3%A9-Sud,_Quebec","/wiki/Sainte-Christine,_Quebec","/wiki/Saint-Damase,_Mont%C3%A9r%C3%A9gie,_Quebec","/wiki/Saint-Denis-sur-Richelieu,_Quebec","/wiki/Saint-Dominique,_Quebec","/wiki/Sainte-H%C3%A9l%C3%A8ne-de-Bagot,_Quebec","/wiki/Saint-Hugues,_Quebec","/wiki/Saint-Jude,_Quebec","/wiki/Saint-Liboire,_Quebec","/wiki/Sainte-Madeleine,_Quebec","/wiki/Saint-Marcel-de-Richelieu,_Quebec","/wiki/Saint-Nazaire-d%27Acton,_Quebec","/wiki/Saint-Pie,_Quebec","/wiki/Saint-Simon-de-Bagot,_Quebec","/wiki/Saint-Th%C3%A9odore-d%27Acton,_Quebec","/wiki/Saint-Val%C3%A9rien-de-Milton,_Quebec","/wiki/Durham-Sud,_Quebec","/wiki/Upton,_Quebec","/wiki/Saint-Charles-sur-Richelieu,_Quebec","/wiki/Mont%C3%A9r%C3%A9gie","/wiki/Bedford,_Quebec_(town)","/wiki/Clarenceville,_Quebec","/wiki/Henryville,_Quebec","/wiki/Saint-Paul-de-l%27%C3%8Ele-aux-Noix,_Quebec","/wiki/Lacolle,_Quebec","/wiki/Mont-Saint-Gr%C3%A9goire,_Quebec","/wiki/Napierville,_Quebec","/wiki/Notre-Dame-de-Stanbridge,_Quebec","/wiki/Philipsburg,_Quebec","/wiki/Pike_River,_Quebec","/wiki/Saint-Jean-sur-Richelieu,_Quebec","/wiki/Saint-Alexandre-d%27Iberville,_Quebec","/wiki/Saint-Armand,_Quebec","/wiki/Saint-Bernard-de-Lacolle,_Quebec","/wiki/Saint-Blaise-sur-Richelieu,_Quebec","/wiki/Sainte-Brigide-d%27Iberville,_Quebec","/wiki/Saint-Ignace-de-Stanbridge,_Quebec","/wiki/Sainte-Sabine,_Mont%C3%A9r%C3%A9gie,_Quebec","/wiki/Saint-S%C3%A9bastien,_Mont%C3%A9r%C3%A9gie,_Quebec","/wiki/Saint-Valentin,_Quebec","/wiki/Sabrevois,_Quebec","/wiki/Stanbridge_East,_Quebec","/wiki/Stanbridge_Station,_Quebec","/wiki/Venise-en-Qu%C3%A9bec,_Quebec","/wiki/Lanaudi%C3%A8re","/wiki/Berthierville,_Quebec","/wiki/Crabtree,_Quebec","/wiki/Saint-Ambroise-de-Kildare,_Quebec","/wiki/Lanoraie,_Quebec","/wiki/Lourdes-de-Joliette,_Quebec","/wiki/Mandeville,_Quebec","/wiki/Manouane,_Quebec","/wiki/Maskinong%C3%A9,_Quebec","/wiki/Sainte-Ang%C3%A8le-de-Pr%C3%A9mont,_Quebec","/wiki/Rawdon,_Quebec","/wiki/Saint-Alexis-de-Montcalm,_Quebec","/wiki/Saint-Alexis-des-Monts,_Quebec","/wiki/Saint-Alphonse-Rodriguez,_Quebec","/wiki/Saint-Barth%C3%A9lemy,_Quebec","/wiki/Sainte-B%C3%A9atrix,_Quebec","/wiki/Saint-Calixte,_Quebec","/wiki/Saint-Cl%C3%A9ophas-de-Brandon,_Quebec","/wiki/Saint-C%C3%B4me,_Quebec","/wiki/Saint-Cuthbert,_Quebec","/wiki/Saint-Damien,_Quebec","/wiki/Saint-Didace,_Quebec","/wiki/Saint-%C3%89douard-de-Maskinong%C3%A9,_Quebec","/wiki/Sainte-%C3%89lisabeth,_Quebec","/wiki/Sainte-%C3%89m%C3%A9lie-de-l%27%C3%89nergie,_Quebec","/wiki/Saint-Esprit,_Quebec","/wiki/Saint-F%C3%A9lix-de-Valois,_Quebec","/wiki/Saint-Gabriel-de-Brandon,_Quebec","/wiki/Saint-Ignace-de-Loyola,_Quebec","/wiki/Saint-Jacques,_Quebec","/wiki/Saint-Jean-de-Matha,_Quebec","/wiki/Sainte-Julienne,_Quebec","/wiki/Saint-Justin,_Quebec","/wiki/Saint-L%C3%A9on,_Quebec","/wiki/Saint-Liguori,_Quebec","/wiki/Sainte-Marcelline-de-Kildare,_Quebec","/wiki/Sainte-Marie-Salom%C3%A9,_Quebec","/wiki/Sainte-M%C3%A9lanie,_Quebec","/wiki/Saint-Michel-des-Saints,_Quebec","/wiki/Saint-Norbert,_Quebec","/wiki/Saint-Paul,_Quebec","/wiki/Saint-Paulin,_Quebec","/wiki/Saint-Roch-de-l%27Achigan,_Quebec","/wiki/Chertsey,_Quebec","/wiki/Saint-Thomas,_Quebec","/wiki/Sainte-Ursule,_Quebec","/wiki/Saint-Z%C3%A9non,_Quebec","/wiki/Mont%C3%A9r%C3%A9gie","/wiki/Calixa-Lavall%C3%A9e,_Quebec","/wiki/Kahnawake,_Quebec","/wiki/Contrecoeur,_Quebec","/wiki/Hemmingford,_Quebec_(township)","/wiki/Rougemont,_Quebec","/wiki/Saint-Amable,_Quebec","/wiki/Sainte-Ang%C3%A8le-de-Monnoir,_Quebec","/wiki/Saint-Antoine-sur-Richelieu,_Quebec","/wiki/Saint-C%C3%A9saire,_Quebec","/wiki/Sainte-Clotilde,_Quebec","/wiki/Saint-%C3%89douard-de-Napierville,_Quebec","/wiki/Saint-Isidore-de-Laprairie,_Quebec","/wiki/Saint-Jean-Baptiste,_Quebec","/wiki/Saint-Marc-sur-Richelieu,_Quebec","/wiki/Saint-Mathieu-de-Laprairie,_Quebec","/wiki/Saint-Michel,_Quebec","/wiki/Saint-Philippe,_Quebec","/wiki/Saint-R%C3%A9mi,_Quebec","/wiki/Saint-Roch-de-Richelieu,_Quebec","/wiki/Sherrington,_Quebec","/wiki/Verch%C3%A8res,_Quebec","/wiki/Nunavik","/wiki/Kangirsuk,_Quebec","/wiki/Kuujjuaq,_Quebec","/wiki/Chisasibi,_Quebec","/wiki/Kuujjuarapik,_Quebec","/wiki/Ivujivik,_Quebec","/wiki/Quaqtaq,_Quebec","/wiki/Kangiqsujuaq,_Quebec","/wiki/Wemindji,_Quebec","/wiki/Inukjuak,_Quebec","/wiki/Kangiqsualujjuaq,_Quebec","/wiki/Puvirnituq,_Quebec","/wiki/Waskaganish,_Quebec","/wiki/Salluit,_Quebec","/wiki/Tasiujaq,_Quebec","/wiki/Akulivik,_Quebec","/wiki/Eastmain,_Quebec","/wiki/Aupaluk,_Quebec","/wiki/Umiujaq,_Quebec","/wiki/Oka,_Quebec","/wiki/Pointe-Calumet,_Quebec","/wiki/Sainte-Anne-des-Plaines,_Quebec","/wiki/Saint-Joseph-du-Lac,_Quebec","/wiki/Sainte-Marthe-sur-le-Lac,_Quebec","/wiki/Vaudreuil-Soulanges_Regional_County_Municipality,_Quebec","/wiki/Coteau-du-Lac,_Quebec","/wiki/Dalhousie,_Quebec","/wiki/Hudson,_Quebec","/wiki/Hudson_Heights,_Quebec","/wiki/%C3%8Ele-Perrot-Sud,_Quebec","/wiki/Pointe-des-Cascades,_Quebec","/wiki/Pointe-Fortune,_Quebec","/wiki/Rigaud,_Quebec","/wiki/Rivi%C3%A8re-Beaudette,_Quebec","/wiki/Saint-Clet,_Quebec","/wiki/Sainte-Justine-de-Newton,_Quebec","/wiki/Sainte-Marthe,_Quebec","/wiki/Saint-Polycarpe,_Quebec","/wiki/Saint-T%C3%A9lesphore,_Quebec","/wiki/Saint-Zotique,_Quebec","/wiki/Laurentides","/wiki/Mille-Isles,_Quebec","/wiki/Sainte-Anne-des-Lacs,_Quebec","/wiki/Morin-Heights,_Quebec","/wiki/Piedmont,_Quebec","/wiki/Saint-Sauveur,_Quebec","/wiki/Pr%C3%A9vost,_Quebec","/wiki/Mont%C3%A9r%C3%A9gie","/wiki/Athelstan,_Quebec","/wiki/Cazaville,_Quebec","/wiki/Dewittville,_Quebec","/wiki/Franklin_Centre,_Quebec","/wiki/Elgin,_Quebec","/wiki/Howick,_Quebec","/wiki/Huntingdon,_Quebec","/wiki/Melocheville,_Quebec","/wiki/Ormstown,_Quebec","/wiki/Sainte-Agn%C3%A8s-de-Dundee,_Quebec","/wiki/Saint-Anicet,_Quebec","/wiki/Saint-Antoine-Abb%C3%A9,_Quebec","/wiki/Sainte-Barbe,_Quebec","/wiki/Saint-Chrysostome,_Quebec","/wiki/Saint-%C3%89tienne-de-Beauharnois,_Quebec","/wiki/Saint-Louis-de-Gonzague,_Mont%C3%A9r%C3%A9gie,_Quebec","/wiki/Sainte-Martine,_Quebec","/wiki/Saint-Stanislas-de-Kostka,_Quebec","/wiki/Saint-Urbain-Premier,_Quebec","/wiki/Laurentides","/wiki/Arundel,_Quebec","/wiki/Br%C3%A9beuf,_Quebec","/wiki/Est%C3%A9rel,_Quebec","/wiki/Huberdeau,_Quebec","/wiki/Labelle,_Quebec","/wiki/Saint-Faustin%E2%80%93Lac-Carr%C3%A9,_Quebec","/wiki/Lac-des-Plages,_Quebec","/wiki/Sainte-Marguerite-du-Lac-Masson,_Quebec","/wiki/La_Conception,_Quebec","/wiki/Lac-Sup%C3%A9rieur,_Quebec","/wiki/La_Macaza,_Quebec","/wiki/La_Minerve,_Quebec","/wiki/Rivi%C3%A8re-Rouge,_Quebec","/wiki/Lantier,_Quebec","/wiki/L%27Ascension,_Quebec","/wiki/Wentworth-Nord,_Quebec","/wiki/Notre-Dame-de-la-Merci,_Quebec","/wiki/Saint-Adolphe-d%27Howard,_Quebec","/wiki/Saint-Donat-de-Montcalm,_Quebec","/wiki/Entrelacs,_Quebec","/wiki/Saint-Faustin%E2%80%93Lac-Carr%C3%A9,_Quebec","/wiki/Sainte-Lucie-des-Laurentides,_Quebec","/wiki/Saint-R%C3%A9mi-d%27Amherst,_Quebec","/wiki/Lac-des-Seize-%C3%8Eles,_Quebec","/wiki/Val-David,_Quebec","/wiki/Val-des-Lacs,_Quebec","/wiki/Val-Morin,_Quebec","/wiki/Montcalm,_Quebec","/wiki/Laurentides","/wiki/Grenville-sur-la-Rouge,_Quebec","/wiki/Ch%C3%A9n%C3%A9ville,_Quebec","/wiki/Duhamel,_Quebec","/wiki/Fassett,_Quebec","/wiki/Grenville,_Quebec","/wiki/Gore,_Quebec","/wiki/Montebello,_Quebec","/wiki/Montpellier,_Quebec","/wiki/Namur,_Quebec","/wiki/Notre-Dame-de-la-Paix,_Quebec","/wiki/Papineauville,_Quebec","/wiki/Plaisance,_Quebec","/wiki/Ripon,_Quebec","/wiki/Saint-Andr%C3%A9-Avellin,_Quebec","/wiki/Saint-Andr%C3%A9-d%27Argenteuil,_Quebec","/wiki/Saint-%C3%89mile-de-Suffolk,_Quebec","/wiki/Saint-Placide,_Quebec","/wiki/Outaouais","/wiki/Ferme-Neuve,_Quebec","/wiki/Grand-Remous,_Quebec","/wiki/Kiamika,_Quebec","/wiki/Lac-des-%C3%89corces,_Quebec","/wiki/Lac-des-%C3%8Eles,_Quebec","/wiki/Lac-Saint-Paul,_Quebec","/wiki/Lac-Saguay,_Quebec","/wiki/Montcerf-Lytton,_Quebec","/wiki/Mont-Saint-Michel,_Quebec","/wiki/Nominingue,_Quebec","/wiki/Notre-Dame-de-Pontmain,_Quebec","/wiki/Sainte-Anne-du-Lac,_Quebec","/wiki/Aumond,_Quebec","/wiki/Outaouais","/wiki/Alcove,_Quebec","/wiki/Blue_Sea,_Quebec","/wiki/Bouchette,_Quebec","/wiki/Bristol,_Quebec","/wiki/Bryson,_Quebec","/wiki/%C3%8Ele_du_Grand-Calumet,_Quebec","/wiki/Campbell%27s_Bay,_Quebec","/wiki/Chapeau,_Quebec","/wiki/Danford_Lake,_Quebec","/wiki/Davidson,_Quebec","/wiki/Duclos,_Quebec","/wiki/Farrellton,_Quebec","/wiki/Fort-Coulonge,_Quebec","/wiki/Gracefield,_Quebec","/wiki/Kazabazua,_Quebec","/wiki/Lac-Cayamant,_Quebec","/wiki/Lac-Sainte-Marie,_Quebec","/wiki/Ladysmith,_Quebec","/wiki/Low,_Quebec","/wiki/Luskville,_Quebec","/wiki/Messines,_Quebec","/wiki/Notre-Dame-de-la-Salette,_Quebec","/wiki/Notre-Dame-du-Laus,_Quebec","/wiki/Otter_Lake,_Quebec","/wiki/Portage-du-Fort,_Quebec","/wiki/Quyon,_Quebec","/wiki/Sainte-C%C3%A9cile-de-Masham,_Quebec","/wiki/Sainte-Th%C3%A9r%C3%A8se-de-la-Gatineau,_Quebec","/wiki/Shawville,_Quebec","/wiki/Sheenboro,_Quebec","/wiki/Thurso,_Quebec","/wiki/Val-des-Bois,_Quebec","/wiki/Venosta,_Quebec","/wiki/Wakefield,_Quebec","/wiki/Waltham,_Quebec","/wiki/Lac_des_Loups,_Quebec","/wiki/Rapides-des-Joachims,_Quebec","/wiki/Abitibi-T%C3%A9miscamingue","/wiki/Barraute,_Quebec","/wiki/Cadillac,_Quebec","/wiki/Champneuf,_Quebec","/wiki/Saint-F%C3%A9lix-de-Dalquier,_Quebec","/wiki/Desmaraisville,_Quebec","/wiki/Saint-Marc-de-Figuery,_Quebec","/wiki/Guyenne,_Quebec","/wiki/Saint-Mathieu-d%27Harricana,_Quebec","/wiki/La_Corne,_Quebec","/wiki/La_Morandi%C3%A8re,_Quebec","/wiki/Landrienne,_Quebec","/wiki/Launay,_Quebec","/wiki/Lebel-sur-Qu%C3%A9villon,_Quebec","/wiki/Malartic,_Quebec","/wiki/Matagami,_Quebec","/wiki/Miquelon,_Quebec","/wiki/Preissac,_Quebec","/wiki/Berry,_Quebec","/wiki/Rivi%C3%A8re-H%C3%A9va,_Quebec","/wiki/Rochebaucourt,_Quebec","/wiki/Saint-Dominique-du-Rosaire,_Quebec","/wiki/Sainte-Gertrude-Manneville,_Quebec","/wiki/Senneterre,_Quebec","/wiki/Tr%C3%A9cesson,_Quebec","/wiki/Radisson,_Quebec","/wiki/Nemiscau,_Quebec","/wiki/Waswanipi,_Quebec","/w/index.php?title=Eastmain-1-%C3%A0-Sarcelle-Rupert,_Quebec&action=edit&redlink=1","/wiki/Lac-Simon,_Abitibi-T%C3%A9miscamingue,_Quebec","/wiki/Abitibi-T%C3%A9miscamingue","/wiki/Angliers,_Quebec","/wiki/Arntfield,_Quebec","/wiki/Authier,_Quebec","/wiki/Authier-Nord,_Quebec","/wiki/B%C3%A9arn,_Quebec","/wiki/Beaucanton,_Quebec","/wiki/Bellecombe,_Quebec","/wiki/Belleterre,_Quebec","/wiki/Sainte-Germaine-Boul%C3%A9,_Quebec","/wiki/Chazel,_Quebec","/wiki/Cl%C3%A9ricy,_Quebec","/wiki/Clerval,_Quebec","/wiki/Cloutier,_Quebec","/wiki/Desm%C3%A9loizes,_Quebec","/wiki/Duparquet,_Quebec","/wiki/Dupuy,_Quebec","/wiki/%C3%89vain,_Quebec","/wiki/Fabre,_Quebec","/wiki/Fug%C3%A8reville,_Quebec","/wiki/Gallichan,_Quebec","/wiki/Gu%C3%A9rin,_Quebec","/wiki/Saint-Bruno-de-Guigues,_Quebec","/wiki/Kipawa,_Quebec","/wiki/Laforce,_Quebec","/wiki/Laniel,_Quebec","/wiki/La_Reine,_Quebec","/wiki/Latulipe,_Quebec","/wiki/Laverloch%C3%A8re,_Quebec","/wiki/Lorrainville,_Quebec","/wiki/Macamic,_Quebec","/wiki/Mancebourg,_Quebec","/wiki/Moffet,_Quebec","/wiki/Montbeillard,_Quebec","/wiki/Mont-Brun,_Quebec","/wiki/N%C3%A9d%C3%A9lec,_Quebec","/wiki/Normetal,_Quebec","/wiki/Notre-Dame-du-Nord,_Quebec","/wiki/Palmarolle,_Quebec","/wiki/Poularies,_Quebec","/wiki/Rollet,_Quebec","/wiki/Roquemaure,_Quebec","/wiki/Saint-Eug%C3%A8ne-de-Guigues,_Quebec","/wiki/Saint-Vital-de-Clermont,_Quebec","/wiki/Taschereau,_Quebec","/wiki/T%C3%A9miscaming,_Quebec","/wiki/Val-Paradis,_Quebec","/wiki/Val-Saint-Gilles,_Quebec","/wiki/Villebois,_Quebec","#cite_note-statcan-3","/w/index.php?title=List_of_J_postal_codes_of_Canada&action=edit&section=4","#cite_note-statcan-3","/w/index.php?title=List_of_J_postal_codes_of_Canada&action=edit&section=5","/w/index.php?title=List_of_J_postal_codes_of_Canada&action=edit&section=6","#cite_ref-1","https://www.canadapost.ca/cpotools/apps/fpc/personal/findByCity?execution=e2s1","#cite_ref-2","http://www.canadapost.ca/cpo/mc/personal/tools/mobileapp/default.jsf","#cite_ref-statcan_3-0","#cite_ref-statcan_3-1","http://www12.statcan.ca/english/census06/data/popdwell/Table.cfm?T=1201&SR=1&S=0&O=A&RPP=9999&PR=0&CMA=0","/wiki/File:Flag_of_Canada.svg","//upload.wikimedia.org/wikipedia/en/thumb/c/cf/Flag_of_Canada.svg/36px-Flag_of_Canada.svg.png","/wiki/Postal_codes_in_Canada","/wiki/File:Canadian_postal_district_map_(without_legends).svg","//upload.wikimedia.org/wikipedia/commons/thumb/e/eb/Canadian_postal_district_map_%28without_legends%29.svg/21px-Canadian_postal_district_map_%28without_legends%29.svg.png","/wiki/Newfoundland_and_Labrador","/wiki/Nova_Scotia","/wiki/Prince_Edward_Island","/wiki/New_Brunswick","/wiki/Quebec","/wiki/Ontario","/wiki/Manitoba","/wiki/Saskatchewan","/wiki/Alberta","/wiki/British_Columbia","/wiki/Nunavut","/wiki/Northwest_Territories","/wiki/Yukon","/wiki/List_of_A_postal_codes_of_Canada","/wiki/List_of_B_postal_codes_of_Canada","/wiki/List_of_C_postal_codes_of_Canada","/wiki/List_of_E_postal_codes_of_Canada","/wiki/List_of_G_postal_codes_of_Canada","/wiki/List_of_H_postal_codes_of_Canada","/wiki/List_of_K_postal_codes_of_Canada","/wiki/List_of_L_postal_codes_of_Canada","/wiki/List_of_M_postal_codes_of_Canada","/wiki/List_of_N_postal_codes_of_Canada","/wiki/List_of_P_postal_codes_of_Canada","/wiki/List_of_R_postal_codes_of_Canada","/wiki/List_of_S_postal_codes_of_Canada","/wiki/List_of_T_postal_codes_of_Canada","/wiki/List_of_V_postal_codes_of_Canada","/wiki/List_of_X_postal_codes_of_Canada","/wiki/List_of_Y_postal_codes_of_Canada","//en.wikipedia.org/w/index.php?title=Special:CentralAutoLogin/start&type=1x1&from=enwiki","http://en.wikipedia.org/w/index.php?title=List_of_J_postal_codes_of_Canada&oldid=543840459","/wiki/Help:Categories","/wiki/Category:Communications_in_Quebec","/wiki/Category:Postal_codes_in_Canada","/wiki/Category:Quebec-related_lists","/w/index.php?title=Special:UserLogin&returnto=List+of+J+postal+codes+of+Canada&type=signup","/w/index.php?title=Special:UserLogin&returnto=List+of+J+postal+codes+of+Canada","/wiki/List_of_J_postal_codes_of_Canada","/wiki/Talk:List_of_J_postal_codes_of_Canada","#","/wiki/List_of_J_postal_codes_of_Canada","/w/index.php?title=List_of_J_postal_codes_of_Canada&action=edit","/w/index.php?title=List_of_J_postal_codes_of_Canada&action=history","#","/w/index.php","//bits.wikimedia.org/static-1.22wmf11/skins/vector/images/search-ltr.png?303-4","/wiki/Main_Page","/wiki/Main_Page","/wiki/Portal:Contents","/wiki/Portal:Featured_content","/wiki/Portal:Current_events","/wiki/Special:Random","//donate.wikimedia.org/wiki/Special:FundraiserRedirector?utm_source=donate&utm_medium=sidebar&utm_campaign=C13_en.wikipedia.org&uselang=en","/wiki/Help:Contents","/wiki/Wikipedia:About","/wiki/Wikipedia:Community_portal","/wiki/Special:RecentChanges","//en.wikipedia.org/wiki/Wikipedia:Contact_us","/wiki/Special:WhatLinksHere/List_of_J_postal_codes_of_Canada","/wiki/Special:RecentChangesLinked/List_of_J_postal_codes_of_Canada","/wiki/Wikipedia:File_Upload_Wizard","/wiki/Special:SpecialPages","/w/index.php?title=List_of_J_postal_codes_of_Canada&oldid=543840459","/w/index.php?title=List_of_J_postal_codes_of_Canada&action=info","//www.wikidata.org/wiki/Q3248235","/w/index.php?title=Special:Cite&page=List_of_J_postal_codes_of_Canada&id=543840459","/w/index.php?title=Special:Book&bookcmd=book_creator&referer=List+of+J+postal+codes+of+Canada","/w/index.php?title=Special:Book&bookcmd=render_article&arttitle=List+of+J+postal+codes+of+Canada&oldid=543840459&writer=rl","/w/index.php?title=List_of_J_postal_codes_of_Canada&printable=yes","//fr.wikipedia.org/wiki/Liste_des_codes_postaux_canadiens_d%C3%A9butant_par_J","#","//www.wikidata.org/wiki/Q3248235#sitelinks-wikipedia","//en.wikipedia.org/wiki/Wikipedia:Text_of_Creative_Commons_Attribution-ShareAlike_3.0_Unported_License","//creativecommons.org/licenses/by-sa/3.0/","//wikimediafoundation.org/wiki/Terms_of_Use","//wikimediafoundation.org/wiki/Privacy_policy","//www.wikimediafoundation.org/","//wikimediafoundation.org/wiki/Privacy_policy","/wiki/Wikipedia:About","/wiki/Wikipedia:General_disclaimer","//en.wikipedia.org/wiki/Wikipedia:Contact_us","//en.m.wikipedia.org/wiki/List_of_J_postal_codes_of_Canada","//wikimediafoundation.org/","//bits.wikimedia.org/images/wikimedia-button.png","//www.mediawiki.org/","//bits.wikimedia.org/static-1.22wmf11/skins/common/images/poweredby_mediawiki_88x31.png","//bits.wikimedia.org/en.wikipedia.org/load.php?debug=false&lang=en&modules=site&only=scripts&skin=vector&*"],"instances":["city","file_format","city","municipality","municipality","town","township"],"pdf":[],"categories":["Communications in Quebec","Postal codes in Canada|J","Quebec-related lists|Postal codes J"],"headings":["[[Western Quebec|Western and]] [[Northern Quebec]] - 158 [[Canadian postal code#Forward sortation areas|FSAs]]","Most populated FSAs<ref name=\"statcan\">http://www12.statcan.ca/english/census06/data/popdwell/Table.cfm?T=1201&SR=1&S=0&O=A&RPP=9999&PR=0&CMA=0</ref>","Least populated FSAs<ref name=\"statcan\"/>","References"],"image":["//upload.wikimedia.org/wikipedia/en/thumb/c/cf/Flag_of_Canada.svg/36px-Flag_of_Canada.svg.png","//upload.wikimedia.org/wikipedia/commons/thumb/e/eb/Canadian_postal_district_map_%28without_legends%29.svg/21px-Canadian_postal_district_map_%28without_legends%29.svg.png","//en.wikipedia.org/w/index.php?title=Special:CentralAutoLogin/start&type=1x1&from=enwiki","//bits.wikimedia.org/static-1.22wmf11/skins/vector/images/search-ltr.png?303-4","//bits.wikimedia.org/images/wikimedia-button.png","//bits.wikimedia.org/static-1.22wmf11/skins/common/images/poweredby_mediawiki_88x31.png"],"tags":[["app","file_format"],["l'épiphanie,_quebec","city"],["hatley,_quebec","municipality"],["saint-célestin,_quebec","municipality"],["valcourt,_quebec","city"],["bedford,_quebec","town"],["hemmingford,_quebec","township"]],"members":["app"],"related":["Postal_codes_in_Canada","Quebec","Canada_Post","APP_(file_format)","Smartphones","IPhone","BlackBerry","CD-ROM","Coaticook,_Quebec","Drummondville","Saint-Jean-sur-Richelieu","Saint-Constant,_Quebec","Repentigny,_Quebec","Sainte-Thérèse,_Quebec","Saint-Hippolyte,_Quebec","Hull,_Quebec","Drummondville","Saint-Jean-sur-Richelieu","Boucherville","Delson,_Quebec","Sainte-Thérèse,_Quebec","Sainte-Adèle,_Quebec","Chelsea,_Quebec","Bromptonville,_Quebec","Drummondville","Sainte-Catherine,_Quebec","Sainte-Thérèse,_Quebec","Sainte-Agathe-des-Monts","Sherbrooke","Drummondville","Sainte-Julie,_Quebec","Joliette","Sainte-Thérèse,_Quebec","Mont-Tremblant,_Quebec","Maniwaki,_Quebec","Sherbrooke","Granby,_Quebec","Belœil,_Quebec","Longueuil","Sainte-Thérèse,_Quebec","Chatham,_Quebec","Sherbrooke","Granby,_Quebec","Belœil,_Quebec","Longueuil","Sainte-Thérèse,_Quebec","Lachute","Aylmer,_Quebec","Sherbrooke","Granby,_Quebec","Longueuil","Sainte-Sophie,_Quebec","Châteauguay","Mirabel,_Quebec","Aylmer,_Quebec","Sherbrooke","Cowansville","Longueuil","Saint-Colomban,_Quebec","Châteauguay","Mascouche","Sherbrooke","Bromont,_Quebec","Chambly,_Quebec","Longueuil","Saint-Jérôme,_Quebec","Mascouche","Buckingham,_Quebec","Mont-Laurier","Sherbrooke","Shefford,_Quebec","Marieville,_Quebec","Longueuil","Saint-Lin–Laurentides,_Quebec","La_Plaine,_Quebec","Masson-Angers,_Quebec","Rock_Forest,_Quebec","Farnham,_Quebec","Saint-Basile-le-Grand,_Quebec","Longueuil","Beauharnois,_Quebec","Mirabel,_Quebec","Val-des-Monts,_Quebec","Sorel-Tracy","Saint-Lambert,_Quebec","Saint-Eustache,_Quebec","Gatineau","Val-d'Or","Saint-Élie-d'Orford,_Quebec","Saint-Hyacinthe,_Quebec","Sorel-Tracy","Saint-Lambert,_Quebec","La_Prairie,_Quebec","Mercier,_Quebec","Saint-Eustache,_Quebec","Gatineau","Windsor,_Quebec","Saint-Hyacinthe,_Quebec","Saint-Lambert,_Quebec","Salaberry-de-Valleyfield","Asbestos,_Quebec","Saint-Hyacinthe,_Quebec","Nicolet,_Quebec","Saint-Hubert,_Quebec","Lavaltrie,_Quebec","Salaberry-de-Valleyfield","Vaudreuil-Dorion","Gatineau","Amos,_Quebec","Saint-Bruno-de-Montarville","Greenfield_Park,_Quebec","Louiseville","Terrebonne,_Quebec","Vaudreuil-Dorion","Gatineau","Ville-Marie,_Quebec","Saint-Luc,_Quebec","Brossard","L'Assomption,_Quebec","Terrebonne,_Quebec","Pincourt,_Quebec","Magog,_Quebec","Saint-Jean-sur-Richelieu","Varennes,_Quebec","Brossard","L'Épiphanie,_Quebec_(city)","Terrebonne,_Quebec","Salaberry-de-Valleyfield","Hull,_Quebec","Rouyn-Noranda","Saint-Jean-sur-Richelieu","Saint-Hubert,_Quebec","Brossard","Repentigny,_Quebec","Terrebonne,_Quebec","Saint-Jérôme,_Quebec","Hull,_Quebec","Rouyn-Noranda","Saint-Cyrille-de-Wendover,_Quebec","Saint-Hubert,_Quebec","Brossard","Repentigny,_Quebec","Sainte-Thérèse,_Quebec","Saint-Jérôme,_Quebec","Hull,_Quebec","La_Sarre,_Quebec","Centre-du-Québec","Danville,_Quebec","Kingsey_Falls,_Quebec","Saint-Adrien,_Quebec","Saint-Albert,_Quebec","Saint-Camille,_Quebec","Sainte-Clotilde-de-Horton,_Quebec","Saint-Georges-de-Windsor,_Quebec","Saint-Rémi-de-Tingwick,_Quebec","Tingwick,_Quebec","Warwick,_Quebec","Wotton,_Quebec","Estrie","Ascot_Corner,_Quebec","Austin,_Quebec","Ayer's_Cliff,_Quebec","Bishopton,_Quebec","Bury,_Quebec","Chartierville,_Quebec","Compton,_Quebec","Cookshire,_Quebec","Dixville,_Quebec","East_Angus,_Quebec","East_Hereford,_Quebec","Georgeville,_Quebec","Sainte-Catherine-de-Hatley,_Quebec","Kingsbury,_Quebec","La_Patrie,_Quebec","Martinville,_Quebec","North_Hatley,_Quebec","Notre-Dame-des-Bois,_Quebec","Richmond,_Quebec","Saint-Benoît-du-Lac,_Quebec","Saint-Claude,_Quebec","Saint-Denis-de-Brompton,_Quebec","Sainte-Edwidge,_Quebec","Saint-Félix-de-Kingsey,_Quebec","Saint-François-Xavier-de-Brompton,_Quebec","Saint-Herménégilde,_Quebec","Saint-Isidore-de-Clifton,_Quebec","Saint-Malo,_Quebec","Sawyerville,_Quebec","Scotstown,_Quebec","Stanstead,_Quebec","Stoke,_Quebec","Waterville,_Quebec","Weedon,_Quebec","Hatley,_Quebec_(municipality)","Centre-du-Québec","Bon-Conseil,_Quebec","L'Avenir,_Quebec","Saint-Bonaventure,_Quebec","Sainte-Brigitte-des-Saults,_Quebec","Saint-Célestin,_Quebec_(municipality)","Saint-Eugène-de-Grantham,_Quebec","Saint-Germain-de-Grantham,_Quebec","Saint-Guillaume,_Quebec","Saint-Léonard-d'Aston,_Quebec","Saint-Lucien,_Quebec","Sainte-Perpétue,_Centre-du-Québec,_Quebec","Wickham,_Quebec","Estrie","Saint-Paul-d'Abbotsford,_Quebec","Abercorn,_Quebec","Ange-Gardien,_Quebec","Bolton-Est,_Quebec","Bonsecours,_Quebec","Brome,_Quebec","Dunham,_Quebec","Eastman,_Quebec","Fulford,_Quebec","Knowlton,_Quebec","Lawrenceville,_Quebec","Mansonville,_Quebec","Racine,_Quebec","Roxton_Pond,_Quebec","Saint-Alphonse-de-Granby,_Quebec","Sainte-Cécile-de-Milton,_Quebec","Sutton,_Quebec","Valcourt,_Quebec_(city)","Warden,_Quebec","Waterloo,_Quebec","Bois-Francs","Baie-du-Febvre,_Quebec","Grand-Saint-Esprit,_Quebec","La_Visitation-de-Yamaska,_Quebec","Odanak,_Quebec","Pierreville,_Quebec","Saint-Aimé,_Quebec","Saint-François-du-Lac,_Quebec","Sainte-Monique,_Centre-du-Québec,_Quebec","Saint-Ours,_Quebec","Saint-Pie-de-Guire,_Quebec","Saint-Robert,_Quebec","Sainte-Victoire-de-Sorel,_Quebec","Saint-Zéphirin-de-Courval,_Quebec","Yamaska,_Quebec","Yamaska-Est,_Quebec","Bois-Francs","Acton_Vale,_Quebec","La_Présentation,_Quebec","Saint-Bernard-de-Michaudville,_Quebec","Roxton_Falls,_Quebec","Saint-Barnabé-Sud,_Quebec","Sainte-Christine,_Quebec","Saint-Damase,_Montérégie,_Quebec","Saint-Denis-sur-Richelieu,_Quebec","Saint-Dominique,_Quebec","Sainte-Hélène-de-Bagot,_Quebec","Saint-Hugues,_Quebec","Saint-Jude,_Quebec","Saint-Liboire,_Quebec","Sainte-Madeleine,_Quebec","Saint-Marcel-de-Richelieu,_Quebec","Saint-Nazaire-d'Acton,_Quebec","Saint-Pie,_Quebec","Saint-Simon-de-Bagot,_Quebec","Saint-Théodore-d'Acton,_Quebec","Saint-Valérien-de-Milton,_Quebec","Durham-Sud,_Quebec","Upton,_Quebec","Saint-Charles-sur-Richelieu,_Quebec","Montérégie","Bedford,_Quebec_(town)","Clarenceville,_Quebec","Henryville,_Quebec","Saint-Paul-de-l'Île-aux-Noix,_Quebec","Lacolle,_Quebec","Mont-Saint-Grégoire,_Quebec","Napierville,_Quebec","Notre-Dame-de-Stanbridge,_Quebec","Philipsburg,_Quebec","Pike_River,_Quebec","Saint-Jean-sur-Richelieu,_Quebec","Saint-Alexandre-d'Iberville,_Quebec","Saint-Armand,_Quebec","Saint-Bernard-de-Lacolle,_Quebec","Saint-Blaise-sur-Richelieu,_Quebec","Sainte-Brigide-d'Iberville,_Quebec","Saint-Ignace-de-Stanbridge,_Quebec","Sainte-Sabine,_Montérégie,_Quebec","Saint-Sébastien,_Montérégie,_Quebec","Saint-Valentin,_Quebec","Sabrevois,_Quebec","Stanbridge_East,_Quebec","Stanbridge_Station,_Quebec","Venise-en-Québec,_Quebec","Lanaudière","Berthierville,_Quebec","Crabtree,_Quebec","Saint-Ambroise-de-Kildare,_Quebec","Lanoraie,_Quebec","Lourdes-de-Joliette,_Quebec","Mandeville,_Quebec","Manouane,_Quebec","Maskinongé,_Quebec","Sainte-Angèle-de-Prémont,_Quebec","Rawdon,_Quebec","Saint-Alexis-de-Montcalm,_Quebec","Saint-Alexis-des-Monts,_Quebec","Saint-Alphonse-Rodriguez,_Quebec","Saint-Barthélemy,_Quebec","Sainte-Béatrix,_Quebec","Saint-Calixte,_Quebec","Saint-Cléophas-de-Brandon,_Quebec","Saint-Côme,_Quebec","Saint-Cuthbert,_Quebec","Saint-Damien,_Quebec","Saint-Didace,_Quebec","Saint-Édouard-de-Maskinongé,_Quebec","Sainte-Élisabeth,_Quebec","Sainte-Émélie-de-l'Énergie,_Quebec","Saint-Esprit,_Quebec","Saint-Félix-de-Valois,_Quebec","Saint-Gabriel-de-Brandon,_Quebec","Saint-Ignace-de-Loyola,_Quebec","Saint-Jacques,_Quebec","Saint-Jean-de-Matha,_Quebec","Sainte-Julienne,_Quebec","Saint-Justin,_Quebec","Saint-Léon,_Quebec","Saint-Liguori,_Quebec","Sainte-Marcelline-de-Kildare,_Quebec","Sainte-Marie-Salomé,_Quebec","Sainte-Mélanie,_Quebec","Saint-Michel-des-Saints,_Quebec","Saint-Norbert,_Quebec","Saint-Paul,_Quebec","Saint-Paulin,_Quebec","Saint-Roch-de-l'Achigan,_Quebec","Chertsey,_Quebec","Saint-Thomas,_Quebec","Sainte-Ursule,_Quebec","Saint-Zénon,_Quebec","Montérégie","Calixa-Lavallée,_Quebec","Kahnawake,_Quebec","Contrecoeur,_Quebec","Hemmingford,_Quebec_(township)","Rougemont,_Quebec","Saint-Amable,_Quebec","Sainte-Angèle-de-Monnoir,_Quebec","Saint-Antoine-sur-Richelieu,_Quebec","Saint-Césaire,_Quebec","Sainte-Clotilde,_Quebec","Saint-Édouard-de-Napierville,_Quebec","Saint-Isidore-de-Laprairie,_Quebec","Saint-Jean-Baptiste,_Quebec","Saint-Marc-sur-Richelieu,_Quebec","Saint-Mathieu-de-Laprairie,_Quebec","Saint-Michel,_Quebec","Saint-Philippe,_Quebec","Saint-Rémi,_Quebec","Saint-Roch-de-Richelieu,_Quebec","Sherrington,_Quebec","Verchères,_Quebec","Nunavik","Kangirsuk,_Quebec","Kuujjuaq,_Quebec","Chisasibi,_Quebec","Kuujjuarapik,_Quebec","Ivujivik,_Quebec","Quaqtaq,_Quebec","Kangiqsujuaq,_Quebec","Wemindji,_Quebec","Inukjuak,_Quebec","Kangiqsualujjuaq,_Quebec","Puvirnituq,_Quebec","Waskaganish,_Quebec","Salluit,_Quebec","Tasiujaq,_Quebec","Akulivik,_Quebec","Eastmain,_Quebec","Aupaluk,_Quebec","Umiujaq,_Quebec","Oka,_Quebec","Pointe-Calumet,_Quebec","Sainte-Anne-des-Plaines,_Quebec","Saint-Joseph-du-Lac,_Quebec","Sainte-Marthe-sur-le-Lac,_Quebec","Vaudreuil-Soulanges_Regional_County_Municipality,_Quebec","Coteau-du-Lac,_Quebec","Dalhousie,_Quebec","Hudson,_Quebec","Hudson_Heights,_Quebec","Île-Perrot-Sud,_Quebec","Pointe-des-Cascades,_Quebec","Pointe-Fortune,_Quebec","Rigaud,_Quebec","Rivière-Beaudette,_Quebec","Saint-Clet,_Quebec","Sainte-Justine-de-Newton,_Quebec","Sainte-Marthe,_Quebec","Saint-Polycarpe,_Quebec","Saint-Télesphore,_Quebec","Saint-Zotique,_Quebec","Laurentides","Mille-Isles,_Quebec","Sainte-Anne-des-Lacs,_Quebec","Morin-Heights,_Quebec","Piedmont,_Quebec","Saint-Sauveur,_Quebec","Prévost,_Quebec","Montérégie","Athelstan,_Quebec","Cazaville,_Quebec","Dewittville,_Quebec","Franklin_Centre,_Quebec","Elgin,_Quebec_","Howick,_Quebec","Huntingdon,_Quebec","Melocheville,_Quebec","Ormstown,_Quebec","Sainte-Agnès-de-Dundee,_Quebec","Saint-Anicet,_Quebec","Saint-Antoine-Abbé,_Quebec","Sainte-Barbe,_Quebec","Saint-Chrysostome,_Quebec","Saint-Étienne-de-Beauharnois,_Quebec","Saint-Louis-de-Gonzague,_Montérégie,_Quebec","Sainte-Martine,_Quebec","Saint-Stanislas-de-Kostka,_Quebec","Saint-Urbain-Premier,_Quebec","Laurentides","Arundel,_Quebec","Brébeuf,_Quebec","Estérel,_Quebec","Huberdeau,_Quebec","Labelle,_Quebec","Saint-Faustin–Lac-Carré,_Quebec","Lac-des-Plages,_Quebec","Sainte-Marguerite-du-Lac-Masson,_Quebec","La_Conception,_Quebec","Lac-Supérieur,_Quebec","La_Macaza,_Quebec","La_Minerve,_Quebec","Rivière-Rouge,_Quebec","Lantier,_Quebec","L'Ascension,_Quebec","Wentworth-Nord,_Quebec","Notre-Dame-de-la-Merci,_Quebec","Saint-Adolphe-d'Howard,_Quebec","Saint-Donat-de-Montcalm,_Quebec","Entrelacs,_Quebec","Saint-Faustin–Lac-Carré,_Quebec","Sainte-Lucie-des-Laurentides,_Quebec","Saint-Rémi-d'Amherst,_Quebec","Lac-des-Seize-Îles,_Quebec","Val-David,_Quebec","Val-des-Lacs,_Quebec","Val-Morin,_Quebec","Montcalm,_Quebec","Laurentides","Grenville-sur-la-Rouge,_Quebec","Chénéville,_Quebec","Duhamel,_Quebec","Fassett,_Quebec","Grenville,_Quebec","Gore,_Quebec","Montebello,_Quebec","Montpellier,_Quebec","Namur,_Quebec","Notre-Dame-de-la-Paix,_Quebec","Papineauville,_Quebec","Plaisance,_Quebec","Ripon,_Quebec","Saint-André-Avellin,_Quebec","Saint-André-d'Argenteuil,_Quebec","Saint-Émile-de-Suffolk,_Quebec","Saint-Placide,_Quebec","Outaouais","Ferme-Neuve,_Quebec","Grand-Remous,_Quebec","Kiamika,_Quebec","Lac-des-Écorces,_Quebec","Lac-des-Îles,_Quebec","Lac-Saint-Paul,_Quebec","Lac-Saguay,_Quebec","Montcerf-Lytton,_Quebec","Mont-Saint-Michel,_Quebec","Nominingue,_Quebec","Notre-Dame-de-Pontmain,_Quebec","Sainte-Anne-du-Lac,_Quebec","Aumond,_Quebec","Outaouais","Alcove,_Quebec","Blue_Sea,_Quebec","Bouchette,_Quebec","Bristol,_Quebec","Bryson,_Quebec","Île_du_Grand-Calumet,_Quebec","Campbell's_Bay,_Quebec","Chapeau,_Quebec","Danford_Lake,_Quebec","Davidson,_Quebec","Duclos,_Quebec","Farrellton,_Quebec","Fort-Coulonge,_Quebec","Gracefield,_Quebec","Kazabazua,_Quebec","Lac-Cayamant,_Quebec","Lac-Sainte-Marie,_Quebec","Ladysmith,_Quebec","Low,_Quebec","Luskville,_Quebec","Messines,_Quebec","Notre-Dame-de-la-Salette,_Quebec","Notre-Dame-du-Laus,_Quebec","Otter_Lake,_Quebec","Portage-du-Fort,_Quebec","Quyon,_Quebec","Sainte-Cécile-de-Masham,_Quebec","Sainte-Thérèse-de-la-Gatineau,_Quebec","Shawville,_Quebec","Sheenboro,_Quebec","Thurso,_Quebec","Val-des-Bois,_Quebec","Venosta,_Quebec","Wakefield,_Quebec","Waltham,_Quebec","Lac_des_Loups,_Quebec","Rapides-des-Joachims,_Quebec","Abitibi-Témiscamingue","Barraute,_Quebec","Cadillac,_Quebec","Champneuf,_Quebec","Saint-Félix-de-Dalquier,_Quebec","Desmaraisville,_Quebec","Saint-Marc-de-Figuery,_Quebec","Guyenne,_Quebec","Saint-Mathieu-d'Harricana,_Quebec","La_Corne,_Quebec","La_Morandière,_Quebec","Landrienne,_Quebec","Launay,_Quebec","Lebel-sur-Quévillon,_Quebec","Malartic,_Quebec","Matagami,_Quebec","Miquelon,_Quebec","Preissac,_Quebec","Berry,_Quebec","Rivière-Héva,_Quebec","Rochebaucourt,_Quebec","Saint-Dominique-du-Rosaire,_Quebec","Sainte-Gertrude-Manneville,_Quebec","Senneterre,_Quebec","Trécesson,_Quebec","Radisson,_Quebec","Nemiscau,_Quebec","Waswanipi,_Quebec","Eastmain-1-à-Sarcelle-Rupert,_Quebec","Lac-Simon,_Abitibi-Témiscamingue,_Quebec","Abitibi-Témiscamingue","Angliers,_Quebec","Arntfield,_Quebec","Authier,_Quebec","Authier-Nord,_Quebec","Béarn,_Quebec","Beaucanton,_Quebec","Bellecombe,_Quebec","Belleterre,_Quebec","Sainte-Germaine-Boulé,_Quebec","Chazel,_Quebec","Cléricy,_Quebec","Clerval,_Quebec","Cloutier,_Quebec","Desméloizes,_Quebec","Duparquet,_Quebec","Dupuy,_Quebec","Évain,_Quebec","Fabre,_Quebec","Fugèreville,_Quebec","Gallichan,_Quebec","Guérin,_Quebec","Saint-Bruno-de-Guigues,_Quebec","Kipawa,_Quebec","Laforce,_Quebec","Laniel,_Quebec","La_Reine,_Quebec","Latulipe,_Quebec","Laverlochère,_Quebec","Lorrainville,_Quebec","Macamic,_Quebec","Mancebourg,_Quebec","Moffet,_Quebec","Montbeillard,_Quebec","Mont-Brun,_Quebec","Nédélec,_Quebec","Normetal,_Quebec","Notre-Dame-du-Nord,_Quebec","Palmarolle,_Quebec","Poularies,_Quebec","Rollet,_Quebec","Roquemaure,_Quebec","Saint-Eugène-de-Guigues,_Quebec","Saint-Vital-de-Clermont,_Quebec","Taschereau,_Quebec","Témiscaming,_Quebec","Val-Paradis,_Quebec","Val-Saint-Gilles,_Quebec","Villebois,_Quebec"]}