{"cursor":"43736","size":15,"audio":[],"currentlang":"en","article":"__NOTOC__ This is a list of postal codes in Canada where the first letter is A.\nPostal codes beginning with A are located within the Canadian province of\nNewfoundland and Labrador. Only the first three characters are listed,\ncorresponding to the Forward Sortation Area.\n\nCanada Post provides a free postal code look-up tool on its website, {{cite\nweb |url=https://www.canadapost.ca/cpotools/apps/fpc/personal/findByCity?execut-\nion=e2s1 |author=Canada Post |title=Canada Post - Find a Postal Code\n|accessdate=9 November 2008 }}  via its applications for such\nsmartphones as the iPhone and BlackBerry, and sells hard-copy\ndirectories and CD-ROMs. Many vendors also sell validation tools, which allow\ncustomers to properly match addresses and postal codes. Hard-copy directories\ncan also be consulted in all post offices, and some libraries.\n","linknr":583,"url":"List_of_A_Postal_Codes_of_Canada","recorded":1375054970,"links":["/w/index.php?title=List_of_A_postal_codes_of_Canada&action=edit","/w/index.php?title=List_of_A_postal_codes_of_Canada&action=edit","//bits.wikimedia.org/favicon/wikipedia.ico","/w/opensearch_desc.php","//en.wikipedia.org/w/api.php?action=rsd","//creativecommons.org/licenses/by-sa/3.0/","/w/index.php?title=Special:RecentChanges&feed=atom","/wiki/List_of_A_postal_codes_of_Canada","//bits.wikimedia.org/en.wikipedia.org/load.php?debug=false&lang=en&modules=ext.gadget.DRN-wizard%2CReferenceTooltips%2Ccharinsert%2Cteahouse%7Cext.rtlcite%2Cwikihiero%7Cext.uls.nojs%7Cmediawiki.legacy.commonPrint%2Cshared%7Cmw.PopUpMediaTransform%7Cskins.vector&only=styles&skin=vector&*","//bits.wikimedia.org/en.wikipedia.org/load.php?debug=false&lang=en&modules=site&only=styles&skin=vector&*","//bits.wikimedia.org/en.wikipedia.org/load.php?debug=false&lang=en&modules=startup&only=scripts&skin=vector&*","//bits.wikimedia.org/geoiplookup","//meta.wikimedia.org","/w/index.php?title=List_of_A_Postal_Codes_of_Canada&redirect=no","#mw-navigation","#p-search","/wiki/Postal_codes_in_Canada","/wiki/Newfoundland_and_Labrador","/wiki/Canada_Post","#cite_note-1","/w/index.php?title=APP_(file_format)&action=edit&redlink=1","/wiki/Smartphones","/wiki/IPhone","/wiki/BlackBerry","#cite_note-2","/wiki/CD-ROM","/wiki/Newfoundland_and_Labrador","/wiki/Canadian_postal_code#Forward_sortation_areas","/w/index.php?title=List_of_A_postal_codes_of_Canada&action=edit&section=1","/w/index.php?title=List_of_A_postal_codes_of_Canada&action=edit&section=2","/wiki/St._John%27s,_Newfoundland_and_Labrador","/wiki/Grand_Falls,_Newfoundland_and_Labrador","/wiki/Clarenville,_Newfoundland_and_Labrador","/wiki/Deer_Lake,_Newfoundland_and_Labrador","/wiki/St._John%27s,_Newfoundland_and_Labrador","/wiki/Windsor,_Newfoundland_and_Labrador","/wiki/St._John%27s,_Newfoundland_and_Labrador","/wiki/St._John%27s,_Newfoundland_and_Labrador","/wiki/St._John%27s,_Newfoundland_and_Labrador","/wiki/St._John%27s,_Newfoundland_and_Labrador","/wiki/Corner_Brook","/wiki/Torbay,_Newfoundland_and_Labrador","/wiki/Paradise,_Newfoundland_and_Labrador","/wiki/Portugal_Cove-St._Philip%27s","/wiki/Mount_Pearl","/wiki/Stephenville,_Newfoundland_and_Labrador","/wiki/Goulds,_Newfoundland_and_Labrador","/wiki/Gander,_Newfoundland_and_Labrador","/wiki/Labrador_City","/wiki/Conception_Bay_South","/wiki/Conception_Bay,_Newfoundland_and_Labrador","/wiki/Carbonear","/w/index.php?title=List_of_A_postal_codes_of_Canada&action=edit&section=3","/wiki/Avalon_Peninsula","/wiki/Aquaforte,_Newfoundland_and_Labrador","/wiki/Avondale,_Newfoundland_and_Labrador","/wiki/Bay_Bulls,_Newfoundland_and_Labrador","/wiki/Bay_de_Verde,_Newfoundland_and_Labrador","/wiki/Bay_Roberts,_Newfoundland_and_Labrador","/w/index.php?title=Bell_Island_Front,_Newfoundland_and_Labrador&action=edit&redlink=1","/w/index.php?title=Shea_Heights,_Newfoundland_and_Labrador&action=edit&redlink=1","/wiki/Brigus,_Newfoundland_and_Labrador","/wiki/Broad_Cove,_Newfoundland_and_Labrador","/wiki/Burnt_Point,_Newfoundland_and_Labrador","/wiki/Calvert,_Newfoundland_and_Labrador","/wiki/Cape_Broyle,_Newfoundland_and_Labrador","/wiki/Caplin_Cove,_Newfoundland_and_Labrador","/wiki/Cappahayden,_Newfoundland_and_Labrador","/wiki/Chapel%27s_Cove,_Newfoundland_and_Labrador","/wiki/Clarke%27s_Beach,_Newfoundland_and_Labrador","/w/index.php?title=Coleys_Point_South,_Newfoundland_and_Labrador&action=edit&redlink=1","/w/index.php?title=Colliers_Riverhead,_Newfoundland_and_Labrador&action=edit&redlink=1","/wiki/Conception_Harbour,_Newfoundland_and_Labrador","/wiki/Cupids,_Newfoundland_and_Labrador","/wiki/Fermeuse,_Newfoundland_and_Labrador","/wiki/Ferryland,_Newfoundland_and_Labrador","/wiki/Grates_Cove,_Newfoundland_and_Labrador","/wiki/Harbour_Grace,_Newfoundland_and_Labrador","/wiki/Harbour_Grace_South,_Newfoundland_and_Labrador","/wiki/Harbour_Main,_Newfoundland_and_Labrador","/wiki/Holyrood,_Newfoundland_and_Labrador","/wiki/Job%27s_Cove,_Newfoundland_and_Labrador","/wiki/Lance_Cove,_Newfoundland_and_Labrador","/wiki/Lower_Island_Cove,_Newfoundland_and_Labrador","/wiki/Makinsons,_Newfoundland_and_Labrador","/wiki/Marysvale,_Newfoundland_and_Labrador","/wiki/Mobile,_Newfoundland_and_Labrador","/wiki/Northern_Bay,_Newfoundland_and_Labrador","/w/index.php?title=North_Valley,_Newfoundland_and_Labrador&action=edit&redlink=1","/wiki/Ochre_Pit_Cove,_Newfoundland_and_Labrador","/wiki/Old_Perlican,_Newfoundland_and_Labrador","/wiki/Petty_Harbour,_Newfoundland_and_Labrador","/w/index.php?title=Port_de_Grace,_Newfoundland_and_Labrador&action=edit&redlink=1","/wiki/Pouch_Cove,_Newfoundland_and_Labrador","/wiki/Red_Head_Cove,_Newfoundland_and_Labrador","/wiki/Renews,_Newfoundland_and_Labrador","/w/index.php?title=Riverhead_Harbour_Grace,_Newfoundland_and_Labrador&action=edit&redlink=1","/wiki/St._Shott%27s,_Newfoundland_and_Labrador","/wiki/Salmon_Cove,_Newfoundland_and_Labrador","/wiki/Shearstown,_Newfoundland_and_Labrador","/wiki/South_River,_Newfoundland_and_Labrador","/wiki/Spaniard%27s_Bay,_Newfoundland_and_Labrador","/wiki/Tors_Cove,_Newfoundland_and_Labrador","/wiki/Trepassey,_Newfoundland_and_Labrador","/wiki/Upper_Island_Cove,_Newfoundland_and_Labrador","/wiki/Victoria,_Newfoundland_and_Labrador","/wiki/Bell_Island,_Newfoundland_and_Labrador","/wiki/Western_Bay,_Newfoundland_and_Labrador","/wiki/Witless_Bay,_Newfoundland_and_Labrador","/w/index.php?title=Woodfords,_Newfoundland_and_Labrador&action=edit&redlink=1","/wiki/Avalon_Peninsula","/wiki/Arnold%27s_Cove,_Newfoundland_and_Labrador","/wiki/Bellevue,_Newfoundland_and_Labrador","/wiki/Blaketown,_Newfoundland_and_Labrador","/wiki/Branch,_Newfoundland_and_Labrador","/wiki/Brigus_Junction,_Newfoundland_and_Labrador","/wiki/Brownsdale,_Newfoundland_and_Labrador","/wiki/Cavendish,_Newfoundland_and_Labrador","/wiki/Chance_Cove,_Newfoundland_and_Labrador","/wiki/Chapel_Arm,_Newfoundland_and_Labrador","/wiki/Colinet,_Newfoundland_and_Labrador","/wiki/Come_By_Chance,_Newfoundland_and_Labrador","/wiki/Dildo,_Newfoundland_and_Labrador","/wiki/South_Dildo,_Newfoundland_and_Labrador","/wiki/Dunville,_Newfoundland_and_Labrador","/wiki/Fair_Haven,_Newfoundland_and_Labrador","/wiki/Fox_Harbour,_Newfoundland_and_Labrador","/wiki/Freshwater,_Newfoundland_and_Labrador","/wiki/Green%27s_Harbour,_Newfoundland_and_Labrador","/wiki/Hant%27s_Harbour,_Newfoundland_and_Labrador","/wiki/Heart%27s_Content,_Newfoundland_and_Labrador","/wiki/Heart%27s_Delight,_Newfoundland_and_Labrador","/wiki/Heart%27s_Desire,_Newfoundland_and_Labrador","/wiki/Hopeall,_Newfoundland_and_Labrador","/wiki/Islington,_Newfoundland_and_Labrador","/wiki/Jerseyside,_Newfoundland_and_Labrador","/wiki/Little_Harbour_East,_Newfoundland_and_Labrador","/wiki/Long_Harbour,_Newfoundland_and_Labrador","/wiki/Mount_Arlington_Heights,_Newfoundland_and_Labrador","/wiki/Mount_Carmel,_Newfoundland_and_Labrador","/wiki/New_Chelsea,_Newfoundland_and_Labrador","/wiki/New_Harbour,_Newfoundland_and_Labrador","/wiki/New_Melbourne,_Newfoundland_and_Labrador","/wiki/New_Perlican,_Newfoundland_and_Labrador","/wiki/Norman%27s_Cove,_Newfoundland_and_Labrador","/wiki/North_Harbour,_Newfoundland_and_Labrador","/wiki/Placentia,_Newfoundland_and_Labrador","/wiki/St._Brides,_Newfoundland_and_Labrador","/wiki/St._Joseph%27s,_Newfoundland_and_Labrador","/wiki/St._Mary%27s,_Newfoundland_and_Labrador","/wiki/St._Vincent%27s,_Newfoundland_and_Labrador","/wiki/Ship_Harbour,_Newfoundland_and_Labrador","/wiki/Southern_Harbour,_Newfoundland_and_Labrador","/wiki/Sunnyside,_Newfoundland_and_Labrador","/wiki/Whitbourne,_Newfoundland_and_Labrador","/wiki/Whiteway,_Newfoundland_and_Labrador","/wiki/Winterton,_Newfoundland_and_Labrador","/wiki/Turks_Cove,_Newfoundland_and_Labrador","/wiki/Bonavista_Peninsula","/wiki/Bloomfield,_Newfoundland_and_Labrador","/wiki/Bonavista,_Newfoundland_and_Labrador","/wiki/Bunyan%27s_Cove,_Newfoundland_and_Labrador","/wiki/Burgoyne%27s_Cove,_Newfoundland_and_Labrador","/wiki/Canning%27s_Cove,_Newfoundland_and_Labrador","/wiki/Catalina,_Newfoundland_and_Labrador","/wiki/Charleston,_Newfoundland_and_Labrador","/wiki/Charlottetown,_Newfoundland,_Newfoundland_and_Labrador","/wiki/Duntara,_Newfoundland_and_Labrador","/wiki/Elliston,_Newfoundland_and_Labrador","/wiki/Hickman%27s_Harbour,_Newfoundland_and_Labrador","/wiki/Keels,_Newfoundland_and_Labrador","/wiki/King%27s_Cove,_Newfoundland_and_Labrador","/wiki/Knight%27s_Cove,_Newfoundland_and_Labrador","/wiki/Lethbridge,_Newfoundland_and_Labrador","/wiki/Little_Catalina,_Newfoundland_and_Labrador","/wiki/Melrose,_Newfoundland_and_Labrador","/wiki/Musgravetown,_Newfoundland_and_Labrador","/wiki/Newman%27s_Cove,_Newfoundland_and_Labrador","/wiki/Open_Hall,_Newfoundland_and_Labrador","/wiki/Plate_Cove_East,_Newfoundland_and_Labrador","/wiki/Plate_Cove_West,_Newfoundland_and_Labrador","/wiki/Port_Blandford,_Newfoundland_and_Labrador","/wiki/Port_Rexton,_Newfoundland_and_Labrador","/wiki/Port_Union,_Newfoundland_and_Labrador","/wiki/Princeton,_Newfoundland_and_Labrador","/wiki/Southern_Bay,_Newfoundland_and_Labrador","/wiki/Summerville,_Newfoundland_and_Labrador","/wiki/Sweet_Bay,_Newfoundland_and_Labrador","/wiki/Tickle_Cove,_Newfoundland_and_Labrador","/wiki/Trinity,_Newfoundland_and_Labrador","/wiki/Burin_Peninsula","/wiki/Baine_Harbour,_Newfoundland_and_Labrador","/wiki/Bay_L%27Argent,_Newfoundland_and_Labrador","/w/index.php?title=Boat_Harbour_West,_Newfoundland_and_Labrador&action=edit&redlink=1","/wiki/Burin,_Newfoundland_and_Labrador","/w/index.php?title=Burin_Bay_Arm,_Newfoundland_and_Labrador&action=edit&redlink=1","/wiki/Parkers_Cove,_Newfoundland_and_Labrador","/w/index.php?title=Creston,_Newfoundland_and_Labrador&action=edit&redlink=1","/w/index.php?title=Creston_North,_Newfoundland_and_Labrador&action=edit&redlink=1","/wiki/English_Harbour_East,_Newfoundland_and_Labrador","/wiki/Epworth,_Newfoundland_and_Labrador","/wiki/Fortune,_Newfoundland_and_Labrador","/wiki/Frenchman%27s_Cove,_Newfoundland_and_Labrador","/wiki/Garden_Cove,_Newfoundland_and_Labrador","/wiki/Garnish,_Newfoundland_and_Labrador","/wiki/Gooseberry_Cove,_Newfoundland_and_Labrador","/wiki/Grand_Bank,_Newfoundland_and_Labrador","/wiki/Grand_Beach,_Newfoundland_and_Labrador","/wiki/Grand_le_Pierre,_Newfoundland_and_Labrador","/wiki/Harbour_Mille,_Newfoundland_and_Labrador","/wiki/Hillview,_Newfoundland_and_Labrador","/wiki/Hodge%27s_Cove,_Newfoundland_and_Labrador","/wiki/Lamaline,_Newfoundland_and_Labrador","/wiki/Lawn,_Newfoundland_and_Labrador","/wiki/Lewin%27s_Cove,_Newfoundland_and_Labrador","/w/index.php?title=Little_Bay,_Burin_Peninsula,_Newfoundland_and_Labrador&action=edit&redlink=1","/wiki/Little_Bay_East,_Newfoundland_and_Labrador","/wiki/Little_Heart%27s_Ease,_Newfoundland_and_Labrador","/wiki/Little_St._Lawrence,_Newfoundland_and_Labrador","/wiki/Marystown,_Newfoundland_and_Labrador","/w/index.php?title=North_Harbour,_Placentia_Bay,_Newfoundland_and_Labrador&action=edit&redlink=1","/wiki/North_West_Brook,_Newfoundland_and_Labrador","/wiki/Red_Harbour,_Newfoundland_and_Labrador","/wiki/Rushoon,_Newfoundland_and_Labrador","/wiki/St._Bernard%27s-Jacques_Fontaine,_Newfoundland_and_Labrador","/wiki/St._Lawrence,_Newfoundland_and_Labrador","/wiki/Swift_Current,_Newfoundland_and_Labrador","/wiki/Terrenceville,_Newfoundland_and_Labrador","/wiki/Winterland,_Newfoundland_and_Labrador","/wiki/Monkstown,_Newfoundland_and_Labrador","/wiki/Petite_Forte,_Newfoundland_and_Labrador","/wiki/South_East_Bight,_Newfoundland_and_Labrador","/wiki/Aspen_Cove,_Newfoundland_and_Labrador","/wiki/Badger%27s_Quay,_Newfoundland_and_Labrador","/wiki/Benton,_Newfoundland_and_Labrador","/wiki/Birchy_Bay,_Newfoundland_and_Labrador","/wiki/Boyd%27s_Cove,_Newfoundland_and_Labrador","/wiki/Bridgeport,_Newfoundland_and_Labrador","/wiki/Brookfield,_Newfoundland_and_Labrador","/wiki/Burnside,_Newfoundland_and_Labrador","/wiki/Campbellton,_Newfoundland_and_Labrador","/w/index.php?title=Cape_Freels_North,_Newfoundland_and_Labrador&action=edit&redlink=1","/wiki/Carmanville,_Newfoundland_and_Labrador","/wiki/Carter%27s_Cove,_Newfoundland_and_Labrador","/wiki/Change_Islands,_Newfoundland_and_Labrador","/wiki/Cottlesville,_Newfoundland_and_Labrador","/wiki/Gambo,_Newfoundland_and_Labrador","/wiki/Deadmans_Bay,_Newfoundland_and_Labrador","/wiki/Deep_Bay,_Newfoundland_and_Labrador","/wiki/Dover,_Newfoundland_and_Labrador","/wiki/Durrell,_Newfoundland_and_Labrador","/wiki/Eastport,_Newfoundland_and_Labrador","/wiki/Embree,_Newfoundland_and_Labrador","/wiki/Fogo,_Newfoundland_and_Labrador","/wiki/Frederickton,_Newfoundland_and_Labrador","/w/index.php?title=Gambo_South,_Newfoundland_and_Labrador&action=edit&redlink=1","/wiki/Gander_Bay,_Newfoundland_and_Labrador","/wiki/Gander_Bay_South,_Newfoundland_and_Labrador","/wiki/Baytona,_Newfoundland_and_Labrador","/wiki/Glenwood,_Newfoundland_and_Labrador","/wiki/Glovertown,_Newfoundland_and_Labrador","/w/index.php?title=Glovertown_South,_Newfoundland_and_Labrador&action=edit&redlink=1","/wiki/Greenspond,_Newfoundland_and_Labrador","/wiki/Hare_Bay,_Newfoundland_and_Labrador","/wiki/Herring_Neck,_Newfoundland_and_Labrador","/wiki/Hillgrade,_Newfoundland_and_Labrador","/wiki/Horwood,_Newfoundland_and_Labrador","/wiki/Indian_Bay,_Newfoundland_and_Labrador","/wiki/Island_Harbour,_Newfoundland_and_Labrador","/wiki/Joe_Batt%27s_Arm,_Newfoundland_and_Labrador","/wiki/Ladle_Cove,_Newfoundland_and_Labrador","/wiki/Laurenceton,_Newfoundland_and_Labrador","/wiki/Lewisporte,_Newfoundland_and_Labrador","/wiki/Little_Burnt_Bay,_Newfoundland_and_Labrador","/wiki/Loon_Bay,_Newfoundland_and_Labrador","/wiki/Lumsden,_Newfoundland_and_Labrador","/wiki/Main_Point,_Newfoundland_and_Labrador","/wiki/Moreton%27s_Harbour,_Newfoundland_and_Labrador","/wiki/Musgrave_Harbour,_Newfoundland_and_Labrador","/wiki/Comfort_Cove-Newstead,_Newfoundland_and_Labrador","/wiki/Newtown,_Newfoundland_and_Labrador","/wiki/Norris_Arm,_Newfoundland_and_Labrador","/wiki/Norris_Arm_North_Side,_Newfoundland_and_Labrador","/wiki/Pool%27s_Island,_Newfoundland_and_Labrador","/wiki/Port_Albert,_Newfoundland_and_Labrador","/wiki/Pound_Cove,_Newfoundland_and_Labrador","/wiki/Rodgers_Cove,_Newfoundland_and_Labrador","/wiki/St._Brendan%27s,_Newfoundland_and_Labrador","/wiki/St._Chad%27s,_Newfoundland_and_Labrador","/wiki/Salvage,_Newfoundland_and_Labrador","/wiki/Sandringham,_Newfoundland_and_Labrador","/wiki/Seldom,_Newfoundland_and_Labrador","/w/index.php?title=Shalloway_Cove,_Newfoundland_and_Labrador&action=edit&redlink=1","/wiki/Stag_Harbour,_Newfoundland_and_Labrador","/wiki/Stoneville,_Newfoundland_and_Labrador","/wiki/Summerford,_Newfoundland_and_Labrador","/wiki/Templeman,_Newfoundland_and_Labrador","/wiki/Tilting,_Newfoundland_and_Labrador","/wiki/Tizzard%27s_Harbour,_Newfoundland_and_Labrador","/wiki/Traytown,_Newfoundland_and_Labrador","/wiki/Trinity,_Newfoundland_and_Labrador","/wiki/Twillingate,_Newfoundland_and_Labrador","/wiki/Victoria_Cove,_Newfoundland_and_Labrador","/w/index.php?title=Wareham-Centreville,_Newfoundland_and_Labrador&action=edit&redlink=1","/wiki/Wesleyville,_Newfoundland_and_Labrador","/w/index.php?title=Valley_Pond,_Newfoundland_and_Labrador&action=edit&redlink=1","/w/index.php?title=Wings_Point,_Newfoundland_and_Labrador&action=edit&redlink=1","/wiki/Badger,_Newfoundland_and_Labrador","/wiki/Belleoram,_Newfoundland_and_Labrador","/wiki/Bishops_Falls,_Newfoundland_and_Labrador","/wiki/Botwood,_Newfoundland_and_Labrador","/wiki/Buchans,_Newfoundland_and_Labrador","/wiki/Buchans_Junction,_Newfoundland_and_Labrador","/wiki/Conne_River,_Newfoundland_and_Labrador","/wiki/Cottrell%27s_Cove,_Newfoundland_and_Labrador","/wiki/English_Harbour_West,_Newfoundland_and_Labrador","/wiki/Gaultois,_Newfoundland_and_Labrador","/wiki/Harbour_Breton,_Newfoundland_and_Labrador","/w/index.php?title=Head_Bay_d%27Espoir,_Newfoundland_and_Labrador&action=edit&redlink=1","/wiki/Hermitage,_Newfoundland_and_Labrador","/wiki/Leading_Tickles,_Newfoundland_and_Labrador","/wiki/Millertown,_Newfoundland_and_Labrador","/wiki/Milltown,_Newfoundland_and_Labrador","/wiki/Peterview,_Newfoundland_and_Labrador","/wiki/Point_Leamington,_Newfoundland_and_Labrador","/wiki/Point_of_Bay,_Newfoundland_and_Labrador","/wiki/Pool%27s_Cove,_Newfoundland_and_Labrador","/wiki/Rencontre_East,_Newfoundland_and_Labrador","/wiki/St._Alban%27s,_Newfoundland_and_Labrador","/wiki/Seal_Cove,_Newfoundland_and_Labrador","/wiki/McCallum,_Newfoundland_and_Labrador","/wiki/Beaumont,_Newfoundland_and_Labrador","/wiki/Brighton,_Newfoundland_and_Labrador","/wiki/Harry%27s_Harbour,_Newfoundland_and_Labrador","/w/index.php?title=Jackson%27s_Cove,_Newfoundland_and_Labrador&action=edit&redlink=1","/wiki/King%27s_Point,_Newfoundland_and_Labrador","/wiki/Little_Bay,_Newfoundland_and_Labrador","/wiki/Little_Bay_Islands,_Newfoundland_and_Labrador","/wiki/Miles_Cove,_Newfoundland_and_Labrador","/wiki/Pilley%27s_Island,_Newfoundland_and_Labrador","/wiki/Port_Anson,_Newfoundland_and_Labrador","/wiki/Rattling_Brook,_Newfoundland_and_Labrador","/wiki/Robert%27s_Arm,_Newfoundland_and_Labrador","/wiki/South_Brook,_Newfoundland_and_Labrador","/wiki/Springdale,_Newfoundland_and_Labrador","/wiki/Triton,_Newfoundland_and_Labrador","/wiki/Anchor_Point,_Newfoundland_and_Labrador","/wiki/Baie_Verte,_Newfoundland_and_Labrador","/wiki/Bartletts_Harbour,_Newfoundland_and_Labrador","/wiki/Bellburns,_Newfoundland_and_Labrador","/wiki/Bide_Arm,_Newfoundland_and_Labrador","/wiki/Birchy_Head,_Newfoundland_and_Labrador","/wiki/Bird_Cove,_Newfoundland_and_Labrador","/wiki/Black_Duck_Cove,_Newfoundland_and_Labrador","/wiki/Black_Tickle,_Newfoundland_and_Labrador","/w/index.php?title=Bonne_Bay,_Newfoundland_and_Labrador&action=edit&redlink=1","/wiki/Brent%27s_Cove,_Newfoundland_and_Labrador","/wiki/Burlington,_Newfoundland_and_Labrador","/wiki/Lodge_Bay,_Newfoundland_and_Labrador","/wiki/Cartwright,_Newfoundland_and_Labrador","/w/index.php?title=Castors_River,_Newfoundland_and_Labrador&action=edit&redlink=1","/wiki/Coachman%27s_Cove,_Newfoundland_and_Labrador","/wiki/Conche,_Newfoundland_and_Labrador","/wiki/Cook%27s_Harbour,_Newfoundland_and_Labrador","/wiki/Cow_Head,_Newfoundland_and_Labrador","/wiki/Croque,_Newfoundland_and_Labrador","/wiki/Daniel%27s_Harbour,_Newfoundland_and_Labrador","/w/index.php?title=Eddies_Cove,_Newfoundland_and_Labrador&action=edit&redlink=1","/wiki/Eddies_Cove_West,_Newfoundland_and_Labrador","/wiki/Englee,_Newfoundland_and_Labrador","/wiki/Fleur_de_Lys,_Newfoundland_and_Labrador","/wiki/Flowers_Cove,_Newfoundland_and_Labrador","/wiki/Forteau,_Newfoundland_and_Labrador","/wiki/Green_Island_Brook,_Newfoundland_and_Labrador","/wiki/Green_Island_Cove,_Newfoundland_and_Labrador","/wiki/St._Lunaire-Griquet,_Newfoundland_and_Labrador","/wiki/Hampden,_Newfoundland_and_Labrador","/wiki/Harbour_Round,_Newfoundland_and_Labrador","/wiki/Hawke%27s_Bay,_Newfoundland_and_Labrador","/wiki/Howley,_Newfoundland_and_Labrador","/wiki/Jackson%27s_Arm,_Newfoundland_and_Labrador","/wiki/L%27Anse_au_Clair,_Newfoundland_and_Labrador","/wiki/L%27Anse-au-Loup,_Newfoundland_and_Labrador","/wiki/La_Scie,_Newfoundland_and_Labrador","/wiki/Main_Brook,_Newfoundland_and_Labrador","/wiki/Mary%27s_Harbour,_Newfoundland_and_Labrador","/wiki/Middle_Arm,_Newfoundland_and_Labrador","/wiki/Ming%27s_Bight,_Newfoundland_and_Labrador","/wiki/Nipper%27s_Harbour,_Newfoundland_and_Labrador","/wiki/Norris_Point,_Newfoundland_and_Labrador","/wiki/Pacquet,_Newfoundland_and_Labrador","/w/index.php?title=Paradise_River,_Newfoundland_and_Labrador&action=edit&redlink=1","/wiki/Parson%27s_Pond,_Newfoundland_and_Labrador","/wiki/Plum_Point,_Newfoundland_and_Labrador","/wiki/Pollards_Point,_Newfoundland_and_Labrador","/wiki/Port_au_Choix,_Newfoundland_and_Labrador","/wiki/Port_Hope_Simpson,_Newfoundland_and_Labrador","/wiki/Portland_Creek,_Newfoundland_and_Labrador","/wiki/Port_Saunders,_Newfoundland_and_Labrador","/wiki/Raleigh,_Newfoundland_and_Labrador","/wiki/Red_Bay,_Newfoundland_and_Labrador","/wiki/Reef%27s_Harbour,_Newfoundland_and_Labrador","/wiki/River_of_Ponds,_Newfoundland_and_Labrador","/wiki/Rocky_Harbour,_Newfoundland_and_Labrador","/wiki/Roddickton,_Newfoundland_and_Labrador","/wiki/Round_Harbour,_Newfoundland_and_Labrador","/wiki/St._Anthony,_Newfoundland_and_Labrador","/w/index.php?title=St._Anthony_East,_Newfoundland_and_Labrador&action=edit&redlink=1","/wiki/St._Julien%27s,_Newfoundland_and_Labrador","/wiki/St._Lewis,_Newfoundland_and_Labrador","/wiki/St._Pauls,_Newfoundland_and_Labrador","/wiki/Sally%27s_Cove,_Newfoundland_and_Labrador","/wiki/Sandy_Cove,_Newfoundland_and_Labrador","/wiki/Seal_Cove,_Newfoundland_and_Labrador","/wiki/Shoe_Cove,_Newfoundland_and_Labrador","/wiki/Sop%27s_Arm,_Newfoundland_and_Labrador","/wiki/Trout_River,_Newfoundland_and_Labrador","/wiki/Westport,_Newfoundland_and_Labrador","/wiki/West_St._Modeste,_Newfoundland_and_Labrador","/wiki/Wild_Cove,_Newfoundland_and_Labrador","/wiki/Williams_Harbour,_Newfoundland_and_Labrador","/wiki/Woodstock,_Newfoundland_and_Labrador","/wiki/Charlottetown,_Labrador,_Newfoundland_and_Labrador","/wiki/Benoit%27s_Cove,_Newfoundland_and_Labrador","/wiki/Cox%27s_Cove,_Newfoundland_and_Labrador","/w/index.php?title=Frenchman%27s_Cove_(Western),_Newfoundland_and_Labrador&action=edit&redlink=1","/wiki/Gallants,_Newfoundland_and_Labrador","/wiki/Lark_Harbour,_Newfoundland_and_Labrador","/wiki/Mount_Moriah,_Newfoundland_and_Labrador","/wiki/Pasadena,_Newfoundland_and_Labrador","/wiki/York_Harbour,_Newfoundland_and_Labrador","/wiki/La_Poile_Bay","/wiki/Burnt_Islands,_Newfoundland_and_Labrador","/wiki/Channel-Port_aux_Basques,_Newfoundland_and_Labrador","/wiki/Grand_Bruit,_Newfoundland_and_Labrador","/wiki/Isle_aux_Morts,_Newfoundland_and_Labrador","/wiki/La_Poile,_Newfoundland_and_Labrador","/wiki/Rose_Blanche,_Newfoundland_and_Labrador","/wiki/Port_au_Port_Peninsula","/wiki/Aguathuna,_Newfoundland_and_Labrador","/wiki/Barachois_Brook,_Newfoundland_and_Labrador","/wiki/Cape_Ray,_Newfoundland_and_Labrador","/wiki/Cape_St._George,_Newfoundland_and_Labrador","/wiki/Cartyville,_Newfoundland_and_Labrador","/wiki/Codroy,_Newfoundland_and_Labrador","/w/index.php?title=Doyles,_Newfoundland_and_Labrador&action=edit&redlink=1","/w/index.php?title=Grand_Bay_East,_Newfoundland_and_Labrador&action=edit&redlink=1","/wiki/Heatherton,_Newfoundland_and_Labrador","/wiki/Highlands,_Newfoundland_and_Labrador","/wiki/Jeffrey%27s,_Newfoundland_and_Labrador","/wiki/Lourdes,_Newfoundland_and_Labrador","/wiki/Noel%27s_Pond,_Newfoundland_and_Labrador","/wiki/Port_au_Port,_Newfoundland_and_Labrador","/wiki/Robinsons,_Newfoundland_and_Labrador","/wiki/St._Andrews,_Newfoundland_and_Labrador","/wiki/St._David%27s,_Newfoundland_and_Labrador","/wiki/St._Fintan%27s,_Newfoundland_and_Labrador","/wiki/St._George%27s,_Newfoundland_and_Labrador","/wiki/South_Branch,_Newfoundland_and_Labrador","/wiki/Stephenville_Crossing,_Newfoundland_and_Labrador","/wiki/West_Bay_Centre,_Newfoundland_and_Labrador","/w/index.php?title=Black_Duck_Siding,_Newfoundland_and_Labrador&action=edit&redlink=1","/wiki/Burgeo,_Newfoundland_and_Labrador","/wiki/Ramea,_Newfoundland_and_Labrador","/wiki/Fran%C3%A7ois,_Newfoundland_and_Labrador","/wiki/Grey_River,_Newfoundland_and_Labrador","/wiki/Natuashish,_Newfoundland_and_Labrador","/wiki/Happy_Valley-Goose_Bay,_Newfoundland_and_Labrador","/wiki/Happy_Valley-Goose_Bay,_Newfoundland_and_Labrador","/wiki/Hopedale,_Newfoundland_and_Labrador","/wiki/Makkovik,_Newfoundland_and_Labrador","/wiki/Mud_Lake,_Newfoundland_and_Labrador","/wiki/Nain,_Newfoundland_and_Labrador","/wiki/North_West_River,_Newfoundland_and_Labrador","/wiki/Postville,_Newfoundland_and_Labrador","/wiki/Rigolet,_Newfoundland_and_Labrador","/wiki/Churchill_Falls,_Newfoundland_and_Labrador","/wiki/Wabush,_Newfoundland_and_Labrador","#cite_note-statcan-3","/w/index.php?title=List_of_A_postal_codes_of_Canada&action=edit&section=4","#cite_note-statcan-3","/w/index.php?title=List_of_A_postal_codes_of_Canada&action=edit&section=5","/w/index.php?title=List_of_A_postal_codes_of_Canada&action=edit&section=6","#cite_ref-1","https://www.canadapost.ca/cpotools/apps/fpc/personal/findByCity?execution=e2s1","#cite_ref-2","http://www.canadapost.ca/cpo/mc/personal/tools/mobileapp/default.jsf","#cite_ref-statcan_3-0","#cite_ref-statcan_3-1","http://www12.statcan.ca/english/census06/data/popdwell/Table.cfm?T=1201&SR=1&S=0&O=A&RPP=9999&PR=0&CMA=0","/wiki/File:Flag_of_Canada.svg","//upload.wikimedia.org/wikipedia/en/thumb/c/cf/Flag_of_Canada.svg/36px-Flag_of_Canada.svg.png","/wiki/Postal_codes_in_Canada","/wiki/File:Canadian_postal_district_map_(without_legends).svg","//upload.wikimedia.org/wikipedia/commons/thumb/e/eb/Canadian_postal_district_map_%28without_legends%29.svg/21px-Canadian_postal_district_map_%28without_legends%29.svg.png","/wiki/Newfoundland_and_Labrador","/wiki/Nova_Scotia","/wiki/Prince_Edward_Island","/wiki/New_Brunswick","/wiki/Quebec","/wiki/Ontario","/wiki/Manitoba","/wiki/Saskatchewan","/wiki/Alberta","/wiki/British_Columbia","/wiki/Nunavut","/wiki/Northwest_Territories","/wiki/Yukon","/wiki/List_of_B_postal_codes_of_Canada","/wiki/List_of_C_postal_codes_of_Canada","/wiki/List_of_E_postal_codes_of_Canada","/wiki/List_of_G_postal_codes_of_Canada","/wiki/List_of_H_postal_codes_of_Canada","/wiki/List_of_J_postal_codes_of_Canada","/wiki/List_of_K_postal_codes_of_Canada","/wiki/List_of_L_postal_codes_of_Canada","/wiki/List_of_M_postal_codes_of_Canada","/wiki/List_of_N_postal_codes_of_Canada","/wiki/List_of_P_postal_codes_of_Canada","/wiki/List_of_R_postal_codes_of_Canada","/wiki/List_of_S_postal_codes_of_Canada","/wiki/List_of_T_postal_codes_of_Canada","/wiki/List_of_V_postal_codes_of_Canada","/wiki/List_of_X_postal_codes_of_Canada","/wiki/List_of_Y_postal_codes_of_Canada","//en.wikipedia.org/w/index.php?title=Special:CentralAutoLogin/start&type=1x1&from=enwiki","http://en.wikipedia.org/w/index.php?title=List_of_A_postal_codes_of_Canada&oldid=551605894","/wiki/Help:Categories","/wiki/Category:Communications_in_Newfoundland_and_Labrador","/wiki/Category:Postal_codes_in_Canada","/wiki/Category:Newfoundland_and_Labrador-related_lists","/w/index.php?title=Special:UserLogin&returnto=List+of+A+postal+codes+of+Canada&type=signup","/w/index.php?title=Special:UserLogin&returnto=List+of+A+postal+codes+of+Canada","/wiki/List_of_A_postal_codes_of_Canada","/wiki/Talk:List_of_A_postal_codes_of_Canada","#","/wiki/List_of_A_postal_codes_of_Canada","/w/index.php?title=List_of_A_postal_codes_of_Canada&action=edit","/w/index.php?title=List_of_A_postal_codes_of_Canada&action=history","#","/w/index.php","//bits.wikimedia.org/static-1.22wmf11/skins/vector/images/search-ltr.png?303-4","/wiki/Main_Page","/wiki/Main_Page","/wiki/Portal:Contents","/wiki/Portal:Featured_content","/wiki/Portal:Current_events","/wiki/Special:Random","//donate.wikimedia.org/wiki/Special:FundraiserRedirector?utm_source=donate&utm_medium=sidebar&utm_campaign=C13_en.wikipedia.org&uselang=en","/wiki/Help:Contents","/wiki/Wikipedia:About","/wiki/Wikipedia:Community_portal","/wiki/Special:RecentChanges","//en.wikipedia.org/wiki/Wikipedia:Contact_us","/wiki/Special:WhatLinksHere/List_of_A_postal_codes_of_Canada","/wiki/Special:RecentChangesLinked/List_of_A_postal_codes_of_Canada","/wiki/Wikipedia:File_Upload_Wizard","/wiki/Special:SpecialPages","/w/index.php?title=List_of_A_postal_codes_of_Canada&oldid=551605894","/w/index.php?title=List_of_A_postal_codes_of_Canada&action=info","//www.wikidata.org/wiki/Q3248229","/w/index.php?title=Special:Cite&page=List_of_A_postal_codes_of_Canada&id=551605894","/w/index.php?title=Special:Book&bookcmd=book_creator&referer=List+of+A+postal+codes+of+Canada","/w/index.php?title=Special:Book&bookcmd=render_article&arttitle=List+of+A+postal+codes+of+Canada&oldid=551605894&writer=rl","/w/index.php?title=List_of_A_postal_codes_of_Canada&printable=yes","//fr.wikipedia.org/wiki/Liste_des_codes_postaux_canadiens_d%C3%A9butant_par_A","//id.wikipedia.org/wiki/Daftar_kodepos_A_di_Kanada","#","//www.wikidata.org/wiki/Q3248229#sitelinks-wikipedia","//en.wikipedia.org/wiki/Wikipedia:Text_of_Creative_Commons_Attribution-ShareAlike_3.0_Unported_License","//creativecommons.org/licenses/by-sa/3.0/","//wikimediafoundation.org/wiki/Terms_of_Use","//wikimediafoundation.org/wiki/Privacy_policy","//www.wikimediafoundation.org/","//wikimediafoundation.org/wiki/Privacy_policy","/wiki/Wikipedia:About","/wiki/Wikipedia:General_disclaimer","//en.wikipedia.org/wiki/Wikipedia:Contact_us","//en.m.wikipedia.org/wiki/List_of_A_postal_codes_of_Canada","//wikimediafoundation.org/","//bits.wikimedia.org/images/wikimedia-button.png","//www.mediawiki.org/","//bits.wikimedia.org/static-1.22wmf11/skins/common/images/poweredby_mediawiki_88x31.png","//bits.wikimedia.org/en.wikipedia.org/load.php?debug=false&lang=en&modules=site&only=scripts&skin=vector&*"],"instances":["file_format"],"pdf":[],"categories":["Communications in Newfoundland and Labrador|Postal codes","Postal codes in Canada|A","Newfoundland and Labrador-related lists|Postal codes A"],"headings":["[[Newfoundland and Labrador]] - 35 [[Canadian postal code#Forward sortation areas|FSAs]]","Most populated FSAs<ref name=\"statcan\">http://www12.statcan.ca/english/census06/data/popdwell/Table.cfm?T=1201&SR=1&S=0&O=A&RPP=9999&PR=0&CMA=0</ref>","Least populated FSAs<ref name=\"statcan\"/>","References"],"image":["//upload.wikimedia.org/wikipedia/en/thumb/c/cf/Flag_of_Canada.svg/36px-Flag_of_Canada.svg.png","//upload.wikimedia.org/wikipedia/commons/thumb/e/eb/Canadian_postal_district_map_%28without_legends%29.svg/21px-Canadian_postal_district_map_%28without_legends%29.svg.png","//en.wikipedia.org/w/index.php?title=Special:CentralAutoLogin/start&type=1x1&from=enwiki","//bits.wikimedia.org/static-1.22wmf11/skins/vector/images/search-ltr.png?303-4","//bits.wikimedia.org/images/wikimedia-button.png","//bits.wikimedia.org/static-1.22wmf11/skins/common/images/poweredby_mediawiki_88x31.png"],"tags":[["app","file_format"],["frenchman's_cove","western,_newfoundland_and_labrador"]],"members":["app"],"related":["Postal_codes_in_Canada","Newfoundland_and_Labrador","Canada_Post","APP_(file_format)","Smartphones","IPhone","BlackBerry","CD-ROM","St._John's,_Newfoundland_and_Labrador","Grand_Falls,_Newfoundland_and_Labrador","Clarenville,_Newfoundland_and_Labrador","Deer_Lake,_Newfoundland_and_Labrador","St._John's,_Newfoundland_and_Labrador","Windsor,_Newfoundland_and_Labrador","St._John's,_Newfoundland_and_Labrador","St._John's,_Newfoundland_and_Labrador","St._John's,_Newfoundland_and_Labrador","St._John's,_Newfoundland_and_Labrador","Corner_Brook","Torbay,_Newfoundland_and_Labrador","Paradise,_Newfoundland_and_Labrador","Portugal_Cove-St._Philip's","Mount_Pearl","Stephenville,_Newfoundland_and_Labrador","Goulds,_Newfoundland_and_Labrador","Gander,_Newfoundland_and_Labrador","Labrador_City","Conception_Bay_South","Conception_Bay,_Newfoundland_and_Labrador","Carbonear","Avalon_Peninsula","Aquaforte,_Newfoundland_and_Labrador","Avondale,_Newfoundland_and_Labrador","Bay_Bulls,_Newfoundland_and_Labrador","Bay_de_Verde,_Newfoundland_and_Labrador","Bay_Roberts,_Newfoundland_and_Labrador","Bell_Island_Front,_Newfoundland_and_Labrador","Shea_Heights,_Newfoundland_and_Labrador","Brigus,_Newfoundland_and_Labrador","Broad_Cove,_Newfoundland_and_Labrador","Burnt_Point,_Newfoundland_and_Labrador","Calvert,_Newfoundland_and_Labrador","Cape_Broyle,_Newfoundland_and_Labrador","Caplin_Cove,_Newfoundland_and_Labrador","Cappahayden,_Newfoundland_and_Labrador","Chapel's_Cove,_Newfoundland_and_Labrador","Clarke's_Beach,_Newfoundland_and_Labrador","Coleys_Point_South,_Newfoundland_and_Labrador","Colliers_Riverhead,_Newfoundland_and_Labrador","Conception_Harbour,_Newfoundland_and_Labrador","Cupids,_Newfoundland_and_Labrador","Fermeuse,_Newfoundland_and_Labrador","Ferryland,_Newfoundland_and_Labrador","Grates_Cove,_Newfoundland_and_Labrador","Harbour_Grace,_Newfoundland_and_Labrador","Harbour_Grace_South,_Newfoundland_and_Labrador","Harbour_Main,_Newfoundland_and_Labrador","Holyrood,_Newfoundland_and_Labrador","Job's_Cove,_Newfoundland_and_Labrador","Lance_Cove,_Newfoundland_and_Labrador","Lower_Island_Cove,_Newfoundland_and_Labrador","Makinsons,_Newfoundland_and_Labrador","Marysvale,_Newfoundland_and_Labrador","Mobile,_Newfoundland_and_Labrador","Northern_Bay,_Newfoundland_and_Labrador","North_Valley,_Newfoundland_and_Labrador","Ochre_Pit_Cove,_Newfoundland_and_Labrador","Old_Perlican,_Newfoundland_and_Labrador","Petty_Harbour,_Newfoundland_and_Labrador","Port_de_Grace,_Newfoundland_and_Labrador","Pouch_Cove,_Newfoundland_and_Labrador","Red_Head_Cove,_Newfoundland_and_Labrador","Renews,_Newfoundland_and_Labrador","Riverhead_Harbour_Grace,_Newfoundland_and_Labrador","St._Shott's,_Newfoundland_and_Labrador","Salmon_Cove,_Newfoundland_and_Labrador","Shearstown,_Newfoundland_and_Labrador","South_River,_Newfoundland_and_Labrador","Spaniard's_Bay,_Newfoundland_and_Labrador","Tors_Cove,_Newfoundland_and_Labrador","Trepassey,_Newfoundland_and_Labrador","Upper_Island_Cove,_Newfoundland_and_Labrador","Victoria,_Newfoundland_and_Labrador","Bell_Island,_Newfoundland_and_Labrador","Western_Bay,_Newfoundland_and_Labrador","Witless_Bay,_Newfoundland_and_Labrador","Woodfords,_Newfoundland_and_Labrador","Avalon_Peninsula","Arnold's_Cove,_Newfoundland_and_Labrador","Bellevue,_Newfoundland_and_Labrador","Blaketown,_Newfoundland_and_Labrador","Branch,_Newfoundland_and_Labrador","Brigus_Junction,_Newfoundland_and_Labrador","Brownsdale,_Newfoundland_and_Labrador","Cavendish,_Newfoundland_and_Labrador","Chance_Cove,_Newfoundland_and_Labrador","Chapel_Arm,_Newfoundland_and_Labrador","Colinet,_Newfoundland_and_Labrador","Come_By_Chance,_Newfoundland_and_Labrador","Dildo,_Newfoundland_and_Labrador","South_Dildo,_Newfoundland_and_Labrador","Dunville,_Newfoundland_and_Labrador","Fair_Haven,_Newfoundland_and_Labrador","Fox_Harbour,_Newfoundland_and_Labrador","Freshwater,_Newfoundland_and_Labrador","Green's_Harbour,_Newfoundland_and_Labrador","Hant's_Harbour,_Newfoundland_and_Labrador","Heart's_Content,_Newfoundland_and_Labrador","Heart's_Delight,_Newfoundland_and_Labrador","Heart's_Desire,_Newfoundland_and_Labrador","Hopeall,_Newfoundland_and_Labrador","Islington,_Newfoundland_and_Labrador","Jerseyside,_Newfoundland_and_Labrador","Little_Harbour_East,_Newfoundland_and_Labrador","Long_Harbour,_Newfoundland_and_Labrador","Mount_Arlington_Heights,_Newfoundland_and_Labrador","Mount_Carmel,_Newfoundland_and_Labrador","New_Chelsea,_Newfoundland_and_Labrador","New_Harbour,_Newfoundland_and_Labrador","New_Melbourne,_Newfoundland_and_Labrador","New_Perlican,_Newfoundland_and_Labrador","Norman's_Cove,_Newfoundland_and_Labrador","North_Harbour,_Newfoundland_and_Labrador","Placentia,_Newfoundland_and_Labrador","St._Brides,_Newfoundland_and_Labrador","St._Joseph's,_Newfoundland_and_Labrador","St._Mary's,_Newfoundland_and_Labrador","St._Vincent's,_Newfoundland_and_Labrador","Ship_Harbour,_Newfoundland_and_Labrador","Southern_Harbour,_Newfoundland_and_Labrador","Sunnyside,_Newfoundland_and_Labrador","Whitbourne,_Newfoundland_and_Labrador","Whiteway,_Newfoundland_and_Labrador","Winterton,_Newfoundland_and_Labrador","Turks_Cove,_Newfoundland_and_Labrador","Bonavista_Peninsula","Bloomfield,_Newfoundland_and_Labrador","Bonavista,_Newfoundland_and_Labrador","Bunyan's_Cove,_Newfoundland_and_Labrador","Burgoyne's_Cove,_Newfoundland_and_Labrador","Canning's_Cove,_Newfoundland_and_Labrador","Catalina,_Newfoundland_and_Labrador","Charleston,_Newfoundland_and_Labrador","Charlottetown,_Newfoundland,_Newfoundland_and_Labrador","Duntara,_Newfoundland_and_Labrador","Elliston,_Newfoundland_and_Labrador","Hickman's_Harbour,_Newfoundland_and_Labrador","Keels,_Newfoundland_and_Labrador","King's_Cove,_Newfoundland_and_Labrador","Knight's_Cove,_Newfoundland_and_Labrador","Lethbridge,_Newfoundland_and_Labrador","Little_Catalina,_Newfoundland_and_Labrador","Melrose,_Newfoundland_and_Labrador","Musgravetown,_Newfoundland_and_Labrador","Newman's_Cove,_Newfoundland_and_Labrador","Open_Hall,_Newfoundland_and_Labrador","Plate_Cove_East,_Newfoundland_and_Labrador","Plate_Cove_West,_Newfoundland_and_Labrador","Port_Blandford,_Newfoundland_and_Labrador","Port_Rexton,_Newfoundland_and_Labrador","Port_Union,_Newfoundland_and_Labrador","Princeton,_Newfoundland_and_Labrador","Southern_Bay,_Newfoundland_and_Labrador","Summerville,_Newfoundland_and_Labrador","Sweet_Bay,_Newfoundland_and_Labrador","Tickle_Cove,_Newfoundland_and_Labrador","Trinity,_Newfoundland_and_Labrador","Burin_Peninsula","Baine_Harbour,_Newfoundland_and_Labrador","Bay_L'Argent,_Newfoundland_and_Labrador","Boat_Harbour_West,_Newfoundland_and_Labrador","Burin,_Newfoundland_and_Labrador","Burin_Bay_Arm,_Newfoundland_and_Labrador","Parkers_Cove,_Newfoundland_and_Labrador","Creston,_Newfoundland_and_Labrador","Creston_North,_Newfoundland_and_Labrador","English_Harbour_East,_Newfoundland_and_Labrador","Epworth,_Newfoundland_and_Labrador","Fortune,_Newfoundland_and_Labrador","Frenchman's_Cove,_Newfoundland_and_Labrador","Garden_Cove,_Newfoundland_and_Labrador","Garnish,_Newfoundland_and_Labrador","Gooseberry_Cove,_Newfoundland_and_Labrador","Grand_Bank,_Newfoundland_and_Labrador","Grand_Beach,_Newfoundland_and_Labrador","Grand_le_Pierre,_Newfoundland_and_Labrador","Harbour_Mille,_Newfoundland_and_Labrador","Hillview,_Newfoundland_and_Labrador","Hodge's_Cove,_Newfoundland_and_Labrador","Lamaline,_Newfoundland_and_Labrador","Lawn,_Newfoundland_and_Labrador","Lewin's_Cove,_Newfoundland_and_Labrador","Little_Bay,_Burin_Peninsula,_Newfoundland_and_Labrador","Little_Bay_East,_Newfoundland_and_Labrador","Little_Heart's_Ease,_Newfoundland_and_Labrador","Little_St._Lawrence,_Newfoundland_and_Labrador","Marystown,_Newfoundland_and_Labrador","North_Harbour,_Placentia_Bay,_Newfoundland_and_Labrador","North_West_Brook,_Newfoundland_and_Labrador","Red_Harbour,_Newfoundland_and_Labrador","Rushoon,_Newfoundland_and_Labrador","St._Bernard's-Jacques_Fontaine,_Newfoundland_and_Labrador","St._Lawrence,_Newfoundland_and_Labrador","Swift_Current,_Newfoundland_and_Labrador","Terrenceville,_Newfoundland_and_Labrador","Winterland,_Newfoundland_and_Labrador","Monkstown,_Newfoundland_and_Labrador","Petite_Forte,_Newfoundland_and_Labrador","South_East_Bight,_Newfoundland_and_Labrador","Aspen_Cove,_Newfoundland_and_Labrador","Badger's_Quay,_Newfoundland_and_Labrador","Benton,_Newfoundland_and_Labrador","Birchy_Bay,_Newfoundland_and_Labrador","Boyd's_Cove,_Newfoundland_and_Labrador","Bridgeport,_Newfoundland_and_Labrador","Brookfield,_Newfoundland_and_Labrador","Burnside,_Newfoundland_and_Labrador","Campbellton,_Newfoundland_and_Labrador","Cape_Freels_North,_Newfoundland_and_Labrador","Carmanville,_Newfoundland_and_Labrador","Carter's_Cove,_Newfoundland_and_Labrador","Change_Islands,_Newfoundland_and_Labrador","Cottlesville,_Newfoundland_and_Labrador","Gambo,_Newfoundland_and_Labrador","Deadmans_Bay,_Newfoundland_and_Labrador","Deep_Bay,_Newfoundland_and_Labrador","Dover,_Newfoundland_and_Labrador","Durrell,_Newfoundland_and_Labrador","Eastport,_Newfoundland_and_Labrador","Embree,_Newfoundland_and_Labrador","Fogo,_Newfoundland_and_Labrador","Frederickton,_Newfoundland_and_Labrador","Gambo_South,_Newfoundland_and_Labrador","Gander_Bay,_Newfoundland_and_Labrador","Gander_Bay_South,_Newfoundland_and_Labrador","Baytona,_Newfoundland_and_Labrador","Glenwood,_Newfoundland_and_Labrador","Glovertown,_Newfoundland_and_Labrador","Glovertown_South,_Newfoundland_and_Labrador","Greenspond,_Newfoundland_and_Labrador","Hare_Bay,_Newfoundland_and_Labrador","Herring_Neck,_Newfoundland_and_Labrador","Hillgrade,_Newfoundland_and_Labrador","Horwood,_Newfoundland_and_Labrador","Indian_Bay,_Newfoundland_and_Labrador","Island_Harbour,_Newfoundland_and_Labrador","Joe_Batt's_Arm,_Newfoundland_and_Labrador","Ladle_Cove,_Newfoundland_and_Labrador","Laurenceton,_Newfoundland_and_Labrador","Lewisporte,_Newfoundland_and_Labrador","Little_Burnt_Bay,_Newfoundland_and_Labrador","Loon_Bay,_Newfoundland_and_Labrador","Lumsden,_Newfoundland_and_Labrador","Main_Point,_Newfoundland_and_Labrador","Moreton's_Harbour,_Newfoundland_and_Labrador","Musgrave_Harbour,_Newfoundland_and_Labrador","Comfort_Cove-Newstead,_Newfoundland_and_Labrador","Newtown,_Newfoundland_and_Labrador","Norris_Arm,_Newfoundland_and_Labrador","Norris_Arm_North_Side,_Newfoundland_and_Labrador","Pool's_Island,_Newfoundland_and_Labrador","Port_Albert,_Newfoundland_and_Labrador","Pound_Cove,_Newfoundland_and_Labrador","Rodgers_Cove,_Newfoundland_and_Labrador","St._Brendan's,_Newfoundland_and_Labrador","St._Chad's,_Newfoundland_and_Labrador","Salvage,_Newfoundland_and_Labrador","Sandringham,_Newfoundland_and_Labrador","Seldom,_Newfoundland_and_Labrador","Shalloway_Cove,_Newfoundland_and_Labrador","Stag_Harbour,_Newfoundland_and_Labrador","Stoneville,_Newfoundland_and_Labrador","Summerford,_Newfoundland_and_Labrador","Templeman,_Newfoundland_and_Labrador","Tilting,_Newfoundland_and_Labrador","Tizzard's_Harbour,_Newfoundland_and_Labrador","Traytown,_Newfoundland_and_Labrador","Trinity,_Newfoundland_and_Labrador","Twillingate,_Newfoundland_and_Labrador","Victoria_Cove,_Newfoundland_and_Labrador","Wareham-Centreville,_Newfoundland_and_Labrador","Wesleyville,_Newfoundland_and_Labrador","Valley_Pond,_Newfoundland_and_Labrador","Wings_Point,_Newfoundland_and_Labrador","Badger,_Newfoundland_and_Labrador","Belleoram,_Newfoundland_and_Labrador","Bishops_Falls,_Newfoundland_and_Labrador","Botwood,_Newfoundland_and_Labrador","Buchans,_Newfoundland_and_Labrador","Buchans_Junction,_Newfoundland_and_Labrador","Conne_River,_Newfoundland_and_Labrador","Cottrell's_Cove,_Newfoundland_and_Labrador","English_Harbour_West,_Newfoundland_and_Labrador","Gaultois,_Newfoundland_and_Labrador","Harbour_Breton,_Newfoundland_and_Labrador","Head_Bay_d'Espoir,_Newfoundland_and_Labrador","Hermitage,_Newfoundland_and_Labrador","Leading_Tickles,_Newfoundland_and_Labrador","Millertown,_Newfoundland_and_Labrador","Milltown,_Newfoundland_and_Labrador","Peterview,_Newfoundland_and_Labrador","Point_Leamington,_Newfoundland_and_Labrador","Point_of_Bay,_Newfoundland_and_Labrador","Pool's_Cove,_Newfoundland_and_Labrador","Rencontre_East,_Newfoundland_and_Labrador","St._Alban's,_Newfoundland_and_Labrador","Seal_Cove,_Newfoundland_and_Labrador","McCallum,_Newfoundland_and_Labrador","Beaumont,_Newfoundland_and_Labrador","Brighton,_Newfoundland_and_Labrador","Harry's_Harbour,_Newfoundland_and_Labrador","Jackson's_Cove,_Newfoundland_and_Labrador","King's_Point,_Newfoundland_and_Labrador","Little_Bay,_Newfoundland_and_Labrador","Little_Bay_Islands,_Newfoundland_and_Labrador","Miles_Cove,_Newfoundland_and_Labrador","Pilley's_Island,_Newfoundland_and_Labrador","Port_Anson,_Newfoundland_and_Labrador","Rattling_Brook,_Newfoundland_and_Labrador","Robert's_Arm,_Newfoundland_and_Labrador","South_Brook,_Newfoundland_and_Labrador","Springdale,_Newfoundland_and_Labrador","Triton,_Newfoundland_and_Labrador","Anchor_Point,_Newfoundland_and_Labrador","Baie_Verte,_Newfoundland_and_Labrador","Bartletts_Harbour,_Newfoundland_and_Labrador","Bellburns,_Newfoundland_and_Labrador","Bide_Arm,_Newfoundland_and_Labrador","Birchy_Head,_Newfoundland_and_Labrador","Bird_Cove,_Newfoundland_and_Labrador","Black_Duck_Cove,_Newfoundland_and_Labrador","Black_Tickle,_Newfoundland_and_Labrador","Bonne_Bay,_Newfoundland_and_Labrador","Brent's_Cove,_Newfoundland_and_Labrador","Burlington,_Newfoundland_and_Labrador","Lodge_Bay,_Newfoundland_and_Labrador","Cartwright,_Newfoundland_and_Labrador","Castors_River,_Newfoundland_and_Labrador","Coachman's_Cove,_Newfoundland_and_Labrador","Conche,_Newfoundland_and_Labrador","Cook's_Harbour,_Newfoundland_and_Labrador","Cow_Head,_Newfoundland_and_Labrador","Croque,_Newfoundland_and_Labrador","Daniel's_Harbour,_Newfoundland_and_Labrador","Eddies_Cove,_Newfoundland_and_Labrador","Eddies_Cove_West,_Newfoundland_and_Labrador","Englee,_Newfoundland_and_Labrador","Fleur_de_Lys,_Newfoundland_and_Labrador","Flowers_Cove,_Newfoundland_and_Labrador","Forteau,_Newfoundland_and_Labrador","Green_Island_Brook,_Newfoundland_and_Labrador","Green_Island_Cove,_Newfoundland_and_Labrador","St._Lunaire-Griquet,_Newfoundland_and_Labrador","Hampden,_Newfoundland_and_Labrador","Harbour_Round,_Newfoundland_and_Labrador","Hawke's_Bay,_Newfoundland_and_Labrador","Howley,_Newfoundland_and_Labrador","Jackson's_Arm,_Newfoundland_and_Labrador","L'Anse_au_Clair,_Newfoundland_and_Labrador","L'Anse-au-Loup,_Newfoundland_and_Labrador","La_Scie,_Newfoundland_and_Labrador","Main_Brook,_Newfoundland_and_Labrador","Mary's_Harbour,_Newfoundland_and_Labrador","Middle_Arm,_Newfoundland_and_Labrador","Ming's_Bight,_Newfoundland_and_Labrador","Nipper's_Harbour,_Newfoundland_and_Labrador","Norris_Point,_Newfoundland_and_Labrador","Pacquet,_Newfoundland_and_Labrador","Paradise_River,_Newfoundland_and_Labrador","Parson's_Pond,_Newfoundland_and_Labrador","Plum_Point,_Newfoundland_and_Labrador","Pollards_Point,_Newfoundland_and_Labrador","Port_au_Choix,_Newfoundland_and_Labrador","Port_Hope_Simpson,_Newfoundland_and_Labrador","Portland_Creek,_Newfoundland_and_Labrador","Port_Saunders,_Newfoundland_and_Labrador","Raleigh,_Newfoundland_and_Labrador","Red_Bay,_Newfoundland_and_Labrador","Reef's_Harbour,_Newfoundland_and_Labrador","River_of_Ponds,_Newfoundland_and_Labrador","Rocky_Harbour,_Newfoundland_and_Labrador","Roddickton,_Newfoundland_and_Labrador","Round_Harbour,_Newfoundland_and_Labrador","St._Anthony,_Newfoundland_and_Labrador","St._Anthony_East,_Newfoundland_and_Labrador","St._Julien's,_Newfoundland_and_Labrador","St._Lewis,_Newfoundland_and_Labrador","St._Pauls,_Newfoundland_and_Labrador","Sally's_Cove,_Newfoundland_and_Labrador","Sandy_Cove,_Newfoundland_and_Labrador","Seal_Cove,_Newfoundland_and_Labrador","Shoe_Cove,_Newfoundland_and_Labrador","Sop's_Arm,_Newfoundland_and_Labrador","Trout_River,_Newfoundland_and_Labrador","Westport,_Newfoundland_and_Labrador","West_St._Modeste,_Newfoundland_and_Labrador","Wild_Cove,_Newfoundland_and_Labrador","Williams_Harbour,_Newfoundland_and_Labrador","Woodstock,_Newfoundland_and_Labrador","Charlottetown,_Labrador,_Newfoundland_and_Labrador","Benoit's_Cove,_Newfoundland_and_Labrador","Cox's_Cove,_Newfoundland_and_Labrador","Frenchman's_Cove_(Western),_Newfoundland_and_Labrador","Gallants,_Newfoundland_and_Labrador","Lark_Harbour,_Newfoundland_and_Labrador","Mount_Moriah,_Newfoundland_and_Labrador","Pasadena,_Newfoundland_and_Labrador","York_Harbour,_Newfoundland_and_Labrador","La_Poile_Bay","Burnt_Islands,_Newfoundland_and_Labrador","Channel-Port_aux_Basques,_Newfoundland_and_Labrador","Grand_Bruit,_Newfoundland_and_Labrador","Isle_aux_Morts,_Newfoundland_and_Labrador","La_Poile,_Newfoundland_and_Labrador","Rose_Blanche,_Newfoundland_and_Labrador","Port_au_Port_Peninsula","Aguathuna,_Newfoundland_and_Labrador","Barachois_Brook,_Newfoundland_and_Labrador","Cape_Ray,_Newfoundland_and_Labrador","Cape_St._George,_Newfoundland_and_Labrador","Cartyville,_Newfoundland_and_Labrador","Codroy,_Newfoundland_and_Labrador","Doyles,_Newfoundland_and_Labrador","Grand_Bay_East,_Newfoundland_and_Labrador","Heatherton,_Newfoundland_and_Labrador","Highlands,_Newfoundland_and_Labrador","Jeffrey's,_Newfoundland_and_Labrador","Lourdes,_Newfoundland_and_Labrador","Noel's_Pond,_Newfoundland_and_Labrador","Port_au_Port,_Newfoundland_and_Labrador","Robinsons,_Newfoundland_and_Labrador","St._Andrews,_Newfoundland_and_Labrador","St._David's,_Newfoundland_and_Labrador","St._Fintan's,_Newfoundland_and_Labrador","St._George's,_Newfoundland_and_Labrador","South_Branch,_Newfoundland_and_Labrador","Stephenville_Crossing,_Newfoundland_and_Labrador","West_Bay_Centre,_Newfoundland_and_Labrador","Black_Duck_Siding,_Newfoundland_and_Labrador","Burgeo,_Newfoundland_and_Labrador","Ramea,_Newfoundland_and_Labrador","François,_Newfoundland_and_Labrador","Grey_River,_Newfoundland_and_Labrador","Natuashish,_Newfoundland_and_Labrador","Happy_Valley-Goose_Bay,_Newfoundland_and_Labrador","Happy_Valley-Goose_Bay,_Newfoundland_and_Labrador","Hopedale,_Newfoundland_and_Labrador","Makkovik,_Newfoundland_and_Labrador","Mud_Lake,_Newfoundland_and_Labrador","Nain,_Newfoundland_and_Labrador","North_West_River,_Newfoundland_and_Labrador","Postville,_Newfoundland_and_Labrador","Rigolet,_Newfoundland_and_Labrador","Churchill_Falls,_Newfoundland_and_Labrador","Wabush,_Newfoundland_and_Labrador"]}