{"cursor":"17439","size":15,"audio":[],"currentlang":"en","article":"\n\nThis is a 'list of [[college]]s and [[university|universities]] in\n[[California]]'.\n","linknr":738,"url":"List_of_colleges_and_universities_in_California","recorded":1375057937,"links":["/w/index.php?title=List_of_colleges_and_universities_in_California&action=edit","/w/index.php?title=List_of_colleges_and_universities_in_California&action=edit","//bits.wikimedia.org/favicon/wikipedia.ico","/w/opensearch_desc.php","//en.wikipedia.org/w/api.php?action=rsd","//creativecommons.org/licenses/by-sa/3.0/","/w/index.php?title=Special:RecentChanges&feed=atom","//bits.wikimedia.org/en.wikipedia.org/load.php?debug=false&lang=en&modules=ext.gadget.DRN-wizard%2CReferenceTooltips%2Ccharinsert%2Cteahouse%7Cext.rtlcite%2Cwikihiero%7Cext.uls.nojs%7Cmediawiki.legacy.commonPrint%2Cshared%7Cmw.PopUpMediaTransform%7Cskins.vector&only=styles&skin=vector&*","//bits.wikimedia.org/en.wikipedia.org/load.php?debug=false&lang=en&modules=site&only=styles&skin=vector&*","//bits.wikimedia.org/en.wikipedia.org/load.php?debug=false&lang=en&modules=startup&only=scripts&skin=vector&*","//bits.wikimedia.org/geoiplookup","//meta.wikimedia.org","#mw-navigation","#p-search","/wiki/File:Crystal_Clear_app_kedit.svg","//upload.wikimedia.org/wikipedia/commons/thumb/e/e8/Crystal_Clear_app_kedit.svg/40px-Crystal_Clear_app_kedit.svg.png","/wiki/Wikipedia:Layout","//en.wikipedia.org/w/index.php?title=List_of_colleges_and_universities_in_California&action=edit","/wiki/College","/wiki/University","/wiki/California","/wiki/Wikipedia:WikiProject_Lists#Incomplete_lists","//en.wikipedia.org/w/index.php?title=List_of_colleges_and_universities_in_California&action=edit","/wiki/Wikipedia:Identifying_reliable_sources","#Federal_institutions","#Graduate_institutions","#Other_academic_institutions","#State_institutions","#Two-year_institutions","#Four-year_institutions","#State_graduate_institutions","#Private_colleges_and_universities","#Defunct_institutions","#See_also","#References","#External_links","/w/index.php?title=List_of_colleges_and_universities_in_California&action=edit&section=1","/w/index.php?title=List_of_colleges_and_universities_in_California&action=edit&section=2","/wiki/Naval_Postgraduate_School","/wiki/Monterey,_California","/w/index.php?title=List_of_colleges_and_universities_in_California&action=edit&section=3","/wiki/Defense_Language_Institute","/wiki/Monterey","/w/index.php?title=List_of_colleges_and_universities_in_California&action=edit&section=4","/w/index.php?title=List_of_colleges_and_universities_in_California&action=edit&section=5","/wiki/California_Community_Colleges_System","/w/index.php?title=List_of_colleges_and_universities_in_California&action=edit&section=6","/wiki/California_Maritime_Academy","/wiki/Vallejo,_California","/wiki/Solano_County,_California","/wiki/California_State_University","/wiki/California_Polytechnic_State_University","/wiki/San_Luis_Obispo,_California","/wiki/San_Luis_Obispo_County,_California","/wiki/California_State_University","/wiki/California_State_Polytechnic_University,_Pomona","/wiki/Pomona,_California","/wiki/Los_Angeles_County,_California","/wiki/California_State_University","/wiki/California_State_University,_Bakersfield","/wiki/Bakersfield,_California","/wiki/Kern_County,_California","/wiki/California_State_University","/wiki/California_State_University,_Channel_Islands","/wiki/Camarillo,_California","/wiki/Ventura_County,_California","/wiki/California_State_University","/wiki/California_State_University,_Chico","/wiki/Chico,_California","/wiki/Butte_County,_California","/wiki/California_State_University","/wiki/California_State_University,_Dominguez_Hills","/wiki/Carson,_California","/wiki/Los_Angeles_County,_California","/wiki/California_State_University","/wiki/California_State_University,_East_Bay","/wiki/Hayward,_California","/wiki/Alameda_County,_California","/wiki/California_State_University","/wiki/California_State_University,_Fresno","/wiki/Fresno,_California","/wiki/Fresno_County,_California","/wiki/California_State_University","/wiki/California_State_University,_Fullerton","/wiki/Fullerton,_California","/wiki/Orange_County,_California","/wiki/California_State_University","/wiki/California_State_University,_Long_Beach","/wiki/Long_Beach,_California","/wiki/Los_Angeles_County,_California","/wiki/California_State_University","/wiki/California_State_University,_Los_Angeles","/wiki/Los_Angeles","/wiki/Los_Angeles_County,_California","/wiki/California_State_University","/wiki/California_State_University,_Monterey_Bay","/wiki/Seaside,_California","/wiki/Monterey_County,_California","/wiki/California_State_University","/wiki/California_State_University,_Northridge","/wiki/Northridge,_California","/wiki/Los_Angeles_County,_California","/wiki/California_State_University","/wiki/California_State_University,_Sacramento","/wiki/Sacramento,_California","/wiki/Sacramento_County,_California","/wiki/California_State_University","/wiki/California_State_University,_San_Bernardino","/wiki/San_Bernardino,_California","/wiki/San_Bernardino_County,_California","/wiki/California_State_University","/wiki/California_State_University,_San_Marcos","/wiki/San_Marcos,_California","/wiki/San_Diego_County,_California","/wiki/California_State_University","/wiki/California_State_University,_Stanislaus","/wiki/Turlock,_California","/wiki/Stanislaus_County,_California","/wiki/California_State_University","/wiki/Humboldt_State_University","/wiki/Arcata,_California","/wiki/Humboldt_County,_California","/wiki/California_State_University","/wiki/San_Diego_State_University","/wiki/San_Diego","/wiki/San_Diego_County,_California","/wiki/California_State_University","/wiki/San_Francisco_State_University","/wiki/San_Francisco","/wiki/San_Francisco","/wiki/California_State_University","/wiki/San_Jose_State_University","/wiki/San_Jose,_California","/wiki/Santa_Clara_County,_California","/wiki/California_State_University","/wiki/Sonoma_State_University","/wiki/Rohnert_Park,_California","/wiki/Sonoma_County,_California","/wiki/California_State_University","/wiki/University_of_California,_Berkeley","/wiki/Berkeley,_California","/wiki/Alameda_County,_California","/wiki/University_of_California","/wiki/University_of_California,_Davis","/wiki/Davis,_California","/wiki/Yolo_County,_California","/wiki/University_of_California","/wiki/University_of_California,_Irvine","/wiki/Irvine,_California","/wiki/Orange_County,_California","/wiki/University_of_California","/wiki/University_of_California,_Los_Angeles","/wiki/Los_Angeles","/wiki/Los_Angeles_County,_California","/wiki/University_of_California","/wiki/University_of_California,_Merced","/wiki/Merced,_California","/wiki/Merced_County,_California","/wiki/University_of_California","/wiki/University_of_California,_Riverside","/wiki/Riverside,_California","/wiki/Riverside_County,_California","/wiki/University_of_California","/wiki/University_of_California,_San_Diego","/wiki/La_Jolla,_San_Diego,_California","/wiki/San_Diego_County,_California","/wiki/University_of_California","/wiki/University_of_California,_Santa_Barbara","/wiki/Santa_Barbara,_California","/wiki/Goleta,_California","/wiki/Santa_Barbara_County,_California","/wiki/University_of_California","/wiki/University_of_California,_Santa_Cruz","/wiki/Santa_Cruz,_California","/wiki/Santa_Cruz_County,_California","/wiki/University_of_California","/w/index.php?title=List_of_colleges_and_universities_in_California&action=edit&section=7","/wiki/Moss_Landing_Marine_Laboratories","/wiki/Moss_Landing,_California","/wiki/University_of_California,_Hastings_College_of_the_Law","/wiki/San_Francisco,_California","/wiki/University_of_California,_San_Francisco","/wiki/San_Francisco,_California","/w/index.php?title=List_of_colleges_and_universities_in_California&action=edit&section=8","/wiki/Academy_of_Art_University","/wiki/San_Francisco,_California","/wiki/Alliant_International_University","/wiki/San_Diego,_California","/wiki/Allied_American_University","/wiki/Laguna_Hills,_California","/wiki/American_Heritage_University_of_Southern_California","/wiki/San_Bernardino,_California","/wiki/American_Jewish_University","/wiki/Los_Angeles,_California","/wiki/American_Sports_University","/wiki/San_Bernardino,_California","/wiki/Anaheim_University","/wiki/Anaheim,_California","/wiki/Antioch_University_Los_Angeles","/wiki/Culver_City,_California","/wiki/Apollos_University","/wiki/Huntington_Beach,_California","/wiki/Argosy_University","/wiki/Alameda,_California","/wiki/Art_Center_College_of_Design","/wiki/Pasadena,_California","/wiki/The_Art_Institute_of_California_-_San_Francisco","/wiki/San_Francisco,_California","/wiki/Azusa_Pacific_University","/wiki/Azusa,_California","/wiki/Berean_Bible_College","/wiki/Poway,_California","/wiki/Biola_University","/wiki/La_Mirada,_California","/wiki/Brandman_University","/wiki/Irvine,_California","/wiki/Brooks_Institute","/wiki/Santa_Barbara,_California","/wiki/California_Baptist_University","/wiki/Riverside,_California","/wiki/California_Coast_University","/wiki/Santa_Ana,_California","/wiki/California_College_of_the_Arts","/wiki/San_Francisco,_California","/wiki/California_College_San_Diego_(CCSD)","/wiki/San_Diego,_California","/wiki/Indio,_California","#cite_note-1","/wiki/California_Institute_of_the_Arts","/wiki/Valencia,_California","/wiki/California_Institute_of_Integral_Studies","/wiki/San_Francisco,_California","/wiki/California_Institute_of_Technology","/wiki/Pasadena,_California","/wiki/California_InterContinental_University","/wiki/Diamond_Bar,_California","/wiki/International_Technological_University","/wiki/San_Jose,_California","/wiki/California_Lutheran_University","/wiki/Thousand_Oaks,_California","/wiki/California_Miramar_University","/wiki/San_Diego,_California","/wiki/California_Pacific_University","/wiki/Escondido,_California","/wiki/California_South_Bay_University","/wiki/Sunnyvale,_California","/wiki/California_Southern_Law_School","/wiki/Riverside,_California","/wiki/California_Southern_University","/wiki/Santa_Ana,_California","/wiki/California_University_of_Management_and_Technology","/wiki/San_Jose,_California","/wiki/Anaheim,_California","#cite_note-2","/wiki/Chapman_University","/wiki/Orange,_California","/wiki/Charles_R._Drew_University_of_Medicine_and_Science","/wiki/Los_Angeles,_California","/wiki/Claremont_Colleges","/wiki/Claremont,_California","/wiki/Claremont_McKenna_College","/wiki/Harvey_Mudd_College","/wiki/Pitzer_College","/wiki/Pomona_College","/wiki/Scripps_College","/wiki/Claremont_Graduate_University","/wiki/Keck_Graduate_Institute_of_Applied_Life_Sciences","/wiki/Cogswell_College","/wiki/Sunnyvale,_California","http://www.ccis.edu/nationwide/sitelist.asp?CA","/wiki/Concordia_University_Irvine","/wiki/Irvine,_California","/wiki/Culinary_Institute_of_America_at_Greystone","/wiki/St._Helena,_California","/wiki/Deep_Springs_College","/wiki/Deep_Springs,_California","/wiki/Dominican_University_of_California","/wiki/San_Rafael,_California","/wiki/Drexel_University#Drexel_University_Sacramento","/wiki/Sacramento,_California","#cite_note-3","/wiki/Epic_Bible_College","/wiki/Sacramento,_California","/wiki/Fresno_Pacific_University","/wiki/Fresno,_California","/wiki/Fuller_Theological_Seminary","/wiki/Pasadena,_California","/wiki/Golden_Gate_University","/wiki/San_Francisco,_California","/wiki/Herguan_University","/wiki/Sunnyvale,_California","/wiki/Holy_Names_University","/wiki/Oakland,_California","/wiki/Hope_International_University","/wiki/Fullerton,_California","/wiki/Hult_International_Business_School","/wiki/San_Francisco,_California","/wiki/Humphreys_College","/wiki/Stockton,_California","/wiki/ICDC_College","/wiki/Culver_City","/wiki/Imago_Dei_College","/wiki/Oak_Glen,_San_Bernardino_County,_California","/wiki/John_F._Kennedy_University","/wiki/Pleasant_Hill,_California","/wiki/John_Paul_the_Great_Catholic_University","/wiki/San_Diego","/wiki/Laguna_College_of_Art_and_Design","/wiki/Laguna_Beach,_California","/wiki/La_Sierra_University","/wiki/Riverside,_California","/wiki/Life_Pacific_College","/wiki/San_Dimas,_California","/wiki/Lincoln_University_(California)","/wiki/Oakland,_California","/wiki/Loma_Linda_University","/wiki/Loma_Linda,_California","/wiki/Loyola_Marymount_University","/wiki/Los_Angeles,_California","/wiki/Master%27s_College","/wiki/Newhall,_California","/wiki/Marymount_College,_Palos_Verdes","/wiki/Rancho_Palos_Verdes,_CA","#cite_note-4","/wiki/Menlo_College","/wiki/Atherton,_California","/wiki/Mills_College","/wiki/Oakland,_California","/wiki/Monterey_Institute_of_International_Studies","/wiki/Monterey,_California","/wiki/Mount_St._Mary%27s_College","/wiki/Los_Angeles,_California","/wiki/National_Hispanic_University","/wiki/San_Jose,_California","/wiki/National_University_(California)","/wiki/San_Diego,_California","/wiki/La_Jolla,_San_Diego,_California","/wiki/NewSchool_of_Architecture_and_Design","/wiki/San_Diego,_California","/wiki/New_York_Film_Academy","/wiki/Universal_City,_California","/wiki/Northwestern_Polytechnic_University","/wiki/Fremont,_California","/wiki/Notre_Dame_de_Namur_University","/wiki/Belmont,_California","/wiki/Occidental_College","/wiki/Otis_College_of_Art_and_Design","/wiki/Los_Angeles,_California","/wiki/Pacific_Oaks_College","/wiki/Pasadena,_California","/wiki/Pacific_Union_College","/wiki/Angwin,_California","/wiki/Patten_College","/wiki/Oakland,_California","/wiki/Pepperdine_University","/wiki/Malibu,_California","/wiki/Point_Loma_Nazarene_University","/wiki/San_Diego,_California","/wiki/San_Francisco_Institute_of_Architecture","/wiki/Berkeley,_California","/wiki/Saint_Mary%27s_College_of_California","/wiki/Moraga,_California","/wiki/Samuel_Merritt_University","/wiki/Oakland,_California","/wiki/San_Diego_University_for_Integrative_Studies","/wiki/San_Diego_Christian_College","/wiki/El_Cajon,_California","/wiki/San_Joaquin_College_of_Law","/wiki/Clovis,_California","/wiki/San_Luis_Rey_College","/wiki/Oceanside,_California","/wiki/Santa_Clara_University","/wiki/Santa_Clara,_California","/wiki/Saybrook_University","/wiki/San_Francisco,_California","/wiki/Silicon_Valley_University","/wiki/San_Jose,_California","/wiki/Simpson_University","/wiki/Redding,_California","/wiki/Soka_University_of_America","/wiki/Aliso_Viejo,_California","/wiki/Southern_California_Institute_of_Architecture","/wiki/Los_Angeles,_California","/wiki/St._Mary%27s_College_of_California","/wiki/Moraga,_California","/wiki/Stanford_University","/wiki/Stanford,_California","/wiki/Starr_King_School_for_the_Ministry","/wiki/Berkeley,_California","/wiki/Thomas_Aquinas_College","/wiki/Santa_Paula,_California","/wiki/Trinity_International_University","/wiki/Touro_University_California","/wiki/Vallejo,_California","/wiki/Trident_University","/wiki/Cypress,_California","/wiki/University_of_La_Verne","/wiki/La_Verne,_California","/wiki/University_of_Northern_California_(Santa_Rosa)","/wiki/Santa_Rosa,_California","/wiki/University_of_Northern_California,_Lorenzo_Pati%C3%B1o_School_of_Law","/wiki/Sacramento,_California","/wiki/University_of_Redlands","/wiki/Redlands,_California","/wiki/University_of_the_Pacific_(United_States)","/wiki/Stockton,_California","/wiki/University_of_San_Diego","/wiki/San_Diego,_California","/wiki/University_of_San_Francisco","/wiki/San_Francisco,_California","/wiki/University_of_Southern_California","/wiki/Los_Angeles,_California","/wiki/University_of_West_Los_Angeles","/wiki/Inglewood,_California","/wiki/Woodland_Hills,_California","/wiki/University_of_the_West","/wiki/Rosemead,_California","/wiki/Vanguard_University_of_Southern_California","/wiki/Costa_Mesa,_California","/wiki/Western_University_of_Health_Sciences","/wiki/Pomona,_California","/wiki/Westmont_College","/wiki/Santa_Barbara,_California","/wiki/Whittier_College","/wiki/Whittier,_California","/wiki/William_Howard_Taft_University","/wiki/Santa_Ana,_California","/wiki/William_Jessup_University","/wiki/Rocklin,_California","/wiki/Woodbury_University","/wiki/Burbank,_California","/wiki/Zaytuna_College","/wiki/Berkeley,_California","/w/index.php?title=List_of_colleges_and_universities_in_California&action=edit&section=9","/wiki/Bethany_University","/wiki/Scotts_Valley,_California","/wiki/Upland_College","/wiki/Upland,_California","/wiki/Messiah_College","#cite_note-5","/w/index.php?title=List_of_colleges_and_universities_in_California&action=edit&section=10","/wiki/File:Flag_of_California.svg","//upload.wikimedia.org/wikipedia/commons/thumb/0/01/Flag_of_California.svg/32px-Flag_of_California.svg.png","/wiki/Portal:California","/wiki/File:Portal-puzzle.svg","//upload.wikimedia.org/wikipedia/en/thumb/f/fd/Portal-puzzle.svg/32px-Portal-puzzle.svg.png","/wiki/Portal:Universities","/wiki/Higher_education_in_the_United_States","/wiki/List_of_American_institutions_of_higher_education","/wiki/List_of_recognized_higher_education_accreditation_organizations","/wiki/List_of_colleges_and_universities","/wiki/List_of_colleges_and_universities_by_country","/wiki/List_of_colleges_and_universities_in_San_Francisco","/w/index.php?title=List_of_colleges_and_universities_in_California&action=edit&section=11","#cite_ref-1","/wiki/Los_Angeles_Daily_Journal","#cite_ref-2","http://www.calums.edu","#cite_ref-3","http://www.disd.edu","#cite_ref-4","http://www.mayfieldcollege.edu","#cite_ref-5","http://www.archive.org/stream/hearingsregardin1948unit/hearingsregardin1948unit_djvu.txt","/w/index.php?title=List_of_colleges_and_universities_in_California&action=edit&section=12","http://nces.ed.gov/collegenavigator/?s=CA","/wiki/Template:Lists_of_colleges_and_universities_in_the_United_States","/wiki/Template_talk:Lists_of_colleges_and_universities_in_the_United_States","//en.wikipedia.org/w/index.php?title=Template:Lists_of_colleges_and_universities_in_the_United_States&action=edit","/wiki/List_of_American_institutions_of_higher_education","/wiki/U.S._state","/wiki/List_of_colleges_and_universities_in_Alabama","/wiki/List_of_colleges_and_universities_in_Alaska","/wiki/List_of_colleges_and_universities_in_Arizona","/wiki/List_of_colleges_and_universities_in_Arkansas","/wiki/List_of_colleges_and_universities_in_Colorado","/wiki/List_of_colleges_and_universities_in_Connecticut","/wiki/List_of_colleges_and_universities_in_Delaware","/wiki/List_of_colleges_and_universities_in_Florida","/wiki/List_of_colleges_and_universities_in_Georgia_(U.S._state)","/wiki/List_of_colleges_and_universities_in_Hawaii","/wiki/List_of_colleges_and_universities_in_Idaho","/wiki/List_of_colleges_and_universities_in_Illinois","/wiki/List_of_colleges_and_universities_in_Indiana","/wiki/List_of_colleges_and_universities_in_Iowa","/wiki/List_of_colleges_and_universities_in_Kansas","/wiki/List_of_colleges_and_universities_in_Kentucky","/wiki/List_of_colleges_and_universities_in_Louisiana","/wiki/List_of_colleges_and_universities_in_Maine","/wiki/List_of_colleges_and_universities_in_Maryland","/wiki/List_of_colleges_and_universities_in_Massachusetts","/wiki/List_of_colleges_and_universities_in_Michigan","/wiki/List_of_colleges_and_universities_in_Minnesota","/wiki/List_of_colleges_and_universities_in_Mississippi","/wiki/List_of_colleges_and_universities_in_Missouri","/wiki/List_of_colleges_and_universities_in_Montana","/wiki/List_of_colleges_and_universities_in_Nebraska","/wiki/List_of_colleges_and_universities_in_Nevada","/wiki/List_of_colleges_and_universities_in_New_Hampshire","/wiki/List_of_colleges_and_universities_in_New_Jersey","/wiki/List_of_colleges_and_universities_in_New_Mexico","/wiki/List_of_colleges_and_universities_in_New_York","/wiki/List_of_colleges_and_universities_in_North_Carolina","/wiki/List_of_colleges_and_universities_in_North_Dakota","/wiki/List_of_colleges_and_universities_in_Ohio","/wiki/List_of_colleges_and_universities_in_Oklahoma","/wiki/List_of_colleges_and_universities_in_Oregon","/wiki/List_of_colleges_and_universities_in_Pennsylvania","/wiki/List_of_colleges_and_universities_in_Rhode_Island","/wiki/List_of_colleges_and_universities_in_South_Carolina","/wiki/List_of_colleges_and_universities_in_South_Dakota","/wiki/List_of_colleges_and_universities_in_Tennessee","/wiki/List_of_colleges_and_universities_in_Texas","/wiki/List_of_colleges_and_universities_in_Utah","/wiki/List_of_colleges_and_universities_in_Vermont","/wiki/List_of_colleges_and_universities_in_Virginia","/wiki/List_of_colleges_and_universities_in_Washington","/wiki/List_of_colleges_and_universities_in_West_Virginia","/wiki/List_of_colleges_and_universities_in_Wisconsin","/wiki/List_of_colleges_and_universities_in_Wyoming","/wiki/Federal_district","/wiki/List_of_colleges_and_universities_in_Washington,_D.C.","/wiki/Insular_area","/wiki/List_of_colleges_and_universities_in_American_Samoa","/wiki/List_of_colleges_and_universities_in_Guam","/wiki/List_of_colleges_and_universities_in_the_Northern_Mariana_Islands","/wiki/List_of_colleges_and_universities_in_Puerto_Rico","/wiki/List_of_colleges_and_universities_in_the_United_States_Virgin_Islands","/wiki/Template:California","/wiki/Template_talk:California","//en.wikipedia.org/w/index.php?title=Template:California&action=edit","//upload.wikimedia.org/wikipedia/commons/thumb/0/01/Flag_of_California.svg/23px-Flag_of_California.svg.png","/wiki/California","/wiki/Sacramento,_California","/wiki/Outline_of_California","/wiki/Climate_of_California","/wiki/United_States_congressional_delegations_from_California","/wiki/Culture_of_California","/wiki/Demographics_of_California","/wiki/Districts_in_California","/wiki/Ecology_of_California","/wiki/Economy_of_California","/wiki/Education_in_California","/wiki/Elections_in_California","/wiki/Environment_of_California","/wiki/California_Floristic_Province","/wiki/Geography_of_California","/wiki/Government_of_California","/wiki/History_of_California","/wiki/List_of_California_Historical_Landmarks","/wiki/List_of_National_Historic_Landmarks_in_California","/wiki/List_of_National_Natural_Landmarks_in_California","/wiki/Music_of_California","/wiki/National_Register_of_Historic_Places_listings_in_California","/wiki/List_of_California_state_parks","/wiki/Politics_of_California","/wiki/List_of_people_from_California","/wiki/California_protected_areas","/wiki/Sports_in_California","/wiki/List_of_California_state_symbols","/wiki/Transportation_in_California","/wiki/Water_in_California","/wiki/Index_of_California-related_articles","/wiki/List_of_regions_of_California","/wiki/Antelope_Valley","/wiki/Big_Sur","/wiki/California_Coast_Ranges","/wiki/Cascade_Range","/wiki/Central_California","/wiki/Central_Coast_(California)","/wiki/Central_Valley_(California)","/wiki/Channel_Islands_of_California","/wiki/Coachella_Valley","/wiki/Conejo_Valley","/wiki/Death_Valley","/wiki/East_Bay_(San_Francisco_Bay_Area)","/wiki/Gold_Country","/wiki/Inland_Empire","/wiki/Klamath_Basin","/wiki/Lake_Tahoe","/wiki/Greater_Los_Angeles_Area","/wiki/Los_Angeles_Basin","/wiki/Lost_Coast","/wiki/Mojave_Desert","/wiki/North_Coast_(California)","/wiki/Northern_California","/wiki/Owens_Valley","/wiki/Peninsular_Ranges","/wiki/Pomona_Valley","/wiki/Sacramento_Valley","/wiki/Salinas_Valley","/wiki/San_Bernardino_Valley","/wiki/San_Fernando_Valley","/wiki/San_Francisco_Bay_Area","/wiki/San_Francisco_Peninsula","/wiki/San_Gabriel_Valley","/wiki/San_Joaquin_Valley","/wiki/Shasta_Cascade","/wiki/Sierra_Nevada_(U.S.)","/wiki/Silicon_Valley","/wiki/Southern_California","/wiki/Transverse_Ranges","/wiki/Wine_Country_(California)","/wiki/Metropolitan_Statistical_Area","/wiki/Metropolitan_Fresno","/wiki/Los_Angeles_metropolitan_area","/wiki/Sacramento_metropolitan_area","/wiki/Yuba%E2%80%93Sutter_area","/wiki/List_of_counties_in_California","/wiki/Alameda_County,_California","/wiki/Alpine_County,_California","/wiki/Amador_County,_California","/wiki/Butte_County,_California","/wiki/Calaveras_County,_California","/wiki/Colusa_County,_California","/wiki/Contra_Costa_County,_California","/wiki/Del_Norte_County,_California","/wiki/El_Dorado_County,_California","/wiki/Fresno_County,_California","/wiki/Glenn_County,_California","/wiki/Humboldt_County,_California","/wiki/Imperial_County,_California","/wiki/Inyo_County,_California","/wiki/Kern_County,_California","/wiki/Kings_County,_California","/wiki/Lake_County,_California","/wiki/Lassen_County,_California","/wiki/Los_Angeles_County,_California","/wiki/Madera_County,_California","/wiki/Marin_County,_California","/wiki/Mariposa_County,_California","/wiki/Mendocino_County,_California","/wiki/Merced_County,_California","/wiki/Modoc_County,_California","/wiki/Mono_County,_California","/wiki/Monterey_County,_California","/wiki/Napa_County,_California","/wiki/Nevada_County,_California","/wiki/Orange_County,_California","/wiki/Placer_County,_California","/wiki/Plumas_County,_California","/wiki/Riverside_County,_California","/wiki/Sacramento_County,_California","/wiki/San_Benito_County,_California","/wiki/San_Bernardino_County,_California","/wiki/San_Diego_County,_California","/wiki/San_Francisco","/wiki/San_Joaquin_County,_California","/wiki/San_Luis_Obispo_County,_California","/wiki/San_Mateo_County,_California","/wiki/Santa_Barbara_County,_California","/wiki/Santa_Clara_County,_California","/wiki/Santa_Cruz_County,_California","/wiki/Shasta_County,_California","/wiki/Sierra_County,_California","/wiki/Siskiyou_County,_California","/wiki/Solano_County,_California","/wiki/Sonoma_County,_California","/wiki/Stanislaus_County,_California","/wiki/Sutter_County,_California","/wiki/Tehama_County,_California","/wiki/Trinity_County,_California","/wiki/Tulare_County,_California","/wiki/Tuolumne_County,_California","/wiki/Ventura_County,_California","/wiki/Yolo_County,_California","/wiki/Yuba_County,_California","/wiki/List_of_cities_and_towns_in_California","/wiki/Los_Angeles,_California","/wiki/San_Diego,_California","/wiki/San_Jose,_California","/wiki/San_Francisco","/wiki/Fresno,_California","/wiki/Sacramento,_California","/wiki/Long_Beach,_California","/wiki/Oakland,_California","/wiki/Bakersfield,_California","/wiki/Anaheim,_California","//en.wikipedia.org/w/index.php?title=Special:CentralAutoLogin/start&type=1x1&from=enwiki","http://en.wikipedia.org/w/index.php?title=List_of_colleges_and_universities_in_California&oldid=565366250","/wiki/Help:Categories","/wiki/Category:California-related_lists","/wiki/Category:Lists_of_universities_and_colleges_by_U.S._state","/wiki/Category:Universities_and_colleges_in_California","/wiki/Category:Wikipedia_articles_needing_reorganization_from_November_2011","/wiki/Category:Dynamic_lists","/w/index.php?title=Special:UserLogin&returnto=List+of+colleges+and+universities+in+California&type=signup","/w/index.php?title=Special:UserLogin&returnto=List+of+colleges+and+universities+in+California","/wiki/List_of_colleges_and_universities_in_California","/wiki/Talk:List_of_colleges_and_universities_in_California","#","/wiki/List_of_colleges_and_universities_in_California","/w/index.php?title=List_of_colleges_and_universities_in_California&action=edit","/w/index.php?title=List_of_colleges_and_universities_in_California&action=history","#","/w/index.php","//bits.wikimedia.org/static-1.22wmf10/skins/vector/images/search-ltr.png?303-4","/wiki/Main_Page","/wiki/Main_Page","/wiki/Portal:Contents","/wiki/Portal:Featured_content","/wiki/Portal:Current_events","/wiki/Special:Random","//donate.wikimedia.org/wiki/Special:FundraiserRedirector?utm_source=donate&utm_medium=sidebar&utm_campaign=C13_en.wikipedia.org&uselang=en","/wiki/Help:Contents","/wiki/Wikipedia:About","/wiki/Wikipedia:Community_portal","/wiki/Special:RecentChanges","//en.wikipedia.org/wiki/Wikipedia:Contact_us","/wiki/Special:WhatLinksHere/List_of_colleges_and_universities_in_California","/wiki/Special:RecentChangesLinked/List_of_colleges_and_universities_in_California","/wiki/Wikipedia:File_Upload_Wizard","/wiki/Special:SpecialPages","/w/index.php?title=List_of_colleges_and_universities_in_California&oldid=565366250","/w/index.php?title=List_of_colleges_and_universities_in_California&action=info","//www.wikidata.org/wiki/Q1456154","/w/index.php?title=Special:Cite&page=List_of_colleges_and_universities_in_California&id=565366250","/w/index.php?title=Special:Book&bookcmd=book_creator&referer=List+of+colleges+and+universities+in+California","/w/index.php?title=Special:Book&bookcmd=render_article&arttitle=List+of+colleges+and+universities+in+California&oldid=565366250&writer=rl","/w/index.php?title=List_of_colleges_and_universities_in_California&printable=yes","//de.wikipedia.org/wiki/Liste_der_Universit%C3%A4ten_in_Kalifornien","//fa.wikipedia.org/wiki/%D9%81%D9%87%D8%B1%D8%B3%D8%AA_%D8%AF%D8%A7%D9%86%D8%B4%DA%AF%D8%A7%D9%87%E2%80%8C%D9%87%D8%A7%DB%8C_%DA%A9%D8%A7%D9%84%DB%8C%D9%81%D8%B1%D9%86%DB%8C%D8%A7","#","//www.wikidata.org/wiki/Q1456154#sitelinks-wikipedia","//en.wikipedia.org/wiki/Wikipedia:Text_of_Creative_Commons_Attribution-ShareAlike_3.0_Unported_License","//creativecommons.org/licenses/by-sa/3.0/","//wikimediafoundation.org/wiki/Terms_of_Use","//wikimediafoundation.org/wiki/Privacy_policy","//www.wikimediafoundation.org/","//wikimediafoundation.org/wiki/Privacy_policy","/wiki/Wikipedia:About","/wiki/Wikipedia:General_disclaimer","//en.wikipedia.org/wiki/Wikipedia:Contact_us","//en.m.wikipedia.org/wiki/List_of_colleges_and_universities_in_California","//wikimediafoundation.org/","//bits.wikimedia.org/images/wikimedia-button.png","//www.mediawiki.org/","//bits.wikimedia.org/static-1.22wmf10/skins/common/images/poweredby_mediawiki_88x31.png","//bits.wikimedia.org/en.wikipedia.org/load.php?debug=false&lang=en&modules=site&only=scripts&skin=vector&*"],"instances":["united_states","california","ccsd","santa_rosa","california"],"pdf":[],"categories":["California-related lists|Colleges and universities","Lists of universities and colleges by U.S. state|California, List of colleges and universities in","Universities and colleges in California|"],"headings":["Federal institutions","State institutions","Private colleges and universities","Defunct institutions","See also","References","External links"],"image":["//upload.wikimedia.org/wikipedia/commons/thumb/e/e8/Crystal_Clear_app_kedit.svg/40px-Crystal_Clear_app_kedit.svg.png","//upload.wikimedia.org/wikipedia/commons/thumb/0/01/Flag_of_California.svg/32px-Flag_of_California.svg.png","//upload.wikimedia.org/wikipedia/en/thumb/f/fd/Portal-puzzle.svg/32px-Portal-puzzle.svg.png","//upload.wikimedia.org/wikipedia/commons/thumb/0/01/Flag_of_California.svg/23px-Flag_of_California.svg.png","//en.wikipedia.org/w/index.php?title=Special:CentralAutoLogin/start&type=1x1&from=enwiki","//bits.wikimedia.org/static-1.22wmf10/skins/vector/images/search-ltr.png?303-4","//bits.wikimedia.org/images/wikimedia-button.png","//bits.wikimedia.org/static-1.22wmf10/skins/common/images/poweredby_mediawiki_88x31.png"],"tags":[["california_college_san_diego","ccsd"],["lincoln_university","california"],["national_university","california"],["university_of_northern_california","santa_rosa"],["university_of_the_pacific","united_states"]],"members":["university_of_the_pacific","national_university","california_college_san_diego","university_of_northern_california","lincoln_university"],"related":["Naval_Postgraduate_School","Monterey,_California","Defense_Language_Institute","Monterey","California_Community_Colleges_System","California_Maritime_Academy","Vallejo,_California","Solano_County,_California","California_State_University","California_Polytechnic_State_University","San_Luis_Obispo,_California","San_Luis_Obispo_County,_California","California_State_University","California_State_Polytechnic_University,_Pomona","Pomona,_California","Los_Angeles_County,_California","California_State_University","California_State_University,_Bakersfield","Bakersfield,_California","Kern_County,_California","California_State_University","California_State_University,_Channel_Islands","Camarillo,_California","Ventura_County,_California","California_State_University","California_State_University,_Chico","Chico,_California","Butte_County,_California","California_State_University","California_State_University,_Dominguez_Hills","Carson,_California","Los_Angeles_County,_California","California_State_University","California_State_University,_East_Bay","Hayward,_California","Alameda_County,_California","California_State_University","California_State_University,_Fresno","Fresno,_California","Fresno_County,_California","California_State_University","California_State_University,_Fullerton","Fullerton,_California","Orange_County,_California","California_State_University","California_State_University,_Long_Beach","Long_Beach,_California","Los_Angeles_County,_California","California_State_University","California_State_University,_Los_Angeles","Los_Angeles","Los_Angeles_County,_California","California_State_University","California_State_University,_Monterey_Bay","Seaside,_California","Monterey_County,_California","California_State_University","California_State_University,_Northridge","Northridge,_California","Los_Angeles_County,_California","California_State_University","California_State_University,_Sacramento","Sacramento,_California","Sacramento_County,_California","California_State_University","California_State_University,_San_Bernardino","San_Bernardino,_California","San_Bernardino_County,_California","California_State_University","California_State_University,_San_Marcos","San_Marcos,_California","San_Diego_County,_California","California_State_University","California_State_University,_Stanislaus","Turlock,_California","Stanislaus_County,_California","California_State_University","Humboldt_State_University","Arcata,_California","Humboldt_County,_California","California_State_University","San_Diego_State_University","San_Diego","San_Diego_County,_California","California_State_University","San_Francisco_State_University","San_Francisco","San_Francisco","California_State_University","San_Jose_State_University","San_Jose,_California","Santa_Clara_County,_California","California_State_University","Sonoma_State_University","Rohnert_Park,_California","Sonoma_County,_California","California_State_University","University_of_California,_Berkeley","Berkeley,_California","Alameda_County,_California","University_of_California","University_of_California,_Davis","Davis,_California","Yolo_County,_California","University_of_California","University_of_California,_Irvine","Irvine,_California","Orange_County,_California","University_of_California","University_of_California,_Los_Angeles","Los_Angeles","Los_Angeles_County,_California","University_of_California","University_of_California,_Merced","Merced,_California","Merced_County,_California","University_of_California","University_of_California,_Riverside","Riverside,_California","Riverside_County,_California","University_of_California","University_of_California,_San_Diego","La_Jolla,_San_Diego,_California","San_Diego_County,_California","University_of_California","University_of_California,_Santa_Barbara","Santa_Barbara,_California","Goleta,_California","Santa_Barbara_County,_California","University_of_California","University_of_California,_Santa_Cruz","Santa_Cruz,_California","Santa_Cruz_County,_California","University_of_California","Moss_Landing_Marine_Laboratories","Moss_Landing,_California","University_of_California,_Hastings_College_of_the_Law","San_Francisco,_California","University_of_California,_San_Francisco","San_Francisco,_California","Academy_of_Art_University","San_Francisco,_California","Alliant_International_University","San_Diego,_California","Allied_American_University","Laguna_Hills,_California","American_Heritage_University_of_Southern_California","San_Bernardino,_California","American_Jewish_University","Los_Angeles,_California","American_Sports_University","San_Bernardino,_California","Anaheim_University","Anaheim,_California","Antioch_University_Los_Angeles","Culver_City,_California","Apollos_University","Huntington_Beach,_California","Argosy_University","Alameda,_California","Art_Center_College_of_Design","Pasadena,_California","The_Art_Institute_of_California_-_San_Francisco","San_Francisco,_California","Azusa_Pacific_University","Azusa,_California","Berean_Bible_College","Poway,_California","Biola_University","La_Mirada,_California","Brandman_University","Irvine,_California","Brooks_Institute","Santa_Barbara,_California","California_Baptist_University","Riverside,_California","California_Coast_University","Santa_Ana,_California","California_College_of_the_Arts","San_Francisco,_California","California_College_San_Diego_(CCSD)","San_Diego,_California","Indio,_California","California_Institute_of_the_Arts","Valencia,_California","California_Institute_of_Integral_Studies","San_Francisco,_California","California_Institute_of_Technology","Pasadena,_California","California_InterContinental_University","Diamond_Bar,_California","International_Technological_University","San_Jose,_California","California_Lutheran_University","Thousand_Oaks,_California","California_Miramar_University","San_Diego,_California","California_Pacific_University","Escondido,_California","California_South_Bay_University","Sunnyvale,_California","California_Southern_Law_School","Riverside,_California","California_Southern_University","Santa_Ana,_California","California_University_of_Management_and_Technology","San_Jose,_California","Anaheim,_California","Chapman_University","Orange,_California","Charles_R._Drew_University_of_Medicine_and_Science","Los_Angeles,_California","Claremont_Colleges","Claremont,_California","Claremont_McKenna_College","Harvey_Mudd_College","Pitzer_College","Pomona_College","Scripps_College","Claremont_Graduate_University","Keck_Graduate_Institute_of_Applied_Life_Sciences","Cogswell_College","Sunnyvale,_California","Concordia_University_Irvine","Irvine,_California","Culinary_Institute_of_America_at_Greystone","St._Helena,_California","Deep_Springs_College","Deep_Springs,_California","Dominican_University_of_California","San_Rafael,_California","Sacramento,_California","Epic_Bible_College","Sacramento,_California","Fresno_Pacific_University","Fresno,_California","Fuller_Theological_Seminary","Pasadena,_California","Golden_Gate_University","San_Francisco,_California","Herguan_University","Sunnyvale,_California","Holy_Names_University","Oakland,_California","Hope_International_University","Fullerton,_California","Hult_International_Business_School","San_Francisco,_California","Humphreys_College","Stockton,_California","ICDC_College","Culver_City","Imago_Dei_College","Oak_Glen,_San_Bernardino_County,_California","John_F._Kennedy_University","Pleasant_Hill,_California","John_Paul_the_Great_Catholic_University","San_Diego","Laguna_College_of_Art_and_Design","Laguna_Beach,_California","La_Sierra_University","Riverside,_California","Life_Pacific_College","San_Dimas,_California","Lincoln_University_(California)","Oakland,_California","Loma_Linda_University","Loma_Linda,_California","Loyola_Marymount_University","Los_Angeles,_California","Master's_College","Newhall,_California","Marymount_College,_Palos_Verdes","Rancho_Palos_Verdes,_CA","Menlo_College","Atherton,_California","Mills_College","Oakland,_California","Monterey_Institute_of_International_Studies","Monterey,_California","Mount_St._Mary's_College","Los_Angeles,_California","National_Hispanic_University","San_Jose,_California","National_University_(California)","San_Diego,_California","La_Jolla,_San_Diego,_California","NewSchool_of_Architecture_and_Design","San_Diego,_California","New_York_Film_Academy","Universal_City,_California","Northwestern_Polytechnic_University","Fremont,_California","Notre_Dame_de_Namur_University","Belmont,_California","Occidental_College","Otis_College_of_Art_and_Design","Los_Angeles,_California","Pacific_Oaks_College","Pasadena,_California","Pacific_Union_College","Angwin,_California","Patten_College","Oakland,_California","Pepperdine_University","Malibu,_California","Point_Loma_Nazarene_University","San_Diego,_California","San_Francisco_Institute_of_Architecture","Berkeley,_California","Saint_Mary's_College_of_California","Moraga,_California","Samuel_Merritt_University","Oakland,_California","San_Diego_University_for_Integrative_Studies","San_Diego_Christian_College","El_Cajon,_California","San_Joaquin_College_of_Law","Clovis,_California","San_Luis_Rey_College","Oceanside,_California","Santa_Clara_University","Santa_Clara,_California","Saybrook_University","San_Francisco,_California","Silicon_Valley_University","San_Jose,_California","Simpson_University","Redding,_California","Soka_University_of_America","Aliso_Viejo,_California","Southern_California_Institute_of_Architecture","Los_Angeles,_California","St._Mary's_College_of_California","Moraga,_California","Stanford_University","Stanford,_California","Starr_King_School_for_the_Ministry","Berkeley,_California","Thomas_Aquinas_College","Santa_Paula,_California","Trinity_International_University","Touro_University_California","Vallejo,_California","Trident_University","Cypress,_California","University_of_La_Verne","La_Verne,_California","University_of_Northern_California_(Santa_Rosa)","Santa_Rosa,_California","University_of_Northern_California,_Lorenzo_Patiño_School_of_Law","Sacramento,_California","University_of_Redlands","Redlands,_California","University_of_the_Pacific_(United_States)","Stockton,_California","University_of_San_Diego","San_Diego,_California","University_of_San_Francisco","San_Francisco,_California","University_of_Southern_California","Los_Angeles,_California","University_of_West_Los_Angeles","Inglewood,_California","Woodland_Hills,_California","University_of_the_West","Rosemead,_California","Vanguard_University_of_Southern_California","Costa_Mesa,_California","Western_University_of_Health_Sciences","Pomona,_California","Westmont_College","Santa_Barbara,_California","Whittier_College","Whittier,_California","William_Howard_Taft_University","Santa_Ana,_California","William_Jessup_University","Rocklin,_California","Woodbury_University","Burbank,_California","Zaytuna_College","Berkeley,_California","Bethany_University","Scotts_Valley,_California","Upland_College","Upland,_California","Messiah_College","Higher_education_in_the_United_States","List_of_American_institutions_of_higher_education","List_of_recognized_higher_education_accreditation_organizations","List_of_colleges_and_universities","List_of_colleges_and_universities_by_country","List_of_colleges_and_universities_in_San_Francisco"]}