{"cursor":"45156","size":15,"audio":[],"currentlang":"en","article":"__NOTOC__ This is a list of postal codes in Canada where the first letter is N.\nPostal codes beginning with N are located within the Canadian province of\nOntario. Only the first three characters are listed, corresponding to the\nForward Sortation Area.\n\nCanada Post provides a free postal code look-up tool on its website, {{cite\nweb |url=https://www.canadapost.ca/cpotools/apps/fpc/personal/findByCity?execut-\nion=e2s1 |author=Canada Post |title=Canada Post - Find a Postal Code\n|accessdate=9 November 2008 }}  via its applications for such\nsmartphones as the iPhone and BlackBerry, and sells hard-copy\ndirectories and CD-ROMs. Many vendors also sell validation tools, which allow\ncustomers to properly match addresses and postal codes. Hard-copy directories\ncan also be consulted in all post offices, and some libraries.\n","linknr":626,"url":"List_of_N_postal_codes_of_Canada","recorded":1375078390,"links":["/w/index.php?title=List_of_N_postal_codes_of_Canada&action=edit","/w/index.php?title=List_of_N_postal_codes_of_Canada&action=edit","//bits.wikimedia.org/favicon/wikipedia.ico","/w/opensearch_desc.php","//en.wikipedia.org/w/api.php?action=rsd","//creativecommons.org/licenses/by-sa/3.0/","/w/index.php?title=Special:RecentChanges&feed=atom","//bits.wikimedia.org/en.wikipedia.org/load.php?debug=false&lang=en&modules=ext.gadget.DRN-wizard%2CReferenceTooltips%2Ccharinsert%2Cteahouse%7Cext.rtlcite%2Cwikihiero%7Cext.uls.nojs%7Cmediawiki.legacy.commonPrint%2Cshared%7Cmw.PopUpMediaTransform%7Cskins.vector&only=styles&skin=vector&*","//bits.wikimedia.org/en.wikipedia.org/load.php?debug=false&lang=en&modules=site&only=styles&skin=vector&*","//bits.wikimedia.org/en.wikipedia.org/load.php?debug=false&lang=en&modules=startup&only=scripts&skin=vector&*","//bits.wikimedia.org/geoiplookup","//meta.wikimedia.org","#mw-navigation","#p-search","/wiki/Postal_codes_in_Canada","/wiki/Ontario","/wiki/Canada_Post","#cite_note-1","/w/index.php?title=APP_(file_format)&action=edit&redlink=1","/wiki/Smartphones","/wiki/IPhone","/wiki/BlackBerry","#cite_note-2","/wiki/CD-ROM","/wiki/Western_Ontario","/wiki/Canadian_postal_code#Forward_sortation_areas","/w/index.php?title=List_of_N_postal_codes_of_Canada&action=edit&section=1","/w/index.php?title=List_of_N_postal_codes_of_Canada&action=edit&section=2","/wiki/Dunnville,_Ontario","/wiki/Kitchener,_Ontario","/wiki/Baden,_Ontario","/wiki/Stratford,_Ontario","/wiki/London,_Ontario","/w/index.php?title=North_London,_Ontario&action=edit&redlink=1","/wiki/University_of_Western_Ontario","/wiki/Goderich,_Ontario","/wiki/Wallaceburg,_Ontario","/wiki/Windsor,_Ontario","/w/index.php?title=Windsor_City_Centre&action=edit&redlink=1","/wiki/Walkerville,_Ontario","/wiki/Kitchener,_Ontario","/wiki/Elmira,_Ontario","/wiki/Delhi,_Ontario","/wiki/London,_Ontario","/w/index.php?title=Central_London,_Ontario&action=edit&redlink=1","/wiki/Windsor,_Ontario","/wiki/University_of_Windsor","/w/index.php?title=South_Cameron,_Ontario&action=edit&redlink=1","/wiki/Guelph","/wiki/Kitchener,_Ontario","/wiki/Cambridge,_Ontario","/wiki/Ingersoll,_Ontario","/wiki/London,_Ontario","/w/index.php?title=South_London,_Ontario&action=edit&redlink=1","/w/index.php?title=Highland,_London,_Ontario&action=edit&redlink=1","/w/index.php?title=White_Oaks,_London,_Ontario&action=edit&redlink=1","/w/index.php?title=Westminster,_London,_Ontario&action=edit&redlink=1","/wiki/Windsor,_Ontario","/wiki/Sandwich,_Ontario","/w/index.php?title=Ojibway,_Ontario&action=edit&redlink=1","/w/index.php?title=Malden,_Ontario&action=edit&redlink=1","/wiki/Guelph","/wiki/Kitchener,_Ontario","/wiki/Cambridge,_Ontario","/wiki/London,_Ontario","/w/index.php?title=White_Oaks,_London,_Ontario&action=edit&redlink=1","/w/index.php?title=Westminster,_London,_Ontario&action=edit&redlink=1","/w/index.php?title=Longwoods,_London,_Ontario&action=edit&redlink=1","/w/index.php?title=Brockley,_London,_Ontario&action=edit&redlink=1","/wiki/Windsor,_Ontario","/w/index.php?title=South_Windsor,_Ontario&action=edit&redlink=1","/w/index.php?title=Malden,_Ontario&action=edit&redlink=1","/wiki/Guelph","/wiki/Kitchener,_Ontario","/wiki/Tillsonburg","/wiki/London,_Ontario","/w/index.php?title=Sunningdale,_London,_Ontario&action=edit&redlink=1","/w/index.php?title=Masonville,_London,_Ontario&action=edit&redlink=1","/w/index.php?title=Medway,_London,_Ontario&action=edit&redlink=1","/w/index.php?title=Hyde_Park,_London,_Ontario&action=edit&redlink=1","/w/index.php?title=Fox_Hollow,_London,_Ontario&action=edit&redlink=1","/wiki/Strathroy-Caradoc","/wiki/Windsor,_Ontario","/w/index.php?title=Roseland,_Ontario&action=edit&redlink=1","/wiki/Guelph","/wiki/Kitchener,_Ontario","/wiki/Cambridge,_Ontario","/wiki/Aylmer,_Ontario","/wiki/London,_Ontario","/w/index.php?title=West_London,_Ontario&action=edit&redlink=1","/w/index.php?title=Hyde_Park,_London,_Ontario&action=edit&redlink=1","/w/index.php?title=Oakridge,_London,_Ontario&action=edit&redlink=1","/wiki/Leamington,_Ontario","/wiki/LaSalle,_Ontario","/wiki/Waterloo,_Ontario","/wiki/London,_Ontario","/w/index.php?title=Southcrest,_London,_Ontario&action=edit&redlink=1","/wiki/Westmount,_London,_Ontario","/w/index.php?title=Highland,_London,_Ontario&action=edit&redlink=1","/wiki/LaSalle,_Ontario","/wiki/Guelph","/wiki/Waterloo,_Ontario","/wiki/Owen_Sound","/wiki/London,_Ontario","/w/index.php?title=Riverbend,_London,_Ontario&action=edit&redlink=1","/w/index.php?title=Woodhull,_London,_Ontario&action=edit&redlink=1","/w/index.php?title=Sharon_Creek,_London,_Ontario&action=edit&redlink=1","/w/index.php?title=Byron,_London,_Ontario&action=edit&redlink=1","/wiki/Westmount,_London,_Ontario","/wiki/Tecumseh,_Ontario","/wiki/Guelph","/wiki/Waterloo,_Ontario","/wiki/Paris,_Ontario","/wiki/Meaford,_Ontario","/wiki/Port_Stanley,_Ontario","/wiki/London,_Ontario","/w/index.php?title=Tempo,_London,_Ontario&action=edit&redlink=1","/wiki/Chatham%E2%80%93Kent","/wiki/Fergus,_Ontario","/wiki/Kitchener,_Ontario","/wiki/London,_Ontario","/w/index.php?title=Jackson,_London,_Ontario&action=edit&redlink=1","/w/index.php?title=Old_Victoria,_London,_Ontario&action=edit&redlink=1","/w/index.php?title=Bradley,_London,_Ontario&action=edit&redlink=1","/w/index.php?title=Highbury,_London,_Ontario&action=edit&redlink=1","/wiki/Chatham%E2%80%93Kent","/wiki/Essex,_Ontario","/wiki/Kitchener,_Ontario","/wiki/Hanover,_Ontario","/wiki/London,_Ontario","/w/index.php?title=Highbury,_London,_Ontario&action=edit&redlink=1","/w/index.php?title=Glanworth,_London,_Ontario&action=edit&redlink=1","/w/index.php?title=Brockley,_London,_Ontario&action=edit&redlink=1","/w/index.php?title=Westminster,_London,_Ontario&action=edit&redlink=1","/wiki/Tecumseh,_Ontario","/wiki/Cambridge,_Ontario","/wiki/Kitchener,_Ontario","/wiki/Brantford","/wiki/St._Thomas,_Ontario","/wiki/London,_Ontario","/w/index.php?title=Talbot,_London,_Ontario&action=edit&redlink=1","/wiki/Lambeth,_London,_Ontario","/w/index.php?title=Tempo,_London,_Ontario&action=edit&redlink=1","/w/index.php?title=Sharon_Creek,_London,_Ontario&action=edit&redlink=1","/wiki/Windsor,_Ontario","/w/index.php?title=East_Riverside,_Ontario&action=edit&redlink=1","/wiki/Cambridge,_Ontario","/wiki/Kitchener,_Ontario","/wiki/Brantford","/wiki/St._Thomas,_Ontario","/wiki/Windsor,_Ontario","/wiki/Forest_Glade,_Ontario","/wiki/Cambridge,_Ontario","/wiki/Brantford","/wiki/Woodstock,_Ontario","/wiki/Sarnia","/wiki/Windsor,_Ontario","/wiki/Riverside,_Ontario","/wiki/Cambridge,_Ontario","/wiki/Waterloo,_Ontario","/wiki/Brantford","/wiki/Woodstock,_Ontario","/wiki/Sarnia","/wiki/Windsor,_Ontario","/wiki/Forest_Glade,_Ontario","/w/index.php?title=Fontainbleu,_Ontario&action=edit&redlink=1","/wiki/Waterloo,_Ontario","/wiki/Brantford","/wiki/Woodstock,_Ontario","/wiki/London,_Ontario","/wiki/London_International_Airport","/w/index.php?title=Argyle,_London,_Ontario&action=edit&redlink=1","/wiki/Huron_Heights,_London,_Ontario","/wiki/Sarnia","/wiki/Tecumseh,_Ontario","/wiki/Windsor_Airport","/wiki/Amherstburg,_Ontario","/wiki/Caledonia,_Ontario","/wiki/Listowel,_Ontario","/wiki/London,_Ontario","/w/index.php?title=East_London,_Ontario&action=edit&redlink=1","/w/index.php?title=Argyle,_London,_Ontario&action=edit&redlink=1","/w/index.php?title=Hamilton_Road,_London,_Ontario&action=edit&redlink=1","/wiki/Sarnia","/wiki/Windsor,_Ontario","/w/index.php?title=South_Walkerville,_Ontario&action=edit&redlink=1","/w/index.php?title=Fontainbleu,_Ontario&action=edit&redlink=1","/w/index.php?title=Walker_Farm,_Ontario&action=edit&redlink=1","/w/index.php?title=Devonshire,_Ontario&action=edit&redlink=1","/wiki/St._Marys,_Ontario","/wiki/London,_Ontario","/w/index.php?title=Fanshawe,_London,_Ontario&action=edit&redlink=1","/w/index.php?title=Stoneybrook,_London,_Ontario&action=edit&redlink=1","/w/index.php?title=Stoney_Creek,_London,_Ontario&action=edit&redlink=1","/w/index.php?title=Uplands,_London,_Ontario&action=edit&redlink=1","/w/index.php?title=Masonville,_London,_Ontario&action=edit&redlink=1","/wiki/Sarnia","/wiki/Windsor,_Ontario","/w/index.php?title=South_Central_Windsor,_Ontario&action=edit&redlink=1","/wiki/Walkerville,_Ontario","/w/index.php?title=Remington_Park,_Ontario&action=edit&redlink=1","/wiki/Simcoe,_Ontario","/wiki/London,_Ontario","/wiki/Huron_Heights,_London,_Ontario","/w/index.php?title=Carling,_London,_Ontario&action=edit&redlink=1","/wiki/Windsor,_Ontario","/wiki/Walkerville,_Ontario","/wiki/Kingsville,_Ontario","/wiki/Kincardine,_Ontario","/wiki/Stratford,_Ontario","/wiki/London,_Ontario","/w/index.php?title=Glen_Cairn,_London,_Ontario&action=edit&redlink=1","/w/index.php?title=List_of_N_postal_codes_of_Canada&action=edit&section=3","/wiki/Haldimand_County,_Ontario","/wiki/Canfield,_Ontario","/wiki/Cayuga,_Ontario","/wiki/Fisherville,_Ontario","/wiki/Hagersville,_Ontario","/wiki/Jarvis,_Ontario","/wiki/Lowbanks,_Ontario","/wiki/Nanticoke,_Ontario","/wiki/Ohsweken,_Ontario","/wiki/Port_Dover,_Ontario","/wiki/Selkirk,_Ontario","/wiki/York,_Ontario","/wiki/Wellington_County,_Ontario","/wiki/Regional_Municipality_of_Waterloo","/wiki/Alma,_Ontario","/wiki/Ariss,_Ontario","/wiki/Arkell,_Ontario","/wiki/Ayr,_Ontario","/wiki/Ballinafad,_Ontario","/wiki/Belwood,_Ontario","/wiki/Bloomingdale,_Ontario","/wiki/Branchton,_Ontario","/wiki/Breslau,_Ontario","/wiki/Conestogo,_Ontario","/wiki/Eden_Mills,_Ontario","/wiki/Elora,_Ontario","/wiki/Erin,_Ontario","/wiki/Floradale,_Ontario","/wiki/Glen_Morris,_Brant_County,_Ontario","/wiki/Hawkesville,_Ontario","/wiki/Heidelberg,_Ontario","/wiki/Hillsburgh,_Ontario","/wiki/Linwood,_Ontario","/wiki/Maryhill,_Ontario","/wiki/Morriston,_Ontario","/wiki/New_Dundee,_Ontario","/wiki/Petersburg,_Ontario","/wiki/Puslinch,_Ontario","/wiki/Rockwood,_Ontario","/wiki/St._Agatha,_Ontario","/wiki/St._Clements,_Ontario","/wiki/St._Jacobs,_Ontario","/wiki/Shakespeare,_Ontario","/wiki/Tavistock,_Ontario","/wiki/Wallenstein,_Ontario","/wiki/Wellesley,_Ontario","/wiki/West_Montrose,_Ontario","/wiki/Georgian_Bay","/wiki/Badjeros,_Ontario","/wiki/Dundalk,_Ontario","/wiki/Feversham,_Ontario","/wiki/Flesherton,_Ontario","/wiki/Kimberley,_Ontario","/wiki/Markdale,_Ontario","/wiki/Maxwell,_Grey_County,_Ontario","/wiki/Priceville,_Ontario","/wiki/Proton_Station,_Ontario","/wiki/Singhampton,_Ontario","/wiki/Brant_County,_Ontario","/wiki/Norfolk_County,_Ontario","/wiki/Burford,_Ontario","/wiki/Cathcart,_Ontario","/wiki/Clear_Creek,_Ontario","/wiki/Harley,_Ontario","/wiki/Langton,_Ontario","/wiki/La_Salette,_Ontario","/wiki/Mount_Pleasant,_Brant_County,_Ontario","/wiki/Oakland,_Brant_County,_Ontario","/wiki/Port_Rowan,_Ontario","/w/index.php?title=St._George_Brant,_Ontario&action=edit&redlink=1","/w/index.php?title=St._William%27s,_Ontario&action=edit&redlink=1","/wiki/Scotland,_Ontario","/wiki/Teeterville,_Ontario","/wiki/Turkey_Point,_Ontario","/wiki/Vanessa,_Ontario","/wiki/Vittoria,_Ontario","/wiki/Walsingham,_Ontario","/wiki/Waterford,_Ontario","/wiki/Wilsonville,_Ontario","/wiki/Bruce_County,_Ontario","/wiki/Huron_County,_Ontario","/wiki/Arthur,_Ontario","/wiki/Atwood,_Ontario","/wiki/Ayton,_Ontario","/wiki/Belgrave,_Ontario","/wiki/Bluevale,_Ontario","/wiki/Brussels,_Ontario","/wiki/Cargill,_Ontario","/wiki/Chepstow,_Ontario","/wiki/Chesley,_Ontario","/wiki/Clifford,_Ontario","/wiki/Conn,_Ontario","/wiki/Drayton,_Ontario","/wiki/Durham,_Ontario","/w/index.php?title=Elmwood,_Huron_County,_Ontario&action=edit&redlink=1","/wiki/Ethel,_Ontario","/wiki/Fordwich,_Ontario","/wiki/Formosa,_Ontario","/wiki/Gorrie,_Ontario","/wiki/Gowanstown,_Ontario","/wiki/Harriston,_Ontario","/wiki/Holstein,_Ontario","/wiki/Holyrood,_Ontario","/wiki/Kenilworth,_Ontario","/wiki/Lucknow,_Ontario","/wiki/Mildmay,_Ontario","/wiki/Moorefield,_Ontario","/wiki/Mount_Forest,_Ontario","/wiki/Neustadt,_Ontario","/wiki/Paisley,_Ontario","/wiki/Palmerston,_Ontario","/wiki/Ripley,_Ontario","/wiki/Teeswater,_Ontario","/wiki/Tiverton,_Ontario","/wiki/Walkerton,_Ontario","/wiki/Wingham,_Ontario","/wiki/Wroxeter,_Ontario","/wiki/Bruce_Peninsula","/wiki/Allenford,_Ontario","/wiki/Annan,_Ontario","/wiki/Berkeley,_Ontario","/wiki/Bognor,_Ontario","/wiki/Chatsworth,_Ontario","/wiki/Clarksburg,_Ontario","/wiki/Desboro,_Ontario","/wiki/Dobbinton,_Ontario","/wiki/Heathcote,_Ontario","/wiki/Hepworth,_Ontario","/wiki/Holland_Centre,_Ontario","/wiki/Kemble,_Ontario","/wiki/Leith,_Ontario","/w/index.php?title=Lions_Head,_Ontario&action=edit&redlink=1","/wiki/Mar,_Ontario","/wiki/Miller_Lake,_Ontario","/wiki/Port_Elgin,_Ontario","/wiki/Ravenna,_Ontario","/wiki/Sauble_Beach,_Ontario","/wiki/Shallow_Lake,_Ontario","/wiki/Southampton,_Ontario","/w/index.php?title=Stokes_Bay,_Ontario&action=edit&redlink=1","/wiki/Tara,_Ontario","/wiki/Thornbury,_Ontario","/wiki/Tobermory,_Ontario","/wiki/Walters_Falls,_Ontario","/wiki/Wiarton,_Ontario","/wiki/Williamsford,_Ontario","/wiki/Oxford_County,_Ontario","/wiki/Beachville,_Ontario","/wiki/Bright,_Ontario","/wiki/Burgessville,_Ontario","/wiki/Courtland,_Ontario","/w/index.php?title=Drumbo,_Ontario&action=edit&redlink=1","/wiki/Eden,_Ontario","/wiki/Embro,_Ontario","/wiki/Hickson,_Ontario","/wiki/Innerkip,_Ontario","/wiki/Mount_Elgin,_Ontario","/wiki/Norwich,_Ontario","/wiki/Otterville,_Ontario","/wiki/Plattsville,_Ontario","/wiki/Port_Burwell,_Ontario","/wiki/Princeton,_Ontario","/wiki/Salford,_Ontario","/wiki/Springford,_Ontario","/wiki/Straffordville,_Ontario","/wiki/Vienna,_Ontario","/wiki/Perth_County,_Ontario","/wiki/Bornholm,_Ontario","/wiki/Brodhagen,_Ontario","/wiki/Brunner,_Ontario","/wiki/Dublin,_Ontario","/wiki/Egmondville,_Ontario","/wiki/Fullarton,_Ontario","/w/index.php?title=Gads_Hill_Station,_Ontario&action=edit&redlink=1","/wiki/Kirkton,_Ontario","/wiki/Millbank,_Ontario","/wiki/Milverton,_Ontario","/wiki/Mitchell,_Ontario","/wiki/Monkton,_Ontario","/w/index.php?title=Newton,_Ontario&action=edit&redlink=1","/w/index.php?title=Poole,_Ontario&action=edit&redlink=1","/w/index.php?title=Rostock,_Ontario&action=edit&redlink=1","/wiki/St._Pauls_Station,_Ontario","/wiki/Seaforth,_Ontario","/wiki/Sebringville,_Ontario","/wiki/Staffa,_Ontario","/wiki/Walton,_Ontario","/wiki/Woodham,_Ontario","/wiki/Elgin_County,_Ontario","/wiki/Appin,_Ontario","/wiki/Belmont,_Ontario","/w/index.php?title=Brownsville,_Elgin_County,_Ontario&action=edit&redlink=1","/wiki/Delaware,_Ontario","/wiki/Dorchester,_Ontario","/w/index.php?title=Duart,_Ontario&action=edit&redlink=1","/wiki/Dutton,_Ontario","/wiki/Fingal,_Ontario","/wiki/Glencoe,_Ontario","/wiki/Harrietsville,_Ontario","/wiki/Iona_Station,_Ontario","/wiki/Komoka,_Ontario","/wiki/Melbourne,_Ontario","/wiki/Mossley,_Ontario","/wiki/Mount_Brydges,_Ontario","/w/index.php?title=Muirkirk,_Ontario&action=edit&redlink=1","/wiki/Muncey,_Ontario","/wiki/Newbury,_Ontario","/wiki/Putnam,_Ontario","/wiki/Rodney,_Ontario","/wiki/Shedden,_Elgin_County,_Ontario","/wiki/Southwold,_Ontario","/wiki/Sparta,_Ontario","/wiki/Springfield,_Ontario","/wiki/Union,_Ontario","/wiki/Wallacetown,_Ontario","/wiki/Wardsville,_Ontario","/wiki/West_Lorne,_Ontario","/wiki/Middlesex_County,_Ontario","/wiki/Ailsa_Craig,_Ontario","/wiki/Arkona,_Ontario","/wiki/Arva,_Ontario","/wiki/Auburn,_Ontario","/wiki/Bayfield,_Ontario","/wiki/Blyth,_Ontario","/wiki/Brucefield,_Ontario","/wiki/Centralia,_Ontario","/wiki/Clinton,_Ontario","/wiki/Crediton,_Ontario","/wiki/Dashwood,_Ontario","/wiki/Denfield,_Ontario","/wiki/Dungannon,_Ontario","/wiki/Exeter,_Ontario","/wiki/Grand_Bend,_Ontario","/wiki/Granton,_Ontario","/w/index.php?title=Hay,_Ontario&action=edit&redlink=1","/wiki/Hensall,_Ontario","/wiki/Huron_Park,_Ontario","/wiki/Ilderton,_Ontario","/wiki/Kerwood,_Ontario","/wiki/Kintore,_Ontario","/wiki/Kippen,_Ontario","/w/index.php?title=Lakeside,_Middlesex_County,_Ontario&action=edit&redlink=1","/wiki/Londesborough,_Ontario","/wiki/Lucan,_Ontario","/wiki/Parkhill,_Ontario","/wiki/Port_Franks,_Ontario","/wiki/Thamesford,_Ontario","/wiki/Thedford,_Ontario","/wiki/Thorndale,_Ontario","/wiki/Varna,_Ontario","/wiki/Watford,_Ontario","/wiki/Zurich,_Ontario","/wiki/Lambton_County,_Ontario","/wiki/Alvinston,_Ontario","/wiki/Brigden,_Ontario","/wiki/Brights_Grove,_Ontario","/wiki/Camlachie,_Ontario","/wiki/Corunna,_Ontario","/wiki/Courtright,_Ontario","/wiki/Forest,_Ontario","/wiki/Inwood,_Ontario","/wiki/Oil_City,_Ontario","/wiki/Oil_Springs,_Ontario","/wiki/Petrolia,_Ontario","/wiki/Wyoming,_Ontario","/wiki/Kent_County,_Ontario","/wiki/Blenheim,_Ontario","/wiki/Blytheswood,_Ontario","/wiki/Bothwell,_Ontario","/w/index.php?title=Cedar_Springs,_Chatham-Kent,_Ontario&action=edit&redlink=1","/w/index.php?title=Charing_Cross,_Ontario&action=edit&redlink=1","/w/index.php?title=Coatsworth_Station,_Ontario&action=edit&redlink=1","/wiki/Comber,_Ontario","/w/index.php?title=Croton,_Ontario&action=edit&redlink=1","/w/index.php?title=Dover_Centre,_Ontario&action=edit&redlink=1","/wiki/Dresden,_Ontario","/wiki/Erieau,_Ontario","/wiki/Florence,_Ontario","/w/index.php?title=Grande_Pointe,_Ontario&action=edit&redlink=1","/wiki/Highgate,_Ontario","/wiki/Kent_Bridge,_Ontario","/wiki/Merlin,_Ontario","/wiki/Morpeth,_Ontario","/wiki/North_Buxton,_Ontario","/wiki/Pain_Court,_Ontario","/w/index.php?title=Port_Alma,_Ontario&action=edit&redlink=1","/wiki/Port_Lambton,_Ontario","/wiki/Ridgetown,_Ontario","/wiki/Ruthven,_Ontario","/wiki/Sombra,_Ontario","/w/index.php?title=Staples,_Ontario&action=edit&redlink=1","/wiki/Thamesville,_Ontario","/wiki/Tilbury,_Ontario","/wiki/Tupperville,_Ontario","/wiki/Wheatley,_Ontario","/wiki/Wilkesport,_Ontario","/wiki/Essex_County,_Ontario","/wiki/Belle_River,_Ontario","/wiki/Cottam,_Ontario","/wiki/Emeryville,_Ontario","/wiki/Harrow,_Ontario","/wiki/McGregor,_Ontario","/wiki/Maidstone,_Ontario","/wiki/Oldcastle,_Ontario","/wiki/Pelee_Island,_Ontario","/w/index.php?title=Pointe_aux_Roches,_Ontario&action=edit&redlink=1","/wiki/Ruscom_Station,_Ontario","/wiki/St._Joachim,_Ontario","/wiki/South_Woodslee,_Ontario","#cite_note-statcan-3","/w/index.php?title=List_of_N_postal_codes_of_Canada&action=edit&section=4","#cite_note-statcan-3","/w/index.php?title=List_of_N_postal_codes_of_Canada&action=edit&section=5","/w/index.php?title=List_of_N_postal_codes_of_Canada&action=edit&section=6","#cite_ref-1","https://www.canadapost.ca/cpotools/apps/fpc/personal/findByCity?execution=e2s1","#cite_ref-2","http://www.canadapost.ca/cpo/mc/personal/tools/mobileapp/default.jsf","#cite_ref-statcan_3-0","#cite_ref-statcan_3-1","http://www12.statcan.ca/english/census06/data/popdwell/Table.cfm?T=1201&SR=1&S=0&O=A&RPP=9999&PR=0&CMA=0","/wiki/File:Flag_of_Canada.svg","//upload.wikimedia.org/wikipedia/en/thumb/c/cf/Flag_of_Canada.svg/36px-Flag_of_Canada.svg.png","/wiki/Postal_codes_in_Canada","/wiki/File:Canadian_postal_district_map_(without_legends).svg","//upload.wikimedia.org/wikipedia/commons/thumb/e/eb/Canadian_postal_district_map_%28without_legends%29.svg/21px-Canadian_postal_district_map_%28without_legends%29.svg.png","/wiki/Newfoundland_and_Labrador","/wiki/Nova_Scotia","/wiki/Prince_Edward_Island","/wiki/New_Brunswick","/wiki/Quebec","/wiki/Ontario","/wiki/Manitoba","/wiki/Saskatchewan","/wiki/Alberta","/wiki/British_Columbia","/wiki/Nunavut","/wiki/Northwest_Territories","/wiki/Yukon","/wiki/List_of_A_postal_codes_of_Canada","/wiki/List_of_B_postal_codes_of_Canada","/wiki/List_of_C_postal_codes_of_Canada","/wiki/List_of_E_postal_codes_of_Canada","/wiki/List_of_G_postal_codes_of_Canada","/wiki/List_of_H_postal_codes_of_Canada","/wiki/List_of_J_postal_codes_of_Canada","/wiki/List_of_K_postal_codes_of_Canada","/wiki/List_of_L_postal_codes_of_Canada","/wiki/List_of_M_postal_codes_of_Canada","/wiki/List_of_P_postal_codes_of_Canada","/wiki/List_of_R_postal_codes_of_Canada","/wiki/List_of_S_postal_codes_of_Canada","/wiki/List_of_T_postal_codes_of_Canada","/wiki/List_of_V_postal_codes_of_Canada","/wiki/List_of_X_postal_codes_of_Canada","/wiki/List_of_Y_postal_codes_of_Canada","//en.wikipedia.org/w/index.php?title=Special:CentralAutoLogin/start&type=1x1&from=enwiki","http://en.wikipedia.org/w/index.php?title=List_of_N_postal_codes_of_Canada&oldid=553715009","/wiki/Help:Categories","/wiki/Category:Postal_codes_in_Canada","/wiki/Category:Communications_in_Ontario","/wiki/Category:Ontario-related_lists","/w/index.php?title=Special:UserLogin&returnto=List+of+N+postal+codes+of+Canada&type=signup","/w/index.php?title=Special:UserLogin&returnto=List+of+N+postal+codes+of+Canada","/wiki/List_of_N_postal_codes_of_Canada","/wiki/Talk:List_of_N_postal_codes_of_Canada","#","/wiki/List_of_N_postal_codes_of_Canada","/w/index.php?title=List_of_N_postal_codes_of_Canada&action=edit","/w/index.php?title=List_of_N_postal_codes_of_Canada&action=history","#","/w/index.php","//bits.wikimedia.org/static-1.22wmf11/skins/vector/images/search-ltr.png?303-4","/wiki/Main_Page","/wiki/Main_Page","/wiki/Portal:Contents","/wiki/Portal:Featured_content","/wiki/Portal:Current_events","/wiki/Special:Random","//donate.wikimedia.org/wiki/Special:FundraiserRedirector?utm_source=donate&utm_medium=sidebar&utm_campaign=C13_en.wikipedia.org&uselang=en","/wiki/Help:Contents","/wiki/Wikipedia:About","/wiki/Wikipedia:Community_portal","/wiki/Special:RecentChanges","//en.wikipedia.org/wiki/Wikipedia:Contact_us","/wiki/Special:WhatLinksHere/List_of_N_postal_codes_of_Canada","/wiki/Special:RecentChangesLinked/List_of_N_postal_codes_of_Canada","/wiki/Wikipedia:File_Upload_Wizard","/wiki/Special:SpecialPages","/w/index.php?title=List_of_N_postal_codes_of_Canada&oldid=553715009","/w/index.php?title=List_of_N_postal_codes_of_Canada&action=info","//www.wikidata.org/wiki/Q3248243","/w/index.php?title=Special:Cite&page=List_of_N_postal_codes_of_Canada&id=553715009","/w/index.php?title=Special:Book&bookcmd=book_creator&referer=List+of+N+postal+codes+of+Canada","/w/index.php?title=Special:Book&bookcmd=render_article&arttitle=List+of+N+postal+codes+of+Canada&oldid=553715009&writer=rl","/w/index.php?title=List_of_N_postal_codes_of_Canada&printable=yes","//fr.wikipedia.org/wiki/Liste_des_codes_postaux_canadiens_d%C3%A9butant_par_N","#","//www.wikidata.org/wiki/Q3248243#sitelinks-wikipedia","//en.wikipedia.org/wiki/Wikipedia:Text_of_Creative_Commons_Attribution-ShareAlike_3.0_Unported_License","//creativecommons.org/licenses/by-sa/3.0/","//wikimediafoundation.org/wiki/Terms_of_Use","//wikimediafoundation.org/wiki/Privacy_policy","//www.wikimediafoundation.org/","//wikimediafoundation.org/wiki/Privacy_policy","/wiki/Wikipedia:About","/wiki/Wikipedia:General_disclaimer","//en.wikipedia.org/wiki/Wikipedia:Contact_us","//en.m.wikipedia.org/wiki/List_of_N_postal_codes_of_Canada","//wikimediafoundation.org/","//bits.wikimedia.org/images/wikimedia-button.png","//www.mediawiki.org/","//bits.wikimedia.org/static-1.22wmf11/skins/common/images/poweredby_mediawiki_88x31.png","//bits.wikimedia.org/en.wikipedia.org/load.php?debug=false&lang=en&modules=site&only=scripts&skin=vector&*"],"instances":["file_format"],"pdf":[],"categories":["Postal codes in Canada|N","Communications in Ontario","Ontario-related lists|Postal codes N"],"headings":["[[Western Ontario]] - 119 [[Canadian postal code#Forward sortation areas|FSAs]]","Most populated FSAs<ref name=\"statcan\">http://www12.statcan.ca/english/census06/data/popdwell/Table.cfm?T=1201&SR=1&S=0&O=A&RPP=9999&PR=0&CMA=0</ref>","Least populated FSAs<ref name=\"statcan\"/>","References"],"image":["//upload.wikimedia.org/wikipedia/en/thumb/c/cf/Flag_of_Canada.svg/36px-Flag_of_Canada.svg.png","//upload.wikimedia.org/wikipedia/commons/thumb/e/eb/Canadian_postal_district_map_%28without_legends%29.svg/21px-Canadian_postal_district_map_%28without_legends%29.svg.png","//en.wikipedia.org/w/index.php?title=Special:CentralAutoLogin/start&type=1x1&from=enwiki","//bits.wikimedia.org/static-1.22wmf11/skins/vector/images/search-ltr.png?303-4","//bits.wikimedia.org/images/wikimedia-button.png","//bits.wikimedia.org/static-1.22wmf11/skins/common/images/poweredby_mediawiki_88x31.png"],"tags":[["app","file_format"]],"members":["app"],"related":["Postal_codes_in_Canada","Ontario","Canada_Post","APP_(file_format)","Smartphones","IPhone","BlackBerry","CD-ROM","Dunnville,_Ontario","Kitchener,_Ontario","Baden,_Ontario","Stratford,_Ontario","London,_Ontario","North_London,_Ontario","University_of_Western_Ontario","Goderich,_Ontario","Wallaceburg,_Ontario","Windsor,_Ontario","Windsor_City_Centre","Walkerville,_Ontario","Kitchener,_Ontario","Elmira,_Ontario","Delhi,_Ontario","London,_Ontario","Central_London,_Ontario","Windsor,_Ontario","University_of_Windsor","South_Cameron,_Ontario","Guelph","Kitchener,_Ontario","Cambridge,_Ontario","Ingersoll,_Ontario","London,_Ontario","South_London,_Ontario","Highland,_London,_Ontario","White_Oaks,_London,_Ontario","Westminster,_London,_Ontario","Windsor,_Ontario","Sandwich,_Ontario","Ojibway,_Ontario","Malden,_Ontario","Guelph","Kitchener,_Ontario","Cambridge,_Ontario","London,_Ontario","White_Oaks,_London,_Ontario","Westminster,_London,_Ontario","Longwoods,_London,_Ontario","Brockley,_London,_Ontario","Windsor,_Ontario","South_Windsor,_Ontario","Malden,_Ontario","Guelph","Kitchener,_Ontario","Tillsonburg","London,_Ontario","Sunningdale,_London,_Ontario","Masonville,_London,_Ontario","Medway,_London,_Ontario","Hyde_Park,_London,_Ontario","Fox_Hollow,_London,_Ontario","Strathroy-Caradoc","Windsor,_Ontario","Roseland,_Ontario","Guelph","Kitchener,_Ontario","Cambridge,_Ontario","Aylmer,_Ontario","London,_Ontario","West_London,_Ontario","Hyde_Park,_London,_Ontario","Oakridge,_London,_Ontario","Leamington,_Ontario","LaSalle,_Ontario","Waterloo,_Ontario","London,_Ontario","Southcrest,_London,_Ontario","Westmount,_London,_Ontario","Highland,_London,_Ontario","LaSalle,_Ontario","Guelph","Waterloo,_Ontario","Owen_Sound","London,_Ontario","Riverbend,_London,_Ontario","Woodhull,_London,_Ontario","Sharon_Creek,_London,_Ontario","Byron,_London,_Ontario","Westmount,_London,_Ontario","Tecumseh,_Ontario","Guelph","Waterloo,_Ontario","Paris,_Ontario","Meaford,_Ontario","Port_Stanley,_Ontario","London,_Ontario","Tempo,_London,_Ontario","Chatham–Kent","Fergus,_Ontario","Kitchener,_Ontario","London,_Ontario","Jackson,_London,_Ontario","Old_Victoria,_London,_Ontario","Bradley,_London,_Ontario","Highbury,_London,_Ontario","Chatham–Kent","Essex,_Ontario","Kitchener,_Ontario","Hanover,_Ontario","London,_Ontario","Highbury,_London,_Ontario","Glanworth,_London,_Ontario","Brockley,_London,_Ontario","Westminster,_London,_Ontario","Tecumseh,_Ontario","Cambridge,_Ontario","Kitchener,_Ontario","Brantford","St._Thomas,_Ontario","London,_Ontario","Talbot,_London,_Ontario","Lambeth,_London,_Ontario","Tempo,_London,_Ontario","Sharon_Creek,_London,_Ontario","Windsor,_Ontario","East_Riverside,_Ontario","Cambridge,_Ontario","Kitchener,_Ontario","Brantford","St._Thomas,_Ontario","Windsor,_Ontario","Forest_Glade,_Ontario","Cambridge,_Ontario","Brantford","Woodstock,_Ontario","Sarnia","Windsor,_Ontario","Riverside,_Ontario","Cambridge,_Ontario","Waterloo,_Ontario","Brantford","Woodstock,_Ontario","Sarnia","Windsor,_Ontario","Forest_Glade,_Ontario","Fontainbleu,_Ontario","Waterloo,_Ontario","Brantford","Woodstock,_Ontario","London,_Ontario","London_International_Airport","Argyle,_London,_Ontario","Huron_Heights,_London,_Ontario","Sarnia","Tecumseh,_Ontario","Windsor_Airport","Amherstburg,_Ontario","Caledonia,_Ontario","Listowel,_Ontario","London,_Ontario","East_London,_Ontario","Argyle,_London,_Ontario","Hamilton_Road,_London,_Ontario","Sarnia","Windsor,_Ontario","South_Walkerville,_Ontario","Fontainbleu,_Ontario","Walker_Farm,_Ontario","Devonshire,_Ontario","St._Marys,_Ontario","London,_Ontario","Fanshawe,_London,_Ontario","Stoneybrook,_London,_Ontario","Stoney_Creek,_London,_Ontario","Uplands,_London,_Ontario","Masonville,_London,_Ontario","Sarnia","Windsor,_Ontario","South_Central_Windsor,_Ontario","Walkerville,_Ontario","Remington_Park,_Ontario","Simcoe,_Ontario","London,_Ontario","Huron_Heights,_London,_Ontario","Carling,_London,_Ontario","Windsor,_Ontario","Walkerville,_Ontario","Kingsville,_Ontario","Kincardine,_Ontario","Stratford,_Ontario","London,_Ontario","Glen_Cairn,_London,_Ontario","Haldimand_County,_Ontario","Canfield,_Ontario","Cayuga,_Ontario","Fisherville,_Ontario","Hagersville,_Ontario","Jarvis,_Ontario","Lowbanks,_Ontario","Nanticoke,_Ontario","Ohsweken,_Ontario","Port_Dover,_Ontario","Selkirk,_Ontario","York,_Ontario","Wellington_County,_Ontario","Regional_Municipality_of_Waterloo","Alma,_Ontario","Ariss,_Ontario","Arkell,_Ontario","Ayr,_Ontario","Ballinafad,_Ontario","Belwood,_Ontario","Bloomingdale,_Ontario","Branchton,_Ontario","Breslau,_Ontario","Conestogo,_Ontario","Eden_Mills,_Ontario","Elora,_Ontario","Erin,_Ontario","Floradale,_Ontario","Glen_Morris,_Brant_County,_Ontario","Hawkesville,_Ontario","Heidelberg,_Ontario","Hillsburgh,_Ontario","Linwood,_Ontario","Maryhill,_Ontario","Morriston,_Ontario","New_Dundee,_Ontario","Petersburg,_Ontario","Puslinch,_Ontario","Rockwood,_Ontario","St._Agatha,_Ontario","St._Clements,_Ontario","St._Jacobs,_Ontario","Shakespeare,_Ontario","Tavistock,_Ontario","Wallenstein,_Ontario","Wellesley,_Ontario","West_Montrose,_Ontario","Georgian_Bay","Badjeros,_Ontario","Dundalk,_Ontario","Feversham,_Ontario","Flesherton,_Ontario","Kimberley,_Ontario","Markdale,_Ontario","Maxwell,_Grey_County,_Ontario","Priceville,_Ontario","Proton_Station,_Ontario","Singhampton,_Ontario","Brant_County,_Ontario","Norfolk_County,_Ontario","Burford,_Ontario","Cathcart,_Ontario","Clear_Creek,_Ontario","Harley,_Ontario","Langton,_Ontario","La_Salette,_Ontario","Mount_Pleasant,_Brant_County,_Ontario","Oakland,_Brant_County,_Ontario","Port_Rowan,_Ontario","St._George_Brant,_Ontario","St._William's,_Ontario","Scotland,_Ontario","Teeterville,_Ontario","Turkey_Point,_Ontario","Vanessa,_Ontario","Vittoria,_Ontario","Walsingham,_Ontario","Waterford,_Ontario","Wilsonville,_Ontario","Bruce_County,_Ontario","Huron_County,_Ontario","Arthur,_Ontario","Atwood,_Ontario","Ayton,_Ontario","Belgrave,_Ontario","Bluevale,_Ontario","Brussels,_Ontario","Cargill,_Ontario","Chepstow,_Ontario","Chesley,_Ontario","Clifford,_Ontario","Conn,_Ontario","Drayton,_Ontario","Durham,_Ontario","Elmwood,_Huron_County,_Ontario","Ethel,_Ontario","Fordwich,_Ontario","Formosa,_Ontario","Gorrie,_Ontario","Gowanstown,_Ontario","Harriston,_Ontario","Holstein,_Ontario","Holyrood,_Ontario","Kenilworth,_Ontario","Lucknow,_Ontario","Mildmay,_Ontario","Moorefield,_Ontario","Mount_Forest,_Ontario","Neustadt,_Ontario","Paisley,_Ontario","Palmerston,_Ontario","Ripley,_Ontario","Teeswater,_Ontario","Tiverton,_Ontario","Walkerton,_Ontario","Wingham,_Ontario","Wroxeter,_Ontario","Bruce_Peninsula","Allenford,_Ontario","Annan,_Ontario","Berkeley,_Ontario","Bognor,_Ontario","Chatsworth,_Ontario","Clarksburg,_Ontario","Desboro,_Ontario","Dobbinton,_Ontario","Heathcote,_Ontario","Hepworth,_Ontario","Holland_Centre,_Ontario","Kemble,_Ontario","Leith,_Ontario","Lions_Head,_Ontario","Mar,_Ontario","Miller_Lake,_Ontario","Port_Elgin,_Ontario","Ravenna,_Ontario","Sauble_Beach,_Ontario","Shallow_Lake,_Ontario","Southampton,_Ontario","Stokes_Bay,_Ontario","Tara,_Ontario","Thornbury,_Ontario","Tobermory,_Ontario","Walters_Falls,_Ontario","Wiarton,_Ontario","Williamsford,_Ontario","Oxford_County,_Ontario","Beachville,_Ontario","Bright,_Ontario","Burgessville,_Ontario","Courtland,_Ontario","Drumbo,_Ontario","Eden,_Ontario","Embro,_Ontario","Hickson,_Ontario","Innerkip,_Ontario","Mount_Elgin,_Ontario","Norwich,_Ontario","Otterville,_Ontario","Plattsville,_Ontario","Port_Burwell,_Ontario","Princeton,_Ontario","Salford,_Ontario","Springford,_Ontario","Straffordville,_Ontario","Vienna,_Ontario","Perth_County,_Ontario","Bornholm,_Ontario","Brodhagen,_Ontario","Brunner,_Ontario","Dublin,_Ontario","Egmondville,_Ontario","Fullarton,_Ontario","Gads_Hill_Station,_Ontario","Kirkton,_Ontario","Millbank,_Ontario","Milverton,_Ontario","Mitchell,_Ontario","Monkton,_Ontario","Newton,_Ontario","Poole,_Ontario","Rostock,_Ontario","St._Pauls_Station,_Ontario","Seaforth,_Ontario","Sebringville,_Ontario","Staffa,_Ontario","Walton,_Ontario","Woodham,_Ontario","Elgin_County,_Ontario","Appin,_Ontario","Belmont,_Ontario","Brownsville,_Elgin_County,_Ontario","Delaware,_Ontario","Dorchester,_Ontario","Duart,_Ontario","Dutton,_Ontario","Fingal,_Ontario","Glencoe,_Ontario","Harrietsville,_Ontario","Iona_Station,_Ontario","Komoka,_Ontario","Melbourne,_Ontario","Mossley,_Ontario","Mount_Brydges,_Ontario","Muirkirk,_Ontario","Muncey,_Ontario","Newbury,_Ontario","Putnam,_Ontario","Rodney,_Ontario","Shedden,_Elgin_County,_Ontario","Southwold,_Ontario","Sparta,_Ontario","Springfield,_Ontario","Union,_Ontario","Wallacetown,_Ontario","Wardsville,_Ontario","West_Lorne,_Ontario","Middlesex_County,_Ontario","Ailsa_Craig,_Ontario","Arkona,_Ontario","Arva,_Ontario","Auburn,_Ontario","Bayfield,_Ontario","Blyth,_Ontario","Brucefield,_Ontario","Centralia,_Ontario","Clinton,_Ontario","Crediton,_Ontario","Dashwood,_Ontario","Denfield,_Ontario","Dungannon,_Ontario","Exeter,_Ontario","Grand_Bend,_Ontario","Granton,_Ontario","Hay,_Ontario","Hensall,_Ontario","Huron_Park,_Ontario","Ilderton,_Ontario","Kerwood,_Ontario","Kintore,_Ontario","Kippen,_Ontario","Lakeside,_Middlesex_County,_Ontario","Londesborough,_Ontario","Lucan,_Ontario","Parkhill,_Ontario","Port_Franks,_Ontario","Thamesford,_Ontario","Thedford,_Ontario","Thorndale,_Ontario","Varna,_Ontario","Watford,_Ontario","Zurich,_Ontario","Lambton_County,_Ontario","Alvinston,_Ontario","Brigden,_Ontario","Brights_Grove,_Ontario","Camlachie,_Ontario","Corunna,_Ontario","Courtright,_Ontario","Forest,_Ontario","Inwood,_Ontario","Oil_City,_Ontario","Oil_Springs,_Ontario","Petrolia,_Ontario","Wyoming,_Ontario","Kent_County,_Ontario","Blenheim,_Ontario","Blytheswood,_Ontario","Bothwell,_Ontario","Cedar_Springs,_Chatham-Kent,_Ontario","Charing_Cross,_Ontario","Coatsworth_Station,_Ontario","Comber,_Ontario","Croton,_Ontario","Dover_Centre,_Ontario","Dresden,_Ontario","Erieau,_Ontario","Florence,_Ontario","Grande_Pointe,_Ontario","Highgate,_Ontario","Kent_Bridge,_Ontario","Merlin,_Ontario","Morpeth,_Ontario","North_Buxton,_Ontario","Pain_Court,_Ontario","Port_Alma,_Ontario","Port_Lambton,_Ontario","Ridgetown,_Ontario","Ruthven,_Ontario","Sombra,_Ontario","Staples,_Ontario","Thamesville,_Ontario","Tilbury,_Ontario","Tupperville,_Ontario","Wheatley,_Ontario","Wilkesport,_Ontario","Essex_County,_Ontario","Belle_River,_Ontario","Cottam,_Ontario","Emeryville,_Ontario","Harrow,_Ontario","McGregor,_Ontario","Maidstone,_Ontario","Oldcastle,_Ontario","Pelee_Island,_Ontario","Pointe_aux_Roches,_Ontario","Ruscom_Station,_Ontario","St._Joachim,_Ontario","South_Woodslee,_Ontario"]}