{"cursor":"51471","size":15,"audio":[],"currentlang":"en","article":"\n{{Infobox Organization |name = Seventh-day Adventists Educational System |image\n= Shenandoah Valley Academy pictured in 1924.jpg |image_border = |size =  |alt =  |caption =\n| main_classification = Protestant orientation = Adventist polity = Modified\n| presbyterian polity\n|map =  |msize = \n|malt =  |mcaption =  |abbreviation =\n|motto = |formation = |extinction =  |type\n= Religious/Non-Profit |status = \n|purpose = |headquarters = |location = Silver Spring, Maryland, USA |coords =\n |region_served\n=Worldwide |membership = |language =  |leader_title =\n|leader_name = |main_organ = \n|parent_organization = General Conference of Seventh-day Adventists\n|affiliations = |num_staff = |num_volunteers = |budget = |website =\n[http://www.nadadventist.org/ www.nadadventist.org] |remarks = }}\n\nThe '[[Seventh-day Adventist Church]]' runs a large educational system\nthroughout the world. As of 2008, 1678 [http://www.advent-\nist.org/world_church/facts_and_figures/index.html.en Seventh-day Adventist\nStatistics]. Office of Statistics & Archives. Retrieved 2009-08-05\n'[[secondary school]]s' are affiliated with the Church. Some schools offer both\nelementary and secondary education.\n","linknr":1385,"url":"List_of_Seventh-day_Adventist_secondary_schools","recorded":1375084881,"links":["/w/index.php?title=List_of_Seventh-day_Adventist_secondary_schools&action=edit","/w/index.php?title=List_of_Seventh-day_Adventist_secondary_schools&action=edit","//bits.wikimedia.org/favicon/wikipedia.ico","/w/opensearch_desc.php","//en.wikipedia.org/w/api.php?action=rsd","//creativecommons.org/licenses/by-sa/3.0/","/w/index.php?title=Special:RecentChanges&feed=atom","//bits.wikimedia.org/en.wikipedia.org/load.php?debug=false&lang=en&modules=ext.gadget.DRN-wizard%2CReferenceTooltips%2Ccharinsert%2Cteahouse%7Cext.rtlcite%2Cwikihiero%7Cext.uls.nojs%7Cmediawiki.legacy.commonPrint%2Cshared%7Cmw.PopUpMediaTransform%7Cskins.vector&only=styles&skin=vector&*","//bits.wikimedia.org/en.wikipedia.org/load.php?debug=false&lang=en&modules=site&only=styles&skin=vector&*","//bits.wikimedia.org/en.wikipedia.org/load.php?debug=false&lang=en&modules=startup&only=scripts&skin=vector&*","//bits.wikimedia.org/geoiplookup","//meta.wikimedia.org","#mw-navigation","#p-search","/wiki/Wikipedia:WikiProject_Lists#Incomplete_lists","//en.wikipedia.org/w/index.php?title=List_of_Seventh-day_Adventist_secondary_schools&action=edit","/wiki/File:Shenandoah_Valley_Academy_pictured_in_1924.jpg","//upload.wikimedia.org/wikipedia/commons/thumb/0/07/Shenandoah_Valley_Academy_pictured_in_1924.jpg/200px-Shenandoah_Valley_Academy_pictured_in_1924.jpg","/wiki/Silver_Spring,_Maryland","/wiki/Maryland","/wiki/United_States","/wiki/General_Conference_of_Seventh-day_Adventists","http://www.nadadventist.org/","/wiki/Category:Seventh-day_Adventist_Church","/wiki/Seventh-day_Adventist_Church","/wiki/File:James_and_Ellen_White.jpg","//upload.wikimedia.org/wikipedia/commons/thumb/7/75/James_and_Ellen_White.jpg/125px-James_and_Ellen_White.jpg","/wiki/History_of_the_Seventh-day_Adventist_Church","/wiki/Christianity","/wiki/Protestantism","/wiki/Anabaptist","/wiki/Christian_primitivism","/wiki/Arminianism","/wiki/Pietism","/wiki/Millerites","/wiki/Great_Disappointment","/wiki/Seventh-day_Adventist_theology","/wiki/28_Fundamental_Beliefs","/wiki/The_Pillars_of_Adventism","/wiki/Sabbath_in_Seventh-day_Adventism","/wiki/Second_Advent#Seventh_Day_Adventists","/wiki/Seventh-day_Adventist_theology#Baptism","/wiki/Christian_conditionalism","/wiki/Historicism_(Christian_eschatology)","/wiki/Premillennialism","/wiki/Investigative_judgment","/wiki/Remnant_(Adventist)","/wiki/Three_Angels%27_Messages","/wiki/Seventh-day_Adventist_eschatology","/wiki/General_Conference_of_Seventh-day_Adventists","/wiki/General_Conference_of_Seventh-day_Adventists","/wiki/East-Central_Africa_Division_of_Seventh-day_Adventists","/wiki/Euro-Africa_Division_of_Seventh-day_Adventists","/wiki/Euro-Asia_Division_of_Seventh-day_Adventists","/wiki/Inter-American_Division_of_Seventh-day_Adventists","/wiki/North_American_Division_of_Seventh-day_Adventists","/wiki/Northern_Asia-Pacific_Division_of_Seventh-day_Adventists","/wiki/Southern_Africa-Indian_Ocean_Division_of_Seventh-day_Adventists","/wiki/South_American_Division_of_Seventh-day_Adventists","/wiki/South_Pacific_Division_of_Seventh-day_Adventists","/wiki/Southern_Asia_Division_of_Seventh-day_Adventists","/wiki/Southern_Asia-Pacific_Division_of_Seventh-day_Adventists","/wiki/Trans-European_Division_of_Seventh-day_Adventists","/wiki/West-Central_Africa_Division_of_Seventh-day_Adventists","/wiki/List_of_Seventh-day_Adventist_periodicals","/wiki/Adventist_Review","/wiki/El_Centinela_(Adventist_magazine)","/wiki/Signs_of_the_Times_(magazine)","/wiki/List_of_Ellen_White_writings","/wiki/List_of_Seventh-day_Adventist_periodicals","/wiki/List_of_Seventh-day_Adventist_periodicals#Adventist_Archives","/wiki/Adventist_Development_and_Relief_Agency","/wiki/Adventist_Education","/wiki/List_of_Seventh-day_Adventist_colleges_and_universities","/wiki/List_of_Seventh-day_Adventist_hospitals","/wiki/Adventist_Development_and_Relief_Agency","/wiki/List_of_Seventh-day_Adventists","/wiki/Ellen_G._White","/wiki/James_Springer_White","/wiki/Joseph_Bates_(Adventist)","/wiki/John_Nevins_Andrews","/wiki/Uriah_Smith","/wiki/John_Harvey_Kellogg","/wiki/F._D._Nichol","/wiki/M._L._Andreasen","/wiki/George_Vandeman","/wiki/H._M._S._Richards","/wiki/Edward_Heppenstall","/wiki/Morris_Venden","/wiki/Samuele_Bacchiocchi","/wiki/George_R._Knight","/wiki/List_of_Seventh-day_Adventists","/wiki/Adventism","/wiki/Portal:Seventh-day_Adventist_Church","/wiki/Template:Seventh-day_Adventism","/wiki/Template_talk:Seventh-day_Adventism","//en.wikipedia.org/w/index.php?title=Template:Seventh-day_Adventism&action=edit","/wiki/Seventh-day_Adventist_Church","/wiki/Seventh-day_Adventist_education","#cite_note-Statistics-1","/wiki/Secondary_school","#Southern_Africa_and_Indian_Ocean","#Zimbabwe","#Botswana","#Zambia","#East_.26_Central_Africa","#Burundi","#Democratic_Republic_of_the_Congo","#Ethiopia","#Kenya","#Rwanda","#Sudan","#Tanzania","#Uganda","#East_Asia","#China","#Korea","#Taiwan","#Inter-America_.28Central_America_.26_Caribbean.29","#Bahamas","#Barbados","#Belize","#Costa_Rica","#Dominican_Republic","#Grenada_.28Isle_of_Spice.29","#Jamaica","#Panama","#Puerto_Rico","#Dutch_Caribbean","#St.Vincent_.26_the_Grenadines","#Trinidad_.26_Tobago","#North_America","#Bermuda","#Canada","#United_States","#South_America","#Argentina","#Bolivia","#Brazil","#Chile","#Ecuador","#Paraguay","#Peru","#Uruguay","#South_Pacific_.26_Oceania","#Australia","#Cook_Islands","#Fiji","#French_Polynesia","#Kiribati","#New_Zealand","#Papua_New_Guinea","#Samoa","#American_Samoa","#Solomon_Islands","#Tonga","#Vanuatu","#Southeast_Asia","#Cambodia","#Indonesia","#Malaysia","#Sabah","#Sarawak","#Philippines","#Singapore","#Thailand","#Southern_Asia","#India","#Western_Europe","#Austria","#France","#Germany","#Portugal","#Romania","#Spain","#Switzerland","#United_Kingdom","#Eastern_Europe","#Russia","#See_also","#Sources","#References","/wiki/Southern_Africa-Indian_Ocean_Division_of_Seventh-day_Adventists","/w/index.php?title=List_of_Seventh-day_Adventist_secondary_schools&action=edit&section=1","/w/index.php?title=List_of_Seventh-day_Adventist_secondary_schools&action=edit&section=2","/wiki/Gweru","/wiki/Bulawayo","/w/index.php?title=Lower_Gwelo&action=edit&redlink=1","/w/index.php?title=Solusi&action=edit&redlink=1","/w/index.php?title=List_of_Seventh-day_Adventist_secondary_schools&action=edit&section=3","/w/index.php?title=List_of_Seventh-day_Adventist_secondary_schools&action=edit&section=4","/wiki/East-Central_Africa_Division_of_Seventh-day_Adventists","/w/index.php?title=List_of_Seventh-day_Adventist_secondary_schools&action=edit&section=5","/w/index.php?title=List_of_Seventh-day_Adventist_secondary_schools&action=edit&section=6","/wiki/Cibitoke","/w/index.php?title=Kivoga&action=edit&redlink=1","/w/index.php?title=List_of_Seventh-day_Adventist_secondary_schools&action=edit&section=7","/wiki/Kivu","/wiki/Nord-Kivu","/wiki/Kamina","/w/index.php?title=List_of_Seventh-day_Adventist_secondary_schools&action=edit&section=8","/wiki/Addis_Ababa","/w/index.php?title=Shoa_Region&action=edit&redlink=1","/w/index.php?title=Gimbie&action=edit&redlink=1","/w/index.php?title=List_of_Seventh-day_Adventist_secondary_schools&action=edit&section=9","/w/index.php?title=SabaSaba,_Murang%27a_County&action=edit&redlink=1","/w/index.php?title=Rongo,_Kenya&action=edit&redlink=1","/wiki/Nairobi","/wiki/Meru,_Kenya","/wiki/Masii","/wiki/Nairobi","/wiki/Kisii,_Kenya","/wiki/Molo,_Kenya","/w/index.php?title=List_of_Seventh-day_Adventist_secondary_schools&action=edit&section=10","/wiki/Ruhengeri","/wiki/Gitarama","/w/index.php?title=List_of_Seventh-day_Adventist_secondary_schools&action=edit&section=11","/wiki/Maridi","/w/index.php?title=List_of_Seventh-day_Adventist_secondary_schools&action=edit&section=12","/wiki/Musoma","/wiki/Same,_Tanzania","/w/index.php?title=List_of_Seventh-day_Adventist_secondary_schools&action=edit&section=13","/wiki/Kampala","/wiki/Kampala","/wiki/Kampala","/wiki/Kampala","/wiki/Kampala","/wiki/Kampala","/wiki/Kampala","/wiki/Kampala","/wiki/Kampala","/wiki/Kampala","/wiki/Northern_Asia-Pacific_Division_of_Seventh-day_Adventists","/w/index.php?title=List_of_Seventh-day_Adventist_secondary_schools&action=edit&section=14","/w/index.php?title=List_of_Seventh-day_Adventist_secondary_schools&action=edit&section=15","/wiki/Hong_Kong_Adventist_Academy","/wiki/Sai_Kung_Town","/wiki/New_Territories","/wiki/Kowloon_Sam_Yuk_Secondary_School","/wiki/Kowloon","/wiki/Macao_Sam_Yuk_Middle_School","/wiki/Taipa","/wiki/Macau","/wiki/Tai_Po_Sam_Yuk_Secondary_School","/wiki/Tai_Po","/wiki/New_Territories","/wiki/Hong_Kong_Sam_Yuk_Secondary_School","/wiki/Happy_Valley,_Hong_Kong","/wiki/Sam_Yuk_Middle_School","/wiki/Sai_Kung_Town","/wiki/New_Territories","/w/index.php?title=List_of_Seventh-day_Adventist_secondary_schools&action=edit&section=16","/w/index.php?title=List_of_Seventh-day_Adventist_secondary_schools&action=edit&section=17","http://tais.tw/","/wiki/Yuchih","/wiki/Nantou_County","http://www.tapa.tp.edu.tw/","/wiki/Taipei","http://www.taas-taiwan.com/","/wiki/Taipei","/w/index.php?title=Da_Jin_Adventist_Secondary_School,_Pin_Dong&action=edit&redlink=1","/wiki/Inter-American_Division_of_Seventh-day_Adventists","/w/index.php?title=List_of_Seventh-day_Adventist_secondary_schools&action=edit&section=18","/w/index.php?title=List_of_Seventh-day_Adventist_secondary_schools&action=edit&section=19","/w/index.php?title=List_of_Seventh-day_Adventist_secondary_schools&action=edit&section=20","http://barbadossdasecondary.org/","/w/index.php?title=List_of_Seventh-day_Adventist_secondary_schools&action=edit&section=21","/w/index.php?title=List_of_Seventh-day_Adventist_secondary_schools&action=edit&section=22","/w/index.php?title=List_of_Seventh-day_Adventist_secondary_schools&action=edit&section=23","/w/index.php?title=List_of_Seventh-day_Adventist_secondary_schools&action=edit&section=24","http://grenadasdacomp.org/","/w/index.php?title=List_of_Seventh-day_Adventist_secondary_schools&action=edit&section=25","http://www.facebook.com/kingswayhighschool","/w/index.php?title=List_of_Seventh-day_Adventist_secondary_schools&action=edit&section=26","/w/index.php?title=List_of_Seventh-day_Adventist_secondary_schools&action=edit&section=27","/w/index.php?title=List_of_Seventh-day_Adventist_secondary_schools&action=edit&section=28","/wiki/St._Eustatius","/w/index.php?title=List_of_Seventh-day_Adventist_secondary_schools&action=edit&section=29","/w/index.php?title=List_of_Seventh-day_Adventist_secondary_schools&action=edit&section=30","/wiki/North_American_Division_of_Seventh-day_Adventists","/w/index.php?title=List_of_Seventh-day_Adventist_secondary_schools&action=edit&section=31","/w/index.php?title=List_of_Seventh-day_Adventist_secondary_schools&action=edit&section=32","/wiki/Bermuda_Institute","/w/index.php?title=List_of_Seventh-day_Adventist_secondary_schools&action=edit&section=33","/wiki/Port_Hardy,_British_Columbia","/wiki/British_Columbia","/wiki/Williams_Lake,_British_Columbia","/wiki/British_Columbia","/wiki/Calgary","/wiki/Alberta","/wiki/Crawford_Adventist_Academy","/wiki/Ontario","/wiki/Burnaby","/wiki/British_Columbia","/wiki/Fountainview_Academy","/wiki/Lillooet,_British_Columbia","/wiki/British_Columbia","/wiki/Aldergrove,_British_Columbia","/wiki/British_Columbia","/wiki/Montreal","/wiki/Kingsway_College","/wiki/Oshawa","/wiki/Ontario","/wiki/Okanagan_Adventist_Academy","/wiki/Kelowna","/wiki/British_Columbia","/wiki/Lacombe,_Alberta","/wiki/Winnipeg,_Canada","http://www.sandylakeacademy.ca","/wiki/Bedford,_Nova_Scotia","http://an6b35.adventistschoolconnect.org/","/wiki/Saskatoon,_Saskatchewan","/w/index.php?title=List_of_Seventh-day_Adventist_secondary_schools&action=edit&section=34","/wiki/Andrews_Academy","/wiki/Michigan","/wiki/Berrien_Springs","/wiki/Armona_Union_Academy","/wiki/California","/wiki/Armona,_California","/wiki/Georgia_(U.S._state)","/wiki/Duluth,_Georgia","/wiki/Auburn_Adventist_Academy","/wiki/Washington_(U.S._state)","/wiki/Auburn,_Washington","/wiki/California","/wiki/Bakersfield,_California","/wiki/Mississippi","/wiki/Lumberton,_Mississippi","/wiki/Michigan","/wiki/Battle_Creek,_Michigan","/wiki/New_York","/wiki/Brooklyn,_New_York","/wiki/Blue_Mountain_Academy","/wiki/Pennsylvania","/wiki/Hamburg,_Pennsylvania","/w/index.php?title=Brighton_Adventist_Academy&action=edit&redlink=1","/wiki/Colorado","/wiki/Brighton,_Colorado","/wiki/Burton_Adventist_Academy","/wiki/Texas","/wiki/Arlington,_Texas","/wiki/Calexico_Mission_School","/wiki/California","/wiki/Calexico,_California","http://www.campion.net/","/wiki/Colorado","/wiki/Loveland,_Colorado","/wiki/Washington_(U.S._state)","/wiki/Wenatchee,_Washington","/wiki/California","/wiki/Ceres,_California","/wiki/Vermont","/wiki/Barre,_Vermont_(city)","/wiki/Chisholm_Trail_Academy","/wiki/Texas","/wiki/Keene,_Texas","/w/index.php?title=Cincinnati_Jr._Academy&action=edit&redlink=1","/wiki/Ohio","/wiki/Cincinnati,_Ohio","/wiki/Nebraska","/wiki/Lincoln,_Nebraska","/wiki/Tennessee","/wiki/Collegedale,_Tennessee","/wiki/Washington_(U.S._state)","/wiki/Battle_Ground,_Washington","/wiki/South_Carolina","/wiki/Lexington,_South_Carolina","/wiki/North_Dakota","/wiki/Bismarck,_North_Dakota","/wiki/Utah","/wiki/Castle_Valley,_Utah","/wiki/East_Pasco_Adventist_Academy","/wiki/Florida","/wiki/Dade_City,_Florida","/wiki/California","/wiki/Placerville,_California","/wiki/Oregon","/wiki/Pleasant_Hill,_Oregon","/wiki/Escondido_Adventist_Academy","/wiki/California","/wiki/Escondido,_California","/wiki/North_Carolina","/wiki/Fletcher,_North_Carolina","/wiki/Forest_Lake_Academy","/wiki/Florida","/wiki/Apopka,_Florida","/wiki/California","/wiki/Fresno,_California","/wiki/Idaho","/wiki/Caldwell,_Idaho","/wiki/Maryland","/wiki/Hyattsville,_Maryland","/wiki/Georgia-Cumberland_Academy","/wiki/Georgia_(U.S._state)","/wiki/Calhoun,_Georgia","/wiki/California","/wiki/Glendale,_California","/w/index.php?title=Grand_Rapids_Adventist_Academy&action=edit&redlink=1","/wiki/Michigan","/wiki/Grand_Rapids,_Michigan","/wiki/Great_Lakes_Adventist_Academy","/wiki/Michigan","/wiki/Cedar_Lake,_Michigan","/wiki/Kansas","/wiki/Enterprise,_Kansas","/wiki/Georgia_(U.S._state)","/wiki/Atlanta","/wiki/Massachusetts","/wiki/Stoneham,_Massachusetts","/wiki/Greater_Miami_Adventist_Academy","/wiki/Florida","/wiki/Miami","http://gnyacademy.org","/wiki/New_York","/wiki/Woodside,_New_York","http://mygaa.org","/wiki/Tennessee","/wiki/Greeneville,_Tennessee","/wiki/Harbert_Hills_Academy","/wiki/Tennessee","/wiki/Savannah","http://www.hebronsdabilingual.org","/wiki/New_York","/wiki/Brooklyn","/wiki/Hawaii","/wiki/Honolulu,_Hawaii","http://www.heritagetn.org/","/wiki/Tennessee","/wiki/Monterey,_Tennessee","/wiki/Highland_Academy","/wiki/Tennessee","/wiki/Portland,_Tennessee","/wiki/Highland_Adventist_School","/wiki/West_Virginia","/wiki/Elkins,_West_Virginia","/wiki/Highland_View_Academy","/wiki/Maryland","/wiki/Hagerstown,_Maryland","/wiki/Illinois","/wiki/Hinsdale,_Illinois","/wiki/Arizona","/wiki/Holbrook,_Arizona","/wiki/Indiana_Academy_(Seventh-day_Adventist)","/wiki/Indiana","/wiki/Cicero,_Indiana","/w/index.php?title=Jamaica_Seventh_Day_Adventist_School&action=edit&redlink=1","/wiki/New_York","/wiki/Jamaica,_New_York","/w/index.php?title=Knoxville_Adventist_School&action=edit&redlink=1","/wiki/Tennessee","/wiki/Knoxville,_Tennessee","/wiki/California","/wiki/Riverside,_California","/wiki/Laurelwood_Academy","/wiki/Oregon","/wiki/Jasper,_Oregon","/wiki/Florida","/wiki/Eustis,_Florida","/wiki/Oregon","/wiki/Salem,_Oregon","/wiki/Lodi_Academy","/wiki/California","/wiki/Lodi,_California","/wiki/Loma_Linda_Academy","/wiki/California","/wiki/Loma_Linda,_California","/wiki/California","/wiki/Los_Angeles","/wiki/Kentucky","/wiki/Louisville","/wiki/Madison_Academy_(Tennessee)","/wiki/Tennessee","/wiki/Madison,_Tennessee","/wiki/Maplewood_Academy","/wiki/Minnesota","/wiki/Hutchinson,_Minnesota","/wiki/Tennessee","/wiki/Memphis,_Tennessee","/wiki/California","/wiki/Calimesa,_California","/wiki/Florida","/wiki/Miami","/wiki/Midland_Adventist_Academy","/wiki/Kansas","/wiki/Shawnee,_KS","/wiki/Colorado","/wiki/Denver,_Colorado","/wiki/Oregon","/wiki/Days_Creek,_Oregon","/wiki/Minnesota","/wiki/Minnetonka,_Minnesota","/w/index.php?title=Miramonte_Christian_School&action=edit&redlink=1","/wiki/California","/wiki/Los_Altos,_California","/wiki/Monterey_Bay_Academy","/wiki/California","/wiki/La_Selva_Beach,_California","/wiki/Mount_Ellis_Academy","/wiki/Montana","/wiki/Bozeman,_Montana","/wiki/Mount_Pisgah_Academy","/wiki/North_Carolina","/wiki/Candler,_North_Carolina","/wiki/Mount_Vernon_Academy","/wiki/Ohio","/wiki/Mt._Vernon,_Ohio","/wiki/California","/wiki/Mountain_View,_California","/wiki/California","/wiki/Napa,_California","/wiki/Florida","/wiki/Miami,_Florida","/wiki/California","/wiki/Newbury_Park,_California","/wiki/New_York","/wiki/New_York","/wiki/New_York","/wiki/Brooklyn","/wiki/Oakwood_Adventist_Academy","/wiki/Alabama","/wiki/Huntsville,_Alabama","/w/index.php?title=Oceanside_Adventist_Elementary_School&action=edit&redlink=1","/wiki/California","/wiki/Oceanside,_California","/wiki/California","/wiki/Garden_Grove,_California","/wiki/California","/wiki/Orangevale,_California","/wiki/Florida","/wiki/Orlando,_Florida","/wiki/Washington_(U.S._state)","/wiki/Eastsound,_Washington","/wiki/Arkansas","/wiki/Amity,_Arkansas","/wiki/Ozark_Adventist_Academy","/wiki/Arkansas","/wiki/Gentry,_Arkansas","/wiki/California","/wiki/Angwin,_California","/wiki/California","/wiki/Paradise,_California","/wiki/Michigan","/wiki/Inkster,_Michigan","/wiki/Pine_Forge_Academy","/wiki/Pennsylvania","/w/index.php?title=Pine_Forge,Pennsylvania&action=edit&redlink=1","http://phaaonline.com","/wiki/California","/wiki/Auburn,_California","/wiki/Pine_Tree_Academy","/wiki/Maine","/wiki/Freeport,_Maine","/wiki/Nebraska","/wiki/Shelton,_Nebraska","http://pleasant23.adventistschoolconnect.org/index.php","/wiki/California","/wiki/Pleasant_Hill,_California","/wiki/Florida","/wiki/Port_Charlotte,_Florida","/wiki/Portland_Adventist_Academy","/wiki/Oregon","/wiki/Portland,_Oregon","/wiki/Puget_Sound_Adventist_Academy","/wiki/Washington_(U.S._state)","/wiki/Kirkland,_Washington","/wiki/California","/wiki/Redding,_California","/wiki/Redlands_Adventist_Academy","/wiki/California","/wiki/Redlands,_California","/wiki/California","/wiki/Santa_Rosa,_California","/wiki/Virginia","/wiki/Richmond,_Virginia","/wiki/California","/wiki/Healdsburg,_California","/wiki/Oregon","/wiki/Medford,_Oregon","/wiki/California","/wiki/Sacramento,_California","/wiki/San_Diego_Academy","/wiki/California","/wiki/National_City,_California","/wiki/California","/wiki/Northridge,_Los_Angeles,_California","/wiki/California","/wiki/San_Gabriel,_California","/wiki/Sandia_View_Academy","/wiki/New_Mexico","/wiki/Corrales,_New_Mexico","/wiki/Idaho","/wiki/Sandpoint,_Idaho","/wiki/Shenandoah_Valley_Academy","/wiki/Virginia","/wiki/New_Market,_Virginia","/w/index.php?title=Sharon_Temple_Adventist_School&action=edit&redlink=1","/wiki/Delaware","/wiki/Wilmington,_Delaware","/wiki/Washington_(U.S._state)","/wiki/Burlington,_Washington","/wiki/South_Lancaster_Academy","/wiki/Massachusetts","/wiki/South_Lancaster,_Massachusetts","/wiki/Texas","/wiki/McAllen,_Texas","/wiki/Spencerville_Adventist_Academy","/wiki/Maryland","/wiki/Silver_Spring,_Maryland","/wiki/Spring_Valley_Academy","/wiki/Ohio","/wiki/Centerville,_Ohio","/wiki/Springs_Adventist_Academy","/wiki/Colorado","/wiki/Colorado_Springs,_Colorado","/wiki/Virgin_Islands","/wiki/St._Croix","/wiki/Sunnydale_Adventist_Academy","/wiki/Missouri","/wiki/Centralia,_Missouri","/wiki/Takoma_Academy","/wiki/Maryland","/wiki/Takoma_Park,_Maryland","/wiki/Arizona","/wiki/Scottsdale,_Arizona","/wiki/Virginia","/wiki/Virginia_Beach,_Virginia","/wiki/Washington_(U.S._state)","/wiki/Pasco,_Washington","/wiki/New_Jersey","/wiki/Hillside,_New_Jersey","/wiki/Oregon","/wiki/Hillsboro,_Oregon","/wiki/Union_Springs_Academy","/wiki/New_York","/wiki/Union_Springs,_New_York","/wiki/Upper_Columbia_Academy","/wiki/Washington_(U.S._state)","/wiki/Spangle,_Washington","/wiki/Texas","/wiki/Weslaco,_Texas","http://www.vvaaonline.org","/wiki/California","/wiki/Arroyo_Grande,_California","/wiki/West_Virginia","/wiki/Bluefield,_West_Virginia","/w/index.php?title=Vista_Ridge_Academy&action=edit&redlink=1","/wiki/Colorado","/wiki/Erie,_Colorado","/wiki/Walla_Walla_Valley_Academy","/wiki/Washington_(U.S._state)","/wiki/College_Place,_Washington","/w/index.php?title=Wisconsin_Academy&action=edit&redlink=1","/wiki/Wisconsin","/wiki/Columbus,_Wisconsin","/wiki/Oklahoma","/wiki/Tulsa,_Oklahoma","/wiki/South_American_Division_of_Seventh-day_Adventists","/w/index.php?title=List_of_Seventh-day_Adventist_secondary_schools&action=edit&section=35","/w/index.php?title=List_of_Seventh-day_Adventist_secondary_schools&action=edit&section=36","/wiki/Posadas,_Misiones","/wiki/Misiones","/wiki/Bah%C3%ADa_Blanca","/wiki/Buenos_Aires_Province","/wiki/Balcarce,_Buenos_Aires","/wiki/Buenos_Aires_Province","/wiki/Capit%C3%A1n_Berm%C3%BAdez","/wiki/Santa_Fe_Province","/wiki/C%C3%B3rdoba,_Argentina","/wiki/Buenos_Aires_Province","/wiki/Formosa,_Argentina","/wiki/Los_Polvorines","/wiki/Buenos_Aires_Province","/wiki/Misiones","/wiki/Mendoza,_Argentina","/wiki/Mor%C3%B3n","/wiki/Buenos_Aires_Province","/wiki/Misiones","/wiki/Entre_R%C3%ADos_Province","/wiki/Misiones","/wiki/Resistencia,_Chaco","/wiki/Chaco_Province","/wiki/Entre_R%C3%ADos_Province","/wiki/Salta","/wiki/Santa_Fe,_Argentina","/wiki/R%C3%ADo_Negro_Province","/w/index.php?title=List_of_Seventh-day_Adventist_secondary_schools&action=edit&section=37","/wiki/Cochabamba","/wiki/La_Paz","/w/index.php?title=List_of_Seventh-day_Adventist_secondary_schools&action=edit&section=38","/wiki/Pelotas","/wiki/Manaus","/wiki/Uruara","/wiki/Recife","/wiki/Belo_Horizonte","/wiki/Belo_Horizonte","/wiki/Curitiba","/wiki/Engenheiro_Coelho","/wiki/Hortolandia","/wiki/S%C3%A3o_Paulo","/wiki/Campo_Mour%C3%A3o","/wiki/Cascavel","/wiki/Salvador,_Bahia","/wiki/Rio_de_Janeiro","/wiki/Abadiania","/wiki/Taquara","/wiki/Altamira,_Brazil","/wiki/Colatina","/wiki/Eunapolis","/wiki/Fortaleza","/wiki/Foz_do_Iguacu","/wiki/Bel%C3%A9m","/wiki/Gravatai","/wiki/Imperatriz","/wiki/Ipatinga","/wiki/Itabora%C3%AD","/wiki/Itabuna","/wiki/Rio_de_Janeiro","/wiki/Ji-Paran%C3%A1","/wiki/Londrina","/wiki/Maceio","/wiki/Manaus","/wiki/Marab%C3%A1,_Brazil","/wiki/Porto_Alegre","/wiki/Maring%C3%A1","/wiki/Lavras","/wiki/Ananindeua","/wiki/Cachoeira","/wiki/Novo_Hamburgo","/wiki/Ivatuba","/wiki/Porto_Alegre","/wiki/Manaus","/wiki/Petropolis","/wiki/Porto_Alegre","/wiki/Porto_Velho","/wiki/Recife","/wiki/Rio_Branco","/wiki/Rio_de_Janeiro","/wiki/Salvador,_Bahia","/wiki/Araquari","http://www.iaesc.org.br/","/wiki/S%C3%A3o_Lu%C3%ADs,_Maranh%C3%A3o","/w/index.php?title=Tucuma&action=edit&redlink=1","/wiki/Viam%C3%A3o","/wiki/Vitoria,_Spain","/wiki/Mirante_da_Serra","/w/index.php?title=List_of_Seventh-day_Adventist_secondary_schools&action=edit&section=39","/wiki/Angol","/wiki/Antofagasta","/wiki/Arica","/wiki/Santiago,_Chile","/wiki/Calama,_Chile","/wiki/Chill%C3%A1n","/wiki/Concepci%C3%B3n,_Chile","/wiki/Copiap%C3%B3","/wiki/Santiago,_Chile","/wiki/La_Serena,_Chile","/wiki/Las_Condes","/wiki/Santiago,_Chile","/wiki/Los_%C3%81ngeles,_Chile","/wiki/Molina,_Chile","/wiki/Santiago,_Chile","/wiki/Santiago,_Chile","/wiki/Osorno,_Chile","/wiki/Santiago,_Chile","/wiki/Puerto_Montt","/wiki/Punta_Arenas","/wiki/Quilpu%C3%A9","/wiki/Santiago,_Chile","/wiki/Santiago,_Chile","/wiki/Talcahuano","/wiki/Temuco","/wiki/Valdivia,_Chile","/wiki/Santiago,_Chile","/wiki/Lo_Prado","/wiki/Santiago,_Chile","/w/index.php?title=List_of_Seventh-day_Adventist_secondary_schools&action=edit&section=40","/wiki/Pichincha,_Ecuador","/wiki/Guayaquil","/wiki/Quito","/w/index.php?title=List_of_Seventh-day_Adventist_secondary_schools&action=edit&section=41","/wiki/Asunci%C3%B3n","/w/index.php?title=List_of_Seventh-day_Adventist_secondary_schools&action=edit&section=42","/wiki/Tacna","/wiki/Ica_(city)","/wiki/Lima","/wiki/Trujillo,_Peru","/wiki/Arequipa","/wiki/Trujillo,_Peru","/wiki/Trujillo,_Peru","/wiki/Cuzco","/wiki/Lima","/wiki/Lima","/wiki/Lima","/wiki/Lima","/wiki/Pucallpa","/w/index.php?title=List_of_Seventh-day_Adventist_secondary_schools&action=edit&section=43","/wiki/Canelones,_Uruguay","/wiki/South_Pacific_Division_of_Seventh-day_Adventists","/w/index.php?title=List_of_Seventh-day_Adventist_secondary_schools&action=edit&section=44","/wiki/Australian_Union_Conference_of_Seventh-day_Adventists","/w/index.php?title=List_of_Seventh-day_Adventist_secondary_schools&action=edit&section=45","/wiki/Avondale_School_(Cooranbong)","/wiki/Brisbane_Adventist_College","/wiki/Carmel_Adventist_College","/wiki/Central_Coast_Adventist_School","/wiki/Gilson_College","/wiki/Hills_Adventist_College","/wiki/Lilydale_Adventist_Academy","/wiki/Macarthur_Adventist_College","/wiki/Macquarie_College","/wiki/Mountain_View_Adventist_College","/wiki/Noosa_Christian_College","/wiki/Northpine_Christian_College","/w/index.php?title=Nunawading_Christian_College_-_Secondary_Campus&action=edit&redlink=1","/wiki/Prescott_Schools","/wiki/Sydney_Adventist_College","/wiki/Karalundi_Aboriginal_Education_Community","/w/index.php?title=List_of_Seventh-day_Adventist_secondary_schools&action=edit&section=46","/wiki/Papaaroa_High_School","/wiki/Rarotonga","/w/index.php?title=List_of_Seventh-day_Adventist_secondary_schools&action=edit&section=47","/w/index.php?title=Wainibuka&action=edit&redlink=1","/wiki/Suva_Adventist_College","/wiki/Suva","/w/index.php?title=List_of_Seventh-day_Adventist_secondary_schools&action=edit&section=48","/wiki/Tiarama_Adventist_College","/wiki/Papeete","/wiki/Tahiti","/w/index.php?title=List_of_Seventh-day_Adventist_secondary_schools&action=edit&section=49","/wiki/Kauma_Adventist_High_School","/wiki/Tarawa","/wiki/New_Zealand_Pacific_Union_Conference_of_Seventh-day_Adventists","/w/index.php?title=List_of_Seventh-day_Adventist_secondary_schools&action=edit&section=50","/wiki/Auckland_Seventh-day_Adventist_High_School","/wiki/Auckland","/wiki/Christchurch_Adventist_School","/wiki/Christchurch","/wiki/Longburn_Adventist_College","/wiki/Palmerston_North","/wiki/Whakatane_Seventh-day_Adventist_School","/w/index.php?title=List_of_Seventh-day_Adventist_secondary_schools&action=edit&section=51","/wiki/Goroka","/w/index.php?title=Rabual&action=edit&redlink=1","/wiki/Central_Province,_Papua_New_Guinea","/w/index.php?title=List_of_Seventh-day_Adventist_secondary_schools&action=edit&section=52","/wiki/Samoa_Adventist_College","/wiki/Apia","/w/index.php?title=List_of_Seventh-day_Adventist_secondary_schools&action=edit&section=53","/w/index.php?title=Iakina_Adventist_Academy&action=edit&redlink=1","/wiki/Pago_Pago","/w/index.php?title=List_of_Seventh-day_Adventist_secondary_schools&action=edit&section=54","/wiki/Malaita","/wiki/Marovo_Lagoon","/wiki/Guadalcanal","/wiki/Western_Province,_Solomon_Islands","/w/index.php?title=List_of_Seventh-day_Adventist_secondary_schools&action=edit&section=55","/wiki/Beulah_College","/wiki/Tongatapu","/w/index.php?title=List_of_Seventh-day_Adventist_secondary_schools&action=edit&section=56","/wiki/Aore_Adventist_Academy","/wiki/Espiritu_Santo","/wiki/Epauto_Adventist_High_School","/wiki/Efate","/wiki/Southern_Asia-Pacific_Division_of_Seventh-day_Adventists","/w/index.php?title=List_of_Seventh-day_Adventist_secondary_schools&action=edit&section=57","/w/index.php?title=List_of_Seventh-day_Adventist_secondary_schools&action=edit&section=58","/wiki/Cambodia_Adventist_School","/wiki/Phnom_Penh","/wiki/Cambodia_Adventist_School_%E2%80%93_Kantrok","/wiki/Siem_Reap","/w/index.php?title=List_of_Seventh-day_Adventist_secondary_schools&action=edit&section=59","/wiki/DKI_Jakarta","/w/index.php?title=Kramat_Pulo&action=edit&redlink=1","/wiki/Jakarta","/wiki/North_Sumatra","/w/index.php?title=Simpang_Rami&action=edit&redlink=1","/wiki/Pematang_Siantar","/wiki/West_Java","/w/index.php?title=Cimindi&action=edit&redlink=1","/wiki/West_Java","/wiki/Bandung","/wiki/West_Java","/wiki/Bandung","/wiki/North_Sumatra","/wiki/East_Kalimantan","/wiki/Balikpapan","/wiki/Bitung","/wiki/North_Sumatra","/wiki/North_Sulawesi","/wiki/Manado","/wiki/Papua_(province)","/wiki/Malang","/w/index.php?title=Amdon,_Maluku&action=edit&redlink=1","/wiki/Medan","/wiki/Minahasa","/wiki/Palu","/wiki/North_Sumatera","/wiki/Semarang","/wiki/North_Sumatera","/wiki/North_Sumatra","/wiki/Asahan_Regency","/wiki/North_Sumatera","/wiki/Dairi_Regency","/wiki/East_Java","/wiki/Surabaya","/wiki/North_Sumatera","/w/index.php?title=Makale_Tana_Toraja&action=edit&redlink=1","/wiki/DKI_Jakarta","/w/index.php?title=Kembangan,_Jakarta_Barat&action=edit&redlink=1","/w/index.php?title=List_of_Seventh-day_Adventist_secondary_schools&action=edit&section=60","/w/index.php?title=List_of_Seventh-day_Adventist_secondary_schools&action=edit&section=61","/wiki/Kota_Marudu","/wiki/Tamparuli","/w/index.php?title=List_of_Seventh-day_Adventist_secondary_schools&action=edit&section=62","/wiki/Kuching","/w/index.php?title=List_of_Seventh-day_Adventist_secondary_schools&action=edit&section=63","/wiki/Odiongan","/wiki/Romblon","/wiki/Silang,_Cavite","/wiki/Cavite","/w/index.php?title=Baesa&action=edit&redlink=1","/wiki/Caloocan","/wiki/Silang,_Cavite","/wiki/Cavite","/wiki/Baguio_City","/wiki/Benguet","/wiki/Lucban,_Quezon","/wiki/Quezon","/wiki/Central_Bukidnon_Institute","/wiki/Valencia_City,_Bukidnon","/wiki/Bukidnon","/wiki/Floridablanca,_Pampanga","/wiki/Pampanga","/wiki/Puerto_Princesa_City","/wiki/Palawan","/wiki/Murcia","/wiki/Negros_Occidental","/w/index.php?title=Concepcion,_Ilocous_Sur&action=edit&redlink=1","/wiki/Ilocos_Sur","/wiki/Sablayan","/wiki/Occidental_Mindoro","/wiki/Talisay_City,_Cebu","/wiki/Cebu","/wiki/Javier,_Leyte","/wiki/Leyte","/wiki/Lake_View_Academy","/wiki/Don_Carlos","/wiki/Bukidnon","/wiki/Tupi,_South_Cotabato","/wiki/South_Cotabato","/wiki/Manticao","/wiki/Misamis_Oriental","/wiki/Mindanao_Sanitarium_and_Hospital_College","/wiki/Iligan","/w/index.php?title=Lanao_Del_Norte&action=edit&redlink=1","/wiki/Mountain_View_College_Academy","/wiki/Valencia_City,_Bukidnon","/wiki/Bukidnon","/wiki/Bacolod_City","/wiki/Negros_Occidental","/wiki/Butuan_City","/wiki/Lipa_City","/wiki/Batangas","/wiki/Naga_City","/wiki/Camarines_Sur","/wiki/Northern_Luzon_Adventist_College","/wiki/Sison,_Pangasinan","/wiki/Pangasinan","/wiki/Narra,_Palawan","/wiki/Palawan","/wiki/Tigaon","/wiki/Camarines_Sur","/wiki/Pasay_City","/wiki/Polillo,_Quezon","/wiki/Zamboanga_City","/w/index.php?title=Burabod&action=edit&redlink=1","/wiki/San_Antonio","/wiki/Northern_Samar","/wiki/Matanao","/wiki/Davao_del_Sur","/wiki/Quirino","/wiki/Ilocos_Sur","/wiki/Pototan","/wiki/Iloilo","/wiki/Zamboanga_del_Sur","/wiki/Silang,_Cavite","/wiki/Cavite","/w/index.php?title=Rizal_La_Paz&action=edit&redlink=1","/wiki/Iloilo_City","/w/index.php?title=List_of_Seventh-day_Adventist_secondary_schools&action=edit&section=64","http://www.sdak.edu.sg/","/wiki/San_Yu_Adventist_School","/w/index.php?title=List_of_Seventh-day_Adventist_secondary_schools&action=edit&section=65","/wiki/Bangkok","/wiki/Adventist_International_Mission_School","/wiki/Muak_Lek","/wiki/Chiang_Mai","/wiki/Tak_(town)","/wiki/Ekamai_International_School","/wiki/Mae_Hong_Son","/wiki/Ramkhamhaeng_Advent_International_School","/wiki/Phuket_city","/wiki/Songkhla","/wiki/Southern_Asia_Division_of_Seventh-day_Adventists","/w/index.php?title=List_of_Seventh-day_Adventist_secondary_schools&action=edit&section=66","/w/index.php?title=List_of_Seventh-day_Adventist_secondary_schools&action=edit&section=67","/wiki/Thiruvananthapuram","/wiki/Kerala","/wiki/Wayanad","/wiki/Kerala","/wiki/Belgaum","/wiki/Karnataka","/wiki/Bahraich","/wiki/Uttar_Pradesh","/wiki/Bangalore","/wiki/Karnataka","/wiki/Bangalore","/wiki/Karnataka","/wiki/Bidar","/wiki/Karnataka","/wiki/Bidar","/wiki/Karnataka","/wiki/Bobbili","/wiki/Andhra_Pradesh","/wiki/Shillong","/wiki/Meghalaya","/wiki/Goa","/wiki/Kozhikode","/wiki/Kerala","/wiki/Chengalpet","/wiki/Tamil_Nadu","/wiki/Chennai","/wiki/Tamil_Nadu","/wiki/Chickmagalur","/wiki/Karnataka","/wiki/Dharmapuri","/wiki/Tamil_Nadu","/wiki/Dindigul","/wiki/Tamil_Nadu","/wiki/E_D_Thomas_Memorial_Higher_Secondary_School","/wiki/Thanjavur_District","/wiki/Tamil_Nadu","/wiki/Kochi,_India","/wiki/Kerala","/wiki/Erode","/wiki/Tamil_Nadu","/wiki/West_Godavari_District","/wiki/Andhra_Pradesh","/wiki/Hapur","/wiki/Uttar_Pradesh","/wiki/Kolhapur","/wiki/Maharashtra","/wiki/Helen_Lowry_Higher_Secondary_School","/wiki/Aizawl","/wiki/Mizoram","/wiki/Hosur","/wiki/Tamil_Nadu","/wiki/Hubli","/wiki/Karnataka","/wiki/Hyderabad,_Andhra_Pradesh","/wiki/Andhra_Pradesh","/wiki/Krishna_District","/wiki/Andhra_Pradesh","/wiki/Indore","/wiki/Madhya_Pradesh","/wiki/Iritty","/wiki/Kerala","/wiki/Bangalore","/wiki/Karnataka","/wiki/Jalandhar","/wiki/Punjab_(India)","/wiki/Tamil_Nadu","/wiki/Bangalore","/wiki/Karnataka","/wiki/Kottayam","/wiki/Kerala","/wiki/Thiruvananthapuram","/wiki/Kerala","/wiki/Kollam","/wiki/Kerala","/wiki/Kolar_Gold_Fields","/wiki/Karnataka","/wiki/Ranchi","/wiki/Jharkhand","/wiki/Khurda_District","/wiki/Orissa","/wiki/Madurai","/wiki/Tamil_Nadu","/wiki/Chennai","/wiki/Tamil_Nadu","/wiki/Kolara","/wiki/Karnataka","/wiki/Kolhapur","/wiki/Maharashtra","/wiki/Kolkata","/wiki/Kollam","/wiki/Kerala","/wiki/Kollegal","/wiki/Karnataka","/wiki/Kottarakara","/wiki/Kerala","/wiki/Kovilpatti","/wiki/Tamil_Nadu","/wiki/Thiruvananthapuram","/wiki/Kerala","/wiki/Kozhencherry","/wiki/Kerala","/wiki/Krishnagiri","/wiki/Tamil_Nadu","/wiki/Kollam","/wiki/Kerala","/wiki/Seventh_day_adventist_school_Thiruvalla","/wiki/Thiruvalla","/wiki/Kerala","/wiki/Andhra_Pradesh","/wiki/Nasik_District","/wiki/Maharashtra","/wiki/Bangalore","/wiki/Karnataka","/wiki/Lucknow","/wiki/Uttar_Pradesh","/wiki/Surat","/wiki/Gujarat","/wiki/Krishna_District","/wiki/Andhra_Pradesh","/wiki/Madurai","/wiki/Tamil_Nadu","/wiki/Madurai","/wiki/Tamil_Nadu","/wiki/Madurai","/wiki/Tamil_Nadu","/wiki/Madurai","/wiki/Tamil_Nadu","/wiki/Manamadurai","/wiki/Tamil_Nadu","/wiki/Mavelikara","/wiki/Kerala","/wiki/Mysore","/wiki/Karnataka","/wiki/Navsari","/wiki/Gujarat","/wiki/Idukki","/wiki/Kerala","/wiki/Idukki","/wiki/Kerala","/wiki/Neyveli","/wiki/Tamil_Nadu","/wiki/Nilambur","/wiki/Kerala","/wiki/Krishna_District","/wiki/Andhra_Pradesh","/wiki/Ottapalam_Seventh-day_Adventist_Higher_Secondary_School","/wiki/Ottapalam","/wiki/Kerala","/wiki/Palakkad","/wiki/Kerala","/wiki/Panruti","/wiki/Tamil_Nadu","/wiki/Pathanamthitta","/wiki/Kerala","/wiki/Periyakulam","/wiki/Tamil_Nadu","/wiki/Pondicherry_(city)","/wiki/Puducherry","/w/index.php?title=Pulieranghy&action=edit&redlink=1","/wiki/Tamil_Nadu","/wiki/Jalpaiguri_District","/wiki/West_Bengal","/wiki/Shimla","/wiki/Himachal_Pradesh","/wiki/Sankarankoil","/wiki/Tamil_Nadu","/wiki/Idukki","/wiki/Kerala","/wiki/Seventh_Day_Adventist_High_School,_Secunderabad","/wiki/SDA_Residential_English_High_School","/wiki/Nedumkandam","/wiki/Kerala","/wiki/Sivakasi","/wiki/Tamil_Nadu","/wiki/Spicer_Memorial_College_Higher_Secondary_School","/wiki/Pune","/wiki/Maharashtra","/wiki/Sultan_Battery","/wiki/Kerala","/wiki/Bangalore","/wiki/Karnataka","/wiki/Chennai","/wiki/Tamil_Nadu","/wiki/Palakkad","/wiki/Kerala","/wiki/Thanjavur","/wiki/Tamil_Nadu","/wiki/Thiruchengode","/wiki/Tamil_Nadu","/wiki/Thiruvananthapuram","/wiki/Kerala","/wiki/Thrissur","/wiki/Kerala","/wiki/Thrissur","/wiki/Kerala","/wiki/Trichy","/wiki/Tonia","/wiki/Jharkhand","/wiki/Tuticorin","/wiki/Tamil_Nadu","/wiki/Usilampatti","/wiki/Tamil_Nadu","/wiki/Kottayam","/wiki/Kerala","/wiki/Viluppuram","/wiki/Tamil_Nadu","/wiki/Thiruvananthapuram","/wiki/Kerala","/wiki/Thiruvananthapuram","/wiki/Kerala","/wiki/Virudhunagar","/wiki/Tamil_Nadu","/wiki/Visakhapatnam","/wiki/Andhra_Pradesh","/wiki/Visakhapatnam","/wiki/Andhra_Pradesh","/wiki/Gandhi_Nagar","//toolserver.org/%7Edispenser/cgi-bin/dab_solver.py?page=List_of_Seventh-day_Adventist_secondary_schools&editintro=Template:Disambiguation_needed/editintro&client=Template:Dn","/wiki/Puducherry","/wiki/Puducherry","/wiki/Nagpur","/wiki/Maharashtra","/wiki/Lucknow","/wiki/Roorkee","/wiki/Euro-Africa_Division_of_Seventh-day_Adventists","/w/index.php?title=List_of_Seventh-day_Adventist_secondary_schools&action=edit&section=68","/w/index.php?title=List_of_Seventh-day_Adventist_secondary_schools&action=edit&section=69","/w/index.php?title=List_of_Seventh-day_Adventist_secondary_schools&action=edit&section=70","/wiki/Maurice-Ti%C3%A8che_Comprehensive_School","/wiki/Collonges-sous-Sal%C3%A8ve","/w/index.php?title=List_of_Seventh-day_Adventist_secondary_schools&action=edit&section=71","/wiki/Marienhoehe_College","/wiki/Darmstadt","/w/index.php?title=List_of_Seventh-day_Adventist_secondary_schools&action=edit&section=72","/w/index.php?title=List_of_Seventh-day_Adventist_secondary_schools&action=edit&section=73","/wiki/Bucharest","/w/index.php?title=List_of_Seventh-day_Adventist_secondary_schools&action=edit&section=74","/w/index.php?title=Sagunto,_Valencia&action=edit&redlink=1","/wiki/Madrid","/wiki/Barcelona","/wiki/Zaragoza","/w/index.php?title=List_of_Seventh-day_Adventist_secondary_schools&action=edit&section=75","/wiki/Zurich","/w/index.php?title=List_of_Seventh-day_Adventist_secondary_schools&action=edit&section=76","/wiki/Stanborough_School,_Watford","/wiki/Watford","/wiki/Hertfordshire","/wiki/The_John_Loughborough_School","/wiki/Tottenham","/w/index.php?title=Harper_Bell_Seventh_Day_Adventist_School&action=edit&redlink=1","/wiki/Camp_Hill,_West_Midlands","/wiki/Birmingham","/w/index.php?title=Hyland_House_School&action=edit&redlink=1","/wiki/Walthamstow","/wiki/Euro-Asia_Division_of_Seventh-day_Adventists","/w/index.php?title=List_of_Seventh-day_Adventist_secondary_schools&action=edit&section=77","/w/index.php?title=List_of_Seventh-day_Adventist_secondary_schools&action=edit&section=78","/w/index.php?title=Zaoksky_(urban-type_settlement)&action=edit&redlink=1","/w/index.php?title=List_of_Seventh-day_Adventist_secondary_schools&action=edit&section=79","/wiki/List_of_Seventh-day_Adventist_colleges_and_universities","/wiki/List_of_Seventh-day_Adventist_hospitals","/wiki/List_of_Seventh-day_Adventist_medical_schools","/w/index.php?title=List_of_Seventh-day_Adventist_secondary_schools&action=edit&section=80","http://www.adventistyearbook.org","http://www.ministerialassociation.com/html/academies.html","http://www.nadeducation.org/k12/schools.html","http://www.adventistdirectory.org/","http://www.adventistsaum.org/article.php?id=87","/w/index.php?title=List_of_Seventh-day_Adventist_secondary_schools&action=edit&section=81","#cite_ref-Statistics_1-0","http://www.adventist.org/world_church/facts_and_figures/index.html.en","/wiki/Template:Adventist_Academies_US","/wiki/Template_talk:Adventist_Academies_US","//en.wikipedia.org/w/index.php?title=Template:Adventist_Academies_US&action=edit","/wiki/List_of_Seventh-day_Adventist_secondary_schools#United_States","/wiki/Andrews_Academy","/wiki/Auburn_Adventist_Academy","/wiki/Blue_Mountain_Academy","/wiki/Burton_Adventist_Academy","/wiki/Calexico_Mission_School","/wiki/Chisholm_Trail_Academy","/wiki/Escondido_Adventist_Academy","/wiki/Forest_Lake_Academy","/wiki/Georgia-Cumberland_Academy","/wiki/Great_Lakes_Adventist_Academy","/wiki/Greater_Miami_Adventist_Academy","/wiki/Highland_Academy","/wiki/Highland_Adventist_School","/wiki/Highland_View_Academy","/wiki/Indiana_Academy_(Seventh-day_Adventist)","/wiki/La_Sierra_Academy","/wiki/Laurelwood_Academy","/wiki/Lodi_Academy","/wiki/Loma_Linda_Academy","/wiki/Madison_Academy_(Tennessee)","/wiki/Midland_Adventist_Academy","/wiki/Milo_Adventist_Academy","/wiki/Monterey_Bay_Academy","/wiki/Mount_Ellis_Academy","/wiki/Mount_Pisgah_Academy","/wiki/Mount_Vernon_Academy","/wiki/Oakwood_Adventist_Academy","/wiki/Ouachita_Hills_Academy","/wiki/Ozark_Adventist_Academy","/wiki/Pine_Tree_Academy","/wiki/Portland_Adventist_Academy","/wiki/Puget_Sound_Adventist_Academy","/wiki/Redlands_Adventist_Academy","/wiki/San_Diego_Academy","/wiki/Sandia_View_Academy","/wiki/Shenandoah_Valley_Academy","/wiki/South_Lancaster_Academy","/wiki/Spencerville_Adventist_Academy","/wiki/Spring_Valley_Academy","/wiki/Sunnydale_Adventist_Academy","/wiki/Takoma_Academy","/wiki/Upper_Columbia_Academy","/wiki/Walla_Walla_Valley_Academy","/wiki/Seventh-day_Adventist_Church","/wiki/Seventh-day_Adventist_education","/wiki/North_American_Division_of_Seventh-day_Adventists","//en.wikipedia.org/w/index.php?title=Special:CentralAutoLogin/start&type=1x1&from=enwiki","http://en.wikipedia.org/w/index.php?title=List_of_Seventh-day_Adventist_secondary_schools&oldid=563965887","/wiki/Help:Categories","/wiki/Category:Secondary_schools_affiliated_with_the_Seventh-day_Adventist_Church","/wiki/Category:Lists_of_Christian_schools","/wiki/Category:Seventh-day_Adventist_Church-related_lists","/wiki/Category:Incomplete_lists_from_July_2009","/wiki/Category:Articles_with_links_needing_disambiguation_from_August_2012","/w/index.php?title=Special:UserLogin&returnto=List+of+Seventh-day+Adventist+secondary+schools&type=signup","/w/index.php?title=Special:UserLogin&returnto=List+of+Seventh-day+Adventist+secondary+schools","/wiki/List_of_Seventh-day_Adventist_secondary_schools","/wiki/Talk:List_of_Seventh-day_Adventist_secondary_schools","#","/wiki/List_of_Seventh-day_Adventist_secondary_schools","/w/index.php?title=List_of_Seventh-day_Adventist_secondary_schools&action=edit","/w/index.php?title=List_of_Seventh-day_Adventist_secondary_schools&action=history","#","/w/index.php","//bits.wikimedia.org/static-1.22wmf11/skins/vector/images/search-ltr.png?303-4","/wiki/Main_Page","/wiki/Main_Page","/wiki/Portal:Contents","/wiki/Portal:Featured_content","/wiki/Portal:Current_events","/wiki/Special:Random","//donate.wikimedia.org/wiki/Special:FundraiserRedirector?utm_source=donate&utm_medium=sidebar&utm_campaign=C13_en.wikipedia.org&uselang=en","/wiki/Help:Contents","/wiki/Wikipedia:About","/wiki/Wikipedia:Community_portal","/wiki/Special:RecentChanges","//en.wikipedia.org/wiki/Wikipedia:Contact_us","/wiki/Special:WhatLinksHere/List_of_Seventh-day_Adventist_secondary_schools","/wiki/Special:RecentChangesLinked/List_of_Seventh-day_Adventist_secondary_schools","/wiki/Wikipedia:File_Upload_Wizard","/wiki/Special:SpecialPages","/w/index.php?title=List_of_Seventh-day_Adventist_secondary_schools&oldid=563965887","/w/index.php?title=List_of_Seventh-day_Adventist_secondary_schools&action=info","//www.wikidata.org/wiki/Q6596799","/w/index.php?title=Special:Cite&page=List_of_Seventh-day_Adventist_secondary_schools&id=563965887","/w/index.php?title=Special:Book&bookcmd=book_creator&referer=List+of+Seventh-day+Adventist+secondary+schools","/w/index.php?title=Special:Book&bookcmd=render_article&arttitle=List+of+Seventh-day+Adventist+secondary+schools&oldid=563965887&writer=rl","/w/index.php?title=List_of_Seventh-day_Adventist_secondary_schools&printable=yes","#","//www.wikidata.org/wiki/Q6596799#sitelinks-wikipedia","//en.wikipedia.org/wiki/Wikipedia:Text_of_Creative_Commons_Attribution-ShareAlike_3.0_Unported_License","//creativecommons.org/licenses/by-sa/3.0/","//wikimediafoundation.org/wiki/Terms_of_Use","//wikimediafoundation.org/wiki/Privacy_policy","//www.wikimediafoundation.org/","//wikimediafoundation.org/wiki/Privacy_policy","/wiki/Wikipedia:About","/wiki/Wikipedia:General_disclaimer","//en.wikipedia.org/wiki/Wikipedia:Contact_us","//en.m.wikipedia.org/wiki/List_of_Seventh-day_Adventist_secondary_schools","//wikimediafoundation.org/","//bits.wikimedia.org/images/wikimedia-button.png","//www.mediawiki.org/","//bits.wikimedia.org/static-1.22wmf11/skins/common/images/poweredby_mediawiki_88x31.png","//bits.wikimedia.org/en.wikipedia.org/load.php?debug=false&lang=en&modules=site&only=scripts&skin=vector&*"],"instances":["cooranbong","india","town","city","city","province","city","tennessee"],"pdf":[],"categories":["Secondary schools affiliated with the Seventh-day Adventist Church|","Lists of Christian schools","Seventh-day Adventist Church-related lists"],"headings":["[[Southern Africa-Indian Ocean Division of Seventh-day Adventists|Southern Africa and Indian Ocean]]","[[East-Central Africa Division of Seventh-day Adventists|East & Central Africa]]","[[Northern Asia-Pacific Division of Seventh-day Adventists|East Asia]]","[[Inter-American Division of Seventh-day Adventists|Inter-America (Central America & Caribbean)]]","[[North American Division of Seventh-day Adventists|North America]]","[[South American Division of Seventh-day Adventists|South America]]","[[South Pacific Division of Seventh-day Adventists|South Pacific &amp; Oceania]]","[[Southern Asia-Pacific Division of Seventh-day Adventists|Southeast Asia]]","[[Southern Asia Division of Seventh-day Adventists|Southern Asia]]","[[Euro-Africa Division of Seventh-day Adventists|Western Europe]]","[[Euro-Asia Division of Seventh-day Adventists|Eastern Europe]]","See also","Sources","References"],"image":["//upload.wikimedia.org/wikipedia/commons/thumb/0/07/Shenandoah_Valley_Academy_pictured_in_1924.jpg/200px-Shenandoah_Valley_Academy_pictured_in_1924.jpg","//upload.wikimedia.org/wikipedia/commons/thumb/7/75/James_and_Ellen_White.jpg/125px-James_and_Ellen_White.jpg","//en.wikipedia.org/w/index.php?title=Special:CentralAutoLogin/start&type=1x1&from=enwiki","//bits.wikimedia.org/static-1.22wmf11/skins/vector/images/search-ltr.png?303-4","//bits.wikimedia.org/images/wikimedia-button.png","//bits.wikimedia.org/static-1.22wmf11/skins/common/images/poweredby_mediawiki_88x31.png"],"tags":[["georgia","u.s._state"],["washington","u.s._state"],["washington","u.s._state"],["barre,_vermont","city"],["washington","u.s._state"],["georgia","u.s._state"],["georgia","u.s._state"],["indiana_academy","seventh-day_adventist"],["madison_academy","tennessee"],["washington","u.s._state"],["washington","u.s._state"],["washington","u.s._state"],["washington","u.s._state"],["washington","u.s._state"],["washington","u.s._state"],["ica","city"],["avondale_school","cooranbong"],["papua","province"],["tak","town"],["punjab","india"],["pondicherry","city"],["zaoksky","urban-type_settlement"]],"members":["avondale_school","punjab","tak","ica","washington","papua","georgia","indiana_academy","zaoksky","pondicherry","madison_academy"],"related":["Protestant","Adventist","Government_of_the_Seventh-day_Adventist_Church","Silver_Spring,_Maryland","Maryland","United_States","General_Conference_of_Seventh-day_Adventists","Seventh-day_Adventist_education","Gweru","Bulawayo","Lower_Gwelo","Solusi","Cibitoke","Kivoga","Kivu","Nord-Kivu","Kamina","Addis_Ababa","Shoa_Region","Gimbie","SabaSaba,_Murang'a_County","Rongo,_Kenya","Nairobi","Meru,_Kenya","Masii","Nairobi","Kisii,_Kenya","Molo,_Kenya","Ruhengeri","Gitarama","Maridi","Musoma","Same,_Tanzania","Kampala","Kampala","Kampala","Kampala","Kampala","Kampala","Kampala","Kampala","Kampala","Kampala","Hong_Kong_Adventist_Academy","Sai_Kung_Town","New_Territories","Kowloon_Sam_Yuk_Secondary_School","Kowloon","Macao_Sam_Yuk_Middle_School","Taipa","Macau","Tai_Po_Sam_Yuk_Secondary_School","Tai_Po","New_Territories","Hong_Kong_Sam_Yuk_Secondary_School","Happy_Valley,_Hong_Kong","Sam_Yuk_Middle_School","Sai_Kung_Town","New_Territories","Yuchih","Nantou_County","Taipei","Taipei","Da_Jin_Adventist_Secondary_School,_Pin_Dong","St._Eustatius","Bermuda_Institute","Port_Hardy,_British_Columbia","British_Columbia","Williams_Lake,_British_Columbia","British_Columbia","Calgary","Alberta","Crawford_Adventist_Academy","Ontario","Burnaby","British_Columbia","Fountainview_Academy","Lillooet,_British_Columbia","British_Columbia","Aldergrove,_British_Columbia","British_Columbia","Montreal","Kingsway_College","Oshawa","Ontario","Okanagan_Adventist_Academy","Kelowna","British_Columbia","Lacombe,_Alberta","Winnipeg,_Canada","Bedford,_Nova_Scotia","Saskatoon,_Saskatchewan","Andrews_Academy","Michigan","Berrien_Springs","Armona_Union_Academy","California","Armona,_California","Georgia_(U.S._state)","Duluth,_Georgia","Auburn_Adventist_Academy","Washington_(U.S._state)","Auburn,_Washington","California","Bakersfield,_California","Mississippi","Lumberton,_Mississippi","Michigan","Battle_Creek,_Michigan","New_York","Brooklyn,_New_York","Blue_Mountain_Academy","Pennsylvania","Hamburg,_Pennsylvania","Brighton_Adventist_Academy","Colorado","Brighton,_Colorado","Burton_Adventist_Academy","Texas","Arlington,_Texas","Calexico_Mission_School","California","Calexico,_California","Colorado","Loveland,_Colorado","Washington_(U.S._state)","Wenatchee,_Washington","California","Ceres,_California","Vermont","Barre,_Vermont_(city)","Chisholm_Trail_Academy","Texas","Keene,_Texas","Cincinnati_Jr._Academy","Ohio","Cincinnati,_Ohio","Nebraska","Lincoln,_Nebraska","Tennessee","Collegedale,_Tennessee","Washington_(U.S._state)","Battle_Ground,_Washington","South_Carolina","Lexington,_South_Carolina","North_Dakota","Bismarck,_North_Dakota","Utah","Castle_Valley,_Utah","East_Pasco_Adventist_Academy","Florida","Dade_City,_Florida","California","Placerville,_California","Oregon","Pleasant_Hill,_Oregon","Escondido_Adventist_Academy","California","Escondido,_California","North_Carolina","Fletcher,_North_Carolina","Forest_Lake_Academy","Florida","Apopka,_Florida","California","Fresno,_California","Idaho","Caldwell,_Idaho","Maryland","Hyattsville,_Maryland","Georgia-Cumberland_Academy","Georgia_(U.S._state)","Calhoun,_Georgia","California","Glendale,_California","Grand_Rapids_Adventist_Academy","Michigan","Grand_Rapids,_Michigan","Great_Lakes_Adventist_Academy","Michigan","Cedar_Lake,_Michigan","Kansas","Enterprise,_Kansas","Georgia_(U.S._state)","Atlanta","Massachusetts","Stoneham,_Massachusetts","Greater_Miami_Adventist_Academy","Florida","Miami","New_York","Woodside,_New_York","Tennessee","Greeneville,_Tennessee","Harbert_Hills_Academy","Tennessee","Savannah","New_York","Brooklyn","Hawaii","Honolulu,_Hawaii","Tennessee","Monterey,_Tennessee","Highland_Academy","Tennessee","Portland,_Tennessee","Highland_Adventist_School","West_Virginia","Elkins,_West_Virginia","Highland_View_Academy","Maryland","Hagerstown,_Maryland","Illinois","Hinsdale,_Illinois","Arizona","Holbrook,_Arizona","Indiana_Academy_(Seventh-day_Adventist)","Indiana","Cicero,_Indiana","Jamaica_Seventh_Day_Adventist_School","New_York","Jamaica,_New_York","Knoxville_Adventist_School","Tennessee","Knoxville,_Tennessee","California","Riverside,_California","Laurelwood_Academy","Oregon","Jasper,_Oregon","Florida","Eustis,_Florida","Oregon","Salem,_Oregon","Lodi_Academy","California","Lodi,_California","Loma_Linda_Academy","California","Loma_Linda,_California","California","Los_Angeles","Kentucky","Louisville","Madison_Academy_(Tennessee)","Tennessee","Madison,_Tennessee","Maplewood_Academy","Minnesota","Hutchinson,_Minnesota","Tennessee","Memphis,_Tennessee","California","Calimesa,_California","Florida","Miami","Midland_Adventist_Academy","Kansas","Shawnee,_KS","Colorado","Denver,_Colorado","Oregon","Days_Creek,_Oregon","Minnesota","Minnetonka,_Minnesota","Miramonte_Christian_School","California","Los_Altos,_California","Monterey_Bay_Academy","California","La_Selva_Beach,_California","Mount_Ellis_Academy","Montana","Bozeman,_Montana","Mount_Pisgah_Academy","North_Carolina","Candler,_North_Carolina","Mount_Vernon_Academy","Ohio","Mt._Vernon,_Ohio","California","Mountain_View,_California","California","Napa,_California","Florida","Miami,_Florida","California","Newbury_Park,_California","New_York","New_York","New_York","Brooklyn","Oakwood_Adventist_Academy","Alabama","Huntsville,_Alabama","Oceanside_Adventist_Elementary_School","California","Oceanside,_California","California","Garden_Grove,_California","California","Orangevale,_California","Florida","Orlando,_Florida","Washington_(U.S._state)","Eastsound,_Washington","Arkansas","Amity,_Arkansas","Ozark_Adventist_Academy","Arkansas","Gentry,_Arkansas","California","Angwin,_California","California","Paradise,_California","Michigan","Inkster,_Michigan","Pine_Forge_Academy","Pennsylvania","Pine_Forge,Pennsylvania_","California","Auburn,_California","Pine_Tree_Academy","Maine","Freeport,_Maine","Nebraska","Shelton,_Nebraska","California","Pleasant_Hill,_California","Florida","Port_Charlotte,_Florida","Portland_Adventist_Academy","Oregon","Portland,_Oregon","Puget_Sound_Adventist_Academy","Washington_(U.S._state)","Kirkland,_Washington","California","Redding,_California","Redlands_Adventist_Academy","California","Redlands,_California","California","Santa_Rosa,_California","Virginia","Richmond,_Virginia","California","Healdsburg,_California","Oregon","Medford,_Oregon","California","Sacramento,_California","San_Diego_Academy","California","National_City,_California","California","Northridge,_Los_Angeles,_California","California","San_Gabriel,_California","Sandia_View_Academy","New_Mexico","Corrales,_New_Mexico","Idaho","Sandpoint,_Idaho","Shenandoah_Valley_Academy","Virginia","New_Market,_Virginia","Sharon_Temple_Adventist_School","Delaware","Wilmington,_Delaware","Washington_(U.S._state)","Burlington,_Washington","South_Lancaster_Academy","Massachusetts","South_Lancaster,_Massachusetts","Texas","McAllen,_Texas","Spencerville_Adventist_Academy","Maryland","Silver_Spring,_Maryland","Spring_Valley_Academy","Ohio","Centerville,_Ohio","Springs_Adventist_Academy","Colorado","Colorado_Springs,_Colorado","Virgin_Islands","St._Croix","Sunnydale_Adventist_Academy","Missouri","Centralia,_Missouri","Takoma_Academy","Maryland","Takoma_Park,_Maryland","Arizona","Scottsdale,_Arizona","Virginia","Virginia_Beach,_Virginia","Washington_(U.S._state)","Pasco,_Washington","New_Jersey","Hillside,_New_Jersey","Oregon","Hillsboro,_Oregon","Union_Springs_Academy","New_York","Union_Springs,_New_York","Upper_Columbia_Academy","Washington_(U.S._state)","Spangle,_Washington","Texas","Weslaco,_Texas","California","Arroyo_Grande,_California","West_Virginia","Bluefield,_West_Virginia","Vista_Ridge_Academy","Colorado","Erie,_Colorado","Walla_Walla_Valley_Academy","Washington_(U.S._state)","College_Place,_Washington","Wisconsin_Academy","Wisconsin","Columbus,_Wisconsin","Oklahoma","Tulsa,_Oklahoma","Posadas,_Misiones","Misiones","Baha_Blanca","Buenos_Aires_Province","Balcarce,_Buenos_Aires","Buenos_Aires_Province","Capitn_Bermdez","Santa_Fe_Province","Crdoba,_Argentina","Buenos_Aires_Province","Formosa,_Argentina","Los_Polvorines","Buenos_Aires_Province","Misiones","Mendoza,_Argentina","Morn","Buenos_Aires_Province","Misiones","Entre_Ros_Province","Misiones","Resistencia,_Chaco","Chaco_Province","Entre_Ros_Province","Salta","Santa_Fe,_Argentina","Ro_Negro_Province","Cochabamba","La_Paz","Pelotas","Manaus","Uruara","Recife","Belo_Horizonte","Belo_Horizonte","Curitiba","Engenheiro_Coelho","Hortolandia","So_Paulo","Campo_Mouro","Cascavel","Salvador,_Bahia","Rio_de_Janeiro","Abadiania","Taquara","Altamira,_Brazil","Colatina","Eunapolis","Fortaleza","Foz_do_Iguacu","Belm","Gravatai","Imperatriz","Ipatinga","Itabora","Itabuna","Rio_de_Janeiro","Ji-Paran","Londrina","Maceio","Manaus","Marab,_Brazil","Porto_Alegre","Maring","Lavras","Ananindeua","Cachoeira","Novo_Hamburgo","Ivatuba","Porto_Alegre","Manaus","Petropolis","Porto_Alegre","Porto_Velho","Recife","Rio_Branco","Rio_de_Janeiro","Salvador,_Bahia","Araquari","So_Lus,_Maranho","Tucuma","Viamo","Vitoria,_Spain","Mirante_da_Serra","Angol","Antofagasta","Arica","Santiago,_Chile","Calama,_Chile","Chilln","Concepcin,_Chile","Copiap","Santiago,_Chile","La_Serena,_Chile","Las_Condes","Santiago,_Chile","Los_ngeles,_Chile","Molina,_Chile","Santiago,_Chile","Santiago,_Chile","Osorno,_Chile","Santiago,_Chile","Puerto_Montt","Punta_Arenas","Quilpu","Santiago,_Chile","Santiago,_Chile","Talcahuano","Temuco","Valdivia,_Chile","Santiago,_Chile","Lo_Prado","Santiago,_Chile","Pichincha,_Ecuador","Guayaquil","Quito","Asuncin","Tacna","Ica_(city)","Lima","Trujillo,_Peru","Arequipa","Trujillo,_Peru","Trujillo,_Peru","Cuzco","Lima","Lima","Lima","Lima","Pucallpa","Canelones,_Uruguay","Avondale_School_(Cooranbong)","Brisbane_Adventist_College","Carmel_Adventist_College","Central_Coast_Adventist_School","Gilson_College","Hills_Adventist_College","Lilydale_Adventist_Academy","Macarthur_Adventist_College","Macquarie_College","Mountain_View_Adventist_College","Noosa_Christian_College","Northpine_Christian_College","Nunawading_Christian_College_-_Secondary_Campus","Prescott_Schools","Sydney_Adventist_College","Karalundi_Aboriginal_Education_Community","Papaaroa_High_School","Rarotonga","Wainibuka","Suva_Adventist_College","Suva","Tiarama_Adventist_College","Papeete","Tahiti","Kauma_Adventist_High_School","Tarawa","Auckland_Seventh-day_Adventist_High_School","Auckland","Christchurch_Adventist_School","Christchurch","Longburn_Adventist_College","Palmerston_North","Whakatane_Seventh-day_Adventist_School","Goroka","Rabual","Central_Province,_Papua_New_Guinea","Samoa_Adventist_College","Apia","Iakina_Adventist_Academy","Pago_Pago","Malaita","Marovo_Lagoon","Guadalcanal","Western_Province,_Solomon_Islands","Beulah_College","Tongatapu","Aore_Adventist_Academy","Espiritu_Santo","Epauto_Adventist_High_School","Efate","Cambodia_Adventist_School","Phnom_Penh","Cambodia_Adventist_School__Kantrok","Siem_Reap","DKI_Jakarta","Kramat_Pulo","Jakarta","North_Sumatra","Simpang_Rami","Pematang_Siantar","West_Java","Cimindi","West_Java","Bandung","West_Java","Bandung","North_Sumatra","East_Kalimantan","Balikpapan","Bitung","North_Sumatra","North_Sulawesi","Manado","Papua_(province)","Malang","Amdon,_Maluku","Medan","Minahasa","Palu","North_Sumatera","Semarang","North_Sumatera","North_Sumatra","Asahan_Regency","North_Sumatera","Dairi_Regency","East_Java","Surabaya","North_Sumatera","Makale_Tana_Toraja","DKI_Jakarta","Kembangan,_Jakarta_Barat","Kota_Marudu","Tamparuli","Kuching","Odiongan","Romblon","Silang,_Cavite","Cavite","Baesa","Caloocan","Silang,_Cavite","Cavite","Baguio_City","Benguet","Lucban,_Quezon","Quezon","Central_Bukidnon_Institute","Valencia_City,_Bukidnon","Bukidnon","Floridablanca,_Pampanga","Pampanga","Puerto_Princesa_City","Palawan","Murcia","Negros_Occidental","Concepcion,_Ilocous_Sur","Ilocos_Sur","Sablayan","Occidental_Mindoro","Talisay_City,_Cebu","Cebu","Javier,_Leyte","Leyte","Lake_View_Academy","Don_Carlos","Bukidnon","Tupi,_South_Cotabato","South_Cotabato","Manticao","Misamis_Oriental","Mindanao_Sanitarium_and_Hospital_College","Iligan","Lanao_Del_Norte","Mountain_View_College_Academy","Valencia_City,_Bukidnon","Bukidnon","Bacolod_City","Negros_Occidental","Butuan_City","Lipa_City","Batangas","Naga_City","Camarines_Sur","Northern_Luzon_Adventist_College","Sison,_Pangasinan","Pangasinan","Narra,_Palawan","Palawan","Tigaon","Camarines_Sur","Pasay_City","Polillo,_Quezon","Zamboanga_City","Burabod","San_Antonio","Northern_Samar","Matanao","Davao_del_Sur","Quirino","Ilocos_Sur","Pototan","Iloilo","Zamboanga_del_Sur","Silang,_Cavite","Cavite","Rizal_La_Paz","Iloilo_City","San_Yu_Adventist_School","Bangkok","Adventist_International_Mission_School","Muak_Lek","Chiang_Mai","Tak_(town)","Ekamai_International_School","Mae_Hong_Son","Ramkhamhaeng_Advent_International_School","Phuket_city","Songkhla","Thiruvananthapuram","Kerala","Wayanad","Kerala","Belgaum","Karnataka","Bahraich","Uttar_Pradesh","Bangalore","Karnataka","Bangalore","Karnataka","Bidar","Karnataka","Bidar","Karnataka","Bobbili","Andhra_Pradesh","Shillong","Meghalaya","Goa","Kozhikode","Kerala","Chengalpet","Tamil_Nadu","Chennai","Tamil_Nadu","Chickmagalur","Karnataka","Dharmapuri","Tamil_Nadu","Dindigul","Tamil_Nadu","E_D_Thomas_Memorial_Higher_Secondary_School","Thanjavur_District","Tamil_Nadu","Kochi,_India","Kerala","Erode","Tamil_Nadu","West_Godavari_District","Andhra_Pradesh","Hapur","Uttar_Pradesh","Kolhapur","Maharashtra","Helen_Lowry_Higher_Secondary_School","Aizawl","Mizoram","Hosur","Tamil_Nadu","Hubli","Karnataka","Hyderabad,_Andhra_Pradesh","Andhra_Pradesh","Krishna_District","Andhra_Pradesh","Indore","Madhya_Pradesh","Iritty","Kerala","Bangalore","Karnataka","Jalandhar","Punjab_(India)","Tamil_Nadu","Bangalore","Karnataka","Kottayam","Kerala","Thiruvananthapuram","Kerala","Kollam","Kerala","Kolar_Gold_Fields","Karnataka","Ranchi","Jharkhand","Khurda_District","Orissa","Madurai","Tamil_Nadu","Chennai","Tamil_Nadu","Kolara","Karnataka","Kolhapur","Maharashtra","Kolkata","Kollam","Kerala","Kollegal","Karnataka","Kottarakara","Kerala","Kovilpatti","Tamil_Nadu","Thiruvananthapuram","Kerala","Kozhencherry","Kerala","Krishnagiri","Tamil_Nadu","Kollam","Kerala","Seventh_day_adventist_school_Thiruvalla","Thiruvalla","Kerala","Andhra_Pradesh","Nasik_District","Maharashtra","Bangalore","Karnataka","Lucknow","Uttar_Pradesh","Surat","Gujarat","Krishna_District","Andhra_Pradesh","Madurai","Tamil_Nadu","Madurai","Tamil_Nadu","Madurai","Tamil_Nadu","Madurai","Tamil_Nadu","Manamadurai","Tamil_Nadu","Mavelikara","Kerala","Mysore","Karnataka","Navsari","Gujarat","Idukki","Kerala","Idukki","Kerala","Neyveli","Tamil_Nadu","Nilambur","Kerala","Krishna_District","Andhra_Pradesh","Ottapalam_Seventh-day_Adventist_Higher_Secondary_School","Ottapalam","Kerala","Palakkad","Kerala","Panruti","Tamil_Nadu","Pathanamthitta","Kerala","Periyakulam","Tamil_Nadu","Pondicherry_(city)","Puducherry","Pulieranghy","Tamil_Nadu","Jalpaiguri_District","West_Bengal","Shimla","Himachal_Pradesh","Sankarankoil","Tamil_Nadu","Idukki","Kerala","Seventh_Day_Adventist_High_School,_Secunderabad","SDA_Residential_English_High_School","Nedumkandam","Kerala","Sivakasi","Tamil_Nadu","Spicer_Memorial_College_Higher_Secondary_School","Pune","Maharashtra","Sultan_Battery","Kerala","Bangalore","Karnataka","Chennai","Tamil_Nadu","Palakkad","Kerala","Thanjavur","Tamil_Nadu","Thiruchengode","Tamil_Nadu","Thiruvananthapuram","Kerala","Thrissur","Kerala","Thrissur","Kerala","Trichy","Tonia","Jharkhand","Tuticorin","Tamil_Nadu","Usilampatti","Tamil_Nadu","Kottayam","Kerala","Viluppuram","Tamil_Nadu","Thiruvananthapuram","Kerala","Thiruvananthapuram","Kerala","Virudhunagar","Tamil_Nadu","Visakhapatnam","Andhra_Pradesh","Visakhapatnam","Andhra_Pradesh","Gandhi_Nagar","Puducherry","Puducherry","Nagpur","Maharashtra","Lucknow","Roorkee","Maurice-Tiche_Comprehensive_School","Collonges-sous-Salve","Marienhoehe_College","Darmstadt","Bucharest","Sagunto,_Valencia","Madrid","Barcelona","Zaragoza","Zurich","Stanborough_School,_Watford","Watford","Hertfordshire","The_John_Loughborough_School","Tottenham","Harper_Bell_Seventh_Day_Adventist_School","Camp_Hill,_West_Midlands","Birmingham","Hyland_House_School","Walthamstow","Zaoksky_(urban-type_settlement)","List_of_Seventh-day_Adventist_colleges_and_universities","List_of_Seventh-day_Adventist_hospitals","List_of_Seventh-day_Adventist_medical_schools"]}