{"cursor":"32255","size":15,"audio":[],"currentlang":"en","article":"The following is a 'list of [[college]]s and [[University|universities]]' in the\nU.S. state of Pennsylvania.\n","linknr":848,"url":"List_of_colleges_and_universities_in_Pennsylvania","recorded":1375057932,"links":["/w/index.php?title=List_of_colleges_and_universities_in_Pennsylvania&action=edit","/w/index.php?title=List_of_colleges_and_universities_in_Pennsylvania&action=edit","//bits.wikimedia.org/favicon/wikipedia.ico","/w/opensearch_desc.php","//en.wikipedia.org/w/api.php?action=rsd","//creativecommons.org/licenses/by-sa/3.0/","/w/index.php?title=Special:RecentChanges&feed=atom","//bits.wikimedia.org/en.wikipedia.org/load.php?debug=false&lang=en&modules=ext.gadget.DRN-wizard%2CReferenceTooltips%2Ccharinsert%2Cteahouse%7Cext.rtlcite%2Cwikihiero%7Cext.uls.nojs%7Cmediawiki.legacy.commonPrint%2Cshared%7Cmw.PopUpMediaTransform%7Cskins.vector&only=styles&skin=vector&*","//bits.wikimedia.org/en.wikipedia.org/load.php?debug=false&lang=en&modules=site&only=styles&skin=vector&*","//bits.wikimedia.org/en.wikipedia.org/load.php?debug=false&lang=en&modules=startup&only=scripts&skin=vector&*","//bits.wikimedia.org/geoiplookup","//meta.wikimedia.org","#mw-navigation","#p-search","/wiki/College","/wiki/University","/wiki/U.S._state","/wiki/Pennsylvania","#Private.2C_for-profit_institutions","#Private.2C_not-for-profit_institutions","#Private_two-year_colleges_and_technical_schools","#Private_Bible_colleges_and_religious-oriented_institutions","#Private_Baccalaureate_and_Master.27s_institutions","#Private_specialty_four-year_institutions","#Private_Doctoral_universities","#Graduate_institutions","#Professional_schools","#Seminaries","#Public_institutions","#Two-year_community_colleges_and_technical_schools","#Pennsylvania_State_System_of_Higher_Education:_State-owned_Master.27s_level_institutions","#Commonwealth_System_of_Higher_Education:_State-related_colleges_and_universities","#Main_institutions","#Commonwealth_and_affiliated_campuses","#Defunct_institutions","#See_also","#External_links","/w/index.php?title=List_of_colleges_and_universities_in_Pennsylvania&action=edit&section=1","/wiki/List_of_for-profit_colleges_and_universities_in_Pennsylvania","/w/index.php?title=List_of_colleges_and_universities_in_Pennsylvania&action=edit&section=2","/wiki/Technical_school","/w/index.php?title=List_of_colleges_and_universities_in_Pennsylvania&action=edit&section=3","/wiki/Harcum_College","/wiki/Lower_Merion_Township,_Montgomery_County,_Pennsylvania","/wiki/Hussian_School_of_Art","/wiki/Philadelphia","/wiki/Johnson_College","/wiki/Scranton","/wiki/Lackawanna_College","/wiki/Scranton","/wiki/Manor_College","/wiki/Abington_Township,_Montgomery_County,_Pennsylvania","/wiki/Roman_Catholic_Church","/wiki/Mercyhurst_North_East","/wiki/North_East_Township,_Erie_County,_Pennsylvania","/wiki/Roman_Catholic_Church","/wiki/Pennsylvania_Institute_of_Technology","/wiki/Upper_Providence_Township,_Delaware_County,_Pennsylvania","/wiki/Pittsburgh_Institute_of_Aeronautics","/wiki/West_Mifflin,_Pennsylvania","/wiki/Pittsburgh_Institute_of_Mortuary_Science","/wiki/Pittsburgh","/wiki/Valley_Forge_Military_Academy_and_College","/wiki/Radnor_Township,_Delaware_County,_Pennsylvania","/wiki/Bible_college","/w/index.php?title=List_of_colleges_and_universities_in_Pennsylvania&action=edit&section=4","/wiki/Baptist_Bible_College_%26_Seminary","/wiki/South_Abington_Township,_Lackawanna_County,_Pennsylvania","/wiki/Independent_Baptist","/wiki/Gratz_College","/wiki/Cheltenham_Township,_Montgomery_County,_Pennsylvania","/wiki/Judaism","/wiki/Lancaster_Bible_College","/wiki/Manheim_Township,_Lancaster_County,_Pennsylvania","/wiki/Cairn_University","/wiki/Philadelphia_Biblical_University","/wiki/Langhorne_Manor,_Pennsylvania","/wiki/Talmudical_Yeshiva_of_Philadelphia","/wiki/Philadelphia","/wiki/Haredi_Judaism","/wiki/Valley_Forge_Christian_College","/wiki/Schuylkill_Township,_Chester_County,_Pennsylvania","/wiki/Assemblies_of_God_USA","/w/index.php?title=List_of_colleges_and_universities_in_Pennsylvania&action=edit&section=5","/wiki/File:Moravian_College_Bethlehem_2924px.jpg","//upload.wikimedia.org/wikipedia/commons/thumb/1/18/Moravian_College_Bethlehem_2924px.jpg/350px-Moravian_College_Bethlehem_2924px.jpg","/wiki/File:Moravian_College_Bethlehem_2924px.jpg","//bits.wikimedia.org/static-1.22wmf9/skins/common/images/magnify-clip.png","/wiki/Moravian_College","/wiki/Bethlehem,_Pennsylvania","/wiki/Albright_College","/wiki/Reading,_Pennsylvania","/wiki/United_Methodist_Church","/wiki/Allegheny_College","/wiki/Meadville,_Pennsylvania","/wiki/The_American_College_(Pennsylvania)","/wiki/Haverford_Township,_Delaware_County,_Pennsylvania","/wiki/Bryn_Athyn_College","/wiki/Bryn_Athyn,_Pennsylvania","/wiki/The_New_Church","/wiki/Bucknell_University","/wiki/East_Buffalo_Township,_Union_County,_Pennsylvania","/wiki/Cabrini_College","/wiki/Radnor_Township,_Delaware_County,_Pennsylvania","/wiki/Roman_Catholic_Church","/wiki/Cairn_University","/wiki/Langhorne_Manor,_Pennsylvania","/wiki/Nondenominational_Christian","/wiki/Cedar_Crest_College","/wiki/Allentown,_Pennsylvania","/wiki/Chatham_University","/wiki/Pittsburgh","/wiki/Delaware_Valley_College","/wiki/Doylestown_Township,_Bucks_County,_Pennsylvania","/wiki/DeSales_University","/wiki/Upper_Saucon_Township,_Lehigh_County,_Pennsylvania","/wiki/Dickinson_College","/wiki/Carlisle,_Pennsylvania","/wiki/Elizabethtown_College","/wiki/Elizabethtown,_Pennsylvania","/wiki/Church_of_the_Brethren","/wiki/Franklin_%26_Marshall_College","/wiki/Lancaster,_Pennsylvania","/wiki/Geneva_College","/wiki/Beaver_Falls,_Pennsylvania","/wiki/Reformed_Presbyterian_Church_of_North_America","/wiki/Gettysburg_College","/wiki/Gettysburg,_Pennsylvania","/wiki/Evangelical_Lutheran_Church_in_America","/wiki/Grove_City_College","/wiki/Grove_City,_Pennsylvania","/wiki/Presbyterian_Church_of_the_USA","/wiki/Gwynedd-Mercy_College","/wiki/Lower_Gwynedd_Township,_Montgomery_County,_Pennsylvania","/wiki/Harrisburg_University_of_Science_and_Technology","/wiki/Dauphin_County,_Pennsylvania","/wiki/Haverford_College","/wiki/Haverford_Township,_Delaware_County,_Pennsylvania","/wiki/Juniata_College","/wiki/Huntingdon,_Pennsylvania","/wiki/Keystone_College","/wiki/La_Plume_Township,_Lackawanna_County,_Pennsylvania","/wiki/King%27s_College_(Pennsylvania)","/wiki/Wilkes-Barre,_Pennsylvania","/wiki/La_Roche_College","/wiki/McCandless_Township,_Allegheny_County,_Pennsylvania","/wiki/Lafayette_College","/wiki/Easton,_Pennsylvania","/wiki/Lebanon_Valley_College","/wiki/Annville,_Pennsylvania","/wiki/Lycoming_College","/wiki/Williamsport,_Pennsylvania","/wiki/Mercyhurst_University","/wiki/Erie_Pennsylvania","/wiki/Messiah_College","/wiki/Upper_Allen_Township,_Cumberland_County,_Pennsylvania","/wiki/Moravian_College","/wiki/Bethlehem,_Pennsylvania","/wiki/Moravian_Church_in_America","/wiki/Mount_Aloysius_College","/wiki/Cresson_Township,_Cambria_County,_Pennsylvania","/wiki/Muhlenberg_College","/wiki/Allentown,_Pennsylvania","/wiki/Peirce_College","/wiki/Philadelphia","/wiki/Point_Park_University","/wiki/Pittsburgh","/wiki/Rosemont_College","/wiki/Lower_Merion_Township,_Montgomery_County,_Pennsylvania","/wiki/Saint_Vincent_College","/wiki/Unity_Township,_Westmoreland_County,_Pennsylvania","/wiki/Seton_Hill_University","/wiki/Greensburg,_Pennsylvania","/wiki/Susquehanna_University","/wiki/Selinsgrove,_Pennsylvania","/wiki/Swarthmore_College","/wiki/Swarthmore,_Pennsylvania","/wiki/Thiel_College","/wiki/Greenville,_Pennsylvania","/wiki/Ursinus_College","/wiki/Collegeville,_Pennsylvania","/wiki/Washington_%26_Jefferson_College","/wiki/Washington,_Pennsylvania","/wiki/Westminster_College_(Pennsylvania)","/wiki/New_Wilmington,_Pennsylvania","/wiki/Wilson_College_(Pennsylvania)","/wiki/Chambersburg,_Pennsylvania","/wiki/York_College_of_Pennsylvania","/wiki/Spring_Garden_Township,_York_County,_Pennsylvania","/w/index.php?title=List_of_colleges_and_universities_in_Pennsylvania&action=edit&section=6","/wiki/University_of_the_Arts_(Philadelphia)","/wiki/Philadelphia","/wiki/Curtis_Institute_of_Music","/wiki/Philadelphia","/wiki/Lancaster_General_College_of_Nursing_and_Health_Sciences","/wiki/Lancaster,_Pennsylvania","/wiki/Moore_College_of_Art_and_Design","/wiki/Philadelphia","/wiki/Pennsylvania_Academy_of_Fine_Arts","/wiki/Philadelphia","/wiki/Pennsylvania_College_of_Art_and_Design","/wiki/Lancaster,_Pennsylvania","/w/index.php?title=List_of_colleges_and_universities_in_Pennsylvania&action=edit&section=7","/wiki/File:School_of_design.jpg","//upload.wikimedia.org/wikipedia/commons/thumb/e/e2/School_of_design.jpg/350px-School_of_design.jpg","/wiki/File:School_of_design.jpg","//bits.wikimedia.org/static-1.22wmf9/skins/common/images/magnify-clip.png","/wiki/Carnegie_Mellon_University","/wiki/Pittsburgh","/wiki/File:UQG.jpg","//upload.wikimedia.org/wikipedia/commons/thumb/e/e7/UQG.jpg/350px-UQG.jpg","/wiki/File:UQG.jpg","//bits.wikimedia.org/static-1.22wmf9/skins/common/images/magnify-clip.png","/wiki/University_of_Pennsylvania","/wiki/Philadelphia","/wiki/File:Lehigh_University_Packard_Lab.jpg","//upload.wikimedia.org/wikipedia/commons/thumb/a/a7/Lehigh_University_Packard_Lab.jpg/275px-Lehigh_University_Packard_Lab.jpg","/wiki/File:Lehigh_University_Packard_Lab.jpg","//bits.wikimedia.org/static-1.22wmf9/skins/common/images/magnify-clip.png","/wiki/Lehigh_University","/wiki/Bethlehem,_Pennsylvania","/wiki/Alvernia_University","/wiki/Reading,_Pennsylvania","/wiki/Roman_Catholic_Church","/wiki/Arcadia_University","/wiki/Cheltenham_Township,_Montgomery_County,_Pennsylvania","/wiki/Presbyterian_Church_of_the_USA","/wiki/Bryn_Mawr_College","/wiki/Lower_Merion_Township,_Montgomery_County,_Pennsylvania","/wiki/Carlow_University","/wiki/Pittsburgh","/wiki/Carnegie_Mellon_University","/wiki/Pittsburgh","/wiki/Chestnut_Hill_College","/wiki/Philadelphia","/wiki/Drexel_University","/wiki/Philadelphia","/wiki/Duquesne_University","/wiki/Pittsburgh","/wiki/Roman_Catholic_Church","/wiki/Eastern_University_(United_States)","/wiki/Radnor_Township,_Delaware_County,_Pennsylvania","/wiki/American_Baptist_Churches_USA","/wiki/Gannon_University","/wiki/Erie,_Pennsylvania","/wiki/Holy_Family_University","/wiki/Immaculata_University","/wiki/East_Whiteland_Township,_Chester_County,_Pennsylvania","/wiki/La_Salle_University","/wiki/Lehigh_University","/wiki/Bethlehem,_Pennsylvania","/wiki/Marywood_University","/wiki/Dunmore,_Pennsylvania","/wiki/Misericordia_University","/wiki/Dallas_Township,_Luzerne_County,_Pennsylvania","/wiki/Neumann_University","/wiki/Aston_Township,_Delaware_County,_Pennsylvania","/wiki/University_of_Pennsylvania","/wiki/Philadelphia","/wiki/Philadelphia_University","/wiki/Philadelphia","/wiki/Robert_Morris_University","/wiki/Moon_Township,_Allegheny_County,_Pennsylvania","/wiki/Saint_Francis_University","/wiki/Loretto,_Pennsylvania","/wiki/Saint_Joseph%E2%80%99s_University","/wiki/Philadelphia","/wiki/University_of_Scranton","/wiki/Scranton,_Pennsylvania","/wiki/University_of_the_Sciences","/wiki/Philadelphia","/wiki/Thomas_Jefferson_University","/wiki/Philadelphia","/wiki/Villanova_University","/wiki/Radnor_Township,_Delaware_County,_Pennsylvania","/wiki/Waynesburg_University","/wiki/Waynesburg,_Pennsylvania","/wiki/Widener_University","/wiki/Chester,_Pennsylvania","/wiki/Wilkes_University","/wiki/Wilkes-Barre,_Pennsylvania","/w/index.php?title=List_of_colleges_and_universities_in_Pennsylvania&action=edit&section=8","/w/index.php?title=List_of_colleges_and_universities_in_Pennsylvania&action=edit&section=9","/wiki/The_Commonwealth_Medical_College","/wiki/Scranton,_Pennsylvania","/wiki/Lake_Erie_College_of_Osteopathic_Medicine","/wiki/Erie,_Pennsylvania","/wiki/Philadelphia_College_of_Osteopathic_Medicine","/wiki/Philadelphia","/wiki/Salus_University","/wiki/Cheltenham_Township,_Montgomery_County,_Pennsylvania","/wiki/United_States_Army_War_College","/wiki/North_Middleton_Township,_Cumberland_County,_Pennsylvania","/w/index.php?title=List_of_colleges_and_universities_in_Pennsylvania&action=edit&section=10","/wiki/Yeshivath_Beth_Moshe","/wiki/Scranton","/wiki/Orthodox_Judaism","/wiki/Biblical_Theological_Seminary","/wiki/Hatfield,_Pennsylvania","/wiki/Byzantine_Catholic_Seminary_of_SS._Cyril_and_Methodius","/wiki/Pittsburgh","/wiki/Byzantine_Catholic_Metropolitan_Church_of_Pittsburgh","/wiki/Calvary_Baptist_Theological_Seminary","/wiki/Upper_Gwynedd_Township,_Montgomery_County,_Pennsylvania","/wiki/Baptist","/wiki/Christ_the_Saviour_Seminary","/wiki/Johnstown,_Pennsylvania","/wiki/American_Carpatho-Russian_Orthodox_Diocese","/wiki/Evangelical_Seminary","/wiki/Myerstown,_Pennsylvania","/wiki/Evangelical_Congregational_Church","/wiki/Lancaster_Theological_Seminary","/wiki/Lancaster,_Pennsylvania","/wiki/United_Church_of_Christ","/wiki/Lutheran_Theological_Seminary_at_Gettysburg","/wiki/Gettysburg,_Pennsylvania","/wiki/Evangelical_Lutheran_Church_in_America","/wiki/Lutheran_Theological_Seminary_at_Philadelphia","/wiki/Philadelphia","/wiki/Evangelical_Lutheran_Church_in_America","/wiki/Palmer_Theological_Seminary","/wiki/Lower_Merion_Township,_Montgomery_County,_Pennsylvania","/wiki/American_Baptist_Churches","/wiki/Pittsburgh_Theological_Seminary","/wiki/Pittsburgh","/wiki/Presbyterian_Church_of_the_USA","/wiki/Theological_Seminary_of_the_Reformed_Episcopal_Church","/wiki/Whitpain_Township,_Montgomery_County,_Pennsylvania","/wiki/Reformed_Episcopal_Church","/wiki/Reformed_Presbyterian_Theological_Seminary","/wiki/Pittsburgh","/wiki/Reformed_Presbyterian_Church_of_North_America","/wiki/Reconstructionist_Rabbinical_College","/wiki/Cheltenham_Township,_Montgomery_County,_Pennsylvania","/wiki/Reconstructionist_Judaism","/wiki/St._Charles_Borromeo_Seminary","/wiki/Radnor_Township,_Delaware_County,_Pennsylvania","/wiki/Roman_Catholic_Church","/wiki/Saint_Tikhon%27s_Orthodox_Theological_Seminary","/wiki/South_Canaan_Township,_Wayne_County,_Pennsylvania","/wiki/Orthodox_Church_in_America","/wiki/Trinity_School_for_Ministry","/wiki/Ambridge,_Pennsylvania","/wiki/Episcopal_Church_of_the_United_States_of_America","/wiki/Westminster_Theological_Seminary","/wiki/Cheltenham_Township,_Montgomery_County,_Pennsylvania","/wiki/Presbyterianism","/wiki/Won_Institute_of_Graduate_Studies","/wiki/Cheltenham_Township,_Montgomery_County,_Pennsylvania","/wiki/Won_Buddhism","/w/index.php?title=List_of_colleges_and_universities_in_Pennsylvania&action=edit&section=11","/wiki/Community_colleges","/w/index.php?title=List_of_colleges_and_universities_in_Pennsylvania&action=edit&section=12","/wiki/Community_College_of_Allegheny_County","/wiki/Pittsburgh,_Pennsylvania","/wiki/Monroeville,_Pennsylvania","/wiki/McCandless,_Pennsylvania","/wiki/West_Mifflin,_Pennsylvania","/wiki/Allegheny_County,_Pennsylvania","/wiki/Community_College_of_Beaver_County","/wiki/Center_Township,_Beaver_County,_Pennsylvania","/wiki/Beaver_County,_Pennsylvania","/wiki/Bucks_County_Community_College","/wiki/Newtown_Township,_Bucks_County,_Pennsylvania","/wiki/Bristol_Township,_Bucks_County,_Pennsylvania","/wiki/East_Rockhill_Township,_Bucks_County,_Pennsylvania","/wiki/Bucks_County,_Pennsylvania","/wiki/Butler_County_Community_College_(Pennsylvania)","/wiki/Butler_Township,_Butler_County,_Pennsylvania","/wiki/Butler_County,_Pennsylvania","/wiki/Lawrence_County,_Pennsylvania","/wiki/Mercer_County,_Pennsylvania","/wiki/Delaware_County_Community_College","/wiki/Marple_Township,_Delaware_County,_Pennsylvania","/wiki/East_Brandywine_Township,_Chester_County,_Pennsylvania","/wiki/Delaware_County,_Pennsylvania","/wiki/Chester_County,_Pennsylvania","/wiki/HACC,_Central_Pennsylvania%27s_Community_College","/wiki/Harrisburg,_Pennsylvania","/wiki/East_Lampeter_Township,_Lancaster_County,_Pennsylvania","/wiki/Manchester_Township,_York_County,_Pennsylvania","/wiki/Cumberland_Township,_Adams_County,_Pennsylvania","/wiki/Lebanon,_Pennsylvania","/wiki/Dauphin_County,_Pennsylvania","/wiki/Lancaster_County,_Pennsylvania","/wiki/York_County,_Pennsylvania","/wiki/Adams_County,_Pennsylvania","/wiki/Lebanon_County,_Pennsylvania","/wiki/Lehigh_Carbon_Community_College","/wiki/North_Whitehall_Township,_Lehigh_County,_Pennsylvania","/wiki/Lehigh_County,_Pennsylvania","/wiki/Luzerne_County_Community_College","/wiki/Nanticoke,_Pennsylvania","/wiki/Luzerne_County,_Pennsylvania","/wiki/Montgomery_County_Community_College","/wiki/Whitpain_Township,_Montgomery_County,_Pennsylvania","/wiki/Pottstown,_Pennsylvania","/wiki/Montgomery_County,_Pennsylvania","/wiki/Northampton_Community_College","/wiki/Bethlehem_Township,_Northampton_County,_Pennsylvania","/wiki/Pocono_Township,_Monroe_County,_Pennsylvania","/wiki/Northampton_County,_Pennsylvania","/wiki/Monroe_County,_Pennsylvania","/wiki/Pennsylvania_Highlands_Community_College","/wiki/Richland_Township,_Cambria_County,_Pennsylvania","/wiki/Cambria_County,_Pennsylvania","/wiki/Community_College_of_Philadelphia","/wiki/Philadelphia","/wiki/Philadelphia_County,_Pennsylvania","/wiki/Reading_Area_Community_College","/wiki/Reading,_Pennsylvania","/wiki/Berks_County,_Pennsylvania","/wiki/Thaddeus_Stevens_College_of_Technology","/wiki/Lancaster,_Pennsylvania","/wiki/Lancaster_County,_Pennsylvania","/wiki/Westmoreland_County_Community_College","/wiki/Hempfield_Township,_Westmoreland_County,_Pennsylvania","/wiki/Westmoreland_County,_Pennsylvania","/wiki/Pennsylvania_State_System_of_Higher_Education","/w/index.php?title=List_of_colleges_and_universities_in_Pennsylvania&action=edit&section=13","/wiki/Bloomsburg_University_of_Pennsylvania","/wiki/Bloomsburg,_Pennsylvania","/wiki/Columbia_County,_Pennsylvania","/wiki/California_University_of_Pennsylvania","/wiki/California,_Pennsylvania","/wiki/Washington_County,_Pennsylvania","/wiki/Cheyney_University_of_Pennsylvania","/wiki/Thornbury_Township,_Chester_County,_Pennsylvania","/wiki/Chester_County,_Pennsylvania","/wiki/Clarion_University_of_Pennsylvania","/wiki/Clarion,_Pennsylvania","/wiki/Clarion_County,_Pennsylvania","/wiki/East_Stroudsburg_University_of_Pennsylvania","/wiki/East_Stroudsburg,_Pennsylvania","/wiki/Monroe_County,_Pennsylvania","/wiki/Edinboro_University_of_Pennsylvania","/wiki/Edinboro,_Pennsylvania","/wiki/Erie_County,_Pennsylvania","/wiki/Indiana_University_of_Pennsylvania","/wiki/Indiana,_Pennsylvania","/wiki/Indiana_County,_Pennsylvania","/wiki/Kutztown_University_of_Pennsylvania","/wiki/Maxatawny_Township,_Berks_County,_Pennsylvania","/wiki/Berks_County,_Pennsylvania","/wiki/Lock_Haven_University_of_Pennsylvania","/wiki/Lock_Haven,_Pennsylvania","/wiki/Clinton_County,_Pennsylvania","/wiki/Mansfield_University_of_Pennsylvania","/wiki/Mansfield,_Pennsylvania","/wiki/Tioga_County,_Pennsylvania","/wiki/Millersville_University_of_Pennsylvania","/wiki/Millersville,_Pennsylvania","/wiki/Lancaster_County,_Pennsylvania","/wiki/Shippensburg_University_of_Pennsylvania","/wiki/Shippensburg_Township,_Cumberland_County,_Pennsylvania","/wiki/Cumberland_County,_Pennsylvania","/wiki/Slippery_Rock_University_of_Pennsylvania","/wiki/Slippery_Rock,_Pennsylvania","/wiki/Butler_County,_Pennsylvania","/wiki/West_Chester_University_of_Pennsylvania","/wiki/West_Chester,_Pennsylvania","/wiki/Chester_County,_Pennsylvania","/wiki/Commonwealth_System_of_Higher_Education","/w/index.php?title=List_of_colleges_and_universities_in_Pennsylvania&action=edit&section=14","/w/index.php?title=List_of_colleges_and_universities_in_Pennsylvania&action=edit&section=15","/wiki/File:OldMainUniversityPark.jpg","//upload.wikimedia.org/wikipedia/commons/thumb/0/06/OldMainUniversityPark.jpg/250px-OldMainUniversityPark.jpg","/wiki/File:OldMainUniversityPark.jpg","//bits.wikimedia.org/static-1.22wmf9/skins/common/images/magnify-clip.png","/wiki/Pennsylvania_State_University","/wiki/State_College,_Pennsylvania","/wiki/File:Cathedral_of_Learning_stitch_1.jpg","//upload.wikimedia.org/wikipedia/commons/thumb/6/6b/Cathedral_of_Learning_stitch_1.jpg/250px-Cathedral_of_Learning_stitch_1.jpg","/wiki/File:Cathedral_of_Learning_stitch_1.jpg","//bits.wikimedia.org/static-1.22wmf9/skins/common/images/magnify-clip.png","/wiki/University_of_Pittsburgh","/wiki/Lincoln_University_(Pennsylvania)","/wiki/Philadelphia","/wiki/The_Pennsylvania_State_University","/wiki/State_College,_Pennsylvania","/wiki/University_of_Pittsburgh","/wiki/Pittsburgh","/wiki/Temple_University","/wiki/Philadelphia","/w/index.php?title=List_of_colleges_and_universities_in_Pennsylvania&action=edit&section=16","/wiki/Penn_State_Abington","/wiki/Abington_Township,_Montgomery_County,_Pennsylvania","/wiki/Penn_State_Altoona","/wiki/Altoona,_Pennsylvania","/wiki/Penn_State_Beaver","/wiki/Center_Township,_Beaver_County,_Pennsylvania","/wiki/Penn_State_Berks","/wiki/Spring_Township,_Berks_County,_Pennsylvania","/wiki/Penn_State_Brandywine","/wiki/Middletown_Township,_Delaware_County,_Pennsylvania","/wiki/Penn_State_College_of_Medicine","/wiki/Derry_Township,_Dauphin_County,_Pennsylvania","/wiki/Penn_State_Dickinson_School_of_Law","/wiki/Carlisle,_Pennsylvania","/wiki/Penn_State_DuBois","/wiki/Dubois,_Pennsylvania","/wiki/Penn_State_Erie,_The_Behrend_College","/wiki/Erie,_Pennsylvania","/wiki/Penn_State_Fayette,_The_Eberly_Campus","/wiki/North_Union_Township,_Fayette_County,_Pennsylvania","/wiki/Penn_State_Great_Valley_School_of_Graduate_Professional_Studies","/wiki/East_Whiteland_Township,_Chester_County,_Pennsylvania","/wiki/Penn_State_Greater_Allegheny","/wiki/White_Oak,_Pennsylvania","/wiki/Penn_State_Harrisburg","/wiki/Lower_Swatara_Township,_Dauphin_County,_Pennsylvania","/wiki/Penn_State_Hazleton","/wiki/Sugarloaf_Township,_Luzerne_County,_Pennsylvania","/wiki/Penn_State_Lehigh_Valley","/wiki/Upper_Saucon_Township,_Lehigh_County,_Pennsylvania","/wiki/Penn_State_Mont_Alto","/wiki/Quincy_Township,_Franklin_County,_Pennsylvania","/wiki/Penn_State_New_Kensington","/wiki/Upper_Burrell_Township,_Westmoreland_County,_Pennsylvania","/wiki/Penn_State_Schuylkill","/wiki/North_Manheim_Township,_Schuylkill_County,_Pennsylvania","/wiki/Penn_State_Shenango","/wiki/Sharon,_Pennsylvania","/wiki/Penn_State_Wilkes-Barre","/wiki/Lehman_Township,_Luzerne_County,_Pennsylvania","/wiki/Penn_State_Worthington_Scranton","/wiki/Dunmore,_Pennsylvania","/wiki/Penn_State_York","/wiki/Spring_Garden_Township,_York_County,_Pennsylvania","/wiki/Pennsylvania_College_of_Technology","/wiki/Williamsport,_Pennsylvania","/wiki/University_of_Pittsburgh_at_Bradford","/wiki/Bradford_Township,_McKean_County,_Pennsylvania","/wiki/University_of_Pittsburgh_at_Greensburg","/wiki/Hempfield_Township,_Westmoreland_County,_Pennsylvania","/wiki/University_of_Pittsburgh_at_Johnstown","/wiki/Richland_Township,_Cambria_County,_Pennsylvania","/wiki/University_of_Pittsburgh_at_Titusville","/wiki/Titusville,_Pennsylvania","/wiki/Temple_University_Ambler","/wiki/Upper_Dublin_Township,_Montgomery_County,_Pennsylvania","/w/index.php?title=List_of_colleges_and_universities_in_Pennsylvania&action=edit&section=17","/wiki/Allegheny_University_of_the_Health_Sciences","/wiki/Drexel_University_College_of_Medicine","/wiki/Alliance_College","/wiki/Cambridge_Springs,_Pennsylvania","/wiki/Combs_College_of_Music","/wiki/Philadelphia","/wiki/Crozer_Theological_Seminary","/wiki/Baptist","/wiki/Upland,_Pennsylvania","/wiki/Dropsie_College","/wiki/Jewish_studies","/wiki/University_of_Pennsylvania","/wiki/Center_for_Advanced_Judaic_Studies","/wiki/Hahnemann_Medical_College","/wiki/Derry_Township,_Dauphin_County,_Pennsylvania","/wiki/Roman_Catholic","/wiki/Lehigh_Township,_Northampton_County,_Pennsylvania","/wiki/Churches_of_Christ","/wiki/Lower_Merion_Township,_Pennsylvania","/wiki/Medical_College_of_Pennsylvania","/wiki/Chambersburg,_Pennsylvania","/wiki/Pennsylvania_College_of_Podiatric_Medicine","/wiki/Temple_University","/wiki/Temple_University_School_of_Podiatric_Medicine","/wiki/Coopersburg,_Pennsylvania","/wiki/Summit_Township,_Butler_County,_Pennsylvania","/wiki/Spring_Garden_College","/wiki/Philadelphia","/wiki/Wesleyan_Church","/wiki/Allentown,_Pennsylvania","/wiki/Erie","/wiki/Gannon_University","/w/index.php?title=List_of_colleges_and_universities_in_Pennsylvania&action=edit&section=18","/wiki/File:Flag_of_Pennsylvania.svg","//upload.wikimedia.org/wikipedia/commons/thumb/f/f7/Flag_of_Pennsylvania.svg/32px-Flag_of_Pennsylvania.svg.png","/wiki/Portal:Pennsylvania","/wiki/File:Portal-puzzle.svg","//upload.wikimedia.org/wikipedia/en/thumb/f/fd/Portal-puzzle.svg/32px-Portal-puzzle.svg.png","/wiki/Portal:Universities","/wiki/List_of_colleges_and_universities_in_Philadelphia","/wiki/List_of_colleges_and_universities_in_Pittsburgh","/wiki/Higher_education_in_the_United_States","/wiki/List_of_American_institutions_of_higher_education","/wiki/List_of_recognized_higher_education_accreditation_organizations","/wiki/List_of_colleges_and_universities","/wiki/List_of_colleges_and_universities_by_country","/w/index.php?title=List_of_colleges_and_universities_in_Pennsylvania&action=edit&section=19","http://nces.ed.gov/collegenavigator/?s=PA","/wiki/Template:Private_Colleges_and_Universities_in_Pennsylvania","/wiki/Template_talk:Private_Colleges_and_Universities_in_Pennsylvania","//en.wikipedia.org/w/index.php?title=Template:Private_Colleges_and_Universities_in_Pennsylvania&action=edit","/wiki/Private_university","/wiki/Pennsylvania","/wiki/Albright_College","/wiki/Allegheny_College","/wiki/Bryn_Mawr_College","/wiki/Cedar_Crest_College","/wiki/Chatham_University","/wiki/Dickinson_College","/wiki/Elizabethtown_College","/wiki/Franklin_%26_Marshall_College","/wiki/Geneva_College","/wiki/Gettysburg_College","/wiki/Grove_City_College","/wiki/Haverford_College","/wiki/Juniata_College","/wiki/King%27s_College_(Pennsylvania)","/wiki/Lafayette_College","/wiki/Lebanon_Valley_College","/wiki/Lycoming_College","/wiki/Marywood_University","/wiki/Mercyhurst_University","/wiki/Messiah_College","/wiki/Moravian_College","/wiki/Muhlenberg_College","/wiki/Saint_Vincent_College","/wiki/Susquehanna_University","/wiki/Swarthmore_College","/wiki/Ursinus_College","/wiki/Washington_%26_Jefferson_College","/wiki/Waynesburg_University","/wiki/Westminster_College_(Pennsylvania)","/wiki/Wilson_College_(Pennsylvania)","/wiki/York_College_of_Pennsylvania","/wiki/Alvernia_University","/wiki/The_American_College_(Bryn_Mawr,_PA)","/wiki/Arcadia_University","/wiki/Art_Institute_of_Philadelphia","/wiki/Baptist_Bible_College_%26_Seminary","/wiki/Bucknell_University","/wiki/Bryn_Athyn_College","/wiki/Cabrini_College","/wiki/Carlow_University","/wiki/Carnegie_Mellon_University","/wiki/Central_Penn_College","/wiki/Chestnut_Hill_College","/wiki/Curtis_Institute_of_Music","/wiki/Delaware_Valley_College","/wiki/DeSales_University","/wiki/Drexel_University","/wiki/Duquesne_University","/wiki/Eastern_University_(United_States)","/wiki/Gannon_University","/wiki/Gratz_College","/wiki/Gwynedd%E2%80%93Mercy_College","/wiki/Harcum_College","/wiki/Harrisburg_University_of_Science_and_Technology","/wiki/Holy_Family_University,_Pennsylvania","/wiki/Hussian_School_of_Art","/wiki/Immaculata_University","/wiki/Keystone_College","/wiki/La_Roche_College","/wiki/La_Salle_University","/wiki/Lackawanna_College","/wiki/Lancaster_Bible_College","/wiki/Lehigh_University","/wiki/Manor_College","/wiki/Marywood_University","/wiki/Misericordia_University","/wiki/Moore_College_of_Art_and_Design","/wiki/Mount_Aloysius_College","/wiki/Neumann_University","/wiki/Peirce_College","/wiki/Pennsylvania_College_of_Art_and_Design","/wiki/Philadelphia_Biblical_University","/wiki/Philadelphia_University","/wiki/Point_Park_University","/wiki/Robert_Morris_University","/wiki/Rosemont_College","/wiki/St._Charles_Borromeo_Seminary","/wiki/Saint_Francis_University","/wiki/Saint_Joseph%27s_University","/wiki/Salus_University","/wiki/Seton_Hill_University","/wiki/Thiel_College","/wiki/Thomas_Jefferson_University","/wiki/University_of_Pennsylvania","/wiki/University_of_Scranton","/wiki/University_of_the_Arts_(Philadelphia)","/wiki/University_of_the_Sciences","/wiki/Valley_Forge_Christian_College","/wiki/Villanova_University","/wiki/Widener_University","/wiki/Wilkes_University","/wiki/Template:Public_universities_in_Pennsylvania","/wiki/Template_talk:Public_universities_in_Pennsylvania","//en.wikipedia.org/w/index.php?title=Template:Public_universities_in_Pennsylvania&action=edit","/wiki/Public_university","/wiki/Pennsylvania","/wiki/Pennsylvania_State_System_of_Higher_Education","/wiki/Bloomsburg_University_of_Pennsylvania","/wiki/California_University_of_Pennsylvania","/wiki/Cheyney_University_of_Pennsylvania","/wiki/Clarion_University_of_Pennsylvania","/wiki/East_Stroudsburg_University_of_Pennsylvania","/wiki/Edinboro_University_of_Pennsylvania","/wiki/Indiana_University_of_Pennsylvania","/wiki/Kutztown_University_of_Pennsylvania","/wiki/Lock_Haven_University_of_Pennsylvania","/wiki/Mansfield_University_of_Pennsylvania","/wiki/Millersville_University_of_Pennsylvania","/wiki/Shippensburg_University_of_Pennsylvania","/wiki/Slippery_Rock_University_of_Pennsylvania","/wiki/West_Chester_University_of_Pennsylvania","/wiki/Commonwealth_System_of_Higher_Education","/wiki/Lincoln_University_(Pennsylvania)","/wiki/Pennsylvania_State_University","/wiki/University_of_Pittsburgh","/wiki/Temple_University","/wiki/Community_college","/wiki/Community_College_of_Allegheny_County","/wiki/Community_College_of_Beaver_County","/wiki/Bucks_County_Community_College","/wiki/Butler_County_Community_College_(Pennsylvania)","/wiki/Delaware_County_Community_College","/wiki/Harrisburg_Area_Community_College","/wiki/Lehigh_Carbon_Community_College","/wiki/Luzerne_County_Community_College","/wiki/Montgomery_County_Community_College","/wiki/Northampton_Community_College","/wiki/Pennsylvania_Highlands_Community_College","/wiki/Community_College_of_Philadelphia","/wiki/Pittsburgh_Institute_of_Mortuary_Science","/wiki/Reading_Area_Community_College","/wiki/Thaddeus_Stevens_College_of_Technology","/wiki/Westmoreland_County_Community_College","/wiki/Template:Lists_of_colleges_and_universities_in_the_United_States","/wiki/Template_talk:Lists_of_colleges_and_universities_in_the_United_States","//en.wikipedia.org/w/index.php?title=Template:Lists_of_colleges_and_universities_in_the_United_States&action=edit","/wiki/List_of_American_institutions_of_higher_education","/wiki/U.S._state","/wiki/List_of_colleges_and_universities_in_Alabama","/wiki/List_of_colleges_and_universities_in_Alaska","/wiki/List_of_colleges_and_universities_in_Arizona","/wiki/List_of_colleges_and_universities_in_Arkansas","/wiki/List_of_colleges_and_universities_in_California","/wiki/List_of_colleges_and_universities_in_Colorado","/wiki/List_of_colleges_and_universities_in_Connecticut","/wiki/List_of_colleges_and_universities_in_Delaware","/wiki/List_of_colleges_and_universities_in_Florida","/wiki/List_of_colleges_and_universities_in_Georgia_(U.S._state)","/wiki/List_of_colleges_and_universities_in_Hawaii","/wiki/List_of_colleges_and_universities_in_Idaho","/wiki/List_of_colleges_and_universities_in_Illinois","/wiki/List_of_colleges_and_universities_in_Indiana","/wiki/List_of_colleges_and_universities_in_Iowa","/wiki/List_of_colleges_and_universities_in_Kansas","/wiki/List_of_colleges_and_universities_in_Kentucky","/wiki/List_of_colleges_and_universities_in_Louisiana","/wiki/List_of_colleges_and_universities_in_Maine","/wiki/List_of_colleges_and_universities_in_Maryland","/wiki/List_of_colleges_and_universities_in_Massachusetts","/wiki/List_of_colleges_and_universities_in_Michigan","/wiki/List_of_colleges_and_universities_in_Minnesota","/wiki/List_of_colleges_and_universities_in_Mississippi","/wiki/List_of_colleges_and_universities_in_Missouri","/wiki/List_of_colleges_and_universities_in_Montana","/wiki/List_of_colleges_and_universities_in_Nebraska","/wiki/List_of_colleges_and_universities_in_Nevada","/wiki/List_of_colleges_and_universities_in_New_Hampshire","/wiki/List_of_colleges_and_universities_in_New_Jersey","/wiki/List_of_colleges_and_universities_in_New_Mexico","/wiki/List_of_colleges_and_universities_in_New_York","/wiki/List_of_colleges_and_universities_in_North_Carolina","/wiki/List_of_colleges_and_universities_in_North_Dakota","/wiki/List_of_colleges_and_universities_in_Ohio","/wiki/List_of_colleges_and_universities_in_Oklahoma","/wiki/List_of_colleges_and_universities_in_Oregon","/wiki/List_of_colleges_and_universities_in_Rhode_Island","/wiki/List_of_colleges_and_universities_in_South_Carolina","/wiki/List_of_colleges_and_universities_in_South_Dakota","/wiki/List_of_colleges_and_universities_in_Tennessee","/wiki/List_of_colleges_and_universities_in_Texas","/wiki/List_of_colleges_and_universities_in_Utah","/wiki/List_of_colleges_and_universities_in_Vermont","/wiki/List_of_colleges_and_universities_in_Virginia","/wiki/List_of_colleges_and_universities_in_Washington","/wiki/List_of_colleges_and_universities_in_West_Virginia","/wiki/List_of_colleges_and_universities_in_Wisconsin","/wiki/List_of_colleges_and_universities_in_Wyoming","/wiki/Federal_district","/wiki/List_of_colleges_and_universities_in_Washington,_D.C.","/wiki/Insular_area","/wiki/List_of_colleges_and_universities_in_American_Samoa","/wiki/List_of_colleges_and_universities_in_Guam","/wiki/List_of_colleges_and_universities_in_the_Northern_Mariana_Islands","/wiki/List_of_colleges_and_universities_in_Puerto_Rico","/wiki/List_of_colleges_and_universities_in_the_United_States_Virgin_Islands","//en.wikipedia.org/w/index.php?title=Special:CentralAutoLogin/start&type=1x1&from=enwiki","http://en.wikipedia.org/w/index.php?title=List_of_colleges_and_universities_in_Pennsylvania&oldid=557894021","/wiki/Help:Categories","/wiki/Category:Universities_and_colleges_in_Pennsylvania","/wiki/Category:Lists_of_universities_and_colleges_by_U.S._state","/wiki/Category:Pennsylvania-related_lists","/w/index.php?title=Special:UserLogin&returnto=List+of+colleges+and+universities+in+Pennsylvania&type=signup","/w/index.php?title=Special:UserLogin&returnto=List+of+colleges+and+universities+in+Pennsylvania","/wiki/List_of_colleges_and_universities_in_Pennsylvania","/wiki/Talk:List_of_colleges_and_universities_in_Pennsylvania","#","/wiki/List_of_colleges_and_universities_in_Pennsylvania","/w/index.php?title=List_of_colleges_and_universities_in_Pennsylvania&action=edit","/w/index.php?title=List_of_colleges_and_universities_in_Pennsylvania&action=history","#","/w/index.php","//bits.wikimedia.org/static-1.22wmf11/skins/vector/images/search-ltr.png?303-4","/wiki/Main_Page","/wiki/Main_Page","/wiki/Portal:Contents","/wiki/Portal:Featured_content","/wiki/Portal:Current_events","/wiki/Special:Random","//donate.wikimedia.org/wiki/Special:FundraiserRedirector?utm_source=donate&utm_medium=sidebar&utm_campaign=C13_en.wikipedia.org&uselang=en","/wiki/Help:Contents","/wiki/Wikipedia:About","/wiki/Wikipedia:Community_portal","/wiki/Special:RecentChanges","//en.wikipedia.org/wiki/Wikipedia:Contact_us","/wiki/Special:WhatLinksHere/List_of_colleges_and_universities_in_Pennsylvania","/wiki/Special:RecentChangesLinked/List_of_colleges_and_universities_in_Pennsylvania","/wiki/Wikipedia:File_Upload_Wizard","/wiki/Special:SpecialPages","/w/index.php?title=List_of_colleges_and_universities_in_Pennsylvania&oldid=557894021","/w/index.php?title=List_of_colleges_and_universities_in_Pennsylvania&action=info","//www.wikidata.org/wiki/Q1853363","/w/index.php?title=Special:Cite&page=List_of_colleges_and_universities_in_Pennsylvania&id=557894021","/w/index.php?title=Special:Book&bookcmd=book_creator&referer=List+of+colleges+and+universities+in+Pennsylvania","/w/index.php?title=Special:Book&bookcmd=render_article&arttitle=List+of+colleges+and+universities+in+Pennsylvania&oldid=557894021&writer=rl","/w/index.php?title=List_of_colleges_and_universities_in_Pennsylvania&printable=yes","//de.wikipedia.org/wiki/Liste_der_Universit%C3%A4ten_in_Pennsylvania","//fa.wikipedia.org/wiki/%D9%81%D9%87%D8%B1%D8%B3%D8%AA_%D8%AF%D8%A7%D9%86%D8%B4%DA%AF%D8%A7%D9%87%E2%80%8C%D9%87%D8%A7%DB%8C_%D9%BE%D9%86%D8%B3%DB%8C%D9%84%D9%88%D8%A7%D9%86%DB%8C%D8%A7","#","//www.wikidata.org/wiki/Q1853363#sitelinks-wikipedia","//en.wikipedia.org/wiki/Wikipedia:Text_of_Creative_Commons_Attribution-ShareAlike_3.0_Unported_License","//creativecommons.org/licenses/by-sa/3.0/","//wikimediafoundation.org/wiki/Terms_of_Use","//wikimediafoundation.org/wiki/Privacy_policy","//www.wikimediafoundation.org/","//wikimediafoundation.org/wiki/Privacy_policy","/wiki/Wikipedia:About","/wiki/Wikipedia:General_disclaimer","//en.wikipedia.org/wiki/Wikipedia:Contact_us","//en.m.wikipedia.org/wiki/List_of_colleges_and_universities_in_Pennsylvania","//wikimediafoundation.org/","//bits.wikimedia.org/images/wikimedia-button.png","//www.mediawiki.org/","//bits.wikimedia.org/static-1.22wmf11/skins/common/images/poweredby_mediawiki_88x31.png","//bits.wikimedia.org/en.wikipedia.org/load.php?debug=false&lang=en&modules=site&only=scripts&skin=vector&*"],"instances":["pennsylvania_","pennsylvania_","pennsylvania","philadelphia_","pennsylvania","united_states_","pennsylvania_"],"pdf":[],"categories":["Universities and colleges in Pennsylvania|*","Lists of universities and colleges by U.S. state|Pennsylvania","Pennsylvania-related lists|Universities and colleges"],"headings":["Private, for-profit institutions","Private, not-for-profit institutions","Public institutions","Defunct institutions","See also","External links"],"image":["//upload.wikimedia.org/wikipedia/commons/thumb/1/18/Moravian_College_Bethlehem_2924px.jpg/350px-Moravian_College_Bethlehem_2924px.jpg","//bits.wikimedia.org/static-1.22wmf9/skins/common/images/magnify-clip.png","//upload.wikimedia.org/wikipedia/commons/thumb/e/e2/School_of_design.jpg/350px-School_of_design.jpg","//bits.wikimedia.org/static-1.22wmf9/skins/common/images/magnify-clip.png","//upload.wikimedia.org/wikipedia/commons/thumb/e/e7/UQG.jpg/350px-UQG.jpg","//bits.wikimedia.org/static-1.22wmf9/skins/common/images/magnify-clip.png","//upload.wikimedia.org/wikipedia/commons/thumb/a/a7/Lehigh_University_Packard_Lab.jpg/275px-Lehigh_University_Packard_Lab.jpg","//bits.wikimedia.org/static-1.22wmf9/skins/common/images/magnify-clip.png","//upload.wikimedia.org/wikipedia/commons/thumb/0/06/OldMainUniversityPark.jpg/250px-OldMainUniversityPark.jpg","//bits.wikimedia.org/static-1.22wmf9/skins/common/images/magnify-clip.png","//upload.wikimedia.org/wikipedia/commons/thumb/6/6b/Cathedral_of_Learning_stitch_1.jpg/250px-Cathedral_of_Learning_stitch_1.jpg","//bits.wikimedia.org/static-1.22wmf9/skins/common/images/magnify-clip.png","//upload.wikimedia.org/wikipedia/commons/thumb/f/f7/Flag_of_Pennsylvania.svg/32px-Flag_of_Pennsylvania.svg.png","//upload.wikimedia.org/wikipedia/en/thumb/f/fd/Portal-puzzle.svg/32px-Portal-puzzle.svg.png","//en.wikipedia.org/w/index.php?title=Special:CentralAutoLogin/start&type=1x1&from=enwiki","//bits.wikimedia.org/static-1.22wmf11/skins/vector/images/search-ltr.png?303-4","//bits.wikimedia.org/images/wikimedia-button.png","//bits.wikimedia.org/static-1.22wmf11/skins/common/images/poweredby_mediawiki_88x31.png"],"tags":[["the_american_college","pennsylvania_"],["king's_college","pennsylvania"],["westminster_college","pennsylvania_"],["wilson_college","pennsylvania_"],["university_of_the_arts","philadelphia_"],["eastern_university","united_states_"],["butler_county_community_college","pennsylvania"]],"members":["wilson_college","westminster_college","butler_county_community_college","university_of_the_arts","eastern_university","the_american_college"],"related":["U.S._state","Pennsylvania","Harcum_College","Lower_Merion_Township,_Montgomery_County,_Pennsylvania","Hussian_School_of_Art","Philadelphia","Johnson_College","Scranton","Lackawanna_College","Scranton","Manor_College","Abington_Township,_Montgomery_County,_Pennsylvania","Roman_Catholic_Church","Mercyhurst_North_East","North_East_Township,_Erie_County,_Pennsylvania","Roman_Catholic_Church","Pennsylvania_Institute_of_Technology","Upper_Providence_Township,_Delaware_County,_Pennsylvania","Pittsburgh_Institute_of_Aeronautics","West_Mifflin,_Pennsylvania","Pittsburgh_Institute_of_Mortuary_Science","Pittsburgh","Valley_Forge_Military_Academy_and_College","Radnor_Township,_Delaware_County,_Pennsylvania","Baptist_Bible_College_&_Seminary","South_Abington_Township,_Lackawanna_County,_Pennsylvania","Independent_Baptist","Gratz_College","Cheltenham_Township,_Montgomery_County,_Pennsylvania","Judaism","Lancaster_Bible_College","Manheim_Township,_Lancaster_County,_Pennsylvania","Cairn_University","Philadelphia_Biblical_University","Langhorne_Manor,_Pennsylvania","Talmudical_Yeshiva_of_Philadelphia","Philadelphia","Haredi_Judaism","Valley_Forge_Christian_College","Schuylkill_Township,_Chester_County,_Pennsylvania","Assemblies_of_God_USA","Bethlehem,_Pennsylvania","Albright_College","Reading,_Pennsylvania","United_Methodist_Church","Allegheny_College","Meadville,_Pennsylvania","The_American_College_(Pennsylvania)_","Haverford_Township,_Delaware_County,_Pennsylvania","Bryn_Athyn_College","Bryn_Athyn,__Pennsylvania","The_New_Church","Bucknell_University","East_Buffalo_Township,_Union_County,_Pennsylvania","Cabrini_College","Radnor_Township,_Delaware_County,_Pennsylvania","Roman_Catholic_Church","Cairn_University","Langhorne_Manor,_Pennsylvania","Nondenominational_Christian","Cedar_Crest_College","Allentown,_Pennsylvania","Chatham_University","Pittsburgh","Delaware_Valley_College","Doylestown_Township,_Bucks_County,_Pennsylvania","DeSales_University","Upper_Saucon_Township,_Lehigh_County,_Pennsylvania","Dickinson_College","Carlisle,_Pennsylvania","Elizabethtown_College","Elizabethtown,_Pennsylvania","Church_of_the_Brethren","Franklin_&_Marshall_College","Lancaster,_Pennsylvania","Geneva_College","Beaver_Falls,_Pennsylvania","Reformed_Presbyterian_Church_of_North_America","Gettysburg_College","Gettysburg,_Pennsylvania","Evangelical_Lutheran_Church_in_America","Grove_City_College","Grove_City,_Pennsylvania","Presbyterian_Church_of_the_USA","Gwynedd-Mercy_College","Lower_Gwynedd_Township,_Montgomery__County,_Pennsylvania","Harrisburg_University_of_Science_and_Technology","Dauphin_County,_Pennsylvania","Haverford__College","Haverford_Township,_Delaware_County,_Pennsylvania","Juniata__College","Huntingdon,_Pennsylvania","Keystone_College","La_Plume_Township,_Lackawanna_County,_Pennsylvania","King's_College_(Pennsylvania)","Wilkes-Barre,_Pennsylvania","La_Roche_College","McCandless_Township,_Allegheny_County,_Pennsylvania","Lafayette_College","Easton,_Pennsylvania","Lebanon_Valley_College","Annville,_Pennsylvania","Lycoming_College","Williamsport,_Pennsylvania","Mercyhurst_University","Erie_Pennsylvania","Messiah_College","Upper_Allen_Township,_Cumberland_County,_Pennsylvania","Moravian_College","Bethlehem,_Pennsylvania","Moravian_Church_in_America","Mount_Aloysius_College","Cresson_Township,_Cambria_County,_Pennsylvania","Muhlenberg_College","Allentown,_Pennsylvania","Peirce_College","Philadelphia","Point_Park_University","Pittsburgh","Rosemont_College","Lower_Merion_Township,_Montgomery_County,_Pennsylvania","Saint_Vincent_College","Unity_Township,_Westmoreland_County,_Pennsylvania","Seton_Hill_University","Greensburg,_Pennsylvania","Susquehanna_University","Selinsgrove,_Pennsylvania","Swarthmore_College","Swarthmore,_Pennsylvania","Thiel_College","Greenville,_Pennsylvania","Ursinus_College","Collegeville,_Pennsylvania","Washington_&_Jefferson_College","Washington,_Pennsylvania","Westminster_College_(Pennsylvania)_","New_Wilmington,_Pennsylvania","Wilson_College_(Pennsylvania)_","Chambersburg,_Pennsylvania","York_College_of_Pennsylvania","Spring_Garden_Township,_York_County,_Pennsylvania","University_of_the_Arts_(Philadelphia)_","Philadelphia","Curtis_Institute_of_Music","Philadelphia","Lancaster_General_College_of_Nursing_and_Health_Sciences","Lancaster,_Pennsylvania","Moore_College_of_Art_and_Design","Philadelphia","Pennsylvania_Academy_of_Fine_Arts","Philadelphia","Pennsylvania_College_of_Art_and_Design","Lancaster,_Pennsylvania","Pittsburgh","Philadelphia","Bethlehem,_Pennsylvania","Alvernia_University","Reading,_Pennsylvania","Roman_Catholic_Church","Arcadia_University","Cheltenham_Township,_Montgomery_County,_Pennsylvania","Presbyterian_Church_of_the_USA","Bryn_Mawr_College","Lower_Merion_Township,_Montgomery_County,_Pennsylvania","Carlow_University","Pittsburgh","Carnegie_Mellon_University","Pittsburgh","Chestnut_Hill_College","Philadelphia","Drexel_University","Philadelphia","Duquesne_University","Pittsburgh","Roman_Catholic_Church","Eastern_University_(United_States)_","Radnor_Township,_Delaware_County,_Pennsylvania","American_Baptist_Churches_USA","Gannon_University","Erie,_Pennsylvania","Holy_Family_University","Immaculata_University","East_Whiteland_Township,_Chester_County,_Pennsylvania","La_Salle_University","Lehigh_University","Bethlehem,_Pennsylvania","Marywood_University","Dunmore,_Pennsylvania","Misericordia_University","Dallas_Township,_Luzerne_County,_Pennsylvania","Neumann_University","Aston_Township,_Delaware_County,_Pennsylvania","University_of_Pennsylvania","Philadelphia","Philadelphia_University","Philadelphia","Robert_Morris_University","Moon_Township,_Allegheny_County,_Pennsylvania","Saint_Francis_University","Loretto,_Pennsylvania","Saint_Joseph’s_University","Philadelphia","University_of_Scranton","Scranton,_Pennsylvania","University_of_the_Sciences","Philadelphia","Thomas_Jefferson_University","Philadelphia","Villanova_University","Radnor_Township,_Delaware_County,_Pennsylvania","Waynesburg_University","Waynesburg,_Pennsylvania","Widener_University","Chester,_Pennsylvania","Wilkes_University","Wilkes-Barre,_Pennsylvania","The_Commonwealth_Medical_College","Scranton,_Pennsylvania","Lake_Erie_College_of_Osteopathic_Medicine","Erie,_Pennsylvania","Philadelphia_College_of_Osteopathic_Medicine","Philadelphia","Salus_University","Cheltenham_Township,_Montgomery_County,_Pennsylvania","United_States_Army_War_College","North_Middleton_Township,_Cumberland_County,_Pennsylvania","Yeshivath_Beth_Moshe","Scranton","Orthodox_Judaism","Biblical_Theological_Seminary","Hatfield,_Pennsylvania","Byzantine_Catholic_Seminary_of_SS._Cyril_and_Methodius","Pittsburgh","Byzantine_Catholic_Metropolitan_Church_of_Pittsburgh","Calvary_Baptist_Theological_Seminary","Upper_Gwynedd_Township,_Montgomery_County,_Pennsylvania","Baptist","Christ_the_Saviour_Seminary","Johnstown,_Pennsylvania","American_Carpatho-Russian_Orthodox_Diocese","Evangelical_Seminary","Myerstown,_Pennsylvania","Evangelical_Congregational_Church","Lancaster_Theological_Seminary","Lancaster,_Pennsylvania","United_Church_of_Christ","Lutheran_Theological_Seminary_at_Gettysburg","Gettysburg,_Pennsylvania","Evangelical_Lutheran_Church_in_America","Lutheran_Theological_Seminary_at_Philadelphia","Philadelphia","Evangelical_Lutheran_Church_in_America","Palmer_Theological_Seminary","Lower_Merion_Township,_Montgomery_County,_Pennsylvania","American_Baptist_Churches","Pittsburgh_Theological_Seminary","Pittsburgh","Presbyterian_Church_of_the_USA","Theological_Seminary_of_the_Reformed_Episcopal_Church","Whitpain_Township,_Montgomery_County,_Pennsylvania","Reformed_Episcopal_Church","Reformed_Presbyterian_Theological_Seminary","Pittsburgh","Reformed_Presbyterian_Church_of_North_America","Reconstructionist_Rabbinical_College","Cheltenham_Township,_Montgomery_County,_Pennsylvania","Reconstructionist_Judaism","St._Charles_Borromeo_Seminary","Radnor_Township,_Delaware_County,_Pennsylvania","Roman_Catholic_Church","Saint_Tikhon's_Orthodox_Theological_Seminary","South_Canaan_Township,_Wayne_County,_Pennsylvania","Orthodox_Church_in_America","Trinity_School_for_Ministry","Ambridge,_Pennsylvania","Episcopal_Church_of_the_United_States_of_America","Westminster_Theological_Seminary","Cheltenham_Township,_Montgomery_County,_Pennsylvania","Presbyterianism","Won_Institute_of_Graduate_Studies","Cheltenham_Township,_Montgomery_County,_Pennsylvania","Won_Buddhism","Community_College_of_Allegheny_County","Pittsburgh,_Pennsylvania","Monroeville,_Pennsylvania","McCandless,_Pennsylvania","West_Mifflin,_Pennsylvania","Allegheny_County,_Pennsylvania","Community_College_of_Beaver_County","Center_Township,_Beaver_County,_Pennsylvania","Beaver_County,_Pennsylvania","Bucks_County_Community_College","Newtown_Township,_Bucks_County,_Pennsylvania","Bristol_Township,_Bucks_County,_Pennsylvania","East_Rockhill_Township,_Bucks_County,_Pennsylvania","Bucks_County,_Pennsylvania","Butler_County_Community_College_(Pennsylvania)","Butler_Township,_Butler_County,_Pennsylvania","Butler_County,_Pennsylvania","Lawrence_County,_Pennsylvania","Mercer_County,_Pennsylvania","Delaware_County_Community_College","Marple_Township,_Delaware_County,_Pennsylvania","East_Brandywine_Township,_Chester_County,_Pennsylvania","Delaware_County,_Pennsylvania","Chester_County,_Pennsylvania","HACC,_Central_Pennsylvania's_Community_College","Harrisburg,_Pennsylvania","East_Lampeter_Township,_Lancaster_County,_Pennsylvania","Manchester_Township,_York_County,_Pennsylvania","Cumberland_Township,_Adams_County,_Pennsylvania","Lebanon,_Pennsylvania","Dauphin_County,_Pennsylvania","Lancaster_County,_Pennsylvania","York_County,_Pennsylvania","Adams_County,_Pennsylvania","Lebanon_County,_Pennsylvania","Lehigh_Carbon_Community_College","North_Whitehall_Township,_Lehigh_County,_Pennsylvania","Lehigh_County,_Pennsylvania","Luzerne_County_Community_College","Nanticoke,_Pennsylvania","Luzerne_County,_Pennsylvania","Montgomery_County_Community_College","Whitpain_Township,_Montgomery_County,_Pennsylvania","Pottstown,_Pennsylvania","Montgomery_County,_Pennsylvania","Northampton_Community_College","Bethlehem_Township,_Northampton_County,_Pennsylvania","Pocono_Township,_Monroe_County,_Pennsylvania","Northampton_County,_Pennsylvania","Monroe_County,_Pennsylvania","Pennsylvania_Highlands_Community_College","Richland_Township,_Cambria_County,_Pennsylvania","Cambria_County,_Pennsylvania","Community_College_of_Philadelphia","Philadelphia","Philadelphia_County,_Pennsylvania","Reading_Area_Community_College","Reading,_Pennsylvania","Berks_County,_Pennsylvania","Thaddeus_Stevens_College_of_Technology","Lancaster,_Pennsylvania","Lancaster_County,_Pennsylvania","Westmoreland_County_Community_College","Hempfield_Township,_Westmoreland_County,_Pennsylvania","Westmoreland_County,_Pennsylvania","Bloomsburg_University_of_Pennsylvania","Bloomsburg,_Pennsylvania","Columbia_County,_Pennsylvania","California_University_of_Pennsylvania","California,_Pennsylvania","Washington_County,_Pennsylvania","Cheyney_University_of_Pennsylvania","Thornbury_Township,_Chester_County,_Pennsylvania","Chester_County,_Pennsylvania","Clarion_University_of_Pennsylvania","Clarion,_Pennsylvania","Clarion_County,_Pennsylvania","East_Stroudsburg_University_of_Pennsylvania","East_Stroudsburg,_Pennsylvania","Monroe_County,_Pennsylvania","Edinboro_University_of_Pennsylvania","Edinboro,_Pennsylvania","Erie_County,_Pennsylvania","Indiana_University_of_Pennsylvania","Indiana,_Pennsylvania","Indiana_County,_Pennsylvania","Kutztown_University_of_Pennsylvania","Maxatawny_Township,_Berks_County,_Pennsylvania","Berks_County,_Pennsylvania","Lock_Haven_University_of_Pennsylvania","Lock_Haven,_Pennsylvania","Clinton_County,_Pennsylvania","Mansfield_University_of_Pennsylvania","Mansfield,_Pennsylvania","Tioga_County,_Pennsylvania","Millersville_University_of_Pennsylvania","Millersville,_Pennsylvania","Lancaster_County,_Pennsylvania","Shippensburg_University_of_Pennsylvania","Shippensburg_Township,_Cumberland_County,_Pennsylvania","Cumberland_County,_Pennsylvania","Slippery_Rock_University_of_Pennsylvania","Slippery_Rock,_Pennsylvania","Butler_County,_Pennsylvania","West_Chester_University_of_Pennsylvania","West_Chester,_Pennsylvania","Chester_County,_Pennsylvania","State_College,_Pennsylvania","Philadelphia","State_College,_Pennsylvania","Pittsburgh","Philadelphia","Penn_State_Abington","Abington_Township,_Montgomery_County,_Pennsylvania","Penn_State_Altoona","Altoona,_Pennsylvania","Penn_State_Beaver","Center_Township,_Beaver_County,_Pennsylvania","Penn_State_Berks","Spring_Township,_Berks_County,_Pennsylvania","Penn_State_Brandywine","Middletown_Township,_Delaware_County,_Pennsylvania","Penn_State_College_of_Medicine","Derry_Township,_Dauphin_County,_Pennsylvania","Penn_State_Dickinson_School_of_Law","Carlisle,_Pennsylvania","Penn_State_DuBois","Dubois,_Pennsylvania","Penn_State_Erie,_The_Behrend_College","Erie,_Pennsylvania","Penn_State_Fayette,_The_Eberly_Campus","North_Union_Township,_Fayette_County,_Pennsylvania","Penn_State_Great_Valley_School_of_Graduate_Professional_Studies","East_Whiteland_Township,_Chester_County,_Pennsylvania","Penn_State_Greater_Allegheny","White_Oak,_Pennsylvania","Penn_State_Harrisburg","Lower_Swatara_Township,_Dauphin_County,_Pennsylvania","Penn_State_Hazleton","Sugarloaf_Township,_Luzerne_County,_Pennsylvania","Penn_State_Lehigh_Valley","Upper_Saucon_Township,_Lehigh_County,_Pennsylvania","Penn_State_Mont_Alto","Quincy_Township,_Franklin_County,_Pennsylvania","Penn_State_New_Kensington","Upper_Burrell_Township,_Westmoreland_County,_Pennsylvania","Penn_State_Schuylkill","North_Manheim_Township,_Schuylkill_County,_Pennsylvania","Penn_State_Shenango","Sharon,_Pennsylvania","Penn_State_Wilkes-Barre","Lehman_Township,_Luzerne_County,_Pennsylvania","Penn_State_Worthington_Scranton","Dunmore,_Pennsylvania","Penn_State_York","Spring_Garden_Township,_York_County,_Pennsylvania","Pennsylvania_College_of_Technology","Williamsport,_Pennsylvania","University_of_Pittsburgh_at_Bradford","Bradford_Township,_McKean_County,_Pennsylvania","University_of_Pittsburgh_at_Greensburg","Hempfield_Township,_Westmoreland_County,_Pennsylvania","University_of_Pittsburgh_at_Johnstown","Richland_Township,_Cambria_County,_Pennsylvania","University_of_Pittsburgh_at_Titusville","Titusville,_Pennsylvania","Temple_University_Ambler","Upper_Dublin_Township,_Montgomery_County,_Pennsylvania","Allegheny_University_of_the_Health_Sciences","Drexel_University_College_of_Medicine","Alliance_College","Cambridge_Springs,_Pennsylvania","Combs_College_of_Music","Philadelphia","Crozer_Theological_Seminary","Baptist","Upland,_Pennsylvania","Dropsie_College","Jewish_studies","University_of_Pennsylvania","Center_for_Advanced_Judaic_Studies","Hahnemann_Medical_College","Derry_Township,_Dauphin_County,_Pennsylvania","Roman_Catholic","Lehigh_Township,_Northampton_County,_Pennsylvania","Churches_of_Christ","Lower_Merion_Township,_Pennsylvania","Medical_College_of_Pennsylvania","Chambersburg,_Pennsylvania","Pennsylvania_College_of_Podiatric_Medicine","Temple_University","Temple_University_School_of_Podiatric_Medicine","Coopersburg,_Pennsylvania","Summit_Township,_Butler_County,_Pennsylvania","Spring_Garden_College","Philadelphia","Wesleyan_Church","Allentown,_Pennsylvania","Erie","Gannon_University","List_of_colleges_and_universities_in_Philadelphia","List_of_colleges_and_universities_in_Pittsburgh","Higher_education_in_the_United_States","List_of_American_institutions_of_higher_education","List_of_recognized_higher_education_accreditation_organizations","List_of_colleges_and_universities","List_of_colleges_and_universities_by_country"]}