{"cursor":"44664","size":15,"audio":[],"currentlang":"en","article":"{{Infobox Sports league\n| title = Little League World Series last_season = 2012 Little League World\n| Series sport = Baseball founded = 1947 teams = 16 country = International\n| champion = Tokyo Kitasuna Little League, Tokyo, Japan most_champs = Taiwan\n| (17) website = [http://www.littleleague.org LittleLeague.org]\n}}\n\n\n\nThe '[[Little League]] Baseball World Series' is a baseball tournament for\nchildren aged 11 to 12 years old. It was originally called the National Little\nLeague Tournament and was later renamed for the World Series in Major League\nBaseball. It was first held in 1947 and is held every August in South\nWilliamsport, Pennsylvania, in the United\nStates. [http://www.littleleague.org/learn/about/worldserieshistory.htm\nWorld Series History] (The postal address of the organization is in\nWilliamsport, but the stadium complex is in South Williamsport.)\n\nInitially, only teams from the US competed in the \"World Series\" but it has\nsince become a worldwide tournament. The tournament has gained popular renown,\nespecially in the United States, where games from the Series and even from\nregional tournaments are broadcast on ESPN. In 2006, the age limit was changed\nsuch that players could turn 13 after May 1, not August 1, as had previously\nbeen the case. As the series takes place in August, many of the players have\nalready turned 13 before the World Series.\n\nWhile the Little League Baseball World Series is frequently referred to as just\nthe Little League World Series, it is actually one of eight tournaments\nsponsored by Little League International. Each of them brings baseball or\nsoftball all-star teams from around the world together in one of four age\ndivisions. The tournament structure described here is that used for the Little\nLeague Baseball World Series. The structure used for the other World Series is\nsimilar, but sometimes with different regions.\n","linknr":1264,"url":"Little_League_World_Series","recorded":1364226231,"links":["/w/index.php?title=Little_League_World_Series&action=edit","/w/index.php?title=Little_League_World_Series&action=edit","//en.wikipedia.org/apple-touch-icon.png","//bits.wikimedia.org/favicon/wikipedia.ico","/w/opensearch_desc.php","//en.wikipedia.org/w/api.php?action=rsd","//creativecommons.org/licenses/by-sa/3.0/","/w/index.php?title=Special:RecentChanges&feed=atom","//bits.wikimedia.org/en.wikipedia.org/load.php?debug=false&lang=en&modules=ext.gadget.DRN-wizard%2CReferenceTooltips%2Ccharinsert%2Cteahouse%7Cext.wikihiero%7Cmediawiki.legacy.commonPrint%2Cshared%7Cmw.PopUpMediaTransform%7Cskins.vector&only=styles&skin=vector&*","//bits.wikimedia.org/en.wikipedia.org/load.php?debug=false&lang=en&modules=site&only=styles&skin=vector&*","//bits.wikimedia.org/en.wikipedia.org/load.php?debug=false&lang=en&modules=startup&only=scripts&skin=vector&*","//bits.wikimedia.org/geoiplookup","//meta.wikimedia.org","#mw-head","#p-search","/wiki/2012_Little_League_World_Series","/wiki/Baseball","/wiki/Japan","//upload.wikimedia.org/wikipedia/en/thumb/9/9e/Flag_of_Japan.svg/22px-Flag_of_Japan.svg.png","/wiki/Tokyo","/wiki/Japan","/wiki/Taiwan","//upload.wikimedia.org/wikipedia/commons/thumb/7/72/Flag_of_the_Republic_of_China.svg/22px-Flag_of_the_Republic_of_China.svg.png","/wiki/Taiwan","http://www.littleleague.org","/wiki/File:Little_League_World_Series_and_Lamade_Stadium.JPG","//upload.wikimedia.org/wikipedia/commons/thumb/6/66/Little_League_World_Series_and_Lamade_Stadium.JPG/400px-Little_League_World_Series_and_Lamade_Stadium.JPG","/wiki/File:Little_League_World_Series_and_Lamade_Stadium.JPG","//bits.wikimedia.org/static-1.21wmf11/skins/common/images/magnify-clip.png","/wiki/Little_League","/wiki/Baseball","/wiki/Tournament","/wiki/Children","/wiki/World_Series","/wiki/Major_League_Baseball","/wiki/1947_in_baseball","/wiki/South_Williamsport,_Pennsylvania","/wiki/Pennsylvania","#cite_note-1","/wiki/Mail","/wiki/Address_(geography)","/wiki/Organization","/wiki/Williamsport,_Pennsylvania","/wiki/Stadium","/wiki/Team","/wiki/World","/wiki/Broadcasting_of_sports_events","/wiki/ESPN","/wiki/2006_in_baseball","/wiki/Softball","/wiki/All-star#Sports","#Qualifying_tournaments","#Venues","#Little_League_World_Series_champions","#Championship_tally","#Championships_won_by_country.2Fstate","#Championship_notes","#Famous_participants_in_Little_League_World_Series","#Media_coverage","#Other_divisions_in_Little_League_Baseball","#See_also","#References","#External_links","/w/index.php?title=Little_League_World_Series&action=edit&section=1","/wiki/File:Little_League_World_Series_Welcome_Sign_crop.JPG","//upload.wikimedia.org/wikipedia/commons/thumb/7/79/Little_League_World_Series_Welcome_Sign_crop.JPG/220px-Little_League_World_Series_Welcome_Sign_crop.JPG","/wiki/File:Little_League_World_Series_Welcome_Sign_crop.JPG","//bits.wikimedia.org/static-1.21wmf11/skins/common/images/magnify-clip.png","/wiki/Summer","/wiki/Little_League","/wiki/Baseball_positions","/wiki/Sports_league","/wiki/Regional","/wiki/Pool_play","/wiki/Double-elimination_tournament","/wiki/Single-elimination_tournament","/wiki/District_of_Columbia","#cite_note-2","/wiki/California","/wiki/Texas","/wiki/North_Dakota","/wiki/South_Dakota","/wiki/Northern_California","/wiki/Southern_California","/wiki/East_Texas","/wiki/West_Texas","/wiki/Interstate_35_(Texas)","/wiki/Interstate_37_(Texas)","/wiki/Dakotas","http://www.unpage.org","/wiki/Ontario","/wiki/Quebec","/wiki/British_Columbia","/wiki/Atlantic_Canada","/wiki/Prairie_Provinces","/wiki/Page_playoff_system","/wiki/File:Little_League_World_Series_Game_2_crop.JPG","//upload.wikimedia.org/wikipedia/commons/thumb/4/48/Little_League_World_Series_Game_2_crop.JPG/220px-Little_League_World_Series_Game_2_crop.JPG","/wiki/File:Little_League_World_Series_Game_2_crop.JPG","//bits.wikimedia.org/static-1.21wmf11/skins/common/images/magnify-clip.png","/wiki/Central_Region_(Little_League_World_Series)","/wiki/South_Region_(Little_League_World_Series)","/wiki/East_Region_(Little_League_World_Series)","/wiki/West_Region_(Little_League_World_Series_1957%E2%80%932000)","/wiki/Canada_in_the_Little_League_World_Series","/wiki/Latin_America_Region_(Little_League_World_Series)","/wiki/Europe_in_the_Little_League_World_Series","/wiki/Asia-Pacific_Region_(Little_League_World_Series)","/wiki/Round-robin_tournament","/wiki/Double-elimination_tournament","#cite_note-3","/wiki/Glossary_of_baseball_(R)#rubber_game","#cite_note-4","#cite_note-5","/wiki/Little_League_World_Series_(New_England_Region)","/wiki/Little_League_World_Series_(Mid-Atlantic_Region)","/wiki/Little_League_World_Series_(Midwest_Region)","/wiki/Little_League_World_Series_(Great_Lakes_Region)","/wiki/Little_League_World_Series_(Southeast_Region)","/wiki/Little_League_World_Series_(Southwest_Region)","/wiki/Little_League_World_Series_(Northwest_Region)","/wiki/Little_League_World_Series_(West_Region)","/wiki/Little_League_World_Series_(Asia-Pacific_and_Middle_East_Region)","/w/index.php?title=Little_League_World_Series_in_Australia&action=edit&redlink=1","/wiki/Little_League_World_Series_in_Canada","/wiki/Little_League_World_Series_(Caribbean_Region)","/wiki/Little_League_World_Series_in_Europe","/wiki/Little_League_World_Series_in_Japan","/wiki/Little_League_World_Series_in_Latin_America","/wiki/Little_League_World_Series_in_Mexico","#cite_note-6","/wiki/Little_League_World_Series_in_Europe#Europe.2FEMEA_Region_.282001-Present.29","/wiki/Little_League_World_Series_in_Europe#Transatlantic_Region_.282001.E2.80.932007.29","/wiki/United_States_Armed_Forces","/wiki/Saudi_Aramco_Residential_Camp_in_Dhahran","/wiki/Ramstein_Air_Base","/wiki/United_States_Air_Force","#cite_note-7","/wiki/Australia","/wiki/Little_League_World_Series_(Asia-Pacific_and_Middle_East_Region)#Asia-Pacific_Region_.282007.E2.80.932012.29","/wiki/Little_League_World_Series_(Middle_East-Africa_Region)","/wiki/Israel","/wiki/Turkey","/wiki/Little_League_World_Series_in_Europe#Europe_Region_.282008.E2.80.932012.29","/wiki/Confederation_of_European_Baseball","/wiki/International_Baseball_Federation","/w/index.php?title=Little_League_World_Series&action=edit&section=2","/wiki/Howard_J._Lamade_Stadium","/wiki/Little_League_Volunteer_Stadium","/wiki/2001_Little_League_World_Series","/wiki/Williamsport,_Pennsylvania","#cite_note-8","/wiki/Berm","/w/index.php?title=Little_League_World_Series&action=edit&section=3","/wiki/1947_Little_League_World_Series","/wiki/Pennsylvania","//upload.wikimedia.org/wikipedia/commons/thumb/f/f7/Flag_of_Pennsylvania.svg/22px-Flag_of_Pennsylvania.svg.png","/wiki/Williamsport,_Pennsylvania","/wiki/Pennsylvania","//upload.wikimedia.org/wikipedia/commons/thumb/f/f7/Flag_of_Pennsylvania.svg/22px-Flag_of_Pennsylvania.svg.png","/wiki/Lock_Haven,_Pennsylvania","/wiki/1948_Little_League_World_Series","/wiki/Pennsylvania","//upload.wikimedia.org/wikipedia/commons/thumb/f/f7/Flag_of_Pennsylvania.svg/22px-Flag_of_Pennsylvania.svg.png","/wiki/Lock_Haven,_Pennsylvania","/wiki/Florida","//upload.wikimedia.org/wikipedia/commons/thumb/f/f7/Flag_of_Florida.svg/22px-Flag_of_Florida.svg.png","/wiki/St._Petersburg,_Florida","/wiki/1949_Little_League_World_Series","/wiki/New_Jersey","//upload.wikimedia.org/wikipedia/commons/thumb/9/92/Flag_of_New_Jersey.svg/22px-Flag_of_New_Jersey.svg.png","/wiki/Hammonton,_New_Jersey","/wiki/Florida","//upload.wikimedia.org/wikipedia/commons/thumb/f/f7/Flag_of_Florida.svg/22px-Flag_of_Florida.svg.png","/wiki/Pensacola,_Florida","/wiki/1950_Little_League_World_Series","/wiki/Texas","//upload.wikimedia.org/wikipedia/commons/thumb/f/f7/Flag_of_Texas.svg/22px-Flag_of_Texas.svg.png","/wiki/Houston","/wiki/Connecticut","//upload.wikimedia.org/wikipedia/commons/thumb/9/96/Flag_of_Connecticut.svg/22px-Flag_of_Connecticut.svg.png","/wiki/Bridgeport,_Connecticut","/wiki/1951_Little_League_World_Series","/wiki/Connecticut","//upload.wikimedia.org/wikipedia/commons/thumb/9/96/Flag_of_Connecticut.svg/22px-Flag_of_Connecticut.svg.png","/wiki/Stamford,_Connecticut","/wiki/Texas","//upload.wikimedia.org/wikipedia/commons/thumb/f/f7/Flag_of_Texas.svg/22px-Flag_of_Texas.svg.png","/wiki/Austin,_Texas","/wiki/1952_Little_League_World_Series","/wiki/Connecticut","//upload.wikimedia.org/wikipedia/commons/thumb/9/96/Flag_of_Connecticut.svg/22px-Flag_of_Connecticut.svg.png","/wiki/Norwalk,_Connecticut","/wiki/Pennsylvania","//upload.wikimedia.org/wikipedia/commons/thumb/f/f7/Flag_of_Pennsylvania.svg/22px-Flag_of_Pennsylvania.svg.png","/wiki/Monongahela,_Pennsylvania","/wiki/1953_Little_League_World_Series","/wiki/Alabama","//upload.wikimedia.org/wikipedia/commons/thumb/5/5c/Flag_of_Alabama.svg/22px-Flag_of_Alabama.svg.png","/wiki/Birmingham,_Alabama","/wiki/New_York","//upload.wikimedia.org/wikipedia/commons/thumb/1/1a/Flag_of_New_York.svg/22px-Flag_of_New_York.svg.png","/wiki/Schenectady,_New_York","/wiki/1954_Little_League_World_Series","/wiki/New_York","//upload.wikimedia.org/wikipedia/commons/thumb/1/1a/Flag_of_New_York.svg/22px-Flag_of_New_York.svg.png","/wiki/Schenectady,_New_York","/wiki/California","//upload.wikimedia.org/wikipedia/commons/thumb/0/01/Flag_of_California.svg/22px-Flag_of_California.svg.png","/wiki/Colton,_California","/wiki/1955_Little_League_World_Series","/wiki/Pennsylvania","//upload.wikimedia.org/wikipedia/commons/thumb/f/f7/Flag_of_Pennsylvania.svg/22px-Flag_of_Pennsylvania.svg.png","/wiki/Morrisville,_Bucks_County,_Pennsylvania","/wiki/New_Jersey","//upload.wikimedia.org/wikipedia/commons/thumb/9/92/Flag_of_New_Jersey.svg/22px-Flag_of_New_Jersey.svg.png","/wiki/Merchantville,_New_Jersey","/wiki/1956_Little_League_World_Series","/wiki/New_Mexico","//upload.wikimedia.org/wikipedia/commons/thumb/c/c3/Flag_of_New_Mexico.svg/22px-Flag_of_New_Mexico.svg.png","/wiki/Roswell,_New_Mexico","/wiki/New_Jersey","//upload.wikimedia.org/wikipedia/commons/thumb/9/92/Flag_of_New_Jersey.svg/22px-Flag_of_New_Jersey.svg.png","/wiki/Merchantville,_New_Jersey","/wiki/1957_Little_League_World_Series","/wiki/Mexico","//upload.wikimedia.org/wikipedia/commons/thumb/f/fc/Flag_of_Mexico.svg/22px-Flag_of_Mexico.svg.png","/wiki/Monterrey","/wiki/Nuevo_Le%C3%B3n","/wiki/Mexico","/wiki/California","//upload.wikimedia.org/wikipedia/commons/thumb/0/01/Flag_of_California.svg/22px-Flag_of_California.svg.png","/wiki/La_Mesa,_California","/wiki/1958_Little_League_World_Series","/wiki/Mexico","//upload.wikimedia.org/wikipedia/commons/thumb/f/fc/Flag_of_Mexico.svg/22px-Flag_of_Mexico.svg.png","/wiki/Monterrey","/wiki/Nuevo_Le%C3%B3n","/wiki/Mexico","/wiki/Illinois","//upload.wikimedia.org/wikipedia/commons/thumb/0/01/Flag_of_Illinois.svg/22px-Flag_of_Illinois.svg.png","/wiki/Kankakee,_Illinois","/wiki/1959_Little_League_World_Series","/wiki/Michigan","//upload.wikimedia.org/wikipedia/commons/thumb/b/b5/Flag_of_Michigan.svg/22px-Flag_of_Michigan.svg.png","/wiki/Hamtramck,_Michigan","/wiki/California","//upload.wikimedia.org/wikipedia/commons/thumb/0/01/Flag_of_California.svg/22px-Flag_of_California.svg.png","/wiki/Auburn,_California","/wiki/1960_Little_League_World_Series","/wiki/Pennsylvania","//upload.wikimedia.org/wikipedia/commons/thumb/f/f7/Flag_of_Pennsylvania.svg/22px-Flag_of_Pennsylvania.svg.png","/wiki/Levittown,_Pennsylvania","/wiki/Texas","//upload.wikimedia.org/wikipedia/commons/thumb/f/f7/Flag_of_Texas.svg/22px-Flag_of_Texas.svg.png","/wiki/Fort_Worth,_Texas","/wiki/1961_Little_League_World_Series","/wiki/California","//upload.wikimedia.org/wikipedia/commons/thumb/0/01/Flag_of_California.svg/22px-Flag_of_California.svg.png","/wiki/El_Cajon,_California","/wiki/Texas","//upload.wikimedia.org/wikipedia/commons/thumb/f/f7/Flag_of_Texas.svg/22px-Flag_of_Texas.svg.png","/wiki/El_Campo,_Texas","/wiki/1962_Little_League_World_Series","/wiki/California","//upload.wikimedia.org/wikipedia/commons/thumb/0/01/Flag_of_California.svg/22px-Flag_of_California.svg.png","/wiki/San_Jose,_California","/wiki/Illinois","//upload.wikimedia.org/wikipedia/commons/thumb/0/01/Flag_of_Illinois.svg/22px-Flag_of_Illinois.svg.png","/wiki/Kankakee,_Illinois","/wiki/1963_Little_League_World_Series","/wiki/California","//upload.wikimedia.org/wikipedia/commons/thumb/0/01/Flag_of_California.svg/22px-Flag_of_California.svg.png","/wiki/Granada_Hills,_Los_Angeles","/wiki/Connecticut","//upload.wikimedia.org/wikipedia/commons/thumb/9/96/Flag_of_Connecticut.svg/22px-Flag_of_Connecticut.svg.png","/wiki/Stratford,_Connecticut","/wiki/1964_Little_League_World_Series","/wiki/New_York","//upload.wikimedia.org/wikipedia/commons/thumb/1/1a/Flag_of_New_York.svg/22px-Flag_of_New_York.svg.png","/wiki/Staten_Island,_New_York","/wiki/Mexico","//upload.wikimedia.org/wikipedia/commons/thumb/f/fc/Flag_of_Mexico.svg/22px-Flag_of_Mexico.svg.png","/wiki/Monterrey","/wiki/Nuevo_Leon","/wiki/Mexico","/wiki/1965_Little_League_World_Series","/wiki/Connecticut","//upload.wikimedia.org/wikipedia/commons/thumb/9/96/Flag_of_Connecticut.svg/22px-Flag_of_Connecticut.svg.png","/wiki/Windsor_Locks,_Connecticut","/wiki/Canada","//upload.wikimedia.org/wikipedia/en/thumb/c/cf/Flag_of_Canada.svg/22px-Flag_of_Canada.svg.png","/wiki/Stoney_Creek,_Ontario","/wiki/1966_Little_League_World_Series","/wiki/Texas","//upload.wikimedia.org/wikipedia/commons/thumb/f/f7/Flag_of_Texas.svg/22px-Flag_of_Texas.svg.png","/wiki/Houston","/wiki/New_Jersey","//upload.wikimedia.org/wikipedia/commons/thumb/9/92/Flag_of_New_Jersey.svg/22px-Flag_of_New_Jersey.svg.png","/wiki/West_New_York,_New_Jersey","/wiki/1967_Little_League_World_Series","/wiki/Japan","//upload.wikimedia.org/wikipedia/en/thumb/9/9e/Flag_of_Japan.svg/22px-Flag_of_Japan.svg.png","/wiki/Tokyo","/wiki/Illinois","//upload.wikimedia.org/wikipedia/commons/thumb/0/01/Flag_of_Illinois.svg/22px-Flag_of_Illinois.svg.png","/wiki/Chicago","/wiki/1968_Little_League_World_Series","/wiki/Japan","//upload.wikimedia.org/wikipedia/en/thumb/9/9e/Flag_of_Japan.svg/22px-Flag_of_Japan.svg.png","/wiki/Wakayama","/wiki/Osaka","/wiki/Virginia","//upload.wikimedia.org/wikipedia/commons/thumb/4/47/Flag_of_Virginia.svg/22px-Flag_of_Virginia.svg.png","/wiki/Richmond,_Virginia","/wiki/1969_Little_League_World_Series","/wiki/Taiwan","//upload.wikimedia.org/wikipedia/commons/thumb/7/72/Flag_of_the_Republic_of_China.svg/22px-Flag_of_the_Republic_of_China.svg.png","/wiki/Taichung","/wiki/Republic_of_China","/wiki/California","//upload.wikimedia.org/wikipedia/commons/thumb/0/01/Flag_of_California.svg/22px-Flag_of_California.svg.png","/wiki/Santa_Clara,_California","/wiki/1970_Little_League_World_Series","/wiki/New_Jersey","//upload.wikimedia.org/wikipedia/commons/thumb/9/92/Flag_of_New_Jersey.svg/22px-Flag_of_New_Jersey.svg.png","/wiki/Wayne,_New_Jersey","/wiki/California","//upload.wikimedia.org/wikipedia/commons/thumb/0/01/Flag_of_California.svg/22px-Flag_of_California.svg.png","/wiki/Campbell,_California","/wiki/1971_Little_League_World_Series","/wiki/Taiwan","//upload.wikimedia.org/wikipedia/commons/thumb/7/72/Flag_of_the_Republic_of_China.svg/22px-Flag_of_the_Republic_of_China.svg.png","/wiki/Tainan_City","/wiki/Republic_of_China","/wiki/Indiana","//upload.wikimedia.org/wikipedia/commons/thumb/a/ac/Flag_of_Indiana.svg/22px-Flag_of_Indiana.svg.png","/wiki/Gary,_Indiana","/wiki/1972_Little_League_World_Series","/wiki/Taiwan","//upload.wikimedia.org/wikipedia/commons/thumb/7/72/Flag_of_the_Republic_of_China.svg/22px-Flag_of_the_Republic_of_China.svg.png","/wiki/Taipei","/wiki/Republic_of_China","/wiki/Indiana","//upload.wikimedia.org/wikipedia/commons/thumb/a/ac/Flag_of_Indiana.svg/22px-Flag_of_Indiana.svg.png","/wiki/Hammond,_Indiana","/wiki/1973_Little_League_World_Series","/wiki/Taiwan","//upload.wikimedia.org/wikipedia/commons/thumb/7/72/Flag_of_the_Republic_of_China.svg/22px-Flag_of_the_Republic_of_China.svg.png","/wiki/Tainan_City","/wiki/Republic_of_China","/wiki/Arizona","//upload.wikimedia.org/wikipedia/commons/thumb/9/9d/Flag_of_Arizona.svg/22px-Flag_of_Arizona.svg.png","/wiki/Tucson,_Arizona","/wiki/1974_Little_League_World_Series","/wiki/Taiwan","//upload.wikimedia.org/wikipedia/commons/thumb/7/72/Flag_of_the_Republic_of_China.svg/22px-Flag_of_the_Republic_of_China.svg.png","/wiki/Kaohsiung","/wiki/Republic_of_China","/wiki/California","//upload.wikimedia.org/wikipedia/commons/thumb/0/01/Flag_of_California.svg/22px-Flag_of_California.svg.png","/wiki/Red_Bluff,_California","/wiki/1975_Little_League_World_Series","/wiki/New_Jersey","//upload.wikimedia.org/wikipedia/commons/thumb/9/92/Flag_of_New_Jersey.svg/22px-Flag_of_New_Jersey.svg.png","/wiki/Lakewood,_New_Jersey","/wiki/Florida","//upload.wikimedia.org/wikipedia/commons/thumb/f/f7/Flag_of_Florida.svg/22px-Flag_of_Florida.svg.png","/wiki/Tampa,_Florida","/wiki/1976_Little_League_World_Series","/wiki/Japan","//upload.wikimedia.org/wikipedia/en/thumb/9/9e/Flag_of_Japan.svg/22px-Flag_of_Japan.svg.png","/wiki/Chofu","/wiki/California","//upload.wikimedia.org/wikipedia/commons/thumb/0/01/Flag_of_California.svg/22px-Flag_of_California.svg.png","/wiki/Campbell,_California","/wiki/1977_Little_League_World_Series","/wiki/Taiwan","//upload.wikimedia.org/wikipedia/commons/thumb/7/72/Flag_of_the_Republic_of_China.svg/22px-Flag_of_the_Republic_of_China.svg.png","/wiki/Kaohsiung","/wiki/Republic_of_China","/wiki/California","//upload.wikimedia.org/wikipedia/commons/thumb/0/01/Flag_of_California.svg/22px-Flag_of_California.svg.png","/wiki/El_Cajon,_California","/wiki/1978_Little_League_World_Series","/wiki/Taiwan","//upload.wikimedia.org/wikipedia/commons/thumb/7/72/Flag_of_the_Republic_of_China.svg/22px-Flag_of_the_Republic_of_China.svg.png","/wiki/Pingtung","/wiki/Republic_of_China","/wiki/California","//upload.wikimedia.org/wikipedia/commons/thumb/0/01/Flag_of_California.svg/22px-Flag_of_California.svg.png","/wiki/Danville,_California","/wiki/1979_Little_League_World_Series","/wiki/Taiwan","//upload.wikimedia.org/wikipedia/commons/thumb/7/72/Flag_of_the_Republic_of_China.svg/22px-Flag_of_the_Republic_of_China.svg.png","/wiki/Chiayi_County","/wiki/Republic_of_China","/wiki/California","//upload.wikimedia.org/wikipedia/commons/thumb/0/01/Flag_of_California.svg/22px-Flag_of_California.svg.png","/wiki/Campbell,_California","/wiki/1980_Little_League_World_Series","/wiki/Taiwan","//upload.wikimedia.org/wikipedia/commons/thumb/7/72/Flag_of_the_Republic_of_China.svg/22px-Flag_of_the_Republic_of_China.svg.png","/wiki/Hua-Lien","/wiki/Republic_of_China","/wiki/Florida","//upload.wikimedia.org/wikipedia/commons/thumb/f/f7/Flag_of_Florida.svg/22px-Flag_of_Florida.svg.png","/wiki/Tampa,_Florida","/wiki/1981_Little_League_World_Series","/wiki/Taiwan","//upload.wikimedia.org/wikipedia/commons/thumb/7/72/Flag_of_the_Republic_of_China.svg/22px-Flag_of_the_Republic_of_China.svg.png","/wiki/Taichung","/wiki/Republic_of_China","/wiki/Florida","//upload.wikimedia.org/wikipedia/commons/thumb/f/f7/Flag_of_Florida.svg/22px-Flag_of_Florida.svg.png","/wiki/Tampa,_Florida","/wiki/1982_Little_League_World_Series","/wiki/Washington_(state)","//upload.wikimedia.org/wikipedia/commons/thumb/5/54/Flag_of_Washington.svg/22px-Flag_of_Washington.svg.png","/wiki/Kirkland,_Washington","/wiki/Taiwan","//upload.wikimedia.org/wikipedia/commons/thumb/7/72/Flag_of_the_Republic_of_China.svg/22px-Flag_of_the_Republic_of_China.svg.png","/wiki/Chiayi_County","/wiki/Republic_of_China","/wiki/1983_Little_League_World_Series","/wiki/Georgia_(U.S._state)","//upload.wikimedia.org/wikipedia/commons/thumb/8/84/Flag_of_the_State_of_Georgia_%281956-2001%29.svg/22px-Flag_of_the_State_of_Georgia_%281956-2001%29.svg.png","/wiki/Marietta,_Georgia","/wiki/Dominican_Republic","//upload.wikimedia.org/wikipedia/commons/thumb/9/9f/Flag_of_the_Dominican_Republic.svg/22px-Flag_of_the_Dominican_Republic.svg.png","/wiki/Barahona_(city)","/wiki/Dominican_Republic","/wiki/1984_Little_League_World_Series","/wiki/South_Korea","//upload.wikimedia.org/wikipedia/commons/thumb/0/09/Flag_of_South_Korea.svg/22px-Flag_of_South_Korea.svg.png","/wiki/Seoul","/wiki/South_Korea","/wiki/Florida","//upload.wikimedia.org/wikipedia/commons/thumb/f/f7/Flag_of_Florida.svg/22px-Flag_of_Florida.svg.png","/wiki/Altamonte_Springs,_Florida","/wiki/1985_Little_League_World_Series","/wiki/South_Korea","//upload.wikimedia.org/wikipedia/commons/thumb/0/09/Flag_of_South_Korea.svg/22px-Flag_of_South_Korea.svg.png","/wiki/Seoul","/wiki/South_Korea","/wiki/California","//upload.wikimedia.org/wikipedia/commons/thumb/0/01/Flag_of_California.svg/22px-Flag_of_California.svg.png","/wiki/Mexico","/wiki/Calexico,_California","/wiki/1986_Little_League_World_Series","/wiki/Taiwan","//upload.wikimedia.org/wikipedia/commons/thumb/7/72/Flag_of_the_Republic_of_China.svg/22px-Flag_of_the_Republic_of_China.svg.png","/wiki/Tainan_City","/wiki/Republic_of_China","/wiki/Arizona","//upload.wikimedia.org/wikipedia/commons/thumb/9/9d/Flag_of_Arizona.svg/22px-Flag_of_Arizona.svg.png","/wiki/Tucson,_Arizona","/wiki/1987_Little_League_World_Series","/wiki/Taiwan","//upload.wikimedia.org/wikipedia/commons/thumb/7/72/Flag_of_the_Republic_of_China.svg/22px-Flag_of_the_Republic_of_China.svg.png","/wiki/Hua-Lien","/wiki/Taiwan","/wiki/California","//upload.wikimedia.org/wikipedia/commons/thumb/0/01/Flag_of_California.svg/22px-Flag_of_California.svg.png","/wiki/Irvine,_California","/wiki/1988_Little_League_World_Series","/wiki/Taiwan","//upload.wikimedia.org/wikipedia/commons/thumb/7/72/Flag_of_the_Republic_of_China.svg/22px-Flag_of_the_Republic_of_China.svg.png","/wiki/Taichung","/wiki/Taiwan","/wiki/Hawaii","//upload.wikimedia.org/wikipedia/commons/thumb/e/ef/Flag_of_Hawaii.svg/22px-Flag_of_Hawaii.svg.png","/wiki/Pearl_City,_Hawaii","/wiki/1989_Little_League_World_Series","/wiki/Connecticut","//upload.wikimedia.org/wikipedia/commons/thumb/9/96/Flag_of_Connecticut.svg/22px-Flag_of_Connecticut.svg.png","/wiki/Trumbull,_Connecticut","/wiki/Taiwan","//upload.wikimedia.org/wikipedia/commons/thumb/7/72/Flag_of_the_Republic_of_China.svg/22px-Flag_of_the_Republic_of_China.svg.png","/wiki/Kaohsiung","/wiki/Taiwan","/wiki/1990_Little_League_World_Series","/wiki/Taiwan","//upload.wikimedia.org/wikipedia/commons/thumb/7/72/Flag_of_the_Republic_of_China.svg/22px-Flag_of_the_Republic_of_China.svg.png","/wiki/Tainan_County","/wiki/Taiwan","/wiki/Pennsylvania","//upload.wikimedia.org/wikipedia/commons/thumb/f/f7/Flag_of_Pennsylvania.svg/22px-Flag_of_Pennsylvania.svg.png","/wiki/Shippensburg,_Pennsylvania","/wiki/1991_Little_League_World_Series","/wiki/Taiwan","//upload.wikimedia.org/wikipedia/commons/thumb/7/72/Flag_of_the_Republic_of_China.svg/22px-Flag_of_the_Republic_of_China.svg.png","/wiki/Taichung","/wiki/Taiwan","/wiki/California","//upload.wikimedia.org/wikipedia/commons/thumb/0/01/Flag_of_California.svg/22px-Flag_of_California.svg.png","/wiki/San_Ramon,_California","/wiki/1992_Little_League_World_Series","/wiki/California","//upload.wikimedia.org/wikipedia/commons/thumb/0/01/Flag_of_California.svg/22px-Flag_of_California.svg.png","/wiki/Long_Beach,_California","/wiki/Philippines","//upload.wikimedia.org/wikipedia/commons/thumb/b/bd/Flag_of_the_Philippines_%28navy_blue%29.svg/22px-Flag_of_the_Philippines_%28navy_blue%29.svg.png","/w/index.php?title=%E2%80%A1Zamboanga_City&action=edit&redlink=1","/wiki/Philippines","/wiki/1993_Little_League_World_Series","/wiki/California","//upload.wikimedia.org/wikipedia/commons/thumb/0/01/Flag_of_California.svg/22px-Flag_of_California.svg.png","/wiki/Long_Beach,_California","/wiki/Panama","//upload.wikimedia.org/wikipedia/commons/thumb/a/ab/Flag_of_Panama.svg/22px-Flag_of_Panama.svg.png","/wiki/David,_Chiriqu%C3%AD","/wiki/Panama","/wiki/1994_Little_League_World_Series","/wiki/Venezuela","//upload.wikimedia.org/wikipedia/commons/thumb/0/06/Flag_of_Venezuela.svg/22px-Flag_of_Venezuela.svg.png","/wiki/Maracaibo","/wiki/Venezuela","/wiki/California","//upload.wikimedia.org/wikipedia/commons/thumb/0/01/Flag_of_California.svg/22px-Flag_of_California.svg.png","/wiki/Northridge,_Los_Angeles","/wiki/1995_Little_League_World_Series","/wiki/Taiwan","//upload.wikimedia.org/wikipedia/commons/thumb/7/72/Flag_of_the_Republic_of_China.svg/22px-Flag_of_the_Republic_of_China.svg.png","/wiki/Tainan_City","/wiki/Republic_of_China","/wiki/Texas","//upload.wikimedia.org/wikipedia/commons/thumb/f/f7/Flag_of_Texas.svg/22px-Flag_of_Texas.svg.png","/wiki/Spring,_Texas","/wiki/1996_Little_League_World_Series","/wiki/Taiwan","//upload.wikimedia.org/wikipedia/commons/thumb/7/72/Flag_of_the_Republic_of_China.svg/22px-Flag_of_the_Republic_of_China.svg.png","/wiki/Kaohsiung","/wiki/Taiwan","/wiki/Rhode_Island","//upload.wikimedia.org/wikipedia/commons/thumb/f/f3/Flag_of_Rhode_Island.svg/21px-Flag_of_Rhode_Island.svg.png","/wiki/Cranston,_Rhode_Island","/wiki/1997_Little_League_World_Series","/wiki/Mexico","//upload.wikimedia.org/wikipedia/commons/thumb/f/fc/Flag_of_Mexico.svg/22px-Flag_of_Mexico.svg.png","/wiki/Guadalupe,_Nuevo_Le%C3%B3n","/wiki/Nuevo_Le%C3%B3n","/wiki/Mexico","/wiki/California","//upload.wikimedia.org/wikipedia/commons/thumb/0/01/Flag_of_California.svg/22px-Flag_of_California.svg.png","/wiki/Mission_Viejo,_California","/wiki/1998_Little_League_World_Series","/wiki/New_Jersey","//upload.wikimedia.org/wikipedia/commons/thumb/9/92/Flag_of_New_Jersey.svg/22px-Flag_of_New_Jersey.svg.png","/wiki/Toms_River,_New_Jersey","/wiki/Japan","//upload.wikimedia.org/wikipedia/en/thumb/9/9e/Flag_of_Japan.svg/22px-Flag_of_Japan.svg.png","/wiki/Kashima,_Ibaraki","/wiki/1999_Little_League_World_Series","/wiki/Japan","//upload.wikimedia.org/wikipedia/en/thumb/9/9e/Flag_of_Japan.svg/22px-Flag_of_Japan.svg.png","/wiki/Hirakata,_Osaka","/wiki/Osaka","/wiki/Alabama","//upload.wikimedia.org/wikipedia/commons/thumb/5/5c/Flag_of_Alabama.svg/22px-Flag_of_Alabama.svg.png","/wiki/Phenix_City,_Alabama","/wiki/2000_Little_League_World_Series","/wiki/Venezuela","//upload.wikimedia.org/wikipedia/commons/thumb/0/06/Flag_of_Venezuela.svg/22px-Flag_of_Venezuela.svg.png","/wiki/Maracaibo","/wiki/Venezuela","/wiki/Texas","//upload.wikimedia.org/wikipedia/commons/thumb/f/f7/Flag_of_Texas.svg/22px-Flag_of_Texas.svg.png","/wiki/Bellaire,_Texas","/wiki/2001_Little_League_World_Series","/wiki/Japan","//upload.wikimedia.org/wikipedia/en/thumb/9/9e/Flag_of_Japan.svg/22px-Flag_of_Japan.svg.png","/wiki/Koto,_Tokyo","/wiki/Florida","//upload.wikimedia.org/wikipedia/commons/thumb/f/f7/Flag_of_Florida.svg/22px-Flag_of_Florida.svg.png","/wiki/Apopka,_Florida","/wiki/2002_Little_League_World_Series","/wiki/Kentucky","//upload.wikimedia.org/wikipedia/commons/thumb/8/8d/Flag_of_Kentucky.svg/22px-Flag_of_Kentucky.svg.png","/wiki/Louisville,_Kentucky","/wiki/Japan","//upload.wikimedia.org/wikipedia/en/thumb/9/9e/Flag_of_Japan.svg/22px-Flag_of_Japan.svg.png","/wiki/Sendai,_Miyagi","/wiki/2003_Little_League_World_Series","/wiki/Japan","//upload.wikimedia.org/wikipedia/en/thumb/9/9e/Flag_of_Japan.svg/22px-Flag_of_Japan.svg.png","/wiki/Fuchu,_Tokyo","/wiki/Florida","//upload.wikimedia.org/wikipedia/commons/thumb/f/f7/Flag_of_Florida.svg/22px-Flag_of_Florida.svg.png","/wiki/Boynton_Beach,_Florida","/wiki/2004_Little_League_World_Series","/wiki/Cura%C3%A7ao","//upload.wikimedia.org/wikipedia/commons/thumb/b/b1/Flag_of_Cura%C3%A7ao.svg/22px-Flag_of_Cura%C3%A7ao.svg.png","/wiki/Willemstad","/wiki/Cura%C3%A7ao","/wiki/California","//upload.wikimedia.org/wikipedia/commons/thumb/0/01/Flag_of_California.svg/22px-Flag_of_California.svg.png","/wiki/Thousand_Oaks,_California","/wiki/2005_Little_League_World_Series","/wiki/Hawaii","//upload.wikimedia.org/wikipedia/commons/thumb/e/ef/Flag_of_Hawaii.svg/22px-Flag_of_Hawaii.svg.png","/wiki/Ewa_Beach,_Hawaii","/wiki/Hawaii","/wiki/Cura%C3%A7ao","//upload.wikimedia.org/wikipedia/commons/thumb/b/b1/Flag_of_Cura%C3%A7ao.svg/22px-Flag_of_Cura%C3%A7ao.svg.png","/wiki/Willemstad","/wiki/Cura%C3%A7ao","/wiki/2006_Little_League_World_Series","/wiki/Georgia_(U.S._state)","//upload.wikimedia.org/wikipedia/commons/thumb/5/54/Flag_of_Georgia_%28U.S._state%29.svg/22px-Flag_of_Georgia_%28U.S._state%29.svg.png","/wiki/Columbus,_Georgia","/wiki/Georgia_(U.S._state)","/wiki/Japan","//upload.wikimedia.org/wikipedia/en/thumb/9/9e/Flag_of_Japan.svg/22px-Flag_of_Japan.svg.png","/wiki/Kawaguchi,_Saitama","/wiki/2007_Little_League_World_Series","/wiki/Georgia_(U.S._state)","//upload.wikimedia.org/wikipedia/commons/thumb/5/54/Flag_of_Georgia_%28U.S._state%29.svg/22px-Flag_of_Georgia_%28U.S._state%29.svg.png","/wiki/Warner_Robins,_Georgia","/wiki/Georgia_(U.S._state)","/wiki/Japan","//upload.wikimedia.org/wikipedia/en/thumb/9/9e/Flag_of_Japan.svg/22px-Flag_of_Japan.svg.png","/wiki/2008_Little_League_World_Series","/wiki/Hawaii","//upload.wikimedia.org/wikipedia/commons/thumb/e/ef/Flag_of_Hawaii.svg/22px-Flag_of_Hawaii.svg.png","/wiki/Waipahu,_Hawaii","/wiki/Hawaii","/wiki/Mexico","//upload.wikimedia.org/wikipedia/commons/thumb/f/fc/Flag_of_Mexico.svg/22px-Flag_of_Mexico.svg.png","/wiki/Matamoros,_Tamaulipas","/wiki/Tamaulipas","/wiki/2009_Little_League_World_Series","/wiki/California","//upload.wikimedia.org/wikipedia/commons/thumb/0/01/Flag_of_California.svg/22px-Flag_of_California.svg.png","/wiki/Chula_Vista,_California","/wiki/California","/wiki/Taiwan","//upload.wikimedia.org/wikipedia/commons/thumb/7/72/Flag_of_the_Republic_of_China.svg/22px-Flag_of_the_Republic_of_China.svg.png","/wiki/Taoyuan_County,_Taiwan","/wiki/Taiwan","/wiki/2010_Little_League_World_Series","/wiki/Japan","//upload.wikimedia.org/wikipedia/en/thumb/9/9e/Flag_of_Japan.svg/22px-Flag_of_Japan.svg.png","/wiki/Edogawa,_Tokyo","/wiki/Hawaii","//upload.wikimedia.org/wikipedia/commons/thumb/e/ef/Flag_of_Hawaii.svg/22px-Flag_of_Hawaii.svg.png","/wiki/Waipahu,_Hawaii","/wiki/Hawaii","/wiki/2011_Little_League_World_Series","/wiki/California","//upload.wikimedia.org/wikipedia/commons/thumb/0/01/Flag_of_California.svg/22px-Flag_of_California.svg.png","/wiki/Huntington_Beach,_California","/wiki/California","/wiki/Japan","//upload.wikimedia.org/wikipedia/en/thumb/9/9e/Flag_of_Japan.svg/22px-Flag_of_Japan.svg.png","/wiki/Hamamatsu_City","/wiki/2012_Little_League_World_Series","/wiki/Japan","//upload.wikimedia.org/wikipedia/en/thumb/9/9e/Flag_of_Japan.svg/22px-Flag_of_Japan.svg.png","/wiki/Koto,_Tokyo","/wiki/Tennessee","//upload.wikimedia.org/wikipedia/commons/thumb/9/9e/Flag_of_Tennessee.svg/22px-Flag_of_Tennessee.svg.png","/wiki/Goodlettsville,_Tennessee","/wiki/Tennessee","/wiki/Mexicali","#cite_note-Mexico-9","/wiki/Calexico,_California","/w/index.php?title=Little_League_World_Series&action=edit&section=4","/w/index.php?title=Little_League_World_Series&action=edit&section=5","/wiki/Taiwan","//upload.wikimedia.org/wikipedia/commons/thumb/7/72/Flag_of_the_Republic_of_China.svg/22px-Flag_of_the_Republic_of_China.svg.png","/wiki/Taiwan","/wiki/1996_Little_League_World_Series","/wiki/Japan","//upload.wikimedia.org/wikipedia/en/thumb/9/9e/Flag_of_Japan.svg/22px-Flag_of_Japan.svg.png","/wiki/Japan","/wiki/2012_Little_League_World_Series","/wiki/California","//upload.wikimedia.org/wikipedia/commons/thumb/0/01/Flag_of_California.svg/22px-Flag_of_California.svg.png","/wiki/California","/wiki/2011_Little_League_World_Series","/wiki/Pennsylvania","//upload.wikimedia.org/wikipedia/commons/thumb/f/f7/Flag_of_Pennsylvania.svg/22px-Flag_of_Pennsylvania.svg.png","/wiki/Pennsylvania","/wiki/1960_Little_League_World_Series","/wiki/Connecticut","//upload.wikimedia.org/wikipedia/commons/thumb/9/96/Flag_of_Connecticut.svg/22px-Flag_of_Connecticut.svg.png","/wiki/Connecticut","/wiki/1989_Little_League_World_Series","/wiki/New_Jersey","//upload.wikimedia.org/wikipedia/commons/thumb/9/92/Flag_of_New_Jersey.svg/22px-Flag_of_New_Jersey.svg.png","/wiki/New_Jersey","/wiki/1998_Little_League_World_Series","/wiki/Mexico","//upload.wikimedia.org/wikipedia/commons/thumb/f/fc/Flag_of_Mexico.svg/22px-Flag_of_Mexico.svg.png","/wiki/Mexico","/wiki/1997_Little_League_World_Series","/wiki/Georgia_(U.S._state)","//upload.wikimedia.org/wikipedia/commons/thumb/5/54/Flag_of_Georgia_%28U.S._state%29.svg/22px-Flag_of_Georgia_%28U.S._state%29.svg.png","/wiki/Georgia_(U.S._state)","/wiki/2007_Little_League_World_Series","/wiki/New_York","//upload.wikimedia.org/wikipedia/commons/thumb/1/1a/Flag_of_New_York.svg/22px-Flag_of_New_York.svg.png","/wiki/New_York","/wiki/1964_Little_League_World_Series","/wiki/Texas","//upload.wikimedia.org/wikipedia/commons/thumb/f/f7/Flag_of_Texas.svg/22px-Flag_of_Texas.svg.png","/wiki/Texas","/wiki/1966_Little_League_World_Series","/wiki/South_Korea","//upload.wikimedia.org/wikipedia/commons/thumb/0/09/Flag_of_South_Korea.svg/22px-Flag_of_South_Korea.svg.png","/wiki/South_Korea","/wiki/1985_Little_League_World_Series","/wiki/Venezuela","//upload.wikimedia.org/wikipedia/commons/thumb/0/06/Flag_of_Venezuela.svg/22px-Flag_of_Venezuela.svg.png","/wiki/Venezuela","/wiki/2000_Little_League_World_Series","/wiki/Hawaii","//upload.wikimedia.org/wikipedia/commons/thumb/e/ef/Flag_of_Hawaii.svg/22px-Flag_of_Hawaii.svg.png","/wiki/Hawaii","/wiki/2008_Little_League_World_Series","/wiki/Alabama","//upload.wikimedia.org/wikipedia/commons/thumb/5/5c/Flag_of_Alabama.svg/22px-Flag_of_Alabama.svg.png","/wiki/Alabama","/wiki/1953_Little_League_World_Series","/wiki/New_Mexico","//upload.wikimedia.org/wikipedia/commons/thumb/c/c3/Flag_of_New_Mexico.svg/22px-Flag_of_New_Mexico.svg.png","/wiki/New_Mexico","/wiki/1956_Little_League_World_Series","/wiki/Michigan","//upload.wikimedia.org/wikipedia/commons/thumb/b/b5/Flag_of_Michigan.svg/22px-Flag_of_Michigan.svg.png","/wiki/Michigan","/wiki/1959_Little_League_World_Series","/wiki/Washington_(state)","//upload.wikimedia.org/wikipedia/commons/thumb/5/54/Flag_of_Washington.svg/22px-Flag_of_Washington.svg.png","/wiki/Washington_(U.S._state)","/wiki/1982_Little_League_World_Series","/wiki/Kentucky","//upload.wikimedia.org/wikipedia/commons/thumb/8/8d/Flag_of_Kentucky.svg/22px-Flag_of_Kentucky.svg.png","/wiki/Kentucky","/wiki/2002_Little_League_World_Series","/wiki/Cura%C3%A7ao","//upload.wikimedia.org/wikipedia/commons/thumb/b/b1/Flag_of_Cura%C3%A7ao.svg/22px-Flag_of_Cura%C3%A7ao.svg.png","/wiki/Cura%C3%A7ao","/wiki/2004_Little_League_World_Series","/w/index.php?title=Little_League_World_Series&action=edit&section=6","#cite_note-10","/wiki/Mexicali","/wiki/Calexico,_California","#cite_note-Mexico-9","/wiki/1992_Little_League_World_Series","/wiki/City_limits","#cite_note-11","/w/index.php?title=Little_League_World_Series&action=edit&section=7","/wiki/Danny_Almonte","/wiki/Jim_Barbieri","/wiki/1966_World_Series","/wiki/1954_Little_League_World_Series","/wiki/Schenectady,_New_York","/wiki/Jason_Bay","/wiki/National_League","/wiki/Rookie_of_the_Year_(award)","/wiki/1990_Little_League_World_Series","/wiki/Trail,_British_Columbia","/wiki/1952_Little_League_World_Series","/wiki/Mooresville,_North_Carolina","/wiki/Larvell_Blanks","/wiki/1962_Little_League_World_Series","/wiki/Del_Rio,_Texas","/wiki/Derek_Bell_(baseball_player)","/wiki/1980_Little_League_World_Series","/wiki/1981_Little_League_World_Series","/wiki/Tampa,_Florida","/wiki/Sean_Burroughs","/wiki/1992_Little_League_World_Series","/wiki/1993_Little_League_World_Series","/wiki/Long_Beach,_California","/wiki/Matt_Cassel","/wiki/NFL","/wiki/Quarterback","/wiki/1994_Little_League_World_Series","/wiki/Northridge,_Los_Angeles","/wiki/Chin-Feng_Chen","/wiki/1990_Little_League_World_Series","/wiki/Tainan_County","/wiki/Jeff_Clement","/wiki/1996_Little_League_World_Series","/wiki/Marshalltown,_Iowa","/wiki/Billy_Connors","/wiki/1954_Little_League_World_Series","/wiki/Schenectady,_New_York","/wiki/Austin_Dillon","/wiki/2011_NASCAR_Camping_World_Truck_Series","/wiki/NASCAR","/wiki/Nationwide_Series","/wiki/2002_Little_League_World_Series","/wiki/Forsyth_County,_North_Carolina","/wiki/Chris_Drury","/wiki/NHL","/wiki/Stanley_Cup","/wiki/Hobey_Baker_Award","/wiki/Calder_Memorial_Trophy","/wiki/1989_Little_League_World_Series","/wiki/Trumbull,_Connecticut","/wiki/Ray_Ferraro","/wiki/1976_Little_League_World_Series","/wiki/Trail,_British_Columbia","/wiki/Todd_Frazier","/wiki/1998_Little_League_World_Series","/wiki/Toms_River,_New_Jersey","/wiki/Jeff_Frazier","/wiki/1995_Little_League_World_Series","/wiki/1996_Little_League_World_Series","/wiki/Toms_River,_New_Jersey","/wiki/1957_Little_League_World_Series","/wiki/Monterrey","/wiki/Gale_Gilbert","/wiki/1974_Little_League_World_Series","/wiki/Red_Bluff,_California","/wiki/Charlie_Hayes","/wiki/1996_World_Series","/wiki/1977_Little_League_World_Series","/wiki/Hattiesburg,_Mississippi","/wiki/Ken_Hubbs","/wiki/Gold_Glove","/wiki/1954_Little_League_World_Series","/wiki/Colton,_California","/wiki/1955_Little_League_World_Series","/wiki/Delaware_Township,_New_Jersey","/wiki/1978_Little_League_World_Series","/wiki/San_Ramon,_California","/wiki/Keith_Lampard","/wiki/1958_Little_League_World_Series","/wiki/Portland,_Oregon","/wiki/Carney_Lansford","/wiki/1988_World_Series","/wiki/1990_World_Series","/wiki/1989_World_Series","/wiki/American_League","/wiki/All_Star","/wiki/Hutch_Award","/wiki/1969_Little_League_World_Series","/wiki/Santa_Clara,_California","/wiki/Vance_Lovelace","/wiki/1975_Little_League_World_Series","/wiki/Tampa,_Florida","/wiki/File:MG_6582_Jason_Marquis.jpg","//upload.wikimedia.org/wikipedia/commons/thumb/3/30/MG_6582_Jason_Marquis.jpg/160px-MG_6582_Jason_Marquis.jpg","/wiki/File:MG_6582_Jason_Marquis.jpg","//bits.wikimedia.org/static-1.21wmf11/skins/common/images/magnify-clip.png","/wiki/Jason_Marquis","/wiki/Jason_Marquis","/wiki/Silver_Slugger","/wiki/2006_World_Series","/wiki/1991_Little_League_World_Series","/wiki/Staten_Island","/wiki/Stephane_Matteau","/wiki/Stanley_Cup","/wiki/1982_Little_League_World_Series","/wiki/Rouyn-Noranda","/wiki/Lloyd_McClendon","/wiki/1971_Little_League_World_Series","/wiki/Gary,_Indiana","/wiki/Lastings_Milledge","/wiki/1997_Little_League_World_Series","/wiki/Bradenton,_Florida","/wiki/Bobby_Mitchell_(1980s_outfielder)","/wiki/1967_Little_League_World_Series","/wiki/Northridge,_California","/wiki/Jim_Pankovits","/wiki/1968_Little_League_World_Series","/wiki/Richmond,_Virginia","/wiki/Marc_Pisciotta","/wiki/1983_Little_League_World_Series","/wiki/Marietta,_Georgia","/wiki/Boog_Powell","/wiki/1969_World_Series","/wiki/1971_World_Series","/wiki/1966_World_Series","/wiki/1970_World_Series","/wiki/1954_Little_League_World_Series","/wiki/Lakeland,_Florida","/wiki/Jurickson_Profar","/wiki/2004_Little_League_World_Series","/wiki/2005_Little_League_World_Series","/wiki/Willemstad","/wiki/Cura%C3%A7ao","/wiki/Guillermo_Quir%C3%B3z","/wiki/1994_Little_League_World_Series","/wiki/Maracaibo","/wiki/Colby_Rasmus","/wiki/1999_Little_League_World_Series","/wiki/Phenix_City,_Alabama","/wiki/Turk_Schonert","/wiki/Buffalo_Bills","/wiki/1968_Little_League_World_Series","/wiki/Garden_Grove,_California","/wiki/Gary_Sheffield","/wiki/1997_World_Series","/wiki/Silver_Slugger","/wiki/1980_Little_League_World_Series","/wiki/Tampa,_Florida","/wiki/Brian_Sipe","/wiki/1961_Little_League_World_Series","/wiki/El_Cajon,_California","/wiki/Carl_Taylor_(baseball)","/wiki/1954_Little_League_World_Series","/wiki/Lakeland,_Florida","/wiki/H%C3%A9ctor_Torres","/wiki/1958_Little_League_World_Series","/wiki/Monterrey","/wiki/George_Tsamis","/wiki/1979_Little_League_World_Series","/wiki/Campbell,_California","/wiki/Pierre_Turgeon","/wiki/1982_Little_League_World_Series","/wiki/Rouyn-Noranda","/wiki/Jason_Varitek","/wiki/1994_College_World_Series","/wiki/2004_World_Series","/wiki/2007_World_Series","/wiki/1984_Little_League_World_Series","/wiki/Altamonte_Springs,_Florida","/wiki/Dave_Veres","/wiki/1978_Little_League_World_Series","/wiki/Torrej%C3%B3n_Air_Base","/wiki/Ed_Vosberg","/wiki/1980_College_World_Series","/wiki/1997_World_Series","/wiki/1973_Little_League_World_Series","/wiki/Tucson,_Arizona","/wiki/Krissy_Wendell","/wiki/1994_Little_League_World_Series","/wiki/Brooklyn_Park,_Minnesota","/wiki/Dan_Wilson_(baseball_player)","/wiki/1981_Little_League_World_Series","/wiki/Barrington,_Illinois","/wiki/Rick_Wise","/wiki/1975_World_Series","/wiki/1958_Little_League_World_Series","/wiki/Portland,_Oregon","/wiki/Lance_Lynn","/wiki/1999_Little_League_World_Series","/w/index.php?title=Little_League_World_Series&action=edit&section=8","/wiki/Little_League_World_Series_on_television","/wiki/List_of_Little_League_World_Series_Championship_Game_broadcasters","/wiki/Television","/wiki/ESPN_on_ABC","/wiki/1963_Little_League_World_Series","/wiki/American_Broadcasting_Company","/wiki/ESPN","/wiki/ESPN2","/wiki/2006_Little_League_World_Series","#cite_note-12","/wiki/ESPN3","#cite_note-13","/wiki/High-definition_TV","/wiki/ESPNHD","/wiki/ESPN2HD","/wiki/American_Broadcasting_Company","/wiki/ESPNU","/wiki/ESPN_3D","#cite_note-14","/wiki/WRAK_(AM)","/wiki/Clear_Channel_Communications","http://www.littleleague.org/series/2007divisions/llbb/series.htm","/w/index.php?title=Little_League_World_Series&action=edit&section=9","/wiki/Little_League_Baseball","/wiki/South_Williamsport,_Pennsylvania","/wiki/Junior_League_Baseball","/wiki/Taylor,_Michigan","/wiki/Junior_League_World_Series","/wiki/Junior,_Senior_%26_Big_League_Baseball","/wiki/Bangor,_Maine","/wiki/Senior_League_World_Series","/wiki/Junior,_Senior_%26_Big_League_Baseball","/wiki/Easley,_South_Carolina","/wiki/Big_League_World_Series","/wiki/Portland,_Oregon","/wiki/Kirkland,_Washington","/wiki/Junior_League_World_Series_(softball)","/wiki/Sussex_County,_Delaware","/wiki/Kalamazoo,_Michigan","/w/index.php?title=Little_League_World_Series&action=edit&section=10","/wiki/List_of_Little_League_World_Series_broadcasters","/wiki/Little_League_World_Series_on_television","/wiki/Little_League_World_Series_Baseball_2008","/wiki/Mexico_in_the_Little_League_World_Series","/wiki/Danny_Almonte","/wiki/2001_in_baseball","/wiki/Amateur_baseball_in_the_United_States","/wiki/List_of_organized_baseball_leagues","/wiki/Baseball_awards#World","/wiki/Baseball_awards#U.S._youth_baseball","/w/index.php?title=Little_League_World_Series&action=edit&section=11","//upload.wikimedia.org/wikipedia/en/thumb/4/4a/Commons-logo.svg/30px-Commons-logo.svg.png","//commons.wikimedia.org/wiki/Category:Little_League_World_Series","#cite_ref-1","http://www.littleleague.org/learn/about/worldserieshistory.htm","#cite_ref-2","http://www.littleleague.org/series/history/statechamp/index.htm","#cite_ref-3","http://www.littleleague.org/media/newsarchive/2010/Jan-Apr/FormatChangeToLLBBWSFor2010.htm","#cite_ref-4","http://www.littleleague.org/media/newsarchive/2011/May-Aug/2011LLBBWSScheduleAnnounced.htm","http://www.littleleague.org/media/newsarchive/2011/May-Aug/2011LLBBWSScheduleAnnounced.htm","#cite_ref-5","http://www.littleleague.org/AssetFactory.aspx?vid=168487","http://www.littleleague.org/AssetFactory.aspx?vid=168487","#cite_ref-6","http://www.eteamz.com/llbeurope/","#cite_ref-7","http://www.littleleague.org/media/newsarchive/2012/May-Aug/RegionsRealignedfor2013WS.htm","http://www.littleleague.org/media/newsarchive/2012/May-Aug/RegionsRealignedfor2013WS.htm","#cite_ref-8","http://www.littleleague.org/media/2009llbbseriesinfo.htm","#cite_ref-Mexico_9-0","#cite_ref-Mexico_9-1","/wiki/Mexico_in_the_Little_League_World_Series","#cite_ref-10","http://www.rauzulusstreet.com/features/littleleagueworldseries.html","#cite_ref-11","#cite_ref-12","http://www.latimes.com/sports/custom/extras/la-spw-tvcol5jan05,1,6528696.column?page=2&coll=la-sports-extras","/wiki/Wikipedia:Link_rot","#cite_ref-13","http://www.littleleague.org/media/tv_lineup_07.asp","#cite_ref-14","http://www.littleleague.org/media/newsarchive/2011/May-Aug/ESPN3DAddsLittleLeagueWorldSeriesGamestoitsBroadcastSchedule.htm","http://www.littleleague.org/media/newsarchive/2011/May-Aug/ESPN3DAddsLittleLeagueWorldSeriesGamestoitsBroadcastSchedule.htm","/w/index.php?title=Little_League_World_Series&action=edit&section=12","http://www.littleleague.org","http://www.littleleague.org/museum/","http://www.unpage.org/shared/un-genin.htm","/wiki/Template:Little_League_World_Series","/wiki/Template_talk:Little_League_World_Series","//en.wikipedia.org/w/index.php?title=Template:Little_League_World_Series&action=edit","/wiki/List_of_Little_League_World_Series_Championship_Game_broadcasters","/wiki/1947_Little_League_World_Series","/wiki/1948_Little_League_World_Series","/wiki/1949_Little_League_World_Series","/wiki/1950_Little_League_World_Series","/wiki/1951_Little_League_World_Series","/wiki/1952_Little_League_World_Series","/wiki/1953_Little_League_World_Series","/wiki/1954_Little_League_World_Series","/wiki/1955_Little_League_World_Series","/wiki/1956_Little_League_World_Series","/wiki/1957_Little_League_World_Series","/wiki/1958_Little_League_World_Series","/wiki/1959_Little_League_World_Series","/wiki/1960_Little_League_World_Series","/wiki/1961_Little_League_World_Series","/wiki/1962_Little_League_World_Series","/wiki/1963_Little_League_World_Series","/wiki/1964_Little_League_World_Series","/wiki/1965_Little_League_World_Series","/wiki/1966_Little_League_World_Series","/wiki/1967_Little_League_World_Series","/wiki/1968_Little_League_World_Series","/wiki/1969_Little_League_World_Series","/wiki/1970_Little_League_World_Series","/wiki/1971_Little_League_World_Series","/wiki/1972_Little_League_World_Series","/wiki/1973_Little_League_World_Series","/wiki/1974_Little_League_World_Series","/wiki/1975_Little_League_World_Series","/wiki/1976_Little_League_World_Series","/wiki/1977_Little_League_World_Series","/wiki/1978_Little_League_World_Series","/wiki/1979_Little_League_World_Series","/wiki/1980_Little_League_World_Series","/wiki/1981_Little_League_World_Series","/wiki/1982_Little_League_World_Series","/wiki/1983_Little_League_World_Series","/wiki/1984_Little_League_World_Series","/wiki/1985_Little_League_World_Series","/wiki/1986_Little_League_World_Series","/wiki/1987_Little_League_World_Series","/wiki/1988_Little_League_World_Series","/wiki/1989_Little_League_World_Series","/wiki/1990_Little_League_World_Series","/wiki/1991_Little_League_World_Series","/wiki/1992_Little_League_World_Series","/wiki/1993_Little_League_World_Series","/wiki/1994_Little_League_World_Series","/wiki/1995_Little_League_World_Series","/wiki/1996_Little_League_World_Series","/wiki/1997_Little_League_World_Series","/wiki/1998_Little_League_World_Series","/wiki/1999_Little_League_World_Series","/wiki/2000_Little_League_World_Series","/wiki/2001_Little_League_World_Series","/wiki/2002_Little_League_World_Series","/wiki/2003_Little_League_World_Series","/wiki/2004_Little_League_World_Series","/wiki/2005_Little_League_World_Series","/wiki/2006_Little_League_World_Series","/wiki/2007_Little_League_World_Series","/wiki/2008_Little_League_World_Series","/wiki/2009_Little_League_World_Series","/wiki/2010_Little_League_World_Series","/wiki/2011_Little_League_World_Series","/wiki/2012_Little_League_World_Series","/wiki/2013_Little_League_World_Series","/wiki/2005_Little_League_World_Series_results","/wiki/2006_Little_League_World_Series_results","/wiki/2007_Little_League_World_Series_results","/wiki/2008_Little_League_World_Series_results","/wiki/2009_Little_League_World_Series_results","/wiki/2010_Little_League_World_Series_results","/wiki/2011_Little_League_World_Series_results","/wiki/2012_Little_League_World_Series_results","/wiki/2004_Little_League_World_Series_qualification","/wiki/2005_Little_League_World_Series_qualification","/wiki/2006_Little_League_World_Series_qualification","/wiki/2007_Little_League_World_Series_qualification","/wiki/2008_Little_League_World_Series_qualification","/wiki/2009_Little_League_World_Series_qualification","/wiki/2010_Little_League_World_Series_qualification","/wiki/2011_Little_League_World_Series_qualification","/wiki/2012_Little_League_World_Series_qualification","/wiki/List_of_Little_League_World_Series_appearances_by_U.S._state","/wiki/Little_League_World_Series_(Great_Lakes_Region)","/wiki/Little_League_World_Series_(Mid-Atlantic_Region)","/wiki/Little_League_World_Series_(Midwest_Region)","/wiki/Little_League_World_Series_(New_England_Region)","/wiki/Little_League_World_Series_(Northwest_Region)","/wiki/Little_League_World_Series_(Southeast_Region)","/wiki/Little_League_World_Series_(Southwest_Region)","/wiki/Little_League_World_Series_(West_Region)","/wiki/List_of_Little_League_World_Series_appearances_by_country","/wiki/Little_League_World_Series_(Asia-Pacific_and_Middle_East_Region)","/w/index.php?title=Little_League_World_Series_in_Australia&action=edit&redlink=1","/wiki/Little_League_World_Series_in_Canada","/wiki/Little_League_World_Series_(Caribbean_Region)","/wiki/Little_League_World_Series_in_Europe","/wiki/Little_League_World_Series_in_Japan","/wiki/Little_League_World_Series_in_Latin_America","/wiki/Little_League_World_Series_in_Mexico","/wiki/Little_League_World_Series_(Middle_East-Africa_Region)","/wiki/Howard_J._Lamade_Stadium","/wiki/Little_League_Volunteer_Stadium","/wiki/Template:Little_League","/wiki/Template_talk:Little_League","//en.wikipedia.org/w/index.php?title=Template:Little_League&action=edit","/wiki/Little_League_Baseball","/wiki/Little_League_Baseball","/wiki/Junior,_Senior_%26_Big_League_Baseball","/wiki/Junior,_Senior_%26_Big_League_Baseball","/wiki/Junior,_Senior_%26_Big_League_Baseball","/w/index.php?title=Little_League_Softball_(girls)&action=edit&redlink=1","/w/index.php?title=Junior_League_Softball_(girls)&action=edit&redlink=1","/w/index.php?title=Senior_League_Softball_(girls)&action=edit&redlink=1","/w/index.php?title=Big_League_Softball_(girls)&action=edit&redlink=1","/w/index.php?title=Little_League_Softball_(boys)&action=edit&redlink=1","/w/index.php?title=Senior_League_Softball_(boys)&action=edit&redlink=1","/w/index.php?title=Big_League_Softball_(boys)&action=edit&redlink=1","/wiki/Little_League_World_Series_(Great_Lakes_Region)","/wiki/Little_League_World_Series_(Midwest_Region)","/wiki/Little_League_World_Series_(Mid-Atlantic_Region)","/wiki/Little_League_World_Series_(New_England_Region)","/wiki/Little_League_World_Series_(Southeast_Region)","/wiki/Little_League_World_Series_(Southwest_Region)","/wiki/Little_League_World_Series_(Northwest_Region)","/wiki/Little_League_World_Series_(West_Region)","/wiki/Little_League_World_Series_(Asia-Pacific_Region)","/wiki/Little_League_World_Series_in_Japan","/wiki/Little_League_World_Series_(Caribbean_Region)","/wiki/Little_League_World_Series_in_Latin_America","/wiki/Little_League_World_Series_in_Mexico","/wiki/Little_League_World_Series_in_Canada","/wiki/Little_League_World_Series_in_Europe","/wiki/Little_League_World_Series_(Middle_East-Africa_Region)","/wiki/Junior_League_World_Series","/wiki/Senior_League_World_Series","/wiki/Big_League_World_Series","/w/index.php?title=Little_League_World_Series_(girls_softball)&action=edit&redlink=1","/wiki/Junior_League_World_Series_(softball)","/w/index.php?title=Senior_League_World_Series_(girls_softball)&action=edit&redlink=1","/w/index.php?title=Big_League_World_Series_(girls_softball)&action=edit&redlink=1","/w/index.php?title=Little_League_World_Series_(boys_softball)&action=edit&redlink=1","/w/index.php?title=Senior_League_World_Series_(boys_softball)&action=edit&redlink=1","/w/index.php?title=Big_League_World_Series_(boys_softball)&action=edit&redlink=1","/wiki/File:Little_League_Baseball_Map.png","//upload.wikimedia.org/wikipedia/commons/thumb/e/ea/Little_League_Baseball_Map.png/280px-Little_League_Baseball_Map.png","/wiki/Carl_Stotz","/wiki/Little_League_Baseball#Awards","/wiki/Peter_J._McGovern_Little_League_Museum","/wiki/Little_League_World_Series_Baseball","/wiki/Mickey_(2004_film)","/wiki/Danny_Almonte","/wiki/Aaron_Durley","/wiki/Carolyn_King","/wiki/Maria_Pepe","/wiki/Little_League_Elbow","/wiki/White_House_Tee_Ball_Initiative","http://en.wikipedia.org/w/index.php?title=Little_League_World_Series&oldid=546573381","/wiki/Help:Categories","/wiki/Category:Little_League_World_Series","/wiki/Category:Baseball_playoffs_and_champions","/wiki/Category:International_baseball","/wiki/Category:Baseball_in_Pennsylvania","/wiki/Category:Baseball_in_Williamsport,_Pennsylvania","/wiki/Category:1947_in_baseball","/wiki/Category:Recurring_sporting_events_established_in_1947","/wiki/Category:Visitor_attractions_in_Lycoming_County,_Pennsylvania","/wiki/Category:Pages_with_citations_lacking_titles","/wiki/Category:Pages_with_citations_having_bare_URLs","/wiki/Category:All_articles_with_dead_external_links","/wiki/Category:Articles_with_dead_external_links_from_June_2012","/w/index.php?title=Special:UserLogin&returnto=Little+League+World+Series&type=signup","/w/index.php?title=Special:UserLogin&returnto=Little+League+World+Series","/wiki/Little_League_World_Series","/wiki/Talk:Little_League_World_Series","#","/wiki/Little_League_World_Series","/w/index.php?title=Little_League_World_Series&action=edit","/w/index.php?title=Little_League_World_Series&action=history","#","/w/index.php","//bits.wikimedia.org/static-1.21wmf11/skins/vector/images/search-ltr.png?303-4","/wiki/Main_Page","/wiki/Main_Page","/wiki/Portal:Contents","/wiki/Portal:Featured_content","/wiki/Portal:Current_events","/wiki/Special:Random","//donate.wikimedia.org/wiki/Special:FundraiserRedirector?utm_source=donate&utm_medium=sidebar&utm_campaign=C13_en.wikipedia.org&uselang=en","/wiki/Help:Contents","/wiki/Wikipedia:About","/wiki/Wikipedia:Community_portal","/wiki/Special:RecentChanges","/wiki/Wikipedia:Contact_us","/wiki/Special:WhatLinksHere/Little_League_World_Series","/wiki/Special:RecentChangesLinked/Little_League_World_Series","/wiki/Wikipedia:File_Upload_Wizard","/wiki/Special:SpecialPages","/w/index.php?title=Little_League_World_Series&oldid=546573381","/w/index.php?title=Little_League_World_Series&action=info","/w/index.php?title=Special:Cite&page=Little_League_World_Series&id=546573381","/w/index.php?title=Special:Book&bookcmd=book_creator&referer=Little+League+World+Series","/w/index.php?title=Special:Book&bookcmd=render_article&arttitle=Little+League+World+Series&oldid=546573381&writer=rl","/w/index.php?title=Little_League_World_Series&printable=yes","//de.wikipedia.org/wiki/Little_League_World_Series","//ja.wikipedia.org/wiki/%E3%83%AA%E3%83%88%E3%83%AB%E3%83%AA%E3%83%BC%E3%82%B0%E3%83%BB%E3%83%AF%E3%83%BC%E3%83%AB%E3%83%89%E3%82%B7%E3%83%AA%E3%83%BC%E3%82%BA","//pt.wikipedia.org/wiki/Little_League_World_Series","//zh.wikipedia.org/wiki/%E4%B8%96%E7%95%8C%E5%B0%91%E6%A3%92%E5%A4%A7%E8%B3%BD","//www.wikidata.org/wiki/Special:ItemByTitle/enwiki/Little League World Series","//en.wikipedia.org/wiki/Wikipedia:Text_of_Creative_Commons_Attribution-ShareAlike_3.0_Unported_License","//creativecommons.org/licenses/by-sa/3.0/","//wikimediafoundation.org/wiki/Terms_of_Use","//www.wikimediafoundation.org/","//en.wikipedia.org/wiki/Wikipedia:Contact_us","//wikimediafoundation.org/wiki/Privacy_policy","/wiki/Wikipedia:About","/wiki/Wikipedia:General_disclaimer","http://en.m.wikipedia.org/wiki/Little_League_World_Series","//wikimediafoundation.org/","//bits.wikimedia.org/images/wikimedia-button.png","//www.mediawiki.org/","//bits.wikimedia.org/static-1.21wmf11/skins/common/images/poweredby_mediawiki_88x31.png","//bits.wikimedia.org/en.wikipedia.org/load.php?debug=false&lang=en&modules=skins.vector&only=scripts&skin=vector&*","/w/index.php?title=MediaWiki:Gadget-ReferenceTooltips.js&action=raw&ctype=text/javascript&508635914","//bits.wikimedia.org/en.wikipedia.org/load.php?debug=false&lang=en&modules=site&only=scripts&skin=vector&*"],"instances":["little_league_world_series","baseball_player","little_league_world_series","little_league_world_series","city","little_league_world_series","geography","softball","baseball","1980s_outfielder","texas","texas","baseball_player","little_league_world_series","am","award"],"pdf":[],"categories":["Little League World Series|","Baseball playoffs and champions","International baseball","Baseball in Pennsylvania","Baseball in Williamsport, Pennsylvania","1947 in baseball","Recurring sporting events established in 1947","Visitor attractions in Lycoming County, Pennsylvania"],"headings":["Qualifying tournaments","Venues","Little League World Series champions","Championship tally","Championship notes","Famous participants in Little League World Series","Media coverage","Other divisions in Little League Baseball","See also","References","External links"],"image":["//upload.wikimedia.org/wikipedia/en/thumb/9/9e/Flag_of_Japan.svg/22px-Flag_of_Japan.svg.png","//upload.wikimedia.org/wikipedia/commons/thumb/7/72/Flag_of_the_Republic_of_China.svg/22px-Flag_of_the_Republic_of_China.svg.png","//upload.wikimedia.org/wikipedia/commons/thumb/6/66/Little_League_World_Series_and_Lamade_Stadium.JPG/400px-Little_League_World_Series_and_Lamade_Stadium.JPG","//bits.wikimedia.org/static-1.21wmf11/skins/common/images/magnify-clip.png","//upload.wikimedia.org/wikipedia/commons/thumb/7/79/Little_League_World_Series_Welcome_Sign_crop.JPG/220px-Little_League_World_Series_Welcome_Sign_crop.JPG","//bits.wikimedia.org/static-1.21wmf11/skins/common/images/magnify-clip.png","//upload.wikimedia.org/wikipedia/commons/thumb/4/48/Little_League_World_Series_Game_2_crop.JPG/220px-Little_League_World_Series_Game_2_crop.JPG","//bits.wikimedia.org/static-1.21wmf11/skins/common/images/magnify-clip.png","//upload.wikimedia.org/wikipedia/commons/thumb/f/f7/Flag_of_Pennsylvania.svg/22px-Flag_of_Pennsylvania.svg.png","//upload.wikimedia.org/wikipedia/commons/thumb/f/f7/Flag_of_Pennsylvania.svg/22px-Flag_of_Pennsylvania.svg.png","//upload.wikimedia.org/wikipedia/commons/thumb/f/f7/Flag_of_Pennsylvania.svg/22px-Flag_of_Pennsylvania.svg.png","//upload.wikimedia.org/wikipedia/commons/thumb/f/f7/Flag_of_Florida.svg/22px-Flag_of_Florida.svg.png","//upload.wikimedia.org/wikipedia/commons/thumb/9/92/Flag_of_New_Jersey.svg/22px-Flag_of_New_Jersey.svg.png","//upload.wikimedia.org/wikipedia/commons/thumb/f/f7/Flag_of_Florida.svg/22px-Flag_of_Florida.svg.png","//upload.wikimedia.org/wikipedia/commons/thumb/f/f7/Flag_of_Texas.svg/22px-Flag_of_Texas.svg.png","//upload.wikimedia.org/wikipedia/commons/thumb/9/96/Flag_of_Connecticut.svg/22px-Flag_of_Connecticut.svg.png","//upload.wikimedia.org/wikipedia/commons/thumb/9/96/Flag_of_Connecticut.svg/22px-Flag_of_Connecticut.svg.png","//upload.wikimedia.org/wikipedia/commons/thumb/f/f7/Flag_of_Texas.svg/22px-Flag_of_Texas.svg.png","//upload.wikimedia.org/wikipedia/commons/thumb/9/96/Flag_of_Connecticut.svg/22px-Flag_of_Connecticut.svg.png","//upload.wikimedia.org/wikipedia/commons/thumb/f/f7/Flag_of_Pennsylvania.svg/22px-Flag_of_Pennsylvania.svg.png","//upload.wikimedia.org/wikipedia/commons/thumb/5/5c/Flag_of_Alabama.svg/22px-Flag_of_Alabama.svg.png","//upload.wikimedia.org/wikipedia/commons/thumb/1/1a/Flag_of_New_York.svg/22px-Flag_of_New_York.svg.png","//upload.wikimedia.org/wikipedia/commons/thumb/1/1a/Flag_of_New_York.svg/22px-Flag_of_New_York.svg.png","//upload.wikimedia.org/wikipedia/commons/thumb/0/01/Flag_of_California.svg/22px-Flag_of_California.svg.png","//upload.wikimedia.org/wikipedia/commons/thumb/f/f7/Flag_of_Pennsylvania.svg/22px-Flag_of_Pennsylvania.svg.png","//upload.wikimedia.org/wikipedia/commons/thumb/9/92/Flag_of_New_Jersey.svg/22px-Flag_of_New_Jersey.svg.png","//upload.wikimedia.org/wikipedia/commons/thumb/c/c3/Flag_of_New_Mexico.svg/22px-Flag_of_New_Mexico.svg.png","//upload.wikimedia.org/wikipedia/commons/thumb/9/92/Flag_of_New_Jersey.svg/22px-Flag_of_New_Jersey.svg.png","//upload.wikimedia.org/wikipedia/commons/thumb/f/fc/Flag_of_Mexico.svg/22px-Flag_of_Mexico.svg.png","//upload.wikimedia.org/wikipedia/commons/thumb/0/01/Flag_of_California.svg/22px-Flag_of_California.svg.png","//upload.wikimedia.org/wikipedia/commons/thumb/f/fc/Flag_of_Mexico.svg/22px-Flag_of_Mexico.svg.png","//upload.wikimedia.org/wikipedia/commons/thumb/0/01/Flag_of_Illinois.svg/22px-Flag_of_Illinois.svg.png","//upload.wikimedia.org/wikipedia/commons/thumb/b/b5/Flag_of_Michigan.svg/22px-Flag_of_Michigan.svg.png","//upload.wikimedia.org/wikipedia/commons/thumb/0/01/Flag_of_California.svg/22px-Flag_of_California.svg.png","//upload.wikimedia.org/wikipedia/commons/thumb/f/f7/Flag_of_Pennsylvania.svg/22px-Flag_of_Pennsylvania.svg.png","//upload.wikimedia.org/wikipedia/commons/thumb/f/f7/Flag_of_Texas.svg/22px-Flag_of_Texas.svg.png","//upload.wikimedia.org/wikipedia/commons/thumb/0/01/Flag_of_California.svg/22px-Flag_of_California.svg.png","//upload.wikimedia.org/wikipedia/commons/thumb/f/f7/Flag_of_Texas.svg/22px-Flag_of_Texas.svg.png","//upload.wikimedia.org/wikipedia/commons/thumb/0/01/Flag_of_California.svg/22px-Flag_of_California.svg.png","//upload.wikimedia.org/wikipedia/commons/thumb/0/01/Flag_of_Illinois.svg/22px-Flag_of_Illinois.svg.png","//upload.wikimedia.org/wikipedia/commons/thumb/0/01/Flag_of_California.svg/22px-Flag_of_California.svg.png","//upload.wikimedia.org/wikipedia/commons/thumb/9/96/Flag_of_Connecticut.svg/22px-Flag_of_Connecticut.svg.png","//upload.wikimedia.org/wikipedia/commons/thumb/1/1a/Flag_of_New_York.svg/22px-Flag_of_New_York.svg.png","//upload.wikimedia.org/wikipedia/commons/thumb/f/fc/Flag_of_Mexico.svg/22px-Flag_of_Mexico.svg.png","//upload.wikimedia.org/wikipedia/commons/thumb/9/96/Flag_of_Connecticut.svg/22px-Flag_of_Connecticut.svg.png","//upload.wikimedia.org/wikipedia/en/thumb/c/cf/Flag_of_Canada.svg/22px-Flag_of_Canada.svg.png","//upload.wikimedia.org/wikipedia/commons/thumb/f/f7/Flag_of_Texas.svg/22px-Flag_of_Texas.svg.png","//upload.wikimedia.org/wikipedia/commons/thumb/9/92/Flag_of_New_Jersey.svg/22px-Flag_of_New_Jersey.svg.png","//upload.wikimedia.org/wikipedia/en/thumb/9/9e/Flag_of_Japan.svg/22px-Flag_of_Japan.svg.png","//upload.wikimedia.org/wikipedia/commons/thumb/0/01/Flag_of_Illinois.svg/22px-Flag_of_Illinois.svg.png","//upload.wikimedia.org/wikipedia/en/thumb/9/9e/Flag_of_Japan.svg/22px-Flag_of_Japan.svg.png","//upload.wikimedia.org/wikipedia/commons/thumb/4/47/Flag_of_Virginia.svg/22px-Flag_of_Virginia.svg.png","//upload.wikimedia.org/wikipedia/commons/thumb/7/72/Flag_of_the_Republic_of_China.svg/22px-Flag_of_the_Republic_of_China.svg.png","//upload.wikimedia.org/wikipedia/commons/thumb/0/01/Flag_of_California.svg/22px-Flag_of_California.svg.png","//upload.wikimedia.org/wikipedia/commons/thumb/9/92/Flag_of_New_Jersey.svg/22px-Flag_of_New_Jersey.svg.png","//upload.wikimedia.org/wikipedia/commons/thumb/0/01/Flag_of_California.svg/22px-Flag_of_California.svg.png","//upload.wikimedia.org/wikipedia/commons/thumb/7/72/Flag_of_the_Republic_of_China.svg/22px-Flag_of_the_Republic_of_China.svg.png","//upload.wikimedia.org/wikipedia/commons/thumb/a/ac/Flag_of_Indiana.svg/22px-Flag_of_Indiana.svg.png","//upload.wikimedia.org/wikipedia/commons/thumb/7/72/Flag_of_the_Republic_of_China.svg/22px-Flag_of_the_Republic_of_China.svg.png","//upload.wikimedia.org/wikipedia/commons/thumb/a/ac/Flag_of_Indiana.svg/22px-Flag_of_Indiana.svg.png","//upload.wikimedia.org/wikipedia/commons/thumb/7/72/Flag_of_the_Republic_of_China.svg/22px-Flag_of_the_Republic_of_China.svg.png","//upload.wikimedia.org/wikipedia/commons/thumb/9/9d/Flag_of_Arizona.svg/22px-Flag_of_Arizona.svg.png","//upload.wikimedia.org/wikipedia/commons/thumb/7/72/Flag_of_the_Republic_of_China.svg/22px-Flag_of_the_Republic_of_China.svg.png","//upload.wikimedia.org/wikipedia/commons/thumb/0/01/Flag_of_California.svg/22px-Flag_of_California.svg.png","//upload.wikimedia.org/wikipedia/commons/thumb/9/92/Flag_of_New_Jersey.svg/22px-Flag_of_New_Jersey.svg.png","//upload.wikimedia.org/wikipedia/commons/thumb/f/f7/Flag_of_Florida.svg/22px-Flag_of_Florida.svg.png","//upload.wikimedia.org/wikipedia/en/thumb/9/9e/Flag_of_Japan.svg/22px-Flag_of_Japan.svg.png","//upload.wikimedia.org/wikipedia/commons/thumb/0/01/Flag_of_California.svg/22px-Flag_of_California.svg.png","//upload.wikimedia.org/wikipedia/commons/thumb/7/72/Flag_of_the_Republic_of_China.svg/22px-Flag_of_the_Republic_of_China.svg.png","//upload.wikimedia.org/wikipedia/commons/thumb/0/01/Flag_of_California.svg/22px-Flag_of_California.svg.png","//upload.wikimedia.org/wikipedia/commons/thumb/7/72/Flag_of_the_Republic_of_China.svg/22px-Flag_of_the_Republic_of_China.svg.png","//upload.wikimedia.org/wikipedia/commons/thumb/0/01/Flag_of_California.svg/22px-Flag_of_California.svg.png","//upload.wikimedia.org/wikipedia/commons/thumb/7/72/Flag_of_the_Republic_of_China.svg/22px-Flag_of_the_Republic_of_China.svg.png","//upload.wikimedia.org/wikipedia/commons/thumb/0/01/Flag_of_California.svg/22px-Flag_of_California.svg.png","//upload.wikimedia.org/wikipedia/commons/thumb/7/72/Flag_of_the_Republic_of_China.svg/22px-Flag_of_the_Republic_of_China.svg.png","//upload.wikimedia.org/wikipedia/commons/thumb/f/f7/Flag_of_Florida.svg/22px-Flag_of_Florida.svg.png","//upload.wikimedia.org/wikipedia/commons/thumb/7/72/Flag_of_the_Republic_of_China.svg/22px-Flag_of_the_Republic_of_China.svg.png","//upload.wikimedia.org/wikipedia/commons/thumb/f/f7/Flag_of_Florida.svg/22px-Flag_of_Florida.svg.png","//upload.wikimedia.org/wikipedia/commons/thumb/5/54/Flag_of_Washington.svg/22px-Flag_of_Washington.svg.png","//upload.wikimedia.org/wikipedia/commons/thumb/7/72/Flag_of_the_Republic_of_China.svg/22px-Flag_of_the_Republic_of_China.svg.png","//upload.wikimedia.org/wikipedia/commons/thumb/8/84/Flag_of_the_State_of_Georgia_%281956-2001%29.svg/22px-Flag_of_the_State_of_Georgia_%281956-2001%29.svg.png","//upload.wikimedia.org/wikipedia/commons/thumb/9/9f/Flag_of_the_Dominican_Republic.svg/22px-Flag_of_the_Dominican_Republic.svg.png","//upload.wikimedia.org/wikipedia/commons/thumb/0/09/Flag_of_South_Korea.svg/22px-Flag_of_South_Korea.svg.png","//upload.wikimedia.org/wikipedia/commons/thumb/f/f7/Flag_of_Florida.svg/22px-Flag_of_Florida.svg.png","//upload.wikimedia.org/wikipedia/commons/thumb/0/09/Flag_of_South_Korea.svg/22px-Flag_of_South_Korea.svg.png","//upload.wikimedia.org/wikipedia/commons/thumb/0/01/Flag_of_California.svg/22px-Flag_of_California.svg.png","//upload.wikimedia.org/wikipedia/commons/thumb/7/72/Flag_of_the_Republic_of_China.svg/22px-Flag_of_the_Republic_of_China.svg.png","//upload.wikimedia.org/wikipedia/commons/thumb/9/9d/Flag_of_Arizona.svg/22px-Flag_of_Arizona.svg.png","//upload.wikimedia.org/wikipedia/commons/thumb/7/72/Flag_of_the_Republic_of_China.svg/22px-Flag_of_the_Republic_of_China.svg.png","//upload.wikimedia.org/wikipedia/commons/thumb/0/01/Flag_of_California.svg/22px-Flag_of_California.svg.png","//upload.wikimedia.org/wikipedia/commons/thumb/7/72/Flag_of_the_Republic_of_China.svg/22px-Flag_of_the_Republic_of_China.svg.png","//upload.wikimedia.org/wikipedia/commons/thumb/e/ef/Flag_of_Hawaii.svg/22px-Flag_of_Hawaii.svg.png","//upload.wikimedia.org/wikipedia/commons/thumb/9/96/Flag_of_Connecticut.svg/22px-Flag_of_Connecticut.svg.png","//upload.wikimedia.org/wikipedia/commons/thumb/7/72/Flag_of_the_Republic_of_China.svg/22px-Flag_of_the_Republic_of_China.svg.png","//upload.wikimedia.org/wikipedia/commons/thumb/7/72/Flag_of_the_Republic_of_China.svg/22px-Flag_of_the_Republic_of_China.svg.png","//upload.wikimedia.org/wikipedia/commons/thumb/f/f7/Flag_of_Pennsylvania.svg/22px-Flag_of_Pennsylvania.svg.png","//upload.wikimedia.org/wikipedia/commons/thumb/7/72/Flag_of_the_Republic_of_China.svg/22px-Flag_of_the_Republic_of_China.svg.png","//upload.wikimedia.org/wikipedia/commons/thumb/0/01/Flag_of_California.svg/22px-Flag_of_California.svg.png","//upload.wikimedia.org/wikipedia/commons/thumb/0/01/Flag_of_California.svg/22px-Flag_of_California.svg.png","//upload.wikimedia.org/wikipedia/commons/thumb/b/bd/Flag_of_the_Philippines_%28navy_blue%29.svg/22px-Flag_of_the_Philippines_%28navy_blue%29.svg.png","//upload.wikimedia.org/wikipedia/commons/thumb/0/01/Flag_of_California.svg/22px-Flag_of_California.svg.png","//upload.wikimedia.org/wikipedia/commons/thumb/a/ab/Flag_of_Panama.svg/22px-Flag_of_Panama.svg.png","//upload.wikimedia.org/wikipedia/commons/thumb/0/06/Flag_of_Venezuela.svg/22px-Flag_of_Venezuela.svg.png","//upload.wikimedia.org/wikipedia/commons/thumb/0/01/Flag_of_California.svg/22px-Flag_of_California.svg.png","//upload.wikimedia.org/wikipedia/commons/thumb/7/72/Flag_of_the_Republic_of_China.svg/22px-Flag_of_the_Republic_of_China.svg.png","//upload.wikimedia.org/wikipedia/commons/thumb/f/f7/Flag_of_Texas.svg/22px-Flag_of_Texas.svg.png","//upload.wikimedia.org/wikipedia/commons/thumb/7/72/Flag_of_the_Republic_of_China.svg/22px-Flag_of_the_Republic_of_China.svg.png","//upload.wikimedia.org/wikipedia/commons/thumb/f/f3/Flag_of_Rhode_Island.svg/21px-Flag_of_Rhode_Island.svg.png","//upload.wikimedia.org/wikipedia/commons/thumb/f/fc/Flag_of_Mexico.svg/22px-Flag_of_Mexico.svg.png","//upload.wikimedia.org/wikipedia/commons/thumb/0/01/Flag_of_California.svg/22px-Flag_of_California.svg.png","//upload.wikimedia.org/wikipedia/commons/thumb/9/92/Flag_of_New_Jersey.svg/22px-Flag_of_New_Jersey.svg.png","//upload.wikimedia.org/wikipedia/en/thumb/9/9e/Flag_of_Japan.svg/22px-Flag_of_Japan.svg.png","//upload.wikimedia.org/wikipedia/en/thumb/9/9e/Flag_of_Japan.svg/22px-Flag_of_Japan.svg.png","//upload.wikimedia.org/wikipedia/commons/thumb/5/5c/Flag_of_Alabama.svg/22px-Flag_of_Alabama.svg.png","//upload.wikimedia.org/wikipedia/commons/thumb/0/06/Flag_of_Venezuela.svg/22px-Flag_of_Venezuela.svg.png","//upload.wikimedia.org/wikipedia/commons/thumb/f/f7/Flag_of_Texas.svg/22px-Flag_of_Texas.svg.png","//upload.wikimedia.org/wikipedia/en/thumb/9/9e/Flag_of_Japan.svg/22px-Flag_of_Japan.svg.png","//upload.wikimedia.org/wikipedia/commons/thumb/f/f7/Flag_of_Florida.svg/22px-Flag_of_Florida.svg.png","//upload.wikimedia.org/wikipedia/commons/thumb/8/8d/Flag_of_Kentucky.svg/22px-Flag_of_Kentucky.svg.png","//upload.wikimedia.org/wikipedia/en/thumb/9/9e/Flag_of_Japan.svg/22px-Flag_of_Japan.svg.png","//upload.wikimedia.org/wikipedia/en/thumb/9/9e/Flag_of_Japan.svg/22px-Flag_of_Japan.svg.png","//upload.wikimedia.org/wikipedia/commons/thumb/f/f7/Flag_of_Florida.svg/22px-Flag_of_Florida.svg.png","//upload.wikimedia.org/wikipedia/commons/thumb/b/b1/Flag_of_Cura%C3%A7ao.svg/22px-Flag_of_Cura%C3%A7ao.svg.png","//upload.wikimedia.org/wikipedia/commons/thumb/0/01/Flag_of_California.svg/22px-Flag_of_California.svg.png","//upload.wikimedia.org/wikipedia/commons/thumb/e/ef/Flag_of_Hawaii.svg/22px-Flag_of_Hawaii.svg.png","//upload.wikimedia.org/wikipedia/commons/thumb/b/b1/Flag_of_Cura%C3%A7ao.svg/22px-Flag_of_Cura%C3%A7ao.svg.png","//upload.wikimedia.org/wikipedia/commons/thumb/5/54/Flag_of_Georgia_%28U.S._state%29.svg/22px-Flag_of_Georgia_%28U.S._state%29.svg.png","//upload.wikimedia.org/wikipedia/en/thumb/9/9e/Flag_of_Japan.svg/22px-Flag_of_Japan.svg.png","//upload.wikimedia.org/wikipedia/commons/thumb/5/54/Flag_of_Georgia_%28U.S._state%29.svg/22px-Flag_of_Georgia_%28U.S._state%29.svg.png","//upload.wikimedia.org/wikipedia/en/thumb/9/9e/Flag_of_Japan.svg/22px-Flag_of_Japan.svg.png","//upload.wikimedia.org/wikipedia/commons/thumb/e/ef/Flag_of_Hawaii.svg/22px-Flag_of_Hawaii.svg.png","//upload.wikimedia.org/wikipedia/commons/thumb/f/fc/Flag_of_Mexico.svg/22px-Flag_of_Mexico.svg.png","//upload.wikimedia.org/wikipedia/commons/thumb/0/01/Flag_of_California.svg/22px-Flag_of_California.svg.png","//upload.wikimedia.org/wikipedia/commons/thumb/7/72/Flag_of_the_Republic_of_China.svg/22px-Flag_of_the_Republic_of_China.svg.png","//upload.wikimedia.org/wikipedia/en/thumb/9/9e/Flag_of_Japan.svg/22px-Flag_of_Japan.svg.png","//upload.wikimedia.org/wikipedia/commons/thumb/e/ef/Flag_of_Hawaii.svg/22px-Flag_of_Hawaii.svg.png","//upload.wikimedia.org/wikipedia/commons/thumb/0/01/Flag_of_California.svg/22px-Flag_of_California.svg.png","//upload.wikimedia.org/wikipedia/en/thumb/9/9e/Flag_of_Japan.svg/22px-Flag_of_Japan.svg.png","//upload.wikimedia.org/wikipedia/en/thumb/9/9e/Flag_of_Japan.svg/22px-Flag_of_Japan.svg.png","//upload.wikimedia.org/wikipedia/commons/thumb/9/9e/Flag_of_Tennessee.svg/22px-Flag_of_Tennessee.svg.png","//upload.wikimedia.org/wikipedia/commons/thumb/7/72/Flag_of_the_Republic_of_China.svg/22px-Flag_of_the_Republic_of_China.svg.png","//upload.wikimedia.org/wikipedia/en/thumb/9/9e/Flag_of_Japan.svg/22px-Flag_of_Japan.svg.png","//upload.wikimedia.org/wikipedia/commons/thumb/0/01/Flag_of_California.svg/22px-Flag_of_California.svg.png","//upload.wikimedia.org/wikipedia/commons/thumb/f/f7/Flag_of_Pennsylvania.svg/22px-Flag_of_Pennsylvania.svg.png","//upload.wikimedia.org/wikipedia/commons/thumb/9/96/Flag_of_Connecticut.svg/22px-Flag_of_Connecticut.svg.png","//upload.wikimedia.org/wikipedia/commons/thumb/9/92/Flag_of_New_Jersey.svg/22px-Flag_of_New_Jersey.svg.png","//upload.wikimedia.org/wikipedia/commons/thumb/f/fc/Flag_of_Mexico.svg/22px-Flag_of_Mexico.svg.png","//upload.wikimedia.org/wikipedia/commons/thumb/5/54/Flag_of_Georgia_%28U.S._state%29.svg/22px-Flag_of_Georgia_%28U.S._state%29.svg.png","//upload.wikimedia.org/wikipedia/commons/thumb/1/1a/Flag_of_New_York.svg/22px-Flag_of_New_York.svg.png","//upload.wikimedia.org/wikipedia/commons/thumb/f/f7/Flag_of_Texas.svg/22px-Flag_of_Texas.svg.png","//upload.wikimedia.org/wikipedia/commons/thumb/0/09/Flag_of_South_Korea.svg/22px-Flag_of_South_Korea.svg.png","//upload.wikimedia.org/wikipedia/commons/thumb/0/06/Flag_of_Venezuela.svg/22px-Flag_of_Venezuela.svg.png","//upload.wikimedia.org/wikipedia/commons/thumb/e/ef/Flag_of_Hawaii.svg/22px-Flag_of_Hawaii.svg.png","//upload.wikimedia.org/wikipedia/commons/thumb/5/5c/Flag_of_Alabama.svg/22px-Flag_of_Alabama.svg.png","//upload.wikimedia.org/wikipedia/commons/thumb/c/c3/Flag_of_New_Mexico.svg/22px-Flag_of_New_Mexico.svg.png","//upload.wikimedia.org/wikipedia/commons/thumb/b/b5/Flag_of_Michigan.svg/22px-Flag_of_Michigan.svg.png","//upload.wikimedia.org/wikipedia/commons/thumb/5/54/Flag_of_Washington.svg/22px-Flag_of_Washington.svg.png","//upload.wikimedia.org/wikipedia/commons/thumb/8/8d/Flag_of_Kentucky.svg/22px-Flag_of_Kentucky.svg.png","//upload.wikimedia.org/wikipedia/commons/thumb/b/b1/Flag_of_Cura%C3%A7ao.svg/22px-Flag_of_Cura%C3%A7ao.svg.png","//upload.wikimedia.org/wikipedia/commons/thumb/3/30/MG_6582_Jason_Marquis.jpg/160px-MG_6582_Jason_Marquis.jpg","//bits.wikimedia.org/static-1.21wmf11/skins/common/images/magnify-clip.png","//upload.wikimedia.org/wikipedia/en/thumb/4/4a/Commons-logo.svg/30px-Commons-logo.svg.png","//upload.wikimedia.org/wikipedia/commons/thumb/e/ea/Little_League_Baseball_Map.png/280px-Little_League_Baseball_Map.png","//bits.wikimedia.org/static-1.21wmf11/skins/vector/images/search-ltr.png?303-4","//bits.wikimedia.org/images/wikimedia-button.png","//bits.wikimedia.org/static-1.21wmf11/skins/common/images/poweredby_mediawiki_88x31.png"],"tags":[["address","geography"],["interstate_35","texas"],["interstate_37","texas"],["central_region","little_league_world_series"],["south_region","little_league_world_series"],["east_region","little_league_world_series"],["west_region","little_league_world_series_19572000"],["latin_america_region","little_league_world_series"],["asia-pacific_region","little_league_world_series"],["glossary_of_baseball","r#rubber_game"],["little_league_world_series","new_england_region"],["little_league_world_series","mid-atlantic_region"],["little_league_world_series","midwest_region"],["little_league_world_series","great_lakes_region"],["little_league_world_series","southeast_region"],["little_league_world_series","southwest_region"],["little_league_world_series","northwest_region"],["little_league_world_series","west_region"],["little_league_world_series","asia-pacific_and_middle_east_region"],["little_league_world_series","caribbean_region"],["little_league_world_series_in_europe#europe/emea_region","2001-present"],["little_league_world_series_in_europe#transatlantic_region","20012007"],["little_league_world_series","asia-pacific_and_middle_east_region#asia-pacific_region","20072012"],["little_league_world_series","middle_east-africa_region"],["little_league_world_series_in_europe#europe_region","20082012"],["barahona","city"],["georgia","u.s._state"],["georgia","u.s._state"],["georgia","u.s._state"],["washington","u.s._state"],["rookie_of_the_year","award"],["derek_bell","baseball_player"],["bobby_mitchell","1980s_outfielder"],["carl_taylor","baseball"],["dan_wilson","baseball_player"],["wrak","am"],["junior_league_world_series","softball"]],"members":["glossary_of_baseball","south_region","derek_bell","latin_america_region","east_region","west_region","barahona","georgia","central_region","address","junior_league_world_series","carl_taylor","little_league_world_series","bobby_mitchell","interstate_35","interstate_37","dan_wilson","wrak","washington","rookie_of_the_year"],"related":["Baseball","Tokyo","Japan","Taiwan","Baseball","Tournament","Children","World_Series","Major_League_Baseball","1947_in_baseball","South_Williamsport,_Pennsylvania","Pennsylvania","Mail","Address_(geography)","Organization","Williamsport,_Pennsylvania","Stadium","Team","World","Broadcasting_of_sports_events","ESPN","2006_in_baseball","Softball","Summer","Little_League","Baseball_positions","Sports_league","Regional","Pool_play","Double-elimination_tournament","Single-elimination_tournament","District_of_Columbia","California","Texas","North_Dakota","South_Dakota","Northern_California","Southern_California","East_Texas","West_Texas","Interstate_35_(Texas)","Interstate_37_(Texas)","Dakotas","Ontario","Quebec","British_Columbia","Atlantic_Canada","Prairie_Provinces","Page_playoff_system","Central_Region_(Little_League_World_Series)","South_Region_(Little_League_World_Series)","East_Region_(Little_League_World_Series)","West_Region_(Little_League_World_Series_19572000)","Canada_in_the_Little_League_World_Series","Latin_America_Region_(Little_League_World_Series)","Europe_in_the_Little_League_World_Series","Asia-Pacific_Region_(Little_League_World_Series)","Round-robin_tournament","Double-elimination_tournament","Little_League_World_Series_(New_England_Region)","Little_League_World_Series_(Mid-Atlantic_Region)","Little_League_World_Series_(Midwest_Region)","Little_League_World_Series_(Great_Lakes_Region)","Little_League_World_Series_(Southeast_Region)","Little_League_World_Series_(Southwest_Region)","Little_League_World_Series_(Northwest_Region)","Little_League_World_Series_(West_Region)","Little_League_World_Series_(Asia-Pacific_and_Middle_East_Region)","Little_League_World_Series_in_Australia","Little_League_World_Series_in_Canada","Little_League_World_Series_(Caribbean_Region)","Little_League_World_Series_in_Europe","Little_League_World_Series_in_Japan","Little_League_World_Series_in_Latin_America","Little_League_World_Series_in_Mexico","United_States_Armed_Forces","Saudi_Aramco_Residential_Camp_in_Dhahran","Ramstein_Air_Base","United_States_Air_Force","Australia","Little_League_World_Series_(Middle_East-Africa_Region)","Israel","Turkey","Confederation_of_European_Baseball","International_Baseball_Federation","Howard_J._Lamade_Stadium","Little_League_Volunteer_Stadium","2001_Little_League_World_Series","Williamsport,_Pennsylvania","Berm","Williamsport,_Pennsylvania","Lock_Haven,_Pennsylvania","Lock_Haven,_Pennsylvania","St._Petersburg,_Florida","Hammonton,_New_Jersey","Pensacola,_Florida","Houston","Bridgeport,_Connecticut","Stamford,_Connecticut","Austin,_Texas","Norwalk,_Connecticut","Monongahela,_Pennsylvania","Birmingham,_Alabama","Schenectady,_New_York","Schenectady,_New_York","Colton,_California","Morrisville,_Bucks_County,_Pennsylvania","Merchantville,_New_Jersey","Roswell,_New_Mexico","Merchantville,_New_Jersey","Monterrey","Nuevo_Len","Mexico","La_Mesa,_California","Monterrey","Nuevo_Len","Mexico","Kankakee,_Illinois","Hamtramck,_Michigan","Auburn,_California","Levittown,_Pennsylvania","Fort_Worth,_Texas","El_Cajon,_California","El_Campo,_Texas","San_Jose,_California","Kankakee,_Illinois","Granada_Hills,_Los_Angeles","Stratford,_Connecticut","Staten_Island,_New_York","Monterrey","Nuevo_Leon","Mexico","Windsor_Locks,_Connecticut","Stoney_Creek,_Ontario","Houston","West_New_York,_New_Jersey","Tokyo","Chicago","Wakayama","Osaka","Richmond,_Virginia","Taichung","Republic_of_China","Santa_Clara,_California","Wayne,_New_Jersey","Campbell,_California","Tainan_City","Republic_of_China","Gary,_Indiana","Taipei","Republic_of_China","Hammond,_Indiana","Tainan_City","Republic_of_China","Tucson,_Arizona","Kaohsiung","Republic_of_China","Red_Bluff,_California","Lakewood,_New_Jersey","Tampa,_Florida","Chofu","Campbell,_California","Kaohsiung","Republic_of_China","El_Cajon,_California","Pingtung","Republic_of_China","Danville,_California","Chiayi_County","Republic_of_China","Campbell,_California","Hua-Lien","Republic_of_China","Tampa,_Florida","Taichung","Republic_of_China","Tampa,_Florida","Kirkland,_Washington","Chiayi_County","Republic_of_China","Marietta,_Georgia","Barahona_(city)","Dominican_Republic","Seoul","South_Korea","Altamonte_Springs,_Florida","Seoul","South_Korea","Mexico","Calexico,_California","Tainan_City","Republic_of_China","Tucson,_Arizona","Hua-Lien","Taiwan","Irvine,_California","Taichung","Taiwan","Pearl_City,_Hawaii","Trumbull,_Connecticut","Kaohsiung","Taiwan","Tainan_County","Taiwan","Shippensburg,_Pennsylvania","Taichung","Taiwan","San_Ramon,_California","Long_Beach,_California","Zamboanga_City","Philippines","Long_Beach,_California","David,_Chiriqu","Panama","Maracaibo","Venezuela","Northridge,_Los_Angeles","Tainan_City","Republic_of_China","Spring,_Texas","Kaohsiung","Taiwan","Cranston,_Rhode_Island","Guadalupe,_Nuevo_Len","Nuevo_Len","Mexico","Mission_Viejo,_California","Toms_River,_New_Jersey","Kashima,_Ibaraki","Hirakata,_Osaka","Osaka","Phenix_City,_Alabama","Maracaibo","Venezuela","Bellaire,_Texas","Koto,_Tokyo","Apopka,_Florida","Louisville,_Kentucky","Sendai,_Miyagi","Fuchu,_Tokyo","Boynton_Beach,_Florida","Willemstad","Curaao","Thousand_Oaks,_California","Ewa_Beach,_Hawaii","Hawaii","Willemstad","Curaao","Columbus,_Georgia","Georgia_(U.S._state)","Kawaguchi,_Saitama","Warner_Robins,_Georgia","Georgia_(U.S._state)","Waipahu,_Hawaii","Hawaii","Matamoros,_Tamaulipas","Tamaulipas","Chula_Vista,_California","California","Taoyuan_County,_Taiwan","Taiwan","Edogawa,_Tokyo","Waipahu,_Hawaii","Hawaii","Huntington_Beach,_California","California","Hamamatsu_City","Koto,_Tokyo","Goodlettsville,_Tennessee","Tennessee","Mexicali","Mexico_in_the_Little_League_World_Series","Calexico,_California","Taiwan","Japan","California","Pennsylvania","Connecticut","New_Jersey","Mexico","Georgia_(U.S._state)","New_York","Texas","South_Korea","Venezuela","Hawaii","Alabama","New_Mexico","Michigan","Washington_(U.S._state)","Kentucky","Curaao","Mexicali","Calexico,_California","1992_Little_League_World_Series","City_limits","Danny_Almonte","Jim_Barbieri","1966_World_Series","1954_Little_League_World_Series","Schenectady,_New_York","Jason_Bay","National_League","Rookie_of_the_Year_(award)","1990_Little_League_World_Series","Trail,_British_Columbia","1952_Little_League_World_Series","Mooresville,_North_Carolina","Larvell_Blanks","1962_Little_League_World_Series","Del_Rio,_Texas","Derek_Bell_(baseball_player)","1980_Little_League_World_Series","1981_Little_League_World_Series","Tampa,_Florida","Sean_Burroughs","1992_Little_League_World_Series","1993_Little_League_World_Series","Long_Beach,_California","Matt_Cassel","NFL","Quarterback","1994_Little_League_World_Series","Northridge,_Los_Angeles","Chin-Feng_Chen","1990_Little_League_World_Series","Tainan_County","Jeff_Clement","1996_Little_League_World_Series","Marshalltown,_Iowa","Billy_Connors","1954_Little_League_World_Series","Schenectady,_New_York","Austin_Dillon","2011_NASCAR_Camping_World_Truck_Series","NASCAR","Nationwide_Series","2002_Little_League_World_Series","Forsyth_County,_North_Carolina","Chris_Drury","NHL","Stanley_Cup","Hobey_Baker_Award","Calder_Memorial_Trophy","1989_Little_League_World_Series","Trumbull,_Connecticut","Ray_Ferraro","1976_Little_League_World_Series","Trail,_British_Columbia","Todd_Frazier","1998_Little_League_World_Series","Toms_River,_New_Jersey","Jeff_Frazier","1995_Little_League_World_Series","1996_Little_League_World_Series","Toms_River,_New_Jersey","1957_Little_League_World_Series","Monterrey","Gale_Gilbert","1974_Little_League_World_Series","Red_Bluff,_California","Charlie_Hayes","1996_World_Series","1977_Little_League_World_Series","Hattiesburg,_Mississippi","Ken_Hubbs","Gold_Glove","1954_Little_League_World_Series","Colton,_California","1955_Little_League_World_Series","Delaware_Township,_New_Jersey","1978_Little_League_World_Series","San_Ramon,_California","Keith_Lampard","1958_Little_League_World_Series","Portland,_Oregon","Carney_Lansford","1988_World_Series","1990_World_Series","1989_World_Series","American_League","All_Star","Hutch_Award","1969_Little_League_World_Series","Santa_Clara,_California","Vance_Lovelace","1975_Little_League_World_Series","Tampa,_Florida","Jason_Marquis","Silver_Slugger","2006_World_Series","1991_Little_League_World_Series","Staten_Island","Stephane_Matteau","Stanley_Cup","1982_Little_League_World_Series","Rouyn-Noranda","Lloyd_McClendon","1971_Little_League_World_Series","Gary,_Indiana","Lastings_Milledge","1997_Little_League_World_Series","Bradenton,_Florida","Bobby_Mitchell_(1980s_outfielder)","1967_Little_League_World_Series","Northridge,_California","Jim_Pankovits","1968_Little_League_World_Series","Richmond,_Virginia","Marc_Pisciotta","1983_Little_League_World_Series","Marietta,_Georgia","Boog_Powell","1969_World_Series","1971_World_Series","1966_World_Series","1970_World_Series","1954_Little_League_World_Series","Lakeland,_Florida","Jurickson_Profar","2004_Little_League_World_Series","2005_Little_League_World_Series","Willemstad","Curaao","Guillermo_Quirz","1994_Little_League_World_Series","Maracaibo","Colby_Rasmus","1999_Little_League_World_Series","Phenix_City,_Alabama","Turk_Schonert","Buffalo_Bills","1968_Little_League_World_Series","Garden_Grove,_California","Gary_Sheffield","1997_World_Series","Silver_Slugger","1980_Little_League_World_Series","Tampa,_Florida","Brian_Sipe","1961_Little_League_World_Series","El_Cajon,_California","Carl_Taylor_(baseball)","1954_Little_League_World_Series","Lakeland,_Florida","Hctor_Torres","1958_Little_League_World_Series","Monterrey","George_Tsamis","1979_Little_League_World_Series","Campbell,_California","Pierre_Turgeon","1982_Little_League_World_Series","Rouyn-Noranda","Jason_Varitek","1994_College_World_Series","2004_World_Series","2007_World_Series","1984_Little_League_World_Series","Altamonte_Springs,_Florida","Dave_Veres","1978_Little_League_World_Series","Torrejn_Air_Base","Ed_Vosberg","1980_College_World_Series","1997_World_Series","1973_Little_League_World_Series","Tucson,_Arizona","Krissy_Wendell","1994_Little_League_World_Series","Brooklyn_Park,_Minnesota","Dan_Wilson_(baseball_player)","1981_Little_League_World_Series","Barrington,_Illinois","Rick_Wise","1975_World_Series","1958_Little_League_World_Series","Portland,_Oregon","Lance_Lynn","1999_Little_League_World_Series","Television","ESPN_on_ABC","1963_Little_League_World_Series","American_Broadcasting_Company","ESPN","ESPN2","2006_Little_League_World_Series","ESPN3","High-definition_TV","ESPNHD","ESPN2HD","American_Broadcasting_Company","ESPNU","ESPN_3D","WRAK_(AM)","Clear_Channel_Communications","Little_League_Baseball","South_Williamsport,_Pennsylvania","Junior_League_Baseball","Taylor,_Michigan","Junior_League_World_Series","Junior,_Senior_&_Big_League_Baseball","Bangor,_Maine","Senior_League_World_Series","Junior,_Senior_&_Big_League_Baseball","Easley,_South_Carolina","Big_League_World_Series","Portland,_Oregon","Kirkland,_Washington","Junior_League_World_Series_(softball)","Sussex_County,_Delaware","Kalamazoo,_Michigan","List_of_Little_League_World_Series_broadcasters","Little_League_World_Series_on_television","Little_League_World_Series_Baseball_2008","Mexico_in_the_Little_League_World_Series","Danny_Almonte","2001_in_baseball","Amateur_baseball_in_the_United_States","List_of_organized_baseball_leagues"]}