{"cursor":"4503","size":15,"audio":[],"currentlang":"en","article":"{{Infobox settlement   |government_footnotes =\n|government_type = |leader_title = |leader_name = |established_title =  |established_date =  tags--> |elevation_m =\n|elevation_ft =  ","linknr":344,"url":"Urbano_Santos","recorded":1375081976,"links":["/w/index.php?title=Urbano_Santos&action=edit","/w/index.php?title=Urbano_Santos&action=edit","//bits.wikimedia.org/favicon/wikipedia.ico","/w/opensearch_desc.php","//en.wikipedia.org/w/api.php?action=rsd","//creativecommons.org/licenses/by-sa/3.0/","/w/index.php?title=Special:RecentChanges&feed=atom","//bits.wikimedia.org/en.wikipedia.org/load.php?debug=false&lang=en&modules=ext.gadget.DRN-wizard%2CReferenceTooltips%2Ccharinsert%2Cteahouse%7Cext.rtlcite%2Cwikihiero%7Cext.uls.nojs%7Cmediawiki.legacy.commonPrint%2Cshared%7Cmw.PopUpMediaTransform%7Cskins.vector&only=styles&skin=vector&*","//bits.wikimedia.org/en.wikipedia.org/load.php?debug=false&lang=en&modules=site&only=styles&skin=vector&*","//bits.wikimedia.org/en.wikipedia.org/load.php?debug=false&lang=en&modules=startup&only=scripts&skin=vector&*","//bits.wikimedia.org/geoiplookup","//meta.wikimedia.org","#mw-navigation","#p-search","//upload.wikimedia.org/wikipedia/en/thumb/0/05/Flag_of_Brazil.svg/22px-Flag_of_Brazil.svg.png","/wiki/Brazil","/wiki/Regions_of_Brazil","/wiki/Northeast_Region,_Brazil","/wiki/States_of_Brazil","/wiki/Maranh%C3%A3o","/wiki/Time_zone","/wiki/Municipality_(Brazil)","/wiki/States_of_Brazil","/wiki/Maranh%C3%A3o","/wiki/Northeast_Region,_Brazil","/wiki/Brazil","#cite_note-IBGE_DTB_2008-1","#cite_note-IBGE_Pop_2009-2","#cite_note-PNUD_IDH_2000-3","#cite_note-IBGE_PIB_2005-4","/w/index.php?title=Urbano_Santos&action=edit&section=1","/wiki/List_of_municipalities_in_Maranh%C3%A3o","/w/index.php?title=Urbano_Santos&action=edit&section=2","#cite_ref-IBGE_DTB_2008_1-0","ftp://geoftp.ibge.gov.br/Organizacao/Divisao_Territorial/2008/DTB_2008.zip","#cite_ref-IBGE_Pop_2009_2-0","http://www.ibge.gov.br/home/estatistica/populacao/estimativa2009/POP2009_DOU.pdf","/wiki/PDF","#cite_ref-PNUD_IDH_2000_3-0","http://www.pnud.org.br/atlas/ranking/IDH-M%2091%2000%20Ranking%20decrescente%20(pelos%20dados%20de%202000).htm","#cite_ref-IBGE_PIB_2005_4-0","http://www.ibge.gov.br/home/estatistica/economia/pibmunicipios/2005/tab01.pdf","/wiki/Template:Municipalities_of_Maranh%C3%A3o","/wiki/Template_talk:Municipalities_of_Maranh%C3%A3o","//en.wikipedia.org/w/index.php?title=Template:Municipalities_of_Maranh%C3%A3o&action=edit","/wiki/File:Bandeira_do_Maranh%C3%A3o.svg","//upload.wikimedia.org/wikipedia/commons/thumb/4/45/Bandeira_do_Maranh%C3%A3o.svg/23px-Bandeira_do_Maranh%C3%A3o.svg.png","/wiki/List_of_municipalities_in_Maranh%C3%A3o","/wiki/S%C3%A3o_Lu%C3%ADs,_Maranh%C3%A3o","/wiki/Arame,_Maranh%C3%A3o","/wiki/Barra_do_Corda","/wiki/Fernando_Falc%C3%A3o","/wiki/Formosa_da_Serra_Negra","/wiki/Graja%C3%BA,_Maranh%C3%A3o","/wiki/Itaipava_do_Graja%C3%BA","/wiki/Jenipapo_dos_Vieiras","/wiki/Josel%C3%A2ndia","/wiki/Santa_Filomena_do_Maranh%C3%A3o","/wiki/S%C3%ADtio_Novo","/wiki/Tuntum","/wiki/Bacabal","/wiki/Bernardo_do_Mearim","/wiki/Bom_Lugar","/wiki/Esperantin%C3%B3polis","/wiki/Igarap%C3%A9_Grande","/wiki/Lago_do_Junco","/wiki/Lago_dos_Rodrigues","/wiki/Lago_Verde,_Maranh%C3%A3o","/wiki/Lima_Campos","/wiki/Olho_d%27%C3%81gua_das_Cunh%C3%A3s","/wiki/Pedreiras,_Maranh%C3%A3o","/wiki/Pio_XII,_Maranh%C3%A3o","/wiki/Po%C3%A7%C3%A3o_de_Pedras","/wiki/Santo_Ant%C3%B4nio_dos_Lopes,_Maranh%C3%A3o","/wiki/S%C3%A3o_Lu%C3%ADs_Gonzaga_do_Maranh%C3%A3o","/wiki/S%C3%A3o_Mateus_do_Maranh%C3%A3o","/wiki/S%C3%A3o_Raimundo_do_Doca_Bezerra","/wiki/S%C3%A3o_Roberto","/wiki/Satubinha","/wiki/Trizidela_do_Vale","/wiki/Dom_Pedro,_Maranh%C3%A3o","/wiki/Fortuna,_Maranh%C3%A3o","/wiki/Gon%C3%A7alves_Dias,_Maranh%C3%A3o","/wiki/Governador_Archer","/wiki/Governador_Eug%C3%AAnio_Barros","/wiki/Governador_Luiz_Rocha","/wiki/Gra%C3%A7a_Aranha,_Maranh%C3%A3o","/wiki/Presidente_Dutra,_Maranh%C3%A3o","/wiki/Senador_Alexandre_Costa","/wiki/S%C3%A3o_Domingos_do_Maranh%C3%A3o","/wiki/S%C3%A3o_Jos%C3%A9_dos_Bas%C3%ADlios","/wiki/File:Brazil_State_Maranhao.svg","//upload.wikimedia.org/wikipedia/commons/thumb/a/a5/Brazil_State_Maranhao.svg/130px-Brazil_State_Maranhao.svg.png","/wiki/%C3%81gua_Doce_do_Maranh%C3%A3o","/wiki/Araioses","/wiki/Magalh%C3%A3es_de_Almeida","/wiki/Santa_Quit%C3%A9ria_do_Maranh%C3%A3o","/wiki/Santana_do_Maranh%C3%A3o","/wiki/S%C3%A3o_Bernardo,_Maranh%C3%A3o","/wiki/Buriti_Bravo","/wiki/Caxias,_Maranh%C3%A3o","/wiki/Mat%C3%B5es","/wiki/Parnarama","/wiki/S%C3%A3o_Jo%C3%A3o_do_Soter","/wiki/Timon,_Maranh%C3%A3o","/wiki/Bar%C3%A3o_de_Graja%C3%BA","/wiki/Colinas,_Maranh%C3%A3o","/wiki/Jatob%C3%A1,_Maranh%C3%A3o","/wiki/Lagoa_do_Mato,_Maranh%C3%A3o","/wiki/Mirador,_Maranh%C3%A3o","/wiki/Nova_Iorque","/wiki/Paraibano","/wiki/Passagem_Franca","/wiki/Pastos_Bons","/wiki/S%C3%A3o_Francisco_do_Maranh%C3%A3o","/wiki/S%C3%A3o_Jo%C3%A3o_dos_Patos","/wiki/Sucupira_do_Norte","/wiki/Sucupira_do_Riach%C3%A3o","/wiki/Anapurus","/wiki/Bel%C3%A1gua","/wiki/Brejo","/w/index.php?title=Buriti,_Chapadinha&action=edit&redlink=1","/wiki/Chapadinha","/wiki/Mata_Roma","/wiki/Milagres_do_Maranh%C3%A3o","/wiki/S%C3%A3o_Benedito_do_Rio_Preto","/wiki/Alto_Alegre_do_Maranh%C3%A3o","/wiki/Capinzal_do_Norte","/wiki/Cod%C3%B3","/wiki/Coroat%C3%A1","/wiki/Peritor%C3%B3","/wiki/Timbiras","/wiki/Afonso_Cunha","/wiki/Aldeias_Altas","/wiki/Coelho_Neto,_Maranh%C3%A3o","/wiki/Duque_Bacelar","/wiki/Pa%C3%A7o_do_Lumiar","/wiki/Raposa","/wiki/S%C3%A3o_Jos%C3%A9_de_Ribamar","/wiki/S%C3%A3o_Lu%C3%ADs,_Maranh%C3%A3o","/wiki/Anajatuba","/wiki/Arari","/wiki/Bela_Vista_do_Maranh%C3%A3o","/wiki/Cajari","/wiki/Concei%C3%A7%C3%A3o_do_Lago-A%C3%A7u","/wiki/Igarap%C3%A9_do_Meio","/wiki/Matinha","/wiki/Mon%C3%A7%C3%A3o,_Maranh%C3%A3o","/wiki/Olinda_Nova_do_Maranh%C3%A3o","/wiki/Palmeir%C3%A2ndia","/wiki/Pedro_do_Ros%C3%A1rio","/wiki/Penalva","/wiki/Peri_Mirim","/wiki/Pinheiro,_Maranh%C3%A3o","/wiki/Presidente_Sarney,_Maranh%C3%A3o","/wiki/Santa_Helena,_Maranh%C3%A3o","/wiki/S%C3%A3o_Bento,_Maranh%C3%A3o","/wiki/S%C3%A3o_Jo%C3%A3o_Batista,_Maranh%C3%A3o","/wiki/S%C3%A3o_Vicente_Ferrer,_Maranh%C3%A3o","/wiki/Viana,_Maranh%C3%A3o","/wiki/Vit%C3%B3ria_do_Mearim","/wiki/Cantanhede,_Maranh%C3%A3o","/wiki/Itapecuru_Mirim","/wiki/Mat%C3%B5es_do_Norte","/wiki/Miranda_do_Norte","/wiki/Nina_Rodrigues","/wiki/Pirapemas","/wiki/Presidente_Vargas,_Maranh%C3%A3o","/w/index.php?title=Vargem_Grande,_Maranh%C3%A3o&action=edit&redlink=1","/wiki/Barreirinhas","/wiki/Humberto_de_Campos","/wiki/Paulino_Neves","/wiki/Primeira_Cruz","/wiki/Santo_Amaro_do_Maranh%C3%A3o","/wiki/Tut%C3%B3ia","/wiki/Alc%C3%A2ntara,_Maranh%C3%A3o","/wiki/Apicum-A%C3%A7u","/wiki/Bacuri,_Maranh%C3%A3o","/wiki/Bacurituba","/wiki/Bequim%C3%A3o","/wiki/Cajapi%C3%B3","/wiki/Cedral,_Maranh%C3%A3o","/wiki/Central_do_Maranh%C3%A3o","/wiki/Cururupu","/wiki/Guimar%C3%A3es,_Maranh%C3%A3o","/wiki/Mirinzal","/wiki/Porto_Rico_do_Maranh%C3%A3o","/wiki/Serrano_do_Maranh%C3%A3o","/wiki/Axix%C3%A1","/wiki/Bacabeira","/wiki/Cachoeira_Grande","/wiki/Icatu","/wiki/Morros,_Maranh%C3%A3o","/wiki/Presidente_Juscelino,_Maranh%C3%A3o","/wiki/Ros%C3%A1rio,_Maranh%C3%A3o","/wiki/Santa_Rita,_Maranh%C3%A3o","/wiki/Amap%C3%A1_do_Maranh%C3%A3o","/wiki/Boa_Vista_do_Gurupi","/wiki/C%C3%A2ndido_Mendes","/wiki/Carutapera","/wiki/Centro_do_Guilherme","/wiki/Centro_Novo_do_Maranh%C3%A3o","/wiki/Godofredo_Viana","/wiki/Governador_Nunes_Freire","/wiki/Junco_do_Maranh%C3%A3o","/wiki/Lu%C3%ADs_Domingues","/wiki/Maraca%C3%A7um%C3%A9","/wiki/Maranh%C3%A3ozinho","/wiki/Turia%C3%A7u","/wiki/Turil%C3%A2ndia","/wiki/A%C3%A7ail%C3%A2ndia","/wiki/Amarante_do_Maranh%C3%A3o","/wiki/Buritirana","/wiki/Cidel%C3%A2ndia","/wiki/Davin%C3%B3polis,_Maranh%C3%A3o","/wiki/Governador_Edison_Lob%C3%A3o","/wiki/Imperatriz","/wiki/Itinga_do_Maranh%C3%A3o","/wiki/Jo%C3%A3o_Lisboa","/wiki/Lajeado_Novo","/wiki/Montes_Altos","/wiki/Ribamar_Fiquene","/wiki/S%C3%A3o_Francisco_do_Brej%C3%A3o","/wiki/S%C3%A3o_Pedro_da_%C3%81gua_Branca","/wiki/Senador_La_Rocque","/wiki/Vila_Nova_dos_Mart%C3%ADrios","/wiki/Altamira_do_Maranh%C3%A3o","/wiki/Alto_Alegre_do_Pindar%C3%A9","/wiki/Araguan%C3%A3","/wiki/Bom_Jardim","/wiki/Bom_Jesus_das_Selvas","/wiki/Brejo_de_Areia","/wiki/Buriticupu","/wiki/Governador_Newton_Bello","/wiki/Lagoa_Grande_do_Maranh%C3%A3o","/wiki/Lago_da_Pedra","/wiki/Maraj%C3%A1_do_Sena","/wiki/Nova_Olinda_do_Maranh%C3%A3o","/wiki/Paulo_Ramos,_Maranh%C3%A3o","/wiki/Pindar%C3%A9-Mirim","/wiki/Presidente_M%C3%A9dici,_Maranh%C3%A3o","/wiki/Santa_In%C3%AAs","/wiki/Santa_Luzia,_Maranh%C3%A3o","/wiki/Santa_Luzia_do_Paru%C3%A1","/wiki/S%C3%A3o_Jo%C3%A3o_do_Car%C3%BA","/wiki/Tufil%C3%A2ndia","/wiki/Vitorino_Freire","/wiki/Z%C3%A9_Doca","/wiki/Benedito_Leite","/wiki/Fortaleza_dos_Nogueiras","/wiki/Loreto,_Maranh%C3%A3o","/wiki/Nova_Colinas","/wiki/Samba%C3%ADba","/wiki/S%C3%A3o_Domingos_do_Azeit%C3%A3o","/wiki/S%C3%A3o_F%C3%A9lix_de_Balsas","/wiki/S%C3%A3o_Raimundo_das_Mangabeiras","/wiki/Alto_Parna%C3%ADba","/wiki/Balsas,_Maranh%C3%A3o","/wiki/Feira_Nova_do_Maranh%C3%A3o","/wiki/Riach%C3%A3o,_Maranh%C3%A3o","/wiki/Tasso_Fragoso","/wiki/Campestre_do_Maranh%C3%A3o","/wiki/Carolina,_Maranh%C3%A3o","/wiki/Estreito,_Maranh%C3%A3o","/wiki/Porto_Franco","/wiki/S%C3%A3o_Jo%C3%A3o_do_Para%C3%ADso,_Maranh%C3%A3o","/wiki/S%C3%A3o_Pedro_dos_Crentes","/wiki/File:Bandeira_do_Maranh%C3%A3o.svg","//upload.wikimedia.org/wikipedia/commons/thumb/4/45/Bandeira_do_Maranh%C3%A3o.svg/30px-Bandeira_do_Maranh%C3%A3o.svg.png","/wiki/Maranh%C3%A3o","/wiki/Wikipedia:Stub","//en.wikipedia.org/w/index.php?title=Urbano_Santos&action=edit","/wiki/Template:Maranh%C3%A3o-geo-stub","/wiki/Template_talk:Maranh%C3%A3o-geo-stub","//en.wikipedia.org/w/index.php?title=Template:Maranh%C3%A3o-geo-stub&action=edit","/wiki/Geographic_coordinate_system","//tools.wmflabs.org/geohack/geohack.php?pagename=Urbano_Santos&params=3_12_S_43_23_W_region:BR_type:city_source:GNS-enwiki","//en.wikipedia.org/w/index.php?title=Special:CentralAutoLogin/start&type=1x1&from=enwiki","http://en.wikipedia.org/w/index.php?title=Urbano_Santos&oldid=541090054","/wiki/Help:Categories","/wiki/Category:Maranh%C3%A3o_geography_stubs","/wiki/Category:Populated_places_in_Maranh%C3%A3o","/w/index.php?title=Special:UserLogin&returnto=Urbano+Santos&type=signup","/w/index.php?title=Special:UserLogin&returnto=Urbano+Santos","/wiki/Urbano_Santos","/wiki/Talk:Urbano_Santos","#","/wiki/Urbano_Santos","/w/index.php?title=Urbano_Santos&action=edit","/w/index.php?title=Urbano_Santos&action=history","#","/w/index.php","//bits.wikimedia.org/static-1.22wmf10/skins/vector/images/search-ltr.png?303-4","/wiki/Main_Page","/wiki/Main_Page","/wiki/Portal:Contents","/wiki/Portal:Featured_content","/wiki/Portal:Current_events","/wiki/Special:Random","//donate.wikimedia.org/wiki/Special:FundraiserRedirector?utm_source=donate&utm_medium=sidebar&utm_campaign=C13_en.wikipedia.org&uselang=en","/wiki/Help:Contents","/wiki/Wikipedia:About","/wiki/Wikipedia:Community_portal","/wiki/Special:RecentChanges","//en.wikipedia.org/wiki/Wikipedia:Contact_us","/wiki/Special:WhatLinksHere/Urbano_Santos","/wiki/Special:RecentChangesLinked/Urbano_Santos","/wiki/Wikipedia:File_Upload_Wizard","/wiki/Special:SpecialPages","/w/index.php?title=Urbano_Santos&oldid=541090054","/w/index.php?title=Urbano_Santos&action=info","//www.wikidata.org/wiki/Q2064632","/w/index.php?title=Special:Cite&page=Urbano_Santos&id=541090054","/w/index.php?title=Special:Book&bookcmd=book_creator&referer=Urbano+Santos","/w/index.php?title=Special:Book&bookcmd=render_article&arttitle=Urbano+Santos&oldid=541090054&writer=rl","/w/index.php?title=Urbano_Santos&printable=yes","//bpy.wikipedia.org/wiki/%E0%A6%86%E0%A6%B0%E0%A7%8D%E0%A6%AC%E0%A6%BE%E0%A6%A8%E0%A7%8B_%E0%A6%B8%E0%A6%BE%E0%A6%A8%E0%A7%8D%E0%A6%9F%E0%A7%8B%E0%A6%B8","//it.wikipedia.org/wiki/Urbano_Santos","//kk.wikipedia.org/wiki/%D0%A3%D1%80%D0%B1%D0%B0%D0%BD%D1%83-%D0%A1%D0%B0%D0%BD%D1%82%D1%83%D1%81","//nl.wikipedia.org/wiki/Urbano_Santos","//no.wikipedia.org/wiki/Urbano_Santos","//pt.wikipedia.org/wiki/Urbano_Santos","//ro.wikipedia.org/wiki/Urbano_Santos","//ru.wikipedia.org/wiki/%D0%A3%D1%80%D0%B1%D0%B0%D0%BD%D1%83-%D0%A1%D0%B0%D0%BD%D1%82%D1%83%D1%81","//vi.wikipedia.org/wiki/Urbano_Santos","//vo.wikipedia.org/wiki/Urbano_Santos","//war.wikipedia.org/wiki/Urbano_Santos","//zh.wikipedia.org/wiki/Urbano_Santos","#","//www.wikidata.org/wiki/Q2064632#sitelinks-wikipedia","//en.wikipedia.org/wiki/Wikipedia:Text_of_Creative_Commons_Attribution-ShareAlike_3.0_Unported_License","//creativecommons.org/licenses/by-sa/3.0/","//wikimediafoundation.org/wiki/Terms_of_Use","//wikimediafoundation.org/wiki/Privacy_policy","//www.wikimediafoundation.org/","//wikimediafoundation.org/wiki/Privacy_policy","/wiki/Wikipedia:About","/wiki/Wikipedia:General_disclaimer","//en.wikipedia.org/wiki/Wikipedia:Contact_us","//en.m.wikipedia.org/wiki/Urbano_Santos","//wikimediafoundation.org/","//bits.wikimedia.org/images/wikimedia-button.png","//www.mediawiki.org/","//bits.wikimedia.org/static-1.22wmf10/skins/common/images/poweredby_mediawiki_88x31.png","//bits.wikimedia.org/en.wikipedia.org/load.php?debug=false&lang=en&modules=site&only=scripts&skin=vector&*"],"instances":["brazil"],"pdf":["http://www.ibge.gov.br/home/estatistica/populacao/estimativa2009/POP2009_DOU.pdf","http://www.ibge.gov.br/home/estatistica/economia/pibmunicipios/2005/tab01.pdf"],"categories":["Populated places in Maranh達o"],"headings":["See also","References"],"image":["//upload.wikimedia.org/wikipedia/en/thumb/0/05/Flag_of_Brazil.svg/22px-Flag_of_Brazil.svg.png","//upload.wikimedia.org/wikipedia/commons/thumb/4/45/Bandeira_do_Maranh%C3%A3o.svg/23px-Bandeira_do_Maranh%C3%A3o.svg.png","//upload.wikimedia.org/wikipedia/commons/thumb/a/a5/Brazil_State_Maranhao.svg/130px-Brazil_State_Maranhao.svg.png","//upload.wikimedia.org/wikipedia/commons/thumb/4/45/Bandeira_do_Maranh%C3%A3o.svg/30px-Bandeira_do_Maranh%C3%A3o.svg.png","//en.wikipedia.org/w/index.php?title=Special:CentralAutoLogin/start&type=1x1&from=enwiki","//bits.wikimedia.org/static-1.22wmf10/skins/vector/images/search-ltr.png?303-4","//bits.wikimedia.org/images/wikimedia-button.png","//bits.wikimedia.org/static-1.22wmf10/skins/common/images/poweredby_mediawiki_88x31.png"],"tags":[["municipality","brazil"]],"members":["municipality"],"related":["Regions_of_Brazil","Northeast_Region,_Brazil","States_of_Brazil","Maranh達o","Municipality_(Brazil)","States_of_Brazil","Maranh達o","Northeast_Region,_Brazil","Brazil","List_of_municipalities_in_Maranh達o"]}