{"cursor":"52588","size":15,"audio":[],"currentlang":"en","article":"\n\n\n\n{{Infobox settlement\n| name =Nagapattinam native_name = native_name_lang = other_name =\n| settlement_type = town image_skyline = Negapatnam van Choromandel.jpg\n| image_alt = painting of boats in a sea image_caption = Dutch engraving showing\n| Nagapatnam c. 1680 nickname = map_alt = map_caption = pushpin_map = India\n| Tamil Nadu pushpin_label_position = left pushpin_map_alt = pushpin_map_caption\n| = latd = 10.77 latm = lats = latNS = N longd = 79.83 longm = longs = longEW =\n| E coordinates_display = inline,title subdivision_type = Country\n| subdivision_name = India subdivision_type1 = State subdivision_name1 = Tamil\n| Nadu subdivision_type2 = District subdivision_name2 = Nagapattinam\n| established_title =  established_date = founder =\n| named_for = government_type = governing_body = unit_pref = Metric\n| area_footnotes = area_rank = area_total_km2 = 14.92 elevation_footnotes =\n| elevation_m = population_total = 102,838 population_as_of = 2011\n| population_rank = population_density_km2 = 615.99 population_demonym =\n| population_footnotes = demographics_type1 = Languages demographics1_title1 =\n| Official demographics1_info1 = Tamil timezone1 = IST utc_offset1 = +5:30\n| postal_code_type = PIN postal_code = 611xxx area_code_type = Telephone code\n| area_code = 914365 registration_plate = TN 51 website = footnotes =\n}} 'Nagapattinam' (nākappaṭṭi nam, previously spelt 'Nagapatnam' or\n'Negapatam') is a town in the Indian state of Tamil Nadu and the administrative\nheadquarters of Nagapattinam District. The town came to prominence during the\nperiod of Medieval Cholas (9th −12th century CE) and served as their important\nport for commerce and east bound naval expeditions. The Chudamani Vihara in\nNagapattinam constructed by the Sri Lankan king with the help of Chola kingdom\nis an important Buddhist structure of the times. Nagapattinam was settled by the\nPortuguese and, later, the Dutch under whom it served as the capital of Dutch\nCoromandel from 1660 to 1781 CE. In November 1781, the town was conquered by the\nBritish East India Company. It served as the capital of Tanjore district from\n1799 to 1845 CE under Madras Presidency of the British. It continued to be a\npart of Thanjavur district in Independent India. In 1991, it was made the\nheadquarters of the newly created Nagapattinam District. Nagapattinam is\nadministered by a Selection-grade municipality covering an area of . As of 2011,\nthe town had a population of 102,838.\n\nMajority of the people of Nagapattinam are employed in sea-borne trading,\nfishing, agriculture and tourism. The major pilgrimage site in Nagapattinam is\nNagore Durgah, a 16th-century site. The major festival of Nagapattinam is the\n14-day Kanduri festival celebrated in the Durgah, which is seen as a sacred\nexchange between Hindus and Muslims expressing solidarity of mixed faith in the\nregion. Kayarohanaswami Temple and Soundararajaperumal Temple, Nagapattinam are\nthe other major Hindu pilgrimage sites located in the town. Nagapattinam is the\nbase for tourism for Sikkal, Velankanni, Poompuhar, Kodikkarai, Vedaranyam,\nMannargudi and Tharangambadi. Roadways is the major mode of transport to\nNagapattinam, while the city also has rail and sea transport. The town along\nwith the district was severely damaged by the Indian Ocean Tsunami of 2004.\n","linknr":1228,"url":"Nagapattinam","recorded":1374782005,"links":["/w/index.php?title=Nagapattinam&action=edit","/w/index.php?title=Nagapattinam&action=edit","//bits.wikimedia.org/favicon/wikipedia.ico","/w/opensearch_desc.php","//en.wikipedia.org/w/api.php?action=rsd","//creativecommons.org/licenses/by-sa/3.0/","/w/index.php?title=Special:RecentChanges&feed=atom","//bits.wikimedia.org/en.wikipedia.org/load.php?debug=false&lang=en&modules=ext.gadget.DRN-wizard%2CReferenceTooltips%2Ccharinsert%2Cteahouse%7Cext.rtlcite%2Cwikihiero%7Cext.uls.nojs%7Cmediawiki.legacy.commonPrint%2Cshared%7Cmw.PopUpMediaTransform%7Cskins.vector&only=styles&skin=vector&*","//bits.wikimedia.org/en.wikipedia.org/load.php?debug=false&lang=en&modules=site&only=styles&skin=vector&*","//bits.wikimedia.org/en.wikipedia.org/load.php?debug=false&lang=en&modules=startup&only=scripts&skin=vector&*","//bits.wikimedia.org/geoiplookup","//meta.wikimedia.org","#mw-navigation","#p-search","/wiki/Wikipedia:Good_articles","//upload.wikimedia.org/wikipedia/en/thumb/9/94/Symbol_support_vote.svg/15px-Symbol_support_vote.svg.png","/wiki/Nagapattinam_district","/wiki/File:Negapatnam_van_Choromandel.jpg","//upload.wikimedia.org/wikipedia/commons/thumb/4/41/Negapatnam_van_Choromandel.jpg/250px-Negapatnam_van_Choromandel.jpg","/wiki/File:India_Tamil_Nadu_location_map.svg","//upload.wikimedia.org/wikipedia/commons/thumb/f/f6/India_Tamil_Nadu_location_map.svg/250px-India_Tamil_Nadu_location_map.svg.png","//upload.wikimedia.org/wikipedia/en/thumb/0/0c/Red_pog.svg/6px-Red_pog.svg.png","//tools.wmflabs.org/geohack/geohack.php?pagename=Nagapattinam&params=10.77_N_79.83_E_type:city(102838)_region:IN-TN","/wiki/Geographic_coordinate_system","//tools.wmflabs.org/geohack/geohack.php?pagename=Nagapattinam&params=10.77_N_79.83_E_type:city(102838)_region:IN-TN","/wiki/Tamil_Nadu","/wiki/List_of_districts_of_India","/wiki/Nagapattinam_District","/wiki/Tamil_language","/wiki/Time_zone","/wiki/Indian_Standard_Time","/wiki/UTC%2B5:30","/wiki/Postal_Index_Number","/wiki/Vehicle_registration_plate","/wiki/Nagapattinam_District","/wiki/Medieval_Cholas","/wiki/Chudamani_Vihara","/wiki/Portugal","/wiki/Dutch_Coromandel","#cite_note-FOOTNOTEW.2002161-1","/wiki/British_East_India_Company","/wiki/Tanjore_District_(Madras_Presidency)","/wiki/Madras_Presidency","#cite_note-FOOTNOTEW.2002161-1","/wiki/Nagapattinam_District","/wiki/Nagore_Durgah","/wiki/Kayarohanaswami_Temple,_Nagapattinam","/wiki/Soundararajaperumal_Temple,_Nagapattinam","/wiki/Sikkal_Singaravelan_Temple","/wiki/Basilica_of_Our_Lady_of_Good_Health","/wiki/Poompuhar","/wiki/Kodikkarai","/wiki/Vedaranyam","/wiki/Mannargudi","/wiki/Tharangambadi","/wiki/Indian_Ocean_Tsunami","#Etymology","#History","#Geography","#2004_Tsunami","#Demographics","#Economy","#Transport","#Culture_and_tourism","#Education_and_utility_services","#Politics","#See_also","#Notes","#Footnotes","#Citations","#References","#External_links","/w/index.php?title=Nagapattinam&action=edit&section=1","#cite_note-FOOTNOTEW.2002161-1","#cite_note-FOOTNOTETamil_Nadu_Urban_Infrastructure_Financial_Services_Limited20085-2","/wiki/Ptolemy","/wiki/Ancient_Tamil_country","#cite_note-FOOTNOTEW.2002161-1","#cite_note-FOOTNOTEKulke2009102.E2.80.93104-3","/wiki/Portugal","/wiki/Coromandel_Coast","#cite_note-FOOTNOTEW.2002161-1","/wiki/Appar","/wiki/Tirugnanasambandar","#cite_note-FOOTNOTEKulke2009104.E2.80.93107-4","/w/index.php?title=Nagapattinam&action=edit&section=2","/wiki/File:Lighthouse_of_Negapatam.jpg","//upload.wikimedia.org/wikipedia/commons/thumb/a/a9/Lighthouse_of_Negapatam.jpg/95px-Lighthouse_of_Negapatam.jpg","/wiki/File:Lighthouse_of_Negapatam.jpg","//bits.wikimedia.org/static-1.22wmf10/skins/common/images/magnify-clip.png","/wiki/Sangam_period","#cite_note-FOOTNOTEKulke2009102.E2.80.93104-3","/wiki/Kaveripoompattinam","/wiki/Pa%E1%B9%AD%E1%B9%ADi%E1%B9%89app%C4%81lai","#cite_note-FOOTNOTEKulke2009102.E2.80.93104-3","#cite_note-FOOTNOTEKulke2009107.E2.80.93108-5","/wiki/Narasimhavarman_II","#cite_note-FOOTNOTEKulke2009108.E2.80.93119-6","#cite_note-FOOTNOTEKulke2009108.E2.80.93119-6","/wiki/Thirumangai_Alvar","/wiki/Vaishnavite","/wiki/Sri_Ranganathaswamy_Temple,_Srirangam","/wiki/Srirangam","#cite_note-FOOTNOTEKulke2009108.E2.80.93119-6","/wiki/Chudamani_Vihara","/wiki/Rajaraja_Chola_I","#cite_note-FOOTNOTEKulke200967-7","#cite_note-FOOTNOTEW.2002139-8","/wiki/Dutch_Coromandel","/wiki/Pulicat","#cite_note-FOOTNOTEW.2002139-8","/wiki/Battle_of_Negapatam_(1758)","/wiki/Seven_Years_War","/wiki/Battle_of_Negapatam_(1782)","/wiki/American_Revolutionary_War","/wiki/Siege_of_Negapatam","/wiki/Fourth_Anglo-Dutch_War","#cite_note-FOOTNOTEW.2002136-9","/wiki/Treaty_of_Paris_(1784)","/wiki/East_India_Company","#cite_note-FOOTNOTEW.2002161-1","#cite_note-FOOTNOTEW.2002161-1","/wiki/Madras_Presidency","/wiki/Tranquebar","/wiki/Tuticorin","/wiki/Thanjavur_district","/wiki/Tsunami","/wiki/2004_Indian_Ocean_earthquake","#cite_note-FOOTNOTEAbout_the_town2011-10","#cite_note-FOOTNOTENagapattinam_Municipality_features2011-11","#cite_note-FOOTNOTENagapattinam_district_profile2011-12","#cite_note-FOOTNOTENagapattinam_district_local_administration2011-13","/w/index.php?title=Nagapattinam&action=edit&section=3","//tools.wmflabs.org/geohack/geohack.php?pagename=Nagapattinam&params=10.77_N_79.83_E_","#cite_note-FOOTNOTEAbout_the_town2011-10","/wiki/Bay_of_Bengal","/wiki/Thiruvarur_district","/wiki/Thanjavur_District","/wiki/Karaikkal","/wiki/Puducherry","#cite_note-FOOTNOTEAbout_the_town2011-10","#cite_note-FOOTNOTEAbout_the_town2011-10","#cite_note-FOOTNOTEAbout_the_town2011-10","/wiki/Chennai","/wiki/Karaikal","/wiki/Mayiladuthurai","/wiki/Kumbakonam","/wiki/Thanjavur","/wiki/Thiruvarur","#cite_note-FOOTNOTEAbout_the_town2011-10","#cite_note-FOOTNOTEAbout_the_town2011-10","/wiki/Vettar_River","/wiki/Cauvery","/wiki/Rice#Harvesting.2C_drying_and_milling","/wiki/Pulses","/wiki/Sugarcane","#cite_note-FOOTNOTEAbout_the_town2011-10","/wiki/2004_tsunami","#cite_note-FOOTNOTETamil_Nadu_Urban_Infrastructure_Financial_Services_Limited20086-14","#cite_note-FOOTNOTEKaran201189-15","/w/index.php?title=Nagapattinam&action=edit&section=4","/wiki/2004_Indian_Ocean_earthquake","/wiki/Submarine_earthquake","/wiki/Megathrust_earthquake","/wiki/Sumatra","/wiki/Tsunami","#cite_note-FOOTNOTEKaran201170-16","#cite_note-FOOTNOTEKaran201177-17","#cite_note-FOOTNOTEKaran2011227-18","#cite_note-FOOTNOTEKaran2011231-19","/wiki/Precipitation","#cite_note-FOOTNOTEClimatology_of_Nagapattinam2011-20","/w/index.php?title=Nagapattinam&action=edit&section=5","/wiki/File:Permanent_Shelter_for_Tsunami_Affected-_Nagapattinam-_India.JPG","//upload.wikimedia.org/wikipedia/commons/thumb/7/7d/Permanent_Shelter_for_Tsunami_Affected-_Nagapattinam-_India.JPG/220px-Permanent_Shelter_for_Tsunami_Affected-_Nagapattinam-_India.JPG","/wiki/File:Permanent_Shelter_for_Tsunami_Affected-_Nagapattinam-_India.JPG","//bits.wikimedia.org/static-1.22wmf10/skins/common/images/magnify-clip.png","#cite_note-FOOTNOTENagapattinam_population2011-21","#cite_note-FOOTNOTENagapattinam_provisional_totals_20112011-22","#endnote_a","#cite_note-FOOTNOTENagapattinam_provisional_totals_20112011-22","//en.wikipedia.org/w/index.php?title=Nagapattinam&action=edit","#cite_note-FOOTNOTECensus_of_India2001-23","#cite_note-FOOTNOTECensus_of_India2001-23","/wiki/Scheduled_Castes","/wiki/Scheduled_tribes","#cite_note-FOOTNOTECensus_of_India2001-23","#cite_note-FOOTNOTECensus_of_India2001-23","#cite_note-FOOTNOTETamil_Nadu_Urban_Infrastructure_Financial_Services_Limited20087.E2.80.9310-24","#cite_note-FOOTNOTETamil_Nadu_Urban_Infrastructure_Financial_Services_Limited20087.E2.80.9310-24","#cite_note-FOOTNOTETamil_Nadu_Urban_Infrastructure_Financial_Services_Limited200827-25","/w/index.php?title=Nagapattinam&action=edit&section=6","/wiki/File:Nagapattinam_Fishing_industry.jpeg","//upload.wikimedia.org/wikipedia/en/thumb/c/c4/Nagapattinam_Fishing_industry.jpeg/200px-Nagapattinam_Fishing_industry.jpeg","/wiki/File:Nagapattinam_Fishing_industry.jpeg","//bits.wikimedia.org/static-1.22wmf10/skins/common/images/magnify-clip.png","/wiki/Bay_of_Bengal","#cite_note-FOOTNOTETamil_Nadu_Urban_Infrastructure_Financial_Services_Limited200812.E2.80.9316-26","#cite_note-FOOTNOTETamil_Nadu_Urban_Infrastructure_Financial_Services_Limited200812.E2.80.9316-26","#cite_note-FOOTNOTETamil_Nadu_Urban_Infrastructure_Financial_Services_Limited200812.E2.80.9316-26","#cite_note-FOOTNOTETamil_Nadu_Urban_Infrastructure_Financial_Services_Limited200812.E2.80.9316-26","/wiki/Nagore","/wiki/Sikkal","/wiki/Point_Calimere","/wiki/Mannargudi","/wiki/Tharangambadi","#cite_note-FOOTNOTETamil_Nadu_Urban_Infrastructure_Financial_Services_Limited200812.E2.80.9316-26","#cite_note-FOOTNOTETamil_Nadu_Urban_Infrastructure_Financial_Services_Limited200812.E2.80.9316-26","/wiki/Chennai_Petroleum_Corporation_Limited","#cite_note-FOOTNOTETamil_Nadu_Urban_Infrastructure_Financial_Services_Limited200812.E2.80.9316-26","#cite_note-FOOTNOTETamil_Nadu_Urban_Infrastructure_Financial_Services_Limited200812.E2.80.9316-26","/wiki/List_of_banks_in_India#Nationalized_Banks","/wiki/State_Bank_of_India","/wiki/Indian_Bank","/wiki/Central_Bank_of_India","/wiki/Punjab_National_Bank","/wiki/Indian_Overseas_Bank","/wiki/ICICI_Bank","/wiki/City_Union_Bank","#cite_note-FOOTNOTENagapattinam_town_Banks2011-27","/wiki/Automated_teller_machine","#cite_note-FOOTNOTENagapattinam_town_Banks2011-27","/w/index.php?title=Nagapattinam&action=edit&section=7","#cite_note-FOOTNOTENagapattinam_roads2011-28","/wiki/NH_45A","/wiki/Villupuram","/wiki/NH_67","/wiki/Coimbatore","/wiki/Gundlupete","/wiki/Karnataka_state","#cite_note-FOOTNOTETamil_Nadu_Urban_Infrastructure_Financial_Services_Limited20086-14","/wiki/Tiruchirapalli","/wiki/SH_22","/wiki/Grand_Anaicut","/wiki/Kaveripoompattinam","/wiki/SH_23","/wiki/SH_64","/wiki/Sirkazhi","/wiki/SH_67","/wiki/Nachiyar_Koil","/wiki/SH_147","/wiki/Karaikkal","/wiki/SH_148","/wiki/SH_149","/wiki/Sembanarkoil","/wiki/SH_150","/wiki/Vaitheeswarankoil","/wiki/Lower_Anaicut","/wiki/SH_151","/wiki/Kilvelur","#cite_note-FOOTNOTETamil_Nadu_Urban_Infrastructure_Financial_Services_Limited20086-14","/wiki/Tamil_Nadu_State_Transport_Corporation","#cite_note-FOOTNOTE.27.27The_Hindu.27.2713_July_2012-29","/wiki/Trichy","/wiki/Velankanni","#cite_note-FOOTNOTE.27.27The_Hindu.27.2713_July_2012-29","#cite_note-FOOTNOTESETC_Computer_reservation_centres2004-30","#cite_note-FOOTNOTE.27.27The_Hindu.27.2713_July_2012-29","/wiki/State_Express_Transport_Corporation_(Tamil_Nadu)","/wiki/Bangalore","/wiki/Thiruvanathapuram","/wiki/Marthandam","#cite_note-FOOTNOTE.27.27The_Hindu.27.2713_July_2012-29","#cite_note-FOOTNOTEW.2002167-31","/wiki/Passenger_Trains","/wiki/Thanjavur","#cite_note-FOOTNOTE.27.27The_Hindu.27.272_July_2012-32","/wiki/Ernakulam","/wiki/Coimbatore","/wiki/Tirupati_(city)","/wiki/Goa","#cite_note-FOOTNOTE.27.27The_Hindu.27.272_July_2012-32","#cite_note-FOOTNOTENagapattinam_Port2011-33","/wiki/Rajendra_Chola_I","#cite_note-FOOTNOTENagapattinam_Port2011-33","#cite_note-FOOTNOTEW.2002144-34","#cite_note-FOOTNOTE.27.27The_Hindu_Business_Line.27.2720_January_2012-35","#cite_note-FOOTNOTEStrand2008235.E2.80.93239-36","#cite_note-FOOTNOTE.27.27The_Hindu_Business_Line.27.2720_January_2012-35","#cite_note-FOOTNOTEW.2002162-37","#cite_note-FOOTNOTENagapattinam_Port2011-33","/wiki/Tiruchirapalli_Airport","#cite_note-FOOTNOTENagapattinam_transport2011-38","/w/index.php?title=Nagapattinam&action=edit&section=8","/wiki/File:Nakur_tharka.jpg","//upload.wikimedia.org/wikipedia/commons/thumb/1/1c/Nakur_tharka.jpg/200px-Nakur_tharka.jpg","/wiki/File:Nakur_tharka.jpg","//bits.wikimedia.org/static-1.22wmf10/skins/common/images/magnify-clip.png","/wiki/Nagore_Durgha","#cite_note-FOOTNOTEHunter19083-39","#cite_note-FOOTNOTEWerbner199861.E2.80.9362-40","#cite_note-FOOTNOTEVisweswaran201133.E2.80.9334-41","#cite_note-FOOTNOTEVarious200761-42","/wiki/Kayarohanaswami_Temple,_Nagapattinam","/wiki/Shiva","/wiki/Appar","/wiki/Campantar","/wiki/Sundarar","#cite_note-FOOTNOTEVarious200761-42","#cite_note-FOOTNOTE.27.27The_Hindu.27.2716_July_2010-43","#cite_note-FOOTNOTEVarious200761-42","/wiki/File:Kayarohanaswami_Temple.jpg","//upload.wikimedia.org/wikipedia/en/thumb/4/40/Kayarohanaswami_Temple.jpg/200px-Kayarohanaswami_Temple.jpg","/wiki/File:Kayarohanaswami_Temple.jpg","//bits.wikimedia.org/static-1.22wmf10/skins/common/images/magnify-clip.png","/wiki/Soundararajaperumal_Temple,_Nagapattinam","/wiki/Vishnu","/wiki/Divya_Desams","/wiki/Nalayira_Divya_Prabandham","/wiki/Azhwars","#cite_note-FOOTNOTEVarious200761-42","/wiki/Sikkal_Singaravelan_Temple","/wiki/Sikkal","/wiki/Vedaranyeswarar_Temple","/wiki/Koothanur_Maha_Saraswathi_Temple","#cite_note-FOOTNOTETamil_Nadu_Urban_Infrastructure_Financial_Services_Limited200814.E2.80.9315-44","/wiki/Velankanni","/wiki/Basilica_of_Our_Lady_of_Good_Health","#cite_note-FOOTNOTETamil_Nadu_Urban_Infrastructure_Financial_Services_Limited200814.E2.80.9315-44","#cite_note-FOOTNOTEVarious200761-42","/w/index.php?title=Nagapattinam&action=edit&section=9","/wiki/St._Joseph%27s_College,_Tiruchirappalli","#cite_note-FOOTNOTEW.2002207-45","#cite_note-FOOTNOTENagapattinam_schools2011-46","#cite_note-FOOTNOTENagapattinam_schools2011-46","/wiki/Tamil_Nadu_Electricity_Board","#cite_note-FOOTNOTETNEB_region_details2011-47","#cite_note-FOOTNOTENagapattinam_water_supply2011-48","#cite_note-FOOTNOTEWaste_management_programme2011-49","#cite_note-FOOTNOTENagapttinam_sewarage2011-50","#cite_note-FOOTNOTENagapattinam_storm_water_management2011-51","/wiki/Bharat_Sanchar_Nigam_Limited","/wiki/Broadband_internet","#cite_note-FOOTNOTEBSNL2011-52","#cite_note-FOOTNOTENagapattinam_hospitals2011-53","#cite_note-FOOTNOTENagapattinam_hospitals2011-53","/w/index.php?title=Nagapattinam&action=edit&section=10","#cite_note-FOOTNOTENagapattinam_Municipality_chairman2011-54","#cite_note-FOOTNOTENagapattinam_Municipality_Commissioner2011-55","#cite_note-FOOTNOTENagapattinam_Municipality_vice-chairman2011-56","/wiki/K._A._Jayapal","#cite_note-FOOTNOTEMLA_of_Nagapattinam2011-57","/wiki/A._K._S._Vijayan","#cite_note-FOOTNOTEMP_of_Nagapattinam2009-58","#cite_note-FOOTNOTEAbout_the_town2011-10","#cite_note-FOOTNOTENagapattinam_Municipality_features2011-11","#cite_note-FOOTNOTENagapattinam_Municipality_features2011-11","#cite_note-FOOTNOTECouncillors_of_Nagapattinam_Municipality2011-59","#cite_note-FOOTNOTECommissionerate_of_Municipal_Administration2006-60","#cite_note-FOOTNOTECommissionerate_of_Municipal_Administration2006-60","#cite_note-FOOTNOTEEconomic_and_political_weekly1995-61","/wiki/Nagapattinam_(State_Assembly_Constituency)","/wiki/Tamil_Nadu_Legislative_Assembly","#cite_note-FOOTNOTEList_of_Assembly_constituencies2010-62","/wiki/Dravida_Munnetra_Kazhagam","/wiki/Anna_Dravida_Munnetra_Kazhagam","/wiki/Communist_Party_of_India_(Marxist)","#cite_note-FOOTNOTEPartywise_Comparison_Since_19772011-63","/wiki/Government_of_Tamil_Nadu","#cite_note-FOOTNOTEMLA_of_Nagapattinam2011-57","/wiki/Nagapattinam_(Lok_Sabha_constituency)","/wiki/Thiruthuraipundi_(State_Assembly_Constituency)","/wiki/Vedaranyam_(State_Assembly_Constituency)","/wiki/Kilvelur_(State_Assembly_Constituency)","/wiki/Nannilam_(State_Assembly_Constituency)","#cite_note-FOOTNOTE.27.27The_Hindu.27.2731_March_2009-64","#cite_note-FOOTNOTEMP_of_Nagapattinam2009-58","/wiki/Indian_National_Congress","#cite_note-FOOTNOTEKey_highlights_of_the_general_elections_1957_to_the_Second_Lok_Sabha-65","#cite_note-FOOTNOTEKey_highlights_of_the_general_elections_1962_to_the_Third_Lok_Sabha-66","#cite_note-FOOTNOTEKey_highlights_of_the_general_elections_1967_to_the_Fourth_Lok_Sabha-67","#cite_note-FOOTNOTEKey_highlights_of_the_general_elections_1991_to_the_Tenth_Lok_Sabha-68","#cite_note-FOOTNOTEKey_highlights_of_the_general_elections_1996_to_the_Eleventh_Lok_Sabha-69","#cite_note-FOOTNOTEKey_highlights_of_the_general_elections_1971_to_the_Fifth_Lok_Sabha-70","#cite_note-FOOTNOTEKey_highlights_of_the_general_elections_1977_to_the_Sixth_Lok_Sabha-71","#cite_note-FOOTNOTEKey_highlights_of_the_general_elections_1989_to_the_Ninth_Lok_Sabha-72","#cite_note-FOOTNOTEKey_highlights_of_the_general_elections_1996_to_the_Eleventh_Lok_Sabha-69","#cite_note-FOOTNOTEKey_highlights_of_the_general_elections_1998_to_the_Twelfth_Lok_Sabha-73","#cite_note-FOOTNOTEKey_highlights_of_the_general_elections_1980_to_the_Seventh_Lok_Sabha-74","#cite_note-FOOTNOTEKey_highlights_of_the_general_elections_1999_to_the_Thirteenth_Lok_Sabha-75","#cite_note-FOOTNOTEKey_highlights_of_the_general_elections_2004_to_the_Fourteenth_Lok_Sabha-76","#cite_note-FOOTNOTEKey_highlights_of_the_general_elections_1984_to_the_Eighth_Lok_Sabha-77","/wiki/Tamil_Nadu_Police","#cite_note-FOOTNOTENagapattinam_district_police2011-78","#cite_note-FOOTNOTENagapattinam_police2011-79","#cite_note-FOOTNOTENagapattinam_district_police2011-78","/w/index.php?title=Nagapattinam&action=edit&section=11","/wiki/Battle_of_Negapatam_(1758)","/wiki/Battle_of_Negapatam_(1782)","/w/index.php?title=Nagapattinam&action=edit&section=12","/w/index.php?title=Nagapattinam&action=edit&section=13","#ref_a","/w/index.php?title=Nagapattinam&action=edit&section=14","#cite_ref-FOOTNOTEW.2002161_1-0","#cite_ref-FOOTNOTEW.2002161_1-1","#cite_ref-FOOTNOTEW.2002161_1-2","#cite_ref-FOOTNOTEW.2002161_1-3","#cite_ref-FOOTNOTEW.2002161_1-4","#cite_ref-FOOTNOTEW.2002161_1-5","#cite_ref-FOOTNOTEW.2002161_1-6","#CITEREFW.2002","#cite_ref-FOOTNOTETamil_Nadu_Urban_Infrastructure_Financial_Services_Limited20085_2-0","#CITEREFTamil_Nadu_Urban_Infrastructure_Financial_Services_Limited2008","#cite_ref-FOOTNOTEKulke2009102.E2.80.93104_3-0","#cite_ref-FOOTNOTEKulke2009102.E2.80.93104_3-1","#cite_ref-FOOTNOTEKulke2009102.E2.80.93104_3-2","#CITEREFKulke2009","#cite_ref-FOOTNOTEKulke2009104.E2.80.93107_4-0","#CITEREFKulke2009","#cite_ref-FOOTNOTEKulke2009107.E2.80.93108_5-0","#CITEREFKulke2009","#cite_ref-FOOTNOTEKulke2009108.E2.80.93119_6-0","#cite_ref-FOOTNOTEKulke2009108.E2.80.93119_6-1","#cite_ref-FOOTNOTEKulke2009108.E2.80.93119_6-2","#CITEREFKulke2009","#cite_ref-FOOTNOTEKulke200967_7-0","#CITEREFKulke2009","#cite_ref-FOOTNOTEW.2002139_8-0","#cite_ref-FOOTNOTEW.2002139_8-1","#CITEREFW.2002","#cite_ref-FOOTNOTEW.2002136_9-0","#CITEREFW.2002","#cite_ref-FOOTNOTEAbout_the_town2011_10-0","#cite_ref-FOOTNOTEAbout_the_town2011_10-1","#cite_ref-FOOTNOTEAbout_the_town2011_10-2","#cite_ref-FOOTNOTEAbout_the_town2011_10-3","#cite_ref-FOOTNOTEAbout_the_town2011_10-4","#cite_ref-FOOTNOTEAbout_the_town2011_10-5","#cite_ref-FOOTNOTEAbout_the_town2011_10-6","#cite_ref-FOOTNOTEAbout_the_town2011_10-7","#cite_ref-FOOTNOTEAbout_the_town2011_10-8","#CITEREFAbout_the_town2011","#cite_ref-FOOTNOTENagapattinam_Municipality_features2011_11-0","#cite_ref-FOOTNOTENagapattinam_Municipality_features2011_11-1","#cite_ref-FOOTNOTENagapattinam_Municipality_features2011_11-2","#CITEREFNagapattinam_Municipality_features2011","#cite_ref-FOOTNOTENagapattinam_district_profile2011_12-0","#CITEREFNagapattinam_district_profile2011","#cite_ref-FOOTNOTENagapattinam_district_local_administration2011_13-0","#CITEREFNagapattinam_district_local_administration2011","#cite_ref-FOOTNOTETamil_Nadu_Urban_Infrastructure_Financial_Services_Limited20086_14-0","#cite_ref-FOOTNOTETamil_Nadu_Urban_Infrastructure_Financial_Services_Limited20086_14-1","#cite_ref-FOOTNOTETamil_Nadu_Urban_Infrastructure_Financial_Services_Limited20086_14-2","#CITEREFTamil_Nadu_Urban_Infrastructure_Financial_Services_Limited2008","#cite_ref-FOOTNOTEKaran201189_15-0","#CITEREFKaran2011","#cite_ref-FOOTNOTEKaran201170_16-0","#CITEREFKaran2011","#cite_ref-FOOTNOTEKaran201177_17-0","#CITEREFKaran2011","#cite_ref-FOOTNOTEKaran2011227_18-0","#CITEREFKaran2011","#cite_ref-FOOTNOTEKaran2011231_19-0","#CITEREFKaran2011","#cite_ref-FOOTNOTEClimatology_of_Nagapattinam2011_20-0","#CITEREFClimatology_of_Nagapattinam2011","#cite_ref-FOOTNOTENagapattinam_population2011_21-0","#CITEREFNagapattinam_population2011","#cite_ref-FOOTNOTENagapattinam_provisional_totals_20112011_22-0","#cite_ref-FOOTNOTENagapattinam_provisional_totals_20112011_22-1","#CITEREFNagapattinam_provisional_totals_20112011","#cite_ref-FOOTNOTECensus_of_India2001_23-0","#cite_ref-FOOTNOTECensus_of_India2001_23-1","#cite_ref-FOOTNOTECensus_of_India2001_23-2","#cite_ref-FOOTNOTECensus_of_India2001_23-3","#CITEREFCensus_of_India2001","#cite_ref-FOOTNOTETamil_Nadu_Urban_Infrastructure_Financial_Services_Limited20087.E2.80.9310_24-0","#cite_ref-FOOTNOTETamil_Nadu_Urban_Infrastructure_Financial_Services_Limited20087.E2.80.9310_24-1","#CITEREFTamil_Nadu_Urban_Infrastructure_Financial_Services_Limited2008","#cite_ref-FOOTNOTETamil_Nadu_Urban_Infrastructure_Financial_Services_Limited200827_25-0","#CITEREFTamil_Nadu_Urban_Infrastructure_Financial_Services_Limited2008","#cite_ref-FOOTNOTETamil_Nadu_Urban_Infrastructure_Financial_Services_Limited200812.E2.80.9316_26-0","#cite_ref-FOOTNOTETamil_Nadu_Urban_Infrastructure_Financial_Services_Limited200812.E2.80.9316_26-1","#cite_ref-FOOTNOTETamil_Nadu_Urban_Infrastructure_Financial_Services_Limited200812.E2.80.9316_26-2","#cite_ref-FOOTNOTETamil_Nadu_Urban_Infrastructure_Financial_Services_Limited200812.E2.80.9316_26-3","#cite_ref-FOOTNOTETamil_Nadu_Urban_Infrastructure_Financial_Services_Limited200812.E2.80.9316_26-4","#cite_ref-FOOTNOTETamil_Nadu_Urban_Infrastructure_Financial_Services_Limited200812.E2.80.9316_26-5","#cite_ref-FOOTNOTETamil_Nadu_Urban_Infrastructure_Financial_Services_Limited200812.E2.80.9316_26-6","#cite_ref-FOOTNOTETamil_Nadu_Urban_Infrastructure_Financial_Services_Limited200812.E2.80.9316_26-7","#CITEREFTamil_Nadu_Urban_Infrastructure_Financial_Services_Limited2008","#cite_ref-FOOTNOTENagapattinam_town_Banks2011_27-0","#cite_ref-FOOTNOTENagapattinam_town_Banks2011_27-1","#CITEREFNagapattinam_town_Banks2011","#cite_ref-FOOTNOTENagapattinam_roads2011_28-0","#CITEREFNagapattinam_roads2011","#cite_ref-FOOTNOTE.27.27The_Hindu.27.2713_July_2012_29-0","#cite_ref-FOOTNOTE.27.27The_Hindu.27.2713_July_2012_29-1","#cite_ref-FOOTNOTE.27.27The_Hindu.27.2713_July_2012_29-2","#cite_ref-FOOTNOTE.27.27The_Hindu.27.2713_July_2012_29-3","#CITEREF.27.27The_Hindu.27.2713_July_2012","#cite_ref-FOOTNOTESETC_Computer_reservation_centres2004_30-0","#CITEREFSETC_Computer_reservation_centres2004","#cite_ref-FOOTNOTEW.2002167_31-0","#CITEREFW.2002","#cite_ref-FOOTNOTE.27.27The_Hindu.27.272_July_2012_32-0","#cite_ref-FOOTNOTE.27.27The_Hindu.27.272_July_2012_32-1","#CITEREF.27.27The_Hindu.27.272_July_2012","#cite_ref-FOOTNOTENagapattinam_Port2011_33-0","#cite_ref-FOOTNOTENagapattinam_Port2011_33-1","#cite_ref-FOOTNOTENagapattinam_Port2011_33-2","#CITEREFNagapattinam_Port2011","#cite_ref-FOOTNOTEW.2002144_34-0","#CITEREFW.2002","#cite_ref-FOOTNOTE.27.27The_Hindu_Business_Line.27.2720_January_2012_35-0","#cite_ref-FOOTNOTE.27.27The_Hindu_Business_Line.27.2720_January_2012_35-1","#CITEREF.27.27The_Hindu_Business_Line.27.2720_January_2012","#cite_ref-FOOTNOTEStrand2008235.E2.80.93239_36-0","#CITEREFStrand2008","#cite_ref-FOOTNOTEW.2002162_37-0","#CITEREFW.2002","#cite_ref-FOOTNOTENagapattinam_transport2011_38-0","#CITEREFNagapattinam_transport2011","#cite_ref-FOOTNOTEHunter19083_39-0","#CITEREFHunter1908","#cite_ref-FOOTNOTEWerbner199861.E2.80.9362_40-0","#CITEREFWerbner1998","#cite_ref-FOOTNOTEVisweswaran201133.E2.80.9334_41-0","#CITEREFVisweswaran2011","#cite_ref-FOOTNOTEVarious200761_42-0","#cite_ref-FOOTNOTEVarious200761_42-1","#cite_ref-FOOTNOTEVarious200761_42-2","#cite_ref-FOOTNOTEVarious200761_42-3","#cite_ref-FOOTNOTEVarious200761_42-4","#CITEREFVarious2007","#cite_ref-FOOTNOTE.27.27The_Hindu.27.2716_July_2010_43-0","#CITEREF.27.27The_Hindu.27.2716_July_2010","#cite_ref-FOOTNOTETamil_Nadu_Urban_Infrastructure_Financial_Services_Limited200814.E2.80.9315_44-0","#cite_ref-FOOTNOTETamil_Nadu_Urban_Infrastructure_Financial_Services_Limited200814.E2.80.9315_44-1","#CITEREFTamil_Nadu_Urban_Infrastructure_Financial_Services_Limited2008","#cite_ref-FOOTNOTEW.2002207_45-0","#CITEREFW.2002","#cite_ref-FOOTNOTENagapattinam_schools2011_46-0","#cite_ref-FOOTNOTENagapattinam_schools2011_46-1","#CITEREFNagapattinam_schools2011","#cite_ref-FOOTNOTETNEB_region_details2011_47-0","#CITEREFTNEB_region_details2011","#cite_ref-FOOTNOTENagapattinam_water_supply2011_48-0","#CITEREFNagapattinam_water_supply2011","#cite_ref-FOOTNOTEWaste_management_programme2011_49-0","#CITEREFWaste_management_programme2011","#cite_ref-FOOTNOTENagapttinam_sewarage2011_50-0","#CITEREFNagapttinam_sewarage2011","#cite_ref-FOOTNOTENagapattinam_storm_water_management2011_51-0","#CITEREFNagapattinam_storm_water_management2011","#cite_ref-FOOTNOTEBSNL2011_52-0","#CITEREFBSNL2011","#cite_ref-FOOTNOTENagapattinam_hospitals2011_53-0","#cite_ref-FOOTNOTENagapattinam_hospitals2011_53-1","#CITEREFNagapattinam_hospitals2011","#cite_ref-FOOTNOTENagapattinam_Municipality_chairman2011_54-0","#CITEREFNagapattinam_Municipality_chairman2011","#cite_ref-FOOTNOTENagapattinam_Municipality_Commissioner2011_55-0","#CITEREFNagapattinam_Municipality_Commissioner2011","#cite_ref-FOOTNOTENagapattinam_Municipality_vice-chairman2011_56-0","#CITEREFNagapattinam_Municipality_vice-chairman2011","#cite_ref-FOOTNOTEMLA_of_Nagapattinam2011_57-0","#cite_ref-FOOTNOTEMLA_of_Nagapattinam2011_57-1","#CITEREFMLA_of_Nagapattinam2011","#cite_ref-FOOTNOTEMP_of_Nagapattinam2009_58-0","#cite_ref-FOOTNOTEMP_of_Nagapattinam2009_58-1","#CITEREFMP_of_Nagapattinam2009","#cite_ref-FOOTNOTECouncillors_of_Nagapattinam_Municipality2011_59-0","#CITEREFCouncillors_of_Nagapattinam_Municipality2011","#cite_ref-FOOTNOTECommissionerate_of_Municipal_Administration2006_60-0","#cite_ref-FOOTNOTECommissionerate_of_Municipal_Administration2006_60-1","#CITEREFCommissionerate_of_Municipal_Administration2006","#cite_ref-FOOTNOTEEconomic_and_political_weekly1995_61-0","#CITEREFEconomic_and_political_weekly1995","#cite_ref-FOOTNOTEList_of_Assembly_constituencies2010_62-0","#CITEREFList_of_Assembly_constituencies2010","#cite_ref-FOOTNOTEPartywise_Comparison_Since_19772011_63-0","#CITEREFPartywise_Comparison_Since_19772011","#cite_ref-FOOTNOTE.27.27The_Hindu.27.2731_March_2009_64-0","#CITEREF.27.27The_Hindu.27.2731_March_2009","#cite_ref-FOOTNOTEKey_highlights_of_the_general_elections_1957_to_the_Second_Lok_Sabha_65-0","#CITEREFKey_highlights_of_the_general_elections_1957_to_the_Second_Lok_Sabha","#cite_ref-FOOTNOTEKey_highlights_of_the_general_elections_1962_to_the_Third_Lok_Sabha_66-0","#CITEREFKey_highlights_of_the_general_elections_1962_to_the_Third_Lok_Sabha","#cite_ref-FOOTNOTEKey_highlights_of_the_general_elections_1967_to_the_Fourth_Lok_Sabha_67-0","#CITEREFKey_highlights_of_the_general_elections_1967_to_the_Fourth_Lok_Sabha","#cite_ref-FOOTNOTEKey_highlights_of_the_general_elections_1991_to_the_Tenth_Lok_Sabha_68-0","#CITEREFKey_highlights_of_the_general_elections_1991_to_the_Tenth_Lok_Sabha","#cite_ref-FOOTNOTEKey_highlights_of_the_general_elections_1996_to_the_Eleventh_Lok_Sabha_69-0","#cite_ref-FOOTNOTEKey_highlights_of_the_general_elections_1996_to_the_Eleventh_Lok_Sabha_69-1","#CITEREFKey_highlights_of_the_general_elections_1996_to_the_Eleventh_Lok_Sabha","#cite_ref-FOOTNOTEKey_highlights_of_the_general_elections_1971_to_the_Fifth_Lok_Sabha_70-0","#CITEREFKey_highlights_of_the_general_elections_1971_to_the_Fifth_Lok_Sabha","#cite_ref-FOOTNOTEKey_highlights_of_the_general_elections_1977_to_the_Sixth_Lok_Sabha_71-0","#CITEREFKey_highlights_of_the_general_elections_1977_to_the_Sixth_Lok_Sabha","#cite_ref-FOOTNOTEKey_highlights_of_the_general_elections_1989_to_the_Ninth_Lok_Sabha_72-0","#CITEREFKey_highlights_of_the_general_elections_1989_to_the_Ninth_Lok_Sabha","#cite_ref-FOOTNOTEKey_highlights_of_the_general_elections_1998_to_the_Twelfth_Lok_Sabha_73-0","#CITEREFKey_highlights_of_the_general_elections_1998_to_the_Twelfth_Lok_Sabha","#cite_ref-FOOTNOTEKey_highlights_of_the_general_elections_1980_to_the_Seventh_Lok_Sabha_74-0","#CITEREFKey_highlights_of_the_general_elections_1980_to_the_Seventh_Lok_Sabha","#cite_ref-FOOTNOTEKey_highlights_of_the_general_elections_1999_to_the_Thirteenth_Lok_Sabha_75-0","#CITEREFKey_highlights_of_the_general_elections_1999_to_the_Thirteenth_Lok_Sabha","#cite_ref-FOOTNOTEKey_highlights_of_the_general_elections_2004_to_the_Fourteenth_Lok_Sabha_76-0","#CITEREFKey_highlights_of_the_general_elections_2004_to_the_Fourteenth_Lok_Sabha","#cite_ref-FOOTNOTEKey_highlights_of_the_general_elections_1984_to_the_Eighth_Lok_Sabha_77-0","#CITEREFKey_highlights_of_the_general_elections_1984_to_the_Eighth_Lok_Sabha","#cite_ref-FOOTNOTENagapattinam_district_police2011_78-0","#cite_ref-FOOTNOTENagapattinam_district_police2011_78-1","#CITEREFNagapattinam_district_police2011","#cite_ref-FOOTNOTENagapattinam_police2011_79-0","#CITEREFNagapattinam_police2011","/w/index.php?title=Nagapattinam&action=edit&section=15","http://books.google.co.in/books?id=DEedXAZnyVAC&pg=PA16&dq=nagapattinam+tsunami&hl=en&sa=X&ei=sjyLULy0Mo-Y8gTDpYCYCw&ved=0CDQQ6AEwAQ#v=onepage&q=nagapattinam%20tsunami&f=false","/wiki/International_Standard_Book_Number","/wiki/Special:BookSources/978-0-8131-2653-1","http://books.google.co.in/books?id=2swhCXJVRzwC&pg=PA119&dq=kayarohanam&hl=en&sa=X&ei=W7ifUNuxDY689gTohoDoDg&ved=0CDIQ6AEwAA#v=onepage&q&f=false","/wiki/International_Standard_Book_Number","/wiki/Special:BookSources/978-981-230-938-9","http://books.google.co.in/books?id=ifv-Ye_3GvwC&pg=PA196&dq=nagapattinam+tsunami&hl=en&sa=X&ei=sjyLULy0Mo-Y8gTDpYCYCw&ved=0CC8Q6AEwAA#v=onepage&q=nagapattinam%20tsunami&f=false","/wiki/International_Standard_Book_Number","/wiki/Special:BookSources/978-0-7844-0951-0","http://books.google.co.in/books?id=nGxbJqdEQrwC&pg=PA61&dq=soundarraja+perumal+temple&hl=en&sa=X&ei=jLqfUMO9LoHQ9ASip4G4Cw&ved=0CDEQ6AEwAA#v=onepage&q=soundarraja%20perumal%20temple&f=false","/wiki/International_Standard_Book_Number","/wiki/Special:BookSources/81-7478-177-3","/wiki/International_Standard_Book_Number","/wiki/Special:BookSources/978-1-4051-0062-5","/wiki/International_Standard_Book_Number","/wiki/Special:BookSources/0-415-15099-X","http://books.google.co.in/books?id=vERnljM1uiEC&pg=PA152&dq=negapatam&hl=en&sa=X&ei=6fCJUJu5B4OQ9QSV84DQCg&ved=0CDoQ6AEwAjgK#v=onepage&q=negapatam&f=false","http://www.thehindubusinessline.com/industry-and-economy/logistics/article2816968.ece","http://www.hindu.com/2009/03/31/stories/2009033154130300.htm","http://www.thehindu.com/news/cities/Tiruchirapalli/article3593834.ece","http://www.thehindu.com/todays-paper/article3633886.ece?css=print","http://www.thehindu.com/todays-paper/tp-national/tp-tamilnadu/article518017.ece","http://www.nagapattinam.tn.nic.in/history.html","http://www.nagapattinam.tn.nic.in/la.html","http://www.imd.gov.in/section/climate/nagapattinam2.htm","http://www.tnmaritime.com/goverment_ports.php?port=2","http://census2001.tn.nic.in/pca2001.aspx","http://censusindia.gov.in/2011-prov-results/paper2/data_files/India2/Table_3_PR_UA_Citiees_1Lakh_and_Above.pdf","http://www.tnstc.in/counter_address.html","http://www.assembly.tn.gov.in/tnmp/mptn-ls.htm","http://eci.nic.in/eci_main/electionanalysis/AE/S22/partycomp175.htm","http://eci.nic.in/eci_main/SR_KeyHighLights/LS_1957/Vol_I_57_LS.pdf","http://eci.nic.in/eci_main/SR_KeyHighLights/LS_1962/Vol_I_LS_62.pdf","http://eci.nic.in/eci_main/SR_KeyHighLights/LS_1967/Vol_I_LS_67.pdf","http://eci.nic.in/eci_main/SR_KeyHighLights/LS_1971/Vol_I_LS_71.pdf","http://eci.nic.in/eci_main/SR_KeyHighLights/LS_1977/Vol_I_LS_77.pdf","http://eci.nic.in/eci_main/StatisticalReports/LS_1980/Vol_I_LS_80.pdf","http://eci.nic.in/eci_main/SR_KeyHighLights/LS_1984/Vol_I_LS_84.pdf","http://eci.nic.in/eci_main/SR_KeyHighLights/LS_1989/Vol_I_LS_89.pdf","http://eci.nic.in/eci_main/SR_KeyHighLights/LS_1991/VOL_I_LS_91.pdf","http://eci.nic.in/eci_main/StatisticalReports/LS_1996/Vol_I_LS_96.pdf","http://eci.nic.in/eci_main/SR_KeyHighLights/LS_1998/Vol_I_LS_98.pdf","http://eci.nic.in/eci_main/SR_KeyHighLights/LS_1999/Vol_I_LS_99.pdf","http://eci.nic.in/eci_main/SR_KeyHighLights/LS_2004/Vol_I_LS_2004.pdf","http://municipality.tn.gov.in/nagapattinam/ser_police.htm","http://www.tnpolice.gov.in/PDFS/Nagapatinam.pdf","http://municipality.tn.gov.in/nagapattinam/ser_hospital.htm","http://municipality.tn.gov.in/nagapattinam/sal_population.htm","http://municipality.tn.gov.in/nagapattinam/ser_bank.htm","http://municipality.tn.gov.in/nagapattinam/sal_roads.htm","http://municipality.tn.gov.in/nagapattinam/abc_reach.htm","http://municipality.tn.gov.in/nagapattinam/who_chairperson.htm","http://municipality.tn.gov.in/nagapattinam/who_deputy.htm","http://municipality.tn.gov.in/nagapattinam/who_commissioner.htm","http://municipality.tn.gov.in/nagapattinam/who_councilors.htm","http://www.assembly.tn.gov.in/members/profile/163.htm","http://www.assembly.tn.gov.in/Const_map/map.htm","/wiki/Help:CS1_errors#accessdate_missing_url","http://www.tn.gov.in/cma/chart5.htm","http://municipality.tn.gov.in/nagapattinam/abc_city.htm","http://municipality.tn.gov.in/nagapattinam/abs_municipality.htm","http://municipality.tn.gov.in/nagapattinam/ser_schools.htm","http://municipality.tn.gov.in/nagapattinam/sal_watersupply.htm","http://municipality.tn.gov.in/nagapattinam/sal_solidwaste.htm","http://municipality.tn.gov.in/nagapattinam/sal_sewerage.htm","http://municipality.tn.gov.in/nagapattinam/sal_stromwaterdrain.htm","http://ccatn.gov.in/usofiles/usoschemes/bbtn.htm","http://www.tangedco.gov.in/region.html#madu","http://municipality.tn.gov.in/nagapattinam/pdc/ccpbp.pdf","http://municipality.tn.gov.in/nagapattinam/pdc/ccpbp.pdf","/w/index.php?title=Nagapattinam&action=edit&section=16","//upload.wikimedia.org/wikipedia/en/thumb/4/4a/Commons-logo.svg/30px-Commons-logo.svg.png","//commons.wikimedia.org/wiki/Category:Nagapattinam","http://www.nagapattinam.nic.in","http://www.nagapattinam.tn.nic.in/default.htm","/wiki/Template:Portuguese_overseas_empire","/wiki/Template_talk:Portuguese_overseas_empire","//en.wikipedia.org/w/index.php?title=Template:Portuguese_overseas_empire&action=edit","/wiki/Portuguese_Empire","/wiki/Ceuta","/wiki/Ksar_es-Seghir","/wiki/Asilah","/wiki/Tangier","/wiki/El_Jadida","/wiki/Ouadane","/wiki/Safi,_Morocco","/wiki/Graciosa_fortress","/wiki/Agadir","/wiki/Essaouira","/wiki/Souira_Guedima","/wiki/El_Jadida","/wiki/Azemmour","/wiki/Mehdya","/wiki/Asilah","/wiki/File:Portugal_Imp%C3%A9rio_total.png","//upload.wikimedia.org/wikipedia/commons/thumb/7/7e/Portugal_Imp%C3%A9rio_total.png/300px-Portugal_Imp%C3%A9rio_total.png","/wiki/Arguin","/wiki/Cape_Verde_(Portugal)","/wiki/S%C3%A3o_Tom%C3%A9_Island","/wiki/Pr%C3%ADncipe","/wiki/Annob%C3%B3n_Province","/wiki/Bioko","/wiki/Elmina","/wiki/Portuguese_Gold_Coast","/wiki/Madagascar","/wiki/Mascarene_Islands","/wiki/Malindi","/wiki/Portuguese_Mozambique","/wiki/Saint_Helena","/wiki/Zanzibar","/wiki/Kilwa_Kisiwani","/wiki/Socotra","/wiki/Accra","/wiki/Portuguese_Angola","/wiki/Cacheu","/wiki/Mombasa","/wiki/Ziguinchor","/wiki/S%C3%A3o_Jo%C3%A3o_Baptista_de_Ajud%C3%A1","/wiki/Bissau","/wiki/Mombasa","/wiki/Portuguese_S%C3%A3o_Tom%C3%A9_and_Pr%C3%ADncipe","/wiki/Portuguese_Guinea","/wiki/Portuguese_Congo","/wiki/Portuguese_S%C3%A3o_Tom%C3%A9_and_Pr%C3%ADncipe","/wiki/Anosy","/wiki/Portuguese_Guinea","/wiki/Bandar-Abbas","/wiki/Sohar","/wiki/Ormus","/wiki/Qurayyat,_Oman","/wiki/Qalhat","/wiki/Muscat,_Oman","/wiki/Barka,_Oman","/wiki/Ras_al-Khaimah","/wiki/Bahrain","/wiki/Muharraq","/wiki/Manama","/wiki/Qatif","/wiki/Tarut_Island","/wiki/Qatif","/wiki/Muttrah","/wiki/Khor_Fakkan","/wiki/As_Sib","/wiki/Qeshm","/wiki/Khasab","/wiki/Bidiyah","/wiki/Kalba","/wiki/Madha","/wiki/Dibba_Al-Hisn","/wiki/Bandar-e_Kong","/wiki/Lakshadweep","/wiki/Portuguese_India","/wiki/Kochi","/wiki/Kannur","/wiki/Kollam","/wiki/Pallippuram,_Ernakulam","/wiki/Nagapatnam","/wiki/Goa","/wiki/Kozhikode","/wiki/Pulicat","/wiki/Chaul","/wiki/Mylapore","/wiki/Chittagong","/wiki/Porto_Grande_De_Bengala","/wiki/Chaul","/wiki/Beypore","/wiki/Salsette_Island","/wiki/Mumbai","/wiki/Ponnani","/wiki/Vasai-Virar","/wiki/Kodungallur","/wiki/Surat","/wiki/Thoothukudi","/wiki/Portuguese_India","/wiki/Daman_and_Diu","/wiki/Mangalore","/wiki/Hugli-Chuchura","/wiki/Machilipatnam","/wiki/Maldives","/wiki/Portuguese_period_in_Ceylon","/wiki/Maldives","/wiki/Portuguese_India","/wiki/Mylapore","/wiki/Portuguese_India","/wiki/Dadra_and_Nagar_Haveli","/wiki/Portuguese_Malacca","/wiki/Maluku_Islands","/wiki/Ternate","/wiki/Ambon_Island","/wiki/Tidore","/wiki/Makassar","/wiki/Portuguese_Macau","/wiki/Dejima","/wiki/Portuguese_Timor","/wiki/Portuguese_Macau","/wiki/Coloane","/wiki/Portas_do_Cerco","/wiki/Taipa","/wiki/Ilha_Verde","/wiki/Portuguese_Macau","/wiki/Hengqin_New_Area","/wiki/Madeira","/wiki/Azores","/wiki/Newfoundland_(island)","/wiki/Labrador","/wiki/Nova_Scotia","/wiki/Colonial_Brazil","/wiki/Captaincy_Colonies_of_Brazil","/wiki/Governorate_General_of_Brazil","/wiki/Governorate_General_of_Bahia","/wiki/Governorate_General_of_Rio_de_Janeiro","/wiki/Governorate_General_of_Brazil","/wiki/State_of_Brazil","/wiki/Barbados","/wiki/Maranh%C3%A3o_(former_state)","/wiki/Colonia_del_Sacramento","/wiki/State_of_Gr%C3%A3o-Par%C3%A1_and_Maranh%C3%A3o","/wiki/State_of_Gr%C3%A3o-Par%C3%A1_and_Rio_Negro","/wiki/State_of_Maranh%C3%A3o_and_Piau%C3%AD","/wiki/Cisplatina","/wiki/Amap%C3%A1","/wiki/Upper_Peru","/wiki/Evolution_of_the_Portuguese_Empire","/wiki/Portuguese_Colonial_architecture","/wiki/Coats_of_arms_of_Portuguese_colonies","/wiki/Portuguese_colonization_of_the_Americas","/wiki/Theory_of_Portuguese_discovery_of_Australia","/wiki/Portuguese_colonialism_in_Indonesia","/wiki/Template:Nagapattinam_district","/wiki/Template_talk:Nagapattinam_district","//en.wikipedia.org/w/index.php?title=Template:Nagapattinam_district&action=edit","/wiki/Nagapattinam_district","/wiki/Nagapatnam","/wiki/File:Nagapattinam_district.gif","//upload.wikimedia.org/wikipedia/commons/thumb/2/22/Nagapattinam_district.gif/150px-Nagapattinam_district.gif","/wiki/India","/wiki/Tamil_Nadu","/wiki/Chola_Nadu","/wiki/Mayiladuthurai_division","/wiki/Nagapattinam_division","/wiki/Kilvelur_taluk","/wiki/Kuthalam_taluk","/wiki/Mayiladuthurai_taluk","/wiki/Nagapattinam_taluk","/wiki/Sirkazhi_taluk","/wiki/Tharangambadi_taluk","/wiki/Thirukkuvalai_taluk","/wiki/Vedaranyam_taluk","/wiki/Keelaiyur_block","/wiki/Kilvelur_block","/wiki/Kollidam_block","/wiki/Kuthalam_block","/wiki/Mayiladuthurai_block","/wiki/Nagapattinam_block","/wiki/Sembanar_Koil_block","/wiki/Sirkazhi_block","/wiki/Talanayar_block","/wiki/Thirumarugal_block","/wiki/Vedaranyam_block","/wiki/Mayiladuthurai","/wiki/Sirkazhi","/wiki/Vedaranyam","/wiki/Addapar_river","/wiki/Kaveri","/wiki/Kollidam_river","/wiki/Thirumalairajan_River","/wiki/Vettar_river","/wiki/Veera_Chozhan_river","/wiki/Early_Cholas","/wiki/Kalabhras","/wiki/Pallava_dynasty","/wiki/Medieval_Cholas","/wiki/Later_Cholas","/w/index.php?title=Later_Pandyas&action=edit&redlink=1","/wiki/Delhi_Sultanate","/wiki/Madurai_Sultanate","/wiki/Vijayanagar_Empire","/wiki/Thanjavur_Nayak_kingdom","/wiki/Thanjavur_Maratha_kingdom","/wiki/Tanjore_District_(Madras_Presidency)","/wiki/Tanjore_District_(Madras_Presidency)","/wiki/Chudamani_Vihara","/wiki/Ganapathi_Temple,_Thiruchengattankudi","/wiki/Kayarohanaswami_Temple,_Nagapattinam","/wiki/Kazheesirama_Vinnagaram","/wiki/Mayuranathaswami_Temple,_Mayiladuthurai","/wiki/Nagannathaswamy_Temple,_Keezhaperumpallam","/wiki/Nangur_Vishnu_Temples","/wiki/Point_Calimere_Wildlife_and_Bird_Sanctuary","/wiki/Puhar","/wiki/Punjai_Siva_Temple","/wiki/Sattainathar_Temple,_Sirkazhi","/wiki/Sayavaneswarar_Temple","/wiki/Sembanarkoil","/wiki/Sikkal_Singaravelan_Temple","/wiki/Sri_Sivalokanathar_Temple,_Tirupunkur","/wiki/Swetharanyeswarar_Temple","/wiki/Tharangambadi","/wiki/Therazhundur","/wiki/Thirukkadaiyur","/w/index.php?title=Thiruvenkadu&action=edit&redlink=1","/wiki/Vaitheeswaran_Koil","/wiki/Valampurinathar_Temple","/wiki/Vanjinatha_Temple","/wiki/Vedaranyeswarar_Temple","/wiki/Viratteswara_Temple,_Vazhuvur","/wiki/Dharmapuram_Adheenam","/wiki/Thiruvaduthurai_Adheenam","/wiki/Category:Cities_and_towns_in_Nagapattinam_district","/wiki/Category:People_from_Nagapattinam_district","/wiki/Category:Villages_in_Nagapattinam_district","/wiki/Template:Tamil_Nadu","/wiki/Template_talk:Tamil_Nadu","//en.wikipedia.org/w/index.php?title=Template:Tamil_Nadu&action=edit","//upload.wikimedia.org/wikipedia/commons/thumb/8/81/TamilNadu_Logo.svg/15px-TamilNadu_Logo.svg.png","/wiki/States_and_territories_of_India","/wiki/Tamil_Nadu","/wiki/List_of_state_and_union_territory_capitals_in_India","/wiki/Chennai","/wiki/Emerald_Dove","/wiki/Nilgiri_Tahr","/wiki/Borassus_flabellifer","/wiki/Gloriosa_(plant)","/wiki/Government_of_Tamil_Nadu","/wiki/List_of_Governors_of_Tamil_Nadu","/wiki/List_of_Chief_Ministers_of_Tamil_Nadu","/wiki/Tamil_Nadu_Legislative_Assembly","/wiki/Category:Political_parties_in_Tamil_Nadu","/wiki/Raj_Bhavan_(Tamil_Nadu)","/wiki/Madras_High_Court","/wiki/Tamil_Nadu_Police","/wiki/Category:Tamil_Nadu","/wiki/Kollywood","/wiki/Tamil_cuisine","/wiki/Economy_of_Tamil_Nadu","/wiki/Government_of_Tamil_Nadu","/wiki/Tamil_Nadu#History","/wiki/Tamil_language","/wiki/Tamil_literature","/wiki/Ancient_Tamil_music","/wiki/Tamil_people","/wiki/Politics_of_Tamil_Nadu","/wiki/Temples_of_Tamilnadu","/wiki/Protected_areas_of_Tamil_Nadu","/wiki/Wildlife_of_Tamil_Nadu","/wiki/Tourism_in_Tamil_Nadu","/wiki/Districts_of_Tamil_Nadu","/wiki/Ariyalur_district","/wiki/Chennai_district","/wiki/Coimbatore_district","/wiki/Cuddalore_district","/wiki/Dharmapuri_district","/wiki/Dindigul_district","/wiki/Erode_district","/wiki/Kanchipuram_district","/wiki/Kanyakumari_district","/wiki/Karur_district","/wiki/Krishnagiri_district","/wiki/Madurai_district","/wiki/Nagapattinam_district","/wiki/Namakkal_district","/wiki/Perambalur_district","/wiki/Pudukkottai_district","/wiki/Ramanathapuram_district","/wiki/Salem_district","/wiki/Sivaganga_district","/wiki/Thanjavur_district","/wiki/The_Nilgiris_district","/wiki/Theni_district","/wiki/Thoothukudi_district","/wiki/Tiruchirapalli_district","/wiki/Tirunelveli_district","/wiki/Tiruppur_district","/wiki/Tiruvallur_district","/wiki/Tiruvannamalai_district","/wiki/Tiruvarur_district","/wiki/Vellore_district","/wiki/Viluppuram_district","/wiki/Virudhunagar_district","/wiki/Chennai","/wiki/Coimbatore","/wiki/Madurai","/wiki/Tiruchirapalli","/wiki/Erode","/wiki/Salem,_Tamil_Nadu","/wiki/Vellore","/wiki/Tiruppur","/wiki/Tirunelveli","/wiki/Tuticorin","//upload.wikimedia.org/wikipedia/en/thumb/f/fd/Portal-puzzle.svg/16px-Portal-puzzle.svg.png","/wiki/Portal:Tamil_Nadu","/wiki/Template:Municipalities_of_Tamil_Nadu","/wiki/Template_talk:Municipalities_of_Tamil_Nadu","//en.wikipedia.org/w/index.php?title=Template:Municipalities_of_Tamil_Nadu&action=edit","/wiki/Tamil_Nadu","/wiki/Municipal_Corporation","/wiki/Chennai","/wiki/Coimbatore","/wiki/Madurai","/wiki/Tiruchirappalli","/wiki/Salem,_Tamil_Nadu","/wiki/Vellore","/wiki/Tirupur","/wiki/Erode","/wiki/Tirunelveli","/wiki/Thoothukudi","/wiki/Municipality","/wiki/Ambasamudram","/wiki/Ambur","/wiki/Anakaputhur","/wiki/Arakkonam","/wiki/Aarani,_Tamil_Nadu","/wiki/Aranthangi","/wiki/Arcot,_Vellore","/wiki/Ariyalur","/wiki/Aruppukkottai","/wiki/Attur","/wiki/Avadi","/wiki/Bhavani,_Tamil_Nadu","/wiki/Bodinayakanur","/wiki/Chengalpattu","/wiki/Chidambaram","/wiki/Chinnamanur","/wiki/Colachel","/wiki/Coonoor","/wiki/Cuddalore","/wiki/Cumbum,_Tamil_Nadu","/wiki/Devakottai","/wiki/Dharapuram","/wiki/Dharmapuri,_Tamil_Nadu","/wiki/Dindigul","/wiki/Edappadi","/wiki/Gobichettipalayam","/wiki/Gudalur_(Nilgiris_district)","/wiki/Gudalur_(Theni_district)","/wiki/Gudiyatham","/wiki/Hosur","/wiki/Jayankondam","/wiki/Jolarpet","/wiki/Kadayanallur","/wiki/Kallakurichi","/wiki/Kancheepuram","/wiki/Kangeyam","/wiki/Karaikudi","/wiki/Karur","/wiki/Kayalpattinam","/wiki/Keelakarai","/wiki/Kodaikanal","/wiki/Komarapalayam","/wiki/Koothanallur","/wiki/Kovilpatti","/wiki/Krishnagiri","/wiki/Kulithalai","/wiki/Kumbakonam","/wiki/Kuzhithurai","/wiki/Maduranthakam","/wiki/Manapparai","/wiki/Mannargudi","/wiki/Maraimalainagar","/wiki/Mayiladuthurai","/wiki/Melur","/wiki/Melvisharam","/wiki/Mettupalayam,_Coimbatore","/wiki/Mettur","/wiki/Nagercoil","/wiki/Namakkal","/wiki/Narasingapuram,_Salem","/wiki/Nellikuppam","/wiki/Nelliyalam","/wiki/Oddanchatram","/wiki/Padmanabhapuram","/wiki/Palani","/wiki/Palladam","/wiki/Pallavaram","/wiki/Pallipalayam","/wiki/Pammal","/wiki/Panruti","/wiki/Paramakudi","/wiki/Pattukkottai","/wiki/Perambalur","/wiki/Periyakulam","/wiki/Pernampattu","/wiki/Pollachi","/wiki/Poonamallee","/wiki/Pudukkottai","/wiki/Puliyankudi","/wiki/Punjai_Puliampatti","/wiki/Rajapalayam","/wiki/Ramanathapuram","/wiki/Rameswaram,_Tamil_Nadu","/wiki/Ranipet","/wiki/Rasipuram","/wiki/Sankarankoil","/wiki/Sathyamangalam","/wiki/Sattur","/wiki/Sengottai","/wiki/Sirkazhi","/wiki/Sivagangai","/wiki/Sivakasi","/wiki/Srivilliputhur","/wiki/Tambaram","/wiki/Tenkasi","/wiki/Thanjavur","/wiki/Theni_Allinagaram","/wiki/Thiruthangal","/wiki/Thiruthani","/wiki/Thiruthuraipoondi","/wiki/Thiruvannamalai","/wiki/Thiruvathipuram","/wiki/Thiruverkadu","/wiki/Thuraiyur","/wiki/Thuvakudi","/wiki/Tindivanam","/wiki/Tiruchengode","/wiki/Tirumangalam,_Madurai","/wiki/Tiruppattur,_Vellore","/wiki/Tiruvallur","/wiki/Tiruvarur","/wiki/Udhagamandalam","/wiki/Udumalaipettai","/wiki/Usilampatti","/wiki/Valparai","/wiki/Vandavasi","/wiki/Vaniyambadi","/wiki/Vedaranyam","/wiki/Vellakoil","/wiki/Vikramasingapuram","/wiki/Viluppuram","/wiki/Virudhachalam","/wiki/Virudhunagar","/wiki/Walajapet","http://www.tn.gov.in/cma/municipalities/municipalities_alphawise.html","//en.wikipedia.org/w/index.php?title=Special:CentralAutoLogin/start&type=1x1&from=enwiki","http://en.wikipedia.org/w/index.php?title=Nagapattinam&oldid=562325692","/wiki/Help:Categories","/wiki/Category:Former_Portuguese_colonies","/wiki/Category:Cities_and_towns_in_Nagapattinam_district","/wiki/Category:Port_cities_in_India","/wiki/Category:Tamil_Buddhism","/wiki/Category:EngvarB_from_March_2013","/wiki/Category:Use_dmy_dates_from_March_2013","/wiki/Category:Good_articles","/wiki/Category:Articles_containing_potentially_dated_statements_from_2001","/wiki/Category:All_articles_containing_potentially_dated_statements","/wiki/Category:Pages_using_citations_with_accessdate_and_no_URL","/wiki/Category:Commons_category_with_local_link_same_as_on_Wikidata","/w/index.php?title=Special:UserLogin&returnto=Nagapattinam&type=signup","/w/index.php?title=Special:UserLogin&returnto=Nagapattinam","/wiki/Nagapattinam","/wiki/Talk:Nagapattinam","#","/wiki/Nagapattinam","/w/index.php?title=Nagapattinam&action=edit","/w/index.php?title=Nagapattinam&action=history","#","/w/index.php","//bits.wikimedia.org/static-1.22wmf10/skins/vector/images/search-ltr.png?303-4","/wiki/Main_Page","/wiki/Main_Page","/wiki/Portal:Contents","/wiki/Portal:Featured_content","/wiki/Portal:Current_events","/wiki/Special:Random","//donate.wikimedia.org/wiki/Special:FundraiserRedirector?utm_source=donate&utm_medium=sidebar&utm_campaign=C13_en.wikipedia.org&uselang=en","/wiki/Help:Contents","/wiki/Wikipedia:About","/wiki/Wikipedia:Community_portal","/wiki/Special:RecentChanges","//en.wikipedia.org/wiki/Wikipedia:Contact_us","/wiki/Special:WhatLinksHere/Nagapattinam","/wiki/Special:RecentChangesLinked/Nagapattinam","/wiki/Wikipedia:File_Upload_Wizard","/wiki/Special:SpecialPages","/w/index.php?title=Nagapattinam&oldid=562325692","/w/index.php?title=Nagapattinam&action=info","//www.wikidata.org/wiki/Q695585","/w/index.php?title=Special:Cite&page=Nagapattinam&id=562325692","/w/index.php?title=Special:Book&bookcmd=book_creator&referer=Nagapattinam","/w/index.php?title=Special:Book&bookcmd=render_article&arttitle=Nagapattinam&oldid=562325692&writer=rl","/w/index.php?title=Nagapattinam&printable=yes","//ca.wikipedia.org/wiki/Nagapattinam","//de.wikipedia.org/wiki/Nagapattinam","//es.wikipedia.org/wiki/Nagapattinam","//fr.wikipedia.org/wiki/Nagapattinam","//ko.wikipedia.org/wiki/%EB%82%98%EA%B0%80%ED%8C%8C%ED%8B%B0%EB%82%A8","//hi.wikipedia.org/wiki/%E0%A4%A8%E0%A4%BE%E0%A4%97%E0%A4%AA%E0%A4%9F%E0%A5%8D%E0%A4%9F%E0%A4%A8%E0%A4%AE","//bpy.wikipedia.org/wiki/%E0%A6%A8%E0%A6%BE%E0%A6%97%E0%A6%BE%E0%A6%AA%E0%A6%A4%E0%A7%8D%E0%A6%A4%E0%A6%BF%E0%A6%A8%E0%A6%BE%E0%A6%AE","//it.wikipedia.org/wiki/Nagapattinam","//pam.wikipedia.org/wiki/Nagapattinam","//mg.wikipedia.org/wiki/Nagapattinam","//mr.wikipedia.org/wiki/%E0%A4%A8%E0%A4%BE%E0%A4%97%E0%A4%AA%E0%A4%9F%E0%A5%8D%E0%A4%9F%E0%A4%BF%E0%A4%A8%E0%A4%AE","//ms.wikipedia.org/wiki/Nagapattinam","//nl.wikipedia.org/wiki/Nagapattinam_(stad)","//new.wikipedia.org/wiki/%E0%A4%A8%E0%A4%97%E0%A4%AA%E0%A4%9F%E0%A5%8D%E0%A4%9F%E0%A4%BF%E0%A4%A8%E0%A4%AE","//ja.wikipedia.org/wiki/%E3%83%8A%E3%83%BC%E3%82%AC%E3%83%83%E3%83%91%E3%83%83%E3%83%86%E3%82%A3%E3%83%8A%E3%83%A0","//no.wikipedia.org/wiki/Nagapattinam","//nn.wikipedia.org/wiki/Nagapattinam","//pl.wikipedia.org/wiki/Nagapattinam","//pt.wikipedia.org/wiki/Nagapattinam","//ro.wikipedia.org/wiki/Nagapatnam","//ru.wikipedia.org/wiki/%D0%9D%D0%B0%D0%B3%D0%B0%D0%BF%D0%B0%D1%82%D1%82%D0%B8%D0%BD%D0%B0%D0%BC","//sv.wikipedia.org/wiki/Nagapattinam","//ta.wikipedia.org/wiki/%E0%AE%A8%E0%AE%BE%E0%AE%95%E0%AE%AA%E0%AF%8D%E0%AE%AA%E0%AE%9F%E0%AF%8D%E0%AE%9F%E0%AE%BF%E0%AE%A9%E0%AE%AE%E0%AF%8D","//vi.wikipedia.org/wiki/Nagapattinam","//zh.wikipedia.org/wiki/%E7%BA%B3%E5%8A%A0%E5%B8%95%E8%92%82%E5%8D%97","#","//www.wikidata.org/wiki/Q695585#sitelinks-wikipedia","//en.wikipedia.org/wiki/Wikipedia:Text_of_Creative_Commons_Attribution-ShareAlike_3.0_Unported_License","//creativecommons.org/licenses/by-sa/3.0/","//wikimediafoundation.org/wiki/Terms_of_Use","//wikimediafoundation.org/wiki/Privacy_policy","//www.wikimediafoundation.org/","//wikimediafoundation.org/wiki/Privacy_policy","/wiki/Wikipedia:About","/wiki/Wikipedia:General_disclaimer","//en.wikipedia.org/wiki/Wikipedia:Contact_us","//en.m.wikipedia.org/wiki/Nagapattinam","//wikimediafoundation.org/","//bits.wikimedia.org/images/wikimedia-button.png","//www.mediawiki.org/","//bits.wikimedia.org/static-1.22wmf10/skins/common/images/poweredby_mediawiki_88x31.png","//bits.wikimedia.org/en.wikipedia.org/load.php?debug=false&lang=en&modules=site&only=scripts&skin=vector&*"],"instances":["lok_sabha_constituency","tamil_nadu","state_assembly_constituency","state_assembly_constituency","marxist","madras_presidency","state_assembly_constituency","state_assembly_constituency","1784","1782","city"],"pdf":["http://censusindia.gov.in/2011-prov-results/paper2/data_files/India2/Table_3_PR_UA_Citiees_1Lakh_and_Above.pdf","http://eci.nic.in/eci_main/SR_KeyHighLights/LS_1957/Vol_I_57_LS.pdf","http://eci.nic.in/eci_main/SR_KeyHighLights/LS_1962/Vol_I_LS_62.pdf","http://eci.nic.in/eci_main/SR_KeyHighLights/LS_1967/Vol_I_LS_67.pdf","http://eci.nic.in/eci_main/SR_KeyHighLights/LS_1971/Vol_I_LS_71.pdf","http://eci.nic.in/eci_main/SR_KeyHighLights/LS_1977/Vol_I_LS_77.pdf","http://eci.nic.in/eci_main/StatisticalReports/LS_1980/Vol_I_LS_80.pdf","http://eci.nic.in/eci_main/SR_KeyHighLights/LS_1984/Vol_I_LS_84.pdf","http://eci.nic.in/eci_main/SR_KeyHighLights/LS_1989/Vol_I_LS_89.pdf","http://eci.nic.in/eci_main/SR_KeyHighLights/LS_1991/VOL_I_LS_91.pdf","http://eci.nic.in/eci_main/StatisticalReports/LS_1996/Vol_I_LS_96.pdf","http://eci.nic.in/eci_main/SR_KeyHighLights/LS_1998/Vol_I_LS_98.pdf","http://eci.nic.in/eci_main/SR_KeyHighLights/LS_1999/Vol_I_LS_99.pdf","http://eci.nic.in/eci_main/SR_KeyHighLights/LS_2004/Vol_I_LS_2004.pdf","http://www.tnpolice.gov.in/PDFS/Nagapatinam.pdf","http://municipality.tn.gov.in/nagapattinam/pdc/ccpbp.pdf","http://municipality.tn.gov.in/nagapattinam/pdc/ccpbp.pdf"],"categories":["Former Portuguese colonies","Cities and towns in Nagapattinam district","Port cities in India","Tamil Buddhism"],"headings":["Etymology","History","Geography","Demographics","Economy","Transport","Culture and tourism","Education and utility services","Politics","See also","Notes","References","External links"],"image":["//upload.wikimedia.org/wikipedia/en/thumb/9/94/Symbol_support_vote.svg/15px-Symbol_support_vote.svg.png","//upload.wikimedia.org/wikipedia/commons/thumb/4/41/Negapatnam_van_Choromandel.jpg/250px-Negapatnam_van_Choromandel.jpg","//upload.wikimedia.org/wikipedia/commons/thumb/f/f6/India_Tamil_Nadu_location_map.svg/250px-India_Tamil_Nadu_location_map.svg.png","//upload.wikimedia.org/wikipedia/en/thumb/0/0c/Red_pog.svg/6px-Red_pog.svg.png","//upload.wikimedia.org/wikipedia/commons/thumb/a/a9/Lighthouse_of_Negapatam.jpg/95px-Lighthouse_of_Negapatam.jpg","//bits.wikimedia.org/static-1.22wmf10/skins/common/images/magnify-clip.png","//upload.wikimedia.org/wikipedia/commons/thumb/7/7d/Permanent_Shelter_for_Tsunami_Affected-_Nagapattinam-_India.JPG/220px-Permanent_Shelter_for_Tsunami_Affected-_Nagapattinam-_India.JPG","//bits.wikimedia.org/static-1.22wmf10/skins/common/images/magnify-clip.png","//upload.wikimedia.org/wikipedia/en/thumb/c/c4/Nagapattinam_Fishing_industry.jpeg/200px-Nagapattinam_Fishing_industry.jpeg","//bits.wikimedia.org/static-1.22wmf10/skins/common/images/magnify-clip.png","//upload.wikimedia.org/wikipedia/commons/thumb/1/1c/Nakur_tharka.jpg/200px-Nakur_tharka.jpg","//bits.wikimedia.org/static-1.22wmf10/skins/common/images/magnify-clip.png","//upload.wikimedia.org/wikipedia/en/thumb/4/40/Kayarohanaswami_Temple.jpg/200px-Kayarohanaswami_Temple.jpg","//bits.wikimedia.org/static-1.22wmf10/skins/common/images/magnify-clip.png","//upload.wikimedia.org/wikipedia/en/thumb/4/4a/Commons-logo.svg/30px-Commons-logo.svg.png","//upload.wikimedia.org/wikipedia/commons/thumb/7/7e/Portugal_Imp%C3%A9rio_total.png/300px-Portugal_Imp%C3%A9rio_total.png","//upload.wikimedia.org/wikipedia/commons/thumb/2/22/Nagapattinam_district.gif/150px-Nagapattinam_district.gif","//upload.wikimedia.org/wikipedia/commons/thumb/8/81/TamilNadu_Logo.svg/15px-TamilNadu_Logo.svg.png","//upload.wikimedia.org/wikipedia/en/thumb/f/fd/Portal-puzzle.svg/16px-Portal-puzzle.svg.png","//en.wikipedia.org/w/index.php?title=Special:CentralAutoLogin/start&type=1x1&from=enwiki","//bits.wikimedia.org/static-1.22wmf10/skins/vector/images/search-ltr.png?303-4","//bits.wikimedia.org/images/wikimedia-button.png","//bits.wikimedia.org/static-1.22wmf10/skins/common/images/poweredby_mediawiki_88x31.png"],"tags":[["tanjore_district","madras_presidency"],["battle_of_negapatam","1758"],["battle_of_negapatam","1782"],["treaty_of_paris","1784"],["state_express_transport_corporation","tamil_nadu"],["tirupati","city"],["nagapattinam","state_assembly_constituency"],["communist_party_of_india","marxist"],["nagapattinam","lok_sabha_constituency"],["thiruthuraipundi","state_assembly_constituency"],["vedaranyam","state_assembly_constituency"],["kilvelur","state_assembly_constituency"],["nannilam","state_assembly_constituency"],["battle_of_negapatam","1758"],["battle_of_negapatam","1782"]],"members":["nagapattinam","state_express_transport_corporation","thiruthuraipundi","kilvelur","communist_party_of_india","tanjore_district","nannilam","vedaranyam","treaty_of_paris","battle_of_negapatam","tirupati"],"related":["Tamil_Nadu","List_of_districts_of_India","Nagapattinam_District","Tamil_language","Indian_Standard_Time","Postal_Index_Number","Nagapattinam_District","Medieval_Cholas","Chudamani_Vihara","Portugal","Dutch_Coromandel","British_East_India_Company","Tanjore_District_(Madras_Presidency)","Madras_Presidency","Nagapattinam_District","Nagore_Durgah","Kayarohanaswami_Temple,_Nagapattinam","Soundararajaperumal_Temple,_Nagapattinam","Sikkal_Singaravelan_Temple","Basilica_of_Our_Lady_of_Good_Health","Poompuhar","Kodikkarai","Vedaranyam","Mannargudi","Tharangambadi","Indian_Ocean_Tsunami","Ptolemy","Ancient_Tamil_country","Portugal","Coromandel_Coast","Appar","Tirugnanasambandar","Sangam_period","Kaveripoompattinam","Narasimhavarman_II","Thirumangai_Alvar","Vaishnavite","Sri_Ranganathaswamy_Temple,_Srirangam","Srirangam","Chudamani_Vihara","Rajaraja_Chola_I","Dutch_Coromandel","Pulicat","Battle_of_Negapatam_(1758)","Seven_Years_War","Battle_of_Negapatam_(1782)","American_Revolutionary_War","Siege_of_Negapatam","Fourth_Anglo-Dutch_War","Treaty_of_Paris_(1784)","East_India_Company","Madras_Presidency","Tranquebar","Tuticorin","Thanjavur_district","Tsunami","2004_Indian_Ocean_earthquake","Bay_of_Bengal","Thiruvarur_district","Thanjavur_District","Karaikkal","Puducherry","Chennai","Karaikal","Mayiladuthurai","Kumbakonam","Thanjavur","Thiruvarur","Vettar_River","Cauvery","Pulses","Sugarcane","2004_tsunami","2004_Indian_Ocean_earthquake","Submarine_earthquake","Megathrust_earthquake","Sumatra","Tsunami","Scheduled_Castes","Scheduled_tribes","Bay_of_Bengal","Nagore","Sikkal","Point_Calimere","Mannargudi","Tharangambadi","Chennai_Petroleum_Corporation_Limited","State_Bank_of_India","Indian_Bank","Central_Bank_of_India","Punjab_National_Bank","Indian_Overseas_Bank","ICICI_Bank","City_Union_Bank","Automated_teller_machine","NH_45A","Villupuram","NH_67","Coimbatore","Gundlupete","Karnataka_state","Tiruchirapalli","SH_22","Grand_Anaicut","Kaveripoompattinam","SH_23","SH_64","Sirkazhi","SH_67","Nachiyar_Koil","SH_147","Karaikkal","SH_148","SH_149","Sembanarkoil","SH_150","Vaitheeswarankoil","Lower_Anaicut","SH_151","Kilvelur","Tamil_Nadu_State_Transport_Corporation","Trichy","Velankanni","State_Express_Transport_Corporation_(Tamil_Nadu)","Bangalore","Thiruvanathapuram","Marthandam","Passenger_Trains","Thanjavur","Ernakulam","Coimbatore","Tirupati_(city)","Goa","Rajendra_Chola_I","Tiruchirapalli_Airport","Nagore_Durgha","Kayarohanaswami_Temple,_Nagapattinam","Shiva","Appar","Campantar","Sundarar","Soundararajaperumal_Temple,_Nagapattinam","Vishnu","Divya_Desams","Azhwars","Sikkal_Singaravelan_Temple","Sikkal","Vedaranyeswarar_Temple","Koothanur_Maha_Saraswathi_Temple","Velankanni","Basilica_of_Our_Lady_of_Good_Health","St._Joseph's_College,_Tiruchirappalli","Tamil_Nadu_Electricity_Board","Bharat_Sanchar_Nigam_Limited","Broadband_internet","K._A._Jayapal","A._K._S._Vijayan","Nagapattinam_(State_Assembly_Constituency)","Tamil_Nadu_Legislative_Assembly","Dravida_Munnetra_Kazhagam","Anna_Dravida_Munnetra_Kazhagam","Communist_Party_of_India_(Marxist)","Government_of_Tamil_Nadu","Nagapattinam_(Lok_Sabha_constituency)","Thiruthuraipundi_(State_Assembly_Constituency)","Vedaranyam_(State_Assembly_Constituency)","Kilvelur_(State_Assembly_Constituency)","Nannilam_(State_Assembly_Constituency)","Indian_National_Congress","Tamil_Nadu_Police","Battle_of_Negapatam_(1758)","Battle_of_Negapatam_(1782)"]}