{"cursor":"54128","size":15,"audio":[],"currentlang":"en","article":" {{Infobox settlement\n| name = Naga City native_name = Ciudad nin Naga\n| (Bikol) Lungsod ng Naga (Filipino)\n| native_name_lang = settlement_type = Independent Component City official_name\n| = City of Naga\n|image_skyline =Naga montage.jpg |image_alt = |image_caption = (From top,left to\nright) Holy Rosary Seminary, Universidad de Santa Isabel, Naga Metropolitan\nCathedral, Our Lady of PeÃ±afrancia, Ateneo de Naga University, Our Lady of\nPeÃ±afrancia Shrine, Malabsay Falls, Naga City Hall, Carmelite Monastery,\nPeÃ±afrancia Festival |nickname = The Heart of Bicol An Maogmang\nLugar (The Happy Place) Queen City of Bicol Economic Center of\nBicol Financial Center of Bicol Global City of Southern Luzon International City of Bicol Region The Pilgrim City of the Philippines Premier City Most Progressive City in Southern Luzon Industrial City\nof Bicol Land of Investments Best City in the Bicol Region Business City of the Bicol Region City of Smiles Convention City of\nSouthern Luzon Home of Jesse M. Robredo Trade City of Southern\nLuzon Cultural Center of Bicol |motto = Uswag, Naga! (Progress, Naga!)\n|image_seal = Naga, Camarines Sur official seal 2011.jpg |seal_size = 100x80px\n|image_map = Ph locator camarines sur naga.png |map_caption = Map of Camarines\nSur showing the location of Naga City |pushpin_map = Philippines\n|pushpin_map_caption = Location within the Philippines |latd=13 |latm=37\n|latNS=N |longd=123 |longm=10 |longEW=E |coordinates_display = inline, title\n|coordinates_region = PH |subdivision_type = Country |subdivision_name =\nPhilippines |subdivision_type1 = Region |subdivision_name1 = Bicol (Region V)\n|subdivision_type2 = Province |subdivision_name2 = Camarines Sur\n|subdivision_type3 = District |subdivision_name3 = 3rd district |parts_type =\nBarangays |parts_style = para |p1 = 27 |government_footnotes = \n|leader_title = Mayor |leader_name = John G. Bongat (LP) |leader_title1 = Vice\nMayor |leader_name1 = Gabriel H. Bordado, Jr. (LP) |leader_title2 = Councillors\n|leader_name2 = {{Collapsible list |framestyle =  |title = list\n|titlestyle =  |liststyle = \n|1 = Cecilia V. De Asis (LP) 2 = Nelson S. Legacion (LP) 3 = Esteban R. Abonal\n|(LP) 4 = David Casper Nathan A. Sergio (LP) 5 = Ma. Elizabeth Q. Lavadia (LP) 6\n|= Ray-an Cydrick G. Rentoy (LP) 7 = Jose A. Tuason (LP) 8 = Salvador M. Del\n|Castillo (LP) 9 = Joaquin F. Perez, Jr. M.D. (LP) 10 = Raoul T. Rosales (LP) 11\n|= Alex C. Nero (ABC President) 12 = Paolo R. Morales (SKF President)\n}} |established_title = Founded |established_date = 1575 |established_title1 =\nRoyal City-charter (archaic) |established_date1 = 1595\n|established_title2 = Renamed |established_date2 = 1919 |established_title3 =\nCityhood |established_date3 = 1948 |founder = Capt. Pedro de Chavez |total_type\n= Total |area_magnitude = |area_footnotes = [http://www.nscb.g-\nov.ph/activestats/psgc/province.asp?regName=REGION+V+%28Bicol+Region%29&regCode-\n=05&provCode=051700000&provName=CAMARINES%20SUR \"Camarines Sur\"]. Philippine\nStandard Geographic Code Interactive. Retrieved on 2012-05-14\n|area_total_km2 = 84.48 |area_metro_km2 = |population_as_of = 2010\n|population_footnotes =  |population_note =\n|population_total = 174931 |population_density_km2 = auto |population_metro =\n741635 |timezone = PST |utc_offset = +8 |timezone_DST = |utc_offset_DST =\n|elevation_footnotes =  |elevation_m\n= |postal_code_type = ZIP code |postal_code = 4400 |area_code_type = Dialing\ncode |area_code = 54 |blank_name = Income class |blank_info = 1st Class\n(2010), highly urban |website = |footnotes = }}\n\nThe 'City of Naga' (Bikol: Ciudad nin Naga, Maogmang Naga; Filipino: Lungsod ng\nNaga) is an Independent Component city in the Bicol Region of the\nPhilippines. The town was established in 1575 on order of\nSpanish Governor-General Francisco de Sande, the city, then named [[Ciudad de\nNueva Caceres]] (New Caceres City), earned its status as the third Spanish royal\ncity in the Philippine islands, after Cebu and Manila.\n\nResidents of the city are called NagueÃ±os. The City is also known as: the Queen\nCity of Bicol;as the Heart of Bicol due to its central location in the Bicol\npeninsula; and as the Pilgrim City because Naga is also home to the largest\nMarian pilgrimage in Asia, the Our Lady of Penafrancia. Naga is also the place\nof massive industries, and large international companies due to its high rate of\nprogression through the years that pass. Naga City is also the cultural center\nof Bicol because of large convention centers, and most cultural food, festivals,\nand poetry are located in the city.\n\nNaga is also known as a premier city in Bicol. [http://www.bomboradyo.com/stations/am/latest-news-from-\nnaga Bombo Radyo Naga Streaming Live 24 Hours] Bombo Radio Philippines website\naccessed December 29, 2012 [http://www.dilg.gov.ph/sec_robredo.php\nSec. Jesse M. Robredo] Department of the Interior and Local Government website [http://opinion.inquirer.net/35230/a-rare-\nman Editorial: A rare man] The Inquirer website [http://www.philstar.com/opinyon/2012-08-21/840475/kinsa-si-\njesse-robredo Kinsa si Jesse Robredo?] Philstar\nwebsite [http://members.virtualtourist.com/m/10e851/781/ Pilgrimage to\nNaga City] Virtual Tourist website [http://nrdc.denr.gov.ph/index.php/news-and-photos/news/100-\nloss-of-a-champion-of-good-governance-and-public-administration-reforms Loss of\na Champion of Good Governance and Public Administration Reforms] National\nResources Development Corporation website\n\nThe city is also the seat of the Metropolitan Roman Catholic Archdiocese of\nCaceres, whose jurisdiction includes all the suffragan sees of Bicol, the\nDioceses of Daet, Legazpi, Libmanan, Masbate, Sorsogon, and Virac. [Abella, D. The Bikol Annals. Manila\n\nMoreover, the city is also the seat of the widely venerated [[Our Lady of\nPeÃ±afrancia]], the Patroness of Bicol. The image is one of the most popular\nobjects of devotion in the country.\n\nNaga is at the core of Metro Naga, an official designation given the city and 14\nmunicipalities in the area administered by the Metro Naga Development Council.\nMNDC covers the entire 2nd district of the province of Camarines Sur, and part\nof its 1st, 3rd and 4th districts.\n\nNaga is the home of the second largest coliseum in the Philippines, the Jesse M.\nRobredo Coliseum or Naga City Coliseum.\n\nIt should be noted that Naga City per se generally refers to 'Naga City',\nCamarines Sur, as it became quite confusing especially for Cebuanos and nearby\ntowns, since there is also a city in Cebu named Naga City, which is dubbed as\nthe industrial city of Naga.\n","linknr":1013,"url":"Naga,_Camarines_Sur","recorded":1375074588,"links":["/w/index.php?title=Naga,_Camarines_Sur&action=edit","/w/index.php?title=Naga,_Camarines_Sur&action=edit","//bits.wikimedia.org/favicon/wikipedia.ico","/w/opensearch_desc.php","//en.wikipedia.org/w/api.php?action=rsd","//creativecommons.org/licenses/by-sa/3.0/","/w/index.php?title=Special:RecentChanges&feed=atom","//bits.wikimedia.org/en.wikipedia.org/load.php?debug=false&lang=en&modules=ext.gadget.DRN-wizard%2CReferenceTooltips%2Ccharinsert%2Cteahouse%7Cext.rtlcite%2Cwikihiero%7Cext.uls.nojs%7Cmediawiki.legacy.commonPrint%2Cshared%7Cmw.PopUpMediaTransform%7Cskins.vector&only=styles&skin=vector&*","//bits.wikimedia.org/en.wikipedia.org/load.php?debug=false&lang=en&modules=site&only=styles&skin=vector&*","//bits.wikimedia.org/en.wikipedia.org/load.php?debug=false&lang=en&modules=startup&only=scripts&skin=vector&*","//bits.wikimedia.org/geoiplookup","//meta.wikimedia.org","#mw-navigation","#p-search","/wiki/Bikol_language","/wiki/Filipino_language","/wiki/Cities_of_the_Philippines#City_classification","/wiki/File:Naga_montage.jpg","//upload.wikimedia.org/wikipedia/commons/thumb/4/43/Naga_montage.jpg/250px-Naga_montage.jpg","/wiki/Holy_Rosary_Seminary","/wiki/Universidad_de_Santa_Isabel","/wiki/Naga_Cathedral","/wiki/Our_Lady_of_Pe%C3%B1afrancia","/wiki/Ateneo_de_Naga_University","/w/index.php?title=Our_Lady_of_Pe%C3%B1afrancia_Shrine&action=edit&redlink=1","/w/index.php?title=Malabsay_Falls&action=edit&redlink=1","/w/index.php?title=Naga_City_Hall&action=edit&redlink=1","/wiki/Carmelite_Monastery","/w/index.php?title=Pe%C3%B1afrancia_Festival&action=edit&redlink=1","/wiki/File:Naga,_Camarines_Sur_official_seal_2011.jpg","//upload.wikimedia.org/wikipedia/en/thumb/1/16/Naga%2C_Camarines_Sur_official_seal_2011.jpg/84px-Naga%2C_Camarines_Sur_official_seal_2011.jpg","/wiki/File:Ph_locator_camarines_sur_naga.png","//upload.wikimedia.org/wikipedia/commons/thumb/f/f2/Ph_locator_camarines_sur_naga.png/250px-Ph_locator_camarines_sur_naga.png","/wiki/File:Philippines_location_map_(square).svg","//upload.wikimedia.org/wikipedia/commons/thumb/a/ad/Philippines_location_map_%28square%29.svg/250px-Philippines_location_map_%28square%29.svg.png","//upload.wikimedia.org/wikipedia/en/thumb/0/0c/Red_pog.svg/6px-Red_pog.svg.png","//tools.wmflabs.org/geohack/geohack.php?pagename=Naga,_Camarines_Sur&params=13_37_N_123_10_E_type:city(174931)_region:PH","/wiki/Geographic_coordinate_system","//tools.wmflabs.org/geohack/geohack.php?pagename=Naga,_Camarines_Sur&params=13_37_N_123_10_E_type:city(174931)_region:PH","/wiki/Philippines","/wiki/Regions_of_the_Philippines","/wiki/Bicol_Region","/wiki/Provinces_of_the_Philippines","/wiki/Camarines_Sur","/wiki/Legislative_districts_of_the_Philippines","/wiki/Legislative_districts_of_Camarines_Sur","/wiki/Barangay","#cite_note-1","#cite_note-PSGC-2","#cite_note-NSO10-3","/wiki/Metropolitan_area","/wiki/Time_zone","/wiki/Philippine_Standard_Time","/wiki/UTC%2B8","/wiki/List_of_ZIP_codes_in_the_Philippines","/wiki/Telephone_numbers_in_the_Philippines","/wiki/Cities_of_the_Philippines#Income_classification","#cite_note-PSGC-2","http://www.naga.gov.ph/","/wiki/Bikol_language","/wiki/Filipino_language","/wiki/Bicol_Region","/wiki/Philippines","#cite_note-PSGC-2","/wiki/Spain","/wiki/Governor-General_of_the_Philippines","/wiki/Francisco_de_Sande","/wiki/Ciudad_de_Nueva_Caceres","/wiki/Cebu_City","/wiki/Manila","/wiki/Our_Lady_of_Penafrancia","#cite_note-4","#cite_note-5","#cite_note-6","#cite_note-7","#cite_note-8","#cite_note-9","/wiki/Roman_Catholic_Archdiocese_of_Caceres","/wiki/Roman_Catholic_Diocese_of_Daet","/wiki/Roman_Catholic_Diocese_of_Legazpi","/wiki/Roman_Catholic_Diocese_of_Libmanan","/wiki/Roman_Catholic_Diocese_of_Masbate","/wiki/Roman_Catholic_Diocese_of_Sorsogon","/wiki/Roman_Catholic_Diocese_of_Virac","#cite_note-abella-10","/wiki/Our_Lady_of_Pe%C3%B1afrancia","#cite_note-abella-10","/wiki/Metro_Naga","/wiki/Metro_Naga","/wiki/Camarines_Sur","/wiki/Philippines","/wiki/Jesse_M._Robredo_Coliseum","/wiki/Naga_City_Coliseum","/wiki/Naga,_Cebu","#Geography","#Barangays","#Climate","#History","#Spanish_colonial_period","#American_colonial_period","#World_War_II_and_Japanese_Occupation","#Independent_Philippines","#Demographics","#Religion","#Roman_Catholicism","#The_Pe.C3.B1afrancia_Festival","#Evangelicalism","#Islam.2C_Buddhism_and_other_faiths","#Economy","#Central_Business_District_1","#Central_Business_District_2","#Magsaysay_District","#Banking_and_Finance","#Shopping_Malls","#Business_Process_Outsourcing","#Industry","#Places_of_interest","#Churches_and_monasteries","#Natural_attractions","#Historical_landmarks","#Museums","#Sports_and_recreation","#Nightlife","#Infrastructure","#Transportation","#Railways","#Phone_services","#Health_care","#Education","#Tertiary_education","#Secondary_education_and_lower","#City_Youth_Programs","#City_Youth_Officials_Program","#Media","#Television_networks","#Radio_stations","#Local_Newspapers","#Naga_City_Gallery","#Sister_cities","#See_also","#References","#External_links","/w/index.php?title=Naga,_Camarines_Sur&action=edit&section=1","/wiki/Confluence","/wiki/Mount_Isarog","/wiki/Protected_area","#cite_note-PAWB-11","/wiki/Manila","/wiki/Cebu_City","/w/index.php?title=Naga,_Camarines_Sur&action=edit&section=2","/wiki/Barangay","/w/index.php?title=Dayangdang&action=edit&redlink=1","/wiki/Del_Rosario","/wiki/Pe%C3%B1afrancia","/w/index.php?title=Naga,_Camarines_Sur&action=edit&section=3","/wiki/File:Cityflood.jpg","//upload.wikimedia.org/wikipedia/en/thumb/7/7e/Cityflood.jpg/220px-Cityflood.jpg","/wiki/File:Cityflood.jpg","//bits.wikimedia.org/static-1.22wmf11/skins/common/images/magnify-clip.png","/wiki/Typhoon","#cite_note-12","/wiki/Template:Climate_chart/How_to_read_a_climate_chart","http://www.climate-charts.com/Locations/p/PH98444.php","/wiki/Precipitation","/wiki/Wikipedia:Citation_needed","/w/index.php?title=Naga,_Camarines_Sur&action=edit&section=4","//upload.wikimedia.org/wikipedia/en/thumb/9/99/Question_book-new.svg/50px-Question_book-new.svg.png","//en.wikipedia.org/w/index.php?title=Naga,_Camarines_Sur&action=edit","/wiki/Help:Introduction_to_referencing/1","/wiki/Template:Citation_needed","/wiki/Wikipedia:Verifiability#Burden_of_evidence","/w/index.php?title=Naga,_Camarines_Sur&action=edit&section=5","/wiki/Conquistador","/wiki/Juan_de_Salcedo","/wiki/Angsana","/w/index.php?title=Danilo_Gerona&action=edit&redlink=1","/wiki/Francisco_de_Sande","/wiki/C%C3%A1ceres,_Spain","/wiki/Spain","/wiki/Cebu_City","/wiki/Roman_Catholic_Archdiocese_of_Nueva_Segovia","/wiki/Manila","/wiki/Ayuntamiento","/wiki/Cabildo_(council)","/wiki/Philippines","/wiki/File:Naga_Metropolitan_Cathedral_2007.jpg","//upload.wikimedia.org/wikipedia/commons/thumb/4/41/Naga_Metropolitan_Cathedral_2007.jpg/220px-Naga_Metropolitan_Cathedral_2007.jpg","/wiki/File:Naga_Metropolitan_Cathedral_2007.jpg","//bits.wikimedia.org/static-1.22wmf11/skins/common/images/magnify-clip.png","/wiki/Catholic","/wiki/Gregory_XIII","/wiki/Spanish_East_Indies","/wiki/Pope","/wiki/Rome","/wiki/Manila","/wiki/Marinduque","/wiki/Aurora_province","/wiki/Tayabas_province","/wiki/Quezon_province","/w/index.php?title=Naga,_Camarines_Sur&action=edit&section=6","#cite_note-13","/w/index.php?title=Naga,_Camarines_Sur&action=edit&section=7","/w/index.php?title=Naga,_Camarines_Sur&action=edit&section=8","/w/index.php?title=Naga,_Camarines_Sur&action=edit&section=9","#cite_note-NSO10-3","#cite_note-14","/w/index.php?title=Naga,_Camarines_Sur&action=edit&section=10","/wiki/File:Pe%C3%B1afrancia_Fluvial_Parade_Naga_City.jpg","//upload.wikimedia.org/wikipedia/commons/thumb/0/06/Pe%C3%B1afrancia_Fluvial_Parade_Naga_City.jpg/220px-Pe%C3%B1afrancia_Fluvial_Parade_Naga_City.jpg","/wiki/File:Pe%C3%B1afrancia_Fluvial_Parade_Naga_City.jpg","//bits.wikimedia.org/static-1.22wmf11/skins/common/images/magnify-clip.png","/wiki/File:WTNaga_HIJAB_A21.JPG","//upload.wikimedia.org/wikipedia/commons/thumb/4/47/WTNaga_HIJAB_A21.JPG/220px-WTNaga_HIJAB_A21.JPG","/wiki/File:WTNaga_HIJAB_A21.JPG","//bits.wikimedia.org/static-1.22wmf11/skins/common/images/magnify-clip.png","/w/index.php?title=Naga,_Camarines_Sur&action=edit&section=11","/wiki/Archdiocese_of_Caceres","/wiki/Primate","/wiki/Bicol_region","/wiki/Religious_institute","/wiki/Ateneo_de_Naga_University","/wiki/Jesuits","/wiki/Universidad_de_Sta._Isabel","/wiki/Daughters_of_Charity","/wiki/Pe%C3%B1afrancia_Basilica_Minore","/w/index.php?title=Naga,_Camarines_Sur&action=edit&section=12","/wiki/Our_Lady_of_Pe%C3%B1afrancia","/wiki/Bicol_Region","/wiki/Marian_devotions","/wiki/Blessed_Virgin_Mary","/wiki/Pe%C3%B1afrancia_Basilica_Minore","/w/index.php?title=Naga,_Camarines_Sur&action=edit&section=13","/wiki/Iglesia_ni_Cristo","/wiki/Members_Church_of_God_International","/wiki/Ang_Dating_Daan","/wiki/Seventh_Day_Adventist","/w/index.php?title=Bible_Baptist&action=edit&redlink=1","/wiki/Jesus_Miracle_Crusade","/w/index.php?title=Naga,_Camarines_Sur&action=edit&section=14","/wiki/Islam","/wiki/Mosque","/wiki/Barangay","/wiki/Hinduism","/wiki/Taoism","/w/index.php?title=Naga,_Camarines_Sur&action=edit&section=15","/wiki/File:WTNaga_STAR_X1.jpg","//upload.wikimedia.org/wikipedia/commons/thumb/2/28/WTNaga_STAR_X1.jpg/220px-WTNaga_STAR_X1.jpg","/wiki/File:WTNaga_STAR_X1.jpg","//bits.wikimedia.org/static-1.22wmf11/skins/common/images/magnify-clip.png","/w/index.php?title=Naga,_Camarines_Sur&action=edit&section=16","/w/index.php?title=Naga,_Camarines_Sur&action=edit&section=17","/wiki/Jesse_M._Robredo_Coliseum","/wiki/Philippines","/wiki/Smart_Araneta_Coliseum","/wiki/SM_City_Naga","/wiki/Bicol_Region","/wiki/Sorsogon_City","/wiki/Masbate_City","/wiki/Catanduanes","/wiki/Jesse_M._Robredo_Coliseum","/w/index.php?title=Naga,_Camarines_Sur&action=edit&section=18","#cite_note-15","/wiki/Fastfood","/wiki/Restaurant_chains","/w/index.php?title=Naga,_Camarines_Sur&action=edit&section=19","/wiki/Banco_De_Oro","/wiki/Philippine_National_Bank","/wiki/Development_Bank_of_the_Philippines","/wiki/Metropolitan_Bank_and_Trust_Company","/wiki/Rizal_Commercial_Banking_Corporation","/wiki/Allied_Bank","/wiki/Philippine_Postal_Corporation","/w/index.php?title=Banco_De_Oro_with_6_branches&action=edit&redlink=1","/w/index.php?title=Bank_of_the_Philippine_Islands_has_5_branches_including_BPI_family_bank&action=edit&redlink=1","/w/index.php?title=China_bank_has_3_branches&action=edit&redlink=1","/w/index.php?title=Naga,_Camarines_Sur&action=edit&section=20","/wiki/File:WTNaga_EURO_B40.JPG","//upload.wikimedia.org/wikipedia/commons/thumb/9/9e/WTNaga_EURO_B40.JPG/220px-WTNaga_EURO_B40.JPG","/wiki/File:WTNaga_EURO_B40.JPG","//bits.wikimedia.org/static-1.22wmf11/skins/common/images/magnify-clip.png","/wiki/Bicol_Region","/wiki/SM_City_Naga","/wiki/Bicol_Region","/w/index.php?title=Naga,_Camarines_Sur&action=edit&section=21","/wiki/Pili,_Camarines_Sur","/w/index.php?title=Naga,_Camarines_Sur&action=edit&section=22","/wiki/Manila_Hemp","/wiki/Bicol_Region","/w/index.php?title=Naga,_Camarines_Sur&action=edit&section=23","/wiki/File:Nagacathedral.JPG","//upload.wikimedia.org/wikipedia/en/thumb/e/e9/Nagacathedral.JPG/220px-Nagacathedral.JPG","/wiki/File:Nagacathedral.JPG","//bits.wikimedia.org/static-1.22wmf11/skins/common/images/magnify-clip.png","/wiki/Rotunda_(architecture)","/w/index.php?title=Naga,_Camarines_Sur&action=edit&section=24","/wiki/Naga_Cathedral","/wiki/Luzon","/wiki/Archdiocese_of_Caceres","/wiki/Pe%C3%B1afrancia_Basilica_Minore","/w/index.php?title=Naga,_Camarines_Sur&action=edit&section=25","/wiki/File:Malabsayfalls.jpg","//upload.wikimedia.org/wikipedia/commons/thumb/5/53/Malabsayfalls.jpg/220px-Malabsayfalls.jpg","/wiki/File:Malabsayfalls.jpg","//bits.wikimedia.org/static-1.22wmf11/skins/common/images/magnify-clip.png","/wiki/Mount_Isarog","/wiki/National_park","/wiki/Trekking","/wiki/Mountain_biking","/w/index.php?title=Naga,_Camarines_Sur&action=edit&section=26","#cite_note-16","/wiki/Nueva_Caceres","/w/index.php?title=Naga,_Camarines_Sur&action=edit&section=27","/wiki/File:Bicol_science_centrum.JPG","//upload.wikimedia.org/wikipedia/commons/thumb/e/e9/Bicol_science_centrum.JPG/220px-Bicol_science_centrum.JPG","/wiki/File:Bicol_science_centrum.JPG","//bits.wikimedia.org/static-1.22wmf11/skins/common/images/magnify-clip.png","/wiki/Marian_devotion","/wiki/Cybercaf%C3%A9","/w/index.php?title=Naga,_Camarines_Sur&action=edit&section=28","#cite_note-Tour-17","/wiki/Naga_City_Coliseum","/w/index.php?title=Naga,_Camarines_Sur&action=edit&section=29","#cite_note-18","/w/index.php?title=Naga,_Camarines_Sur&action=edit&section=30","/w/index.php?title=Naga,_Camarines_Sur&action=edit&section=31","/wiki/File:WTNaga_BAHALANA_B47.JPG","//upload.wikimedia.org/wikipedia/commons/thumb/e/ee/WTNaga_BAHALANA_B47.JPG/220px-WTNaga_BAHALANA_B47.JPG","/wiki/File:WTNaga_BAHALANA_B47.JPG","//bits.wikimedia.org/static-1.22wmf11/skins/common/images/magnify-clip.png","/wiki/Ninoy_Aquino_International_Airport","/wiki/Cebu_Pacific","/wiki/Air_Philippines","/wiki/Maharlika_Highway","/wiki/Cebu_City","/wiki/Sorsogon_province","/wiki/Bicol_Region","/wiki/Sorsogon","/wiki/Tacloban","/w/index.php?title=Naga,_Camarines_Sur&action=edit&section=32","/wiki/Manila","/wiki/Philippine_National_Railways","/wiki/Tagkawayan","/wiki/Quezon_province","/wiki/Ligao","/wiki/Albay","/wiki/Legazpi_City","#cite_note-19","/w/index.php?title=Naga,_Camarines_Sur&action=edit&section=33","/wiki/Landline","/wiki/Mobile_phone","/wiki/BayanTel","/wiki/Philippine_Long_Distance_Telephone_Company","/wiki/Globe","/wiki/Smart_Communications","/wiki/Sun_Cellular","/w/index.php?title=Naga,_Camarines_Sur&action=edit&section=34","/wiki/File:Bicol_medical_center_1.JPG","//upload.wikimedia.org/wikipedia/commons/thumb/9/98/Bicol_medical_center_1.JPG/220px-Bicol_medical_center_1.JPG","/wiki/File:Bicol_medical_center_1.JPG","//bits.wikimedia.org/static-1.22wmf11/skins/common/images/magnify-clip.png","/wiki/File:Ago_foundation_hospital_naga_city.JPG","//upload.wikimedia.org/wikipedia/commons/thumb/3/3f/Ago_foundation_hospital_naga_city.JPG/220px-Ago_foundation_hospital_naga_city.JPG","/wiki/File:Ago_foundation_hospital_naga_city.JPG","//bits.wikimedia.org/static-1.22wmf11/skins/common/images/magnify-clip.png","#cite_note-20","#cite_note-21","/w/index.php?title=Naga,_Camarines_Sur&action=edit&section=35","/w/index.php?title=Naga,_Camarines_Sur&action=edit&section=36","/wiki/File:WTNaga_HMMM_A2.JPG","//upload.wikimedia.org/wikipedia/commons/thumb/0/0f/WTNaga_HMMM_A2.JPG/220px-WTNaga_HMMM_A2.JPG","/wiki/File:WTNaga_HMMM_A2.JPG","//bits.wikimedia.org/static-1.22wmf11/skins/common/images/magnify-clip.png","/wiki/Ateneo_de_Naga_University","/wiki/Jesuit","/wiki/PAASCU","/wiki/PAASCU","/wiki/Animator","/wiki/Alma_mater","/wiki/Universidad_de_Santa_Isabel","/wiki/Normal_school","/wiki/Southeast_Asia","/wiki/Daughters_of_Charity","/wiki/University_of_Nueva_Caceres","/wiki/Manila","/wiki/Philippine_Women%27s_University","/wiki/University_of_the_Philippines","/wiki/Canaman","/w/index.php?title=Naga_College_Foundation&action=edit&redlink=1","/wiki/Christian","/wiki/Holy_Rosary_Seminary","/wiki/National_Historical_Institute","/w/index.php?title=Naga,_Camarines_Sur&action=edit&section=37","/wiki/Archdiocese_of_Caceres","/wiki/Rolando_Joven_Tria_Tirona","/w/index.php?title=Sen._Raul_S._Roco&action=edit&redlink=1","/w/index.php?title=Mayor_Jesse_M._Robredo&action=edit&redlink=1","/w/index.php?title=Justice_Francis_E._Garchitorena&action=edit&redlink=1","/w/index.php?title=Gov._Luis_R._Villafuerte&action=edit&redlink=1","/w/index.php?title=Archbishop_Tito_Yllana&action=edit&redlink=1","/w/index.php?title=Bishop_Jose_Rojas_PC,_DD&action=edit&redlink=1","/wiki/File:WTNaga_LAPANAK_C45.JPG","//upload.wikimedia.org/wikipedia/commons/thumb/d/d5/WTNaga_LAPANAK_C45.JPG/220px-WTNaga_LAPANAK_C45.JPG","/wiki/File:WTNaga_LAPANAK_C45.JPG","//bits.wikimedia.org/static-1.22wmf11/skins/common/images/magnify-clip.png","/wiki/Montessori_education","/wiki/American_Montessori_Society","/wiki/AMA_Computer_University","/wiki/STI_College","#cite_note-22","#cite_note-23","/w/index.php?title=Naga,_Camarines_Sur&action=edit&section=38","/w/index.php?title=Naga,_Camarines_Sur&action=edit&section=39","#cite_note-24","/w/index.php?title=Naga,_Camarines_Sur&action=edit&section=40","/w/index.php?title=Naga,_Camarines_Sur&action=edit&section=41","/wiki/List_of_television_and_radio_stations_in_Naga_City,_Camarines_Sur","/wiki/ABS-CBN_Corporation","/wiki/Bicol_Region","/wiki/Studio_23","/wiki/Associated_Broadcasting_Company","/wiki/GMA_Network","/wiki/GMA_News_TV","/w/index.php?title=Naga,_Camarines_Sur&action=edit&section=42","/w/index.php?title=Naga,_Camarines_Sur&action=edit&section=43","/w/index.php?title=Naga,_Camarines_Sur&action=edit&section=44","/wiki/File:WTNaga_EURO_B45.JPG","//upload.wikimedia.org/wikipedia/commons/thumb/f/f8/WTNaga_EURO_B45.JPG/120px-WTNaga_EURO_B45.JPG","/wiki/File:WTNaga_EURO_A33.JPG","//upload.wikimedia.org/wikipedia/commons/thumb/0/0c/WTNaga_EURO_A33.JPG/120px-WTNaga_EURO_A33.JPG","/wiki/File:Naga_city_hall.JPG","//upload.wikimedia.org/wikipedia/commons/thumb/0/08/Naga_city_hall.JPG/120px-Naga_city_hall.JPG","/wiki/File:WTNaga_BAHALANA_B41.JPG","//upload.wikimedia.org/wikipedia/commons/thumb/3/37/WTNaga_BAHALANA_B41.JPG/120px-WTNaga_BAHALANA_B41.JPG","/wiki/File:WTNaga_LAPANAK_C17.JPG","//upload.wikimedia.org/wikipedia/commons/thumb/9/96/WTNaga_LAPANAK_C17.JPG/120px-WTNaga_LAPANAK_C17.JPG","/wiki/File:WTNaga_Lapanak_B41.JPG","//upload.wikimedia.org/wikipedia/commons/thumb/0/00/WTNaga_Lapanak_B41.JPG/120px-WTNaga_Lapanak_B41.JPG","/w/index.php?title=Naga,_Camarines_Sur&action=edit&section=45","/wiki/Philippines","//upload.wikimedia.org/wikipedia/commons/thumb/9/99/Flag_of_the_Philippines.svg/23px-Flag_of_the_Philippines.svg.png","/wiki/Bacolod_City","/wiki/Negros_Occidental","/wiki/Philippines","//upload.wikimedia.org/wikipedia/commons/thumb/9/99/Flag_of_the_Philippines.svg/23px-Flag_of_the_Philippines.svg.png","/wiki/General_Santos_City","/wiki/South_Cotabato","/wiki/Philippines","//upload.wikimedia.org/wikipedia/commons/thumb/9/99/Flag_of_the_Philippines.svg/23px-Flag_of_the_Philippines.svg.png","/wiki/Lucena_City","/wiki/Quezon_Province","/wiki/Philippines","//upload.wikimedia.org/wikipedia/commons/thumb/9/99/Flag_of_the_Philippines.svg/23px-Flag_of_the_Philippines.svg.png","/wiki/City_of_San_Fernando,_Pampanga","/wiki/Pampanga","/wiki/Philippines","//upload.wikimedia.org/wikipedia/commons/thumb/9/99/Flag_of_the_Philippines.svg/23px-Flag_of_the_Philippines.svg.png","/wiki/Legazpi_City","/wiki/Albay","/wiki/China","//upload.wikimedia.org/wikipedia/commons/thumb/f/fa/Flag_of_the_People%27s_Republic_of_China.svg/23px-Flag_of_the_People%27s_Republic_of_China.svg.png","/wiki/Shishi_City","/wiki/China","/wiki/Taiwan","//upload.wikimedia.org/wikipedia/commons/thumb/7/72/Flag_of_the_Republic_of_China.svg/23px-Flag_of_the_Republic_of_China.svg.png","/wiki/Su-ao,_Yilan","/wiki/Yilan_County,_Taiwan","/wiki/Taiwan","/wiki/United_States","//upload.wikimedia.org/wikipedia/en/thumb/a/a4/Flag_of_the_United_States.svg/23px-Flag_of_the_United_States.svg.png","/wiki/San_Leandro,_California","/wiki/California","/wiki/United_States_of_America","/wiki/Vanuatu","//upload.wikimedia.org/wikipedia/commons/thumb/b/bc/Flag_of_Vanuatu.svg/23px-Flag_of_Vanuatu.svg.png","/wiki/Shefa_Province","/wiki/Vanuatu","/w/index.php?title=Naga,_Camarines_Sur&action=edit&section=46","/wiki/List_of_renamed_cities_and_municipalities_in_the_Philippines","/wiki/Education_in_the_Philippines","/wiki/List_of_colleges_and_universities_in_the_Philippines","/w/index.php?title=Naga,_Camarines_Sur&action=edit&section=47","#cite_ref-1","http://www.dilg.gov.ph/municipalities.php","#cite_ref-PSGC_2-0","#cite_ref-PSGC_2-1","#cite_ref-PSGC_2-2","http://www.nscb.gov.ph/activestats/psgc/province.asp?regName=REGION+V+%28Bicol+Region%29&regCode=05&provCode=051700000&provName=CAMARINES%20SUR","#cite_ref-NSO10_3-0","#cite_ref-NSO10_3-1","http://www.census.gov.ph/sites/default/files/attachments/hsd/pressrelease/Bicol.pdf","#cite_ref-4","http://www.bomboradyo.com/stations/am/latest-news-from-naga","#cite_ref-5","http://www.dilg.gov.ph/sec_robredo.php","#cite_ref-6","http://opinion.inquirer.net/35230/a-rare-man","#cite_ref-7","http://www.philstar.com/opinyon/2012-08-21/840475/kinsa-si-jesse-robredo","#cite_ref-8","http://members.virtualtourist.com/m/10e851/781/","#cite_ref-9","http://nrdc.denr.gov.ph/index.php/news-and-photos/news/100-loss-of-a-champion-of-good-governance-and-public-administration-reforms","#cite_ref-abella_10-0","#cite_ref-abella_10-1","#cite_ref-PAWB_11-0","http://www.pawb.gov.ph/index.php?option=com_content&view=article&id=65:region-5&catid=69:regions","#cite_ref-12","http://naga.gov.ph/see-naga/plan-your-trip/about-naga/facts-figures/facts-and-figures/","#cite_ref-13","http://lawph.com/statutes/ra305-naga-city-charter.html","#cite_ref-14","http://122.54.214.222/population/MunPop.asp?prov=CAS&province=Camarines%20Sur","#cite_ref-15","http://books.google.com/books?id=uRX5zMsCeNgC&pg=PA880","/wiki/Special:BookSources/1858288932","#cite_ref-16","http://naga.gov.ph/naga-smiles-2/naga%E2%80%99s-historical-landmarks/","#cite_ref-Tour_17-0","http://naga.gov.ph/see-naga/attractions/heritage-tour/","#cite_ref-18","http://www.virtualtourist.com/travel/Asia/Philippines/Naga_City/Things_To_Do-Naga_City-MISC-BR-1.html#tip=2213668","#cite_ref-19","http://www.pnr.gov.ph/schedules.htm","#cite_ref-20","http://www.doh.gov.ph/bmc/","#cite_ref-21","http://msh.dcphilippines.org/","#cite_ref-22","http://www.aclc.edu.ph/region_v.asp","#cite_ref-23","http://www.sti.edu/campuses.asp?id=55","#cite_ref-24","http://naga.gov.ph/experience-naga/departments-and-offices/sp-secretariat/2011-naga-city-youth-officials/","/w/index.php?title=Naga,_Camarines_Sur&action=edit&section=48","//upload.wikimedia.org/wikipedia/en/thumb/4/4a/Commons-logo.svg/30px-Commons-logo.svg.png","//commons.wikimedia.org/wiki/Category:Naga_City,_Camarines_Sur","http://www.naga.gov.ph/","http://www.caceres-naga.org","http://www.nscb.gov.ph/activestats/psgc/default.asp","http://www.census.gov.ph/","http://naga.gov.ph/experience-naga/departments-and-offices/sp-secretariat/2011-naga-city-youth-officials/","//upload.wikimedia.org/wikipedia/commons/8/8b/Compass_rose_pale-50x50.png","/wiki/Magarao,_Camarines_Sur","/wiki/Bombon,_Camarines_Sur","/wiki/Calabanga,_Camarines_Sur","//upload.wikimedia.org/wikipedia/commons/8/8b/Compass_rose_pale-50x50.png","/wiki/Canaman,_Camarines_Sur","/wiki/Camaligan,_Camarines_Sur","//upload.wikimedia.org/wikipedia/commons/thumb/4/44/North.svg/17px-North.svg.png","/wiki/Mount_Isarog","//upload.wikimedia.org/wikipedia/commons/thumb/f/f0/West.svg/17px-West.svg.png","//upload.wikimedia.org/wikipedia/commons/thumb/5/5d/Boxed_East_arrow.svg/17px-Boxed_East_arrow.svg.png","//upload.wikimedia.org/wikipedia/commons/thumb/c/cd/South.svg/17px-South.svg.png","/wiki/Milaor,_Camarines_Sur","/wiki/Pili,_Camarines_Sur","/wiki/Template:Bicol_Region","/w/index.php?title=Template_talk:Bicol_Region&action=edit&redlink=1","//en.wikipedia.org/w/index.php?title=Template:Bicol_Region&action=edit","/wiki/Philippines","//upload.wikimedia.org/wikipedia/commons/thumb/9/99/Flag_of_the_Philippines.svg/23px-Flag_of_the_Philippines.svg.png","/wiki/Bicol_Region","/wiki/Regions_of_the_Philippines","/wiki/Legazpi,_Albay","/wiki/File:Ph_bicol.png","//upload.wikimedia.org/wikipedia/commons/thumb/d/dd/Ph_bicol.png/200px-Ph_bicol.png","/wiki/Provinces_of_the_Philippines","/wiki/Albay","/wiki/Camarines_Norte","/wiki/Camarines_Sur","/wiki/Catanduanes","/wiki/Masbate","/wiki/Sorsogon","/wiki/Cities_of_the_Philippines#Metropolitan_areas","/wiki/Metro_Naga","/wiki/Cities_of_the_Philippines#Independent_cities","/wiki/Cities_of_the_Philippines#Classifiction","/wiki/Iriga","/wiki/Legazpi,_Albay","/wiki/Ligao","/wiki/Masbate_City","/wiki/Sorsogon_City","/wiki/Tabaco,_Albay","/wiki/Template:Philippines_Provincial_Capitals","/wiki/Daet,_Camarines_Norte","/wiki/Legazpi,_Albay","/wiki/Masbate_City","/wiki/Sorsogon_City","/wiki/Virac,_Catanduanes","/wiki/Municipalities_of_the_Philippines","/wiki/Aroroy,_Masbate","/wiki/Baao,_Camarines_Sur","/wiki/Bacacay,_Albay","/wiki/Bagamanoc,_Catanduanes","/wiki/Balatan,_Camarines_Sur","/wiki/Baleno,_Masbate","/wiki/Balud,_Masbate","/wiki/Baras,_Catanduanes","/wiki/Barcelona,_Sorsogon","/wiki/Basud,_Camarines_Norte","/wiki/Bato,_Camarines_Sur","/wiki/Bato,_Catanduanes","/wiki/Batuan,_Masbate","/wiki/Bombon,_Camarines_Sur","/wiki/Buhi,_Camarines_Sur","/wiki/Bula,_Camarines_Sur","/wiki/Bulan,_Sorsogon","/wiki/Bulusan,_Sorsogon","/wiki/Cabusao,_Camarines_Sur","/wiki/Calabanga,_Camarines_Sur","/wiki/Camalig,_Albay","/wiki/Camaligan,_Camarines_Sur","/wiki/Canaman,_Camarines_Sur","/wiki/Capalonga,_Camarines_Norte","/wiki/Caramoan,_Camarines_Sur","/wiki/Caramoran,_Catanduanes","/wiki/Casiguran,_Sorsogon","/wiki/Cataingan,_Masbate","/wiki/Cawayan,_Masbate","/wiki/Claveria,_Masbate","/wiki/Daet,_Camarines_Norte","/wiki/Daraga,_Albay","/wiki/Del_Gallego,_Camarines_Sur","/wiki/Dimasalang,_Masbate","/wiki/Donsol,_Sorsogon","/wiki/Esperanza,_Masbate","/wiki/Gainza,_Camarines_Sur","/wiki/Garchitorena,_Camarines_Sur","/wiki/Gigmoto,_Catanduanes","/wiki/Goa,_Camarines_Sur","/wiki/Gubat,_Sorsogon","/wiki/Guinobatan,_Albay","/wiki/Irosin,_Sorsogon","/wiki/Jose_Panganiban,_Camarines_Norte","/wiki/Jovellar,_Albay","/wiki/Juban,_Sorsogon","/wiki/Labo,_Camarines_Norte","/wiki/Lagonoy,_Camarines_Sur","/wiki/Libmanan,_Camarines_Sur","/wiki/Libon,_Albay","/wiki/Lupi,_Camarines_Sur","/wiki/Magallanes,_Sorsogon","/wiki/Magarao,_Camarines_Sur","/wiki/Malilipot,_Albay","/wiki/Malinao,_Albay","/wiki/Mandaon,_Masbate","/wiki/Manito,_Albay","/wiki/Matnog,_Sorsogon","/wiki/Mercedes,_Camarines_Norte","/wiki/Milaor,_Camarines_Sur","/wiki/Milagros,_Masbate","/wiki/Minalabac,_Camarines_Sur","/wiki/Mobo,_Masbate","/wiki/Monreal,_Masbate","/wiki/Nabua,_Camarines_Sur","/wiki/Oas,_Albay","/wiki/Ocampo,_Camarines_Sur","/wiki/Palanas,_Masbate","/wiki/Pamplona,_Camarines_Sur","/wiki/Pandan,_Catanduanes","/wiki/Panganiban,_Catanduanes","/wiki/Paracale,_Camarines_Norte","/wiki/Pasacao,_Camarines_Sur","/wiki/Pilar,_Sorsogon","/wiki/Pili,_Camarines_Sur","/wiki/Pio_Duran,_Albay","/wiki/Pio_V._Corpuz,_Masbate","/wiki/Placer,_Masbate","/wiki/Polangui,_Albay","/wiki/Presentacion,_Camarines_Sur","/wiki/Prieto_Diaz,_Sorsogon","/wiki/Ragay,_Camarines_Sur","/wiki/Rapu-Rapu,_Albay","/wiki/Sag%C3%B1ay,_Camarines_Sur","/wiki/San_Andres,_Catanduanes","/wiki/San_Fernando,_Camarines_Sur","/wiki/San_Fernando,_Masbate","/wiki/San_Jacinto,_Masbate","/wiki/San_Jose,_Camarines_Sur","/wiki/San_Lorenzo_Ruiz,_Camarines_Norte","/wiki/San_Miguel,_Catanduanes","/wiki/San_Pascual,_Masbate","/wiki/San_Vicente,_Camarines_Norte","/wiki/Santa_Elena,_Camarines_Norte","/wiki/Santa_Magdalena,_Sorsogon","/wiki/Santo_Domingo,_Albay","/wiki/Sipocot,_Camarines_Sur","/wiki/Siruma,_Camarines_Sur","/wiki/Talisay,_Camarines_Norte","/wiki/Tigaon,_Camarines_Sur","/wiki/Tinambac,_Camarines_Sur","/wiki/Tiwi,_Albay","/wiki/Uson,_Masbate","/wiki/Viga,_Catanduanes","/wiki/Vinzons,_Camarines_Norte","/wiki/Virac,_Catanduanes","/wiki/Luzon","/wiki/Republic_of_the_Philippines","/wiki/Template:Camarines_Sur","/wiki/Template_talk:Camarines_Sur","//en.wikipedia.org/w/index.php?title=Template:Camarines_Sur&action=edit","/wiki/File:Vlag_Fil_CamarinesSur.gif","//upload.wikimedia.org/wikipedia/commons/thumb/c/cc/Vlag_Fil_CamarinesSur.gif/23px-Vlag_Fil_CamarinesSur.gif","/wiki/Camarines_Sur","/wiki/Municipalities_of_the_Philippines","/wiki/Baao,_Camarines_Sur","/wiki/Balatan,_Camarines_Sur","/wiki/Bato,_Camarines_Sur","/wiki/Bombon,_Camarines_Sur","/wiki/Buhi,_Camarines_Sur","/wiki/Bula,_Camarines_Sur","/wiki/Cabusao,_Camarines_Sur","/wiki/Calabanga,_Camarines_Sur","/wiki/Camaligan,_Camarines_Sur","/wiki/Canaman,_Camarines_Sur","/wiki/Caramoan,_Camarines_Sur","/wiki/Del_Gallego,_Camarines_Sur","/wiki/Gainza,_Camarines_Sur","/wiki/Garchitorena,_Camarines_Sur","/wiki/Goa,_Camarines_Sur","/wiki/Lagonoy,_Camarines_Sur","/wiki/Libmanan,_Camarines_Sur","/wiki/Lupi,_Camarines_Sur","/wiki/Magarao,_Camarines_Sur","/wiki/Milaor,_Camarines_Sur","/wiki/Minalabac,_Camarines_Sur","/wiki/Nabua,_Camarines_Sur","/wiki/Ocampo,_Camarines_Sur","/wiki/Pamplona,_Camarines_Sur","/wiki/Pasacao,_Camarines_Sur","/wiki/Pili,_Camarines_Sur","/wiki/Presentacion,_Camarines_Sur","/wiki/Ragay,_Camarines_Sur","/wiki/Sag%C3%B1ay,_Camarines_Sur","/wiki/San_Fernando,_Camarines_Sur","/wiki/San_Jose,_Camarines_Sur","/wiki/Sipocot,_Camarines_Sur","/wiki/Siruma,_Camarines_Sur","/wiki/Tigaon,_Camarines_Sur","/wiki/Tinambac,_Camarines_Sur","/wiki/Cities_of_the_Philippines#Classification","/wiki/Iriga","/wiki/Cities_of_the_Philippines#Independent_cities","http://www.census.gov.ph","/wiki/Template:Naga_City","/w/index.php?title=Template_talk:Naga_City&action=edit&redlink=1","//en.wikipedia.org/w/index.php?title=Template:Naga_City&action=edit","/wiki/Metro_Naga","/wiki/Naga_City","/wiki/Bombon,_Camarines_Sur","/wiki/Bula,_Camarines_Sur","/wiki/Calabanga,_Camarines_Sur","/wiki/Camaligan,_Camarines_Sur","/wiki/Canaman,_Camarines_Sur","/wiki/Gainza,_Camarines_Sur","/wiki/Magarao,_Camarines_Sur","/wiki/Milaor,_Camarines_Sur","/wiki/Minalabac,_Camarines_Sur","/wiki/Ocampo,_Camarines_Sur","/wiki/Pamplona,_Camarines_Sur","/wiki/Pasacao,_Camarines_Sur","/wiki/Pili,_Camarines_Sur","/wiki/San_Fernando,_Camarines_Sur","/wiki/File:PortaMariae.jpg","//upload.wikimedia.org/wikipedia/commons/thumb/7/78/PortaMariae.jpg/120px-PortaMariae.jpg","/wiki/Mount_Isarog","/wiki/Metro_Naga#History","/wiki/Naga,_Camarines_Sur#Religion","/wiki/Archdiocese_of_Caceres","/wiki/Our_Lady_of_Pe%C3%B1afrancia","/wiki/Philippine_National_Railway","/w/index.php?title=Metropolitan_Naga_Water_District&action=edit&redlink=1","/wiki/Naga,_Camarines_Sur#Education","/wiki/Ateneo_de_Naga_University","/wiki/Universidad_de_Santa_Isabel","/wiki/University_of_Nueva_Caceres","/wiki/Holy_Rosary_Seminary","/wiki/Porta_Mariae","/wiki/Naga_Cathedral","/w/index.php?title=Our_Lady_of_Penafrancia_Shrine&action=edit&redlink=1","/wiki/Pe%C3%B1afrancia_Basilica","/w/index.php?title=San_Francisco_Church&action=edit&redlink=1","/wiki/Template:Philippine_cities","/wiki/Template_talk:Philippine_cities","//en.wikipedia.org/w/index.php?title=Template:Philippine_cities&action=edit","/wiki/Philippines","//upload.wikimedia.org/wikipedia/commons/thumb/9/99/Flag_of_the_Philippines.svg/23px-Flag_of_the_Philippines.svg.png","/wiki/Cities_of_the_Philippines","/wiki/Philippines","/wiki/Cities_of_the_Philippines#Classification","/wiki/Angeles,_Philippines","/wiki/Antipolo","/wiki/Bacolod","/wiki/Baguio","/wiki/Butuan","/wiki/Cabanatuan","/wiki/Cagayan_de_Oro","/wiki/Caloocan","/wiki/Cebu_City","/wiki/Davao_City","/wiki/General_Santos","/wiki/Iligan","/wiki/Iloilo_City","/wiki/Lapu-Lapu,_Philippines","/wiki/Las_Pi%C3%B1as","/wiki/Lucena,_Philippines","/wiki/Makati","/wiki/Malabon","/wiki/Mandaluyong","/wiki/Mandaue","/wiki/Manila","/wiki/Marikina","/wiki/Muntinlupa","/wiki/Navotas","/wiki/Olongapo","/wiki/Para%C3%B1aque","/wiki/Pasay","/wiki/Pasig","/wiki/Puerto_Princesa","/wiki/Quezon_City","/wiki/San_Juan,_Metro_Manila","/wiki/Tacloban","/wiki/Taguig","/wiki/Valenzuela,_Philippines","/wiki/Zamboanga_City","/wiki/Cities_of_the_Philippines#Classification","/wiki/Cotabato_City","/wiki/Dagupan","/wiki/Ormoc","/wiki/Santiago,_Isabela","/wiki/Cities_of_the_Philippines#Classification","/wiki/Alaminos,_Pangasinan","/wiki/Bacoor","/wiki/Bago,_Negros_Occidental","/wiki/Bais,_Negros_Oriental","/wiki/Balanga,_Bataan","/wiki/Batac","/wiki/Batangas_City","/wiki/Bayawan","/wiki/Baybay","/wiki/Bayugan","/wiki/Bi%C3%B1an","/wiki/Bislig","/wiki/Bogo,_Cebu","/wiki/Borongan","/wiki/Cabadbaran","/wiki/Cabuyao","/wiki/Cadiz,_Negros_Occidental","/wiki/Calamba,_Laguna","/wiki/Calapan","/wiki/Calbayog","/wiki/Candon","/wiki/Canlaon","/wiki/Carcar","/wiki/Catbalogan","/wiki/Cauayan,_Isabela","/wiki/Cavite_City","/wiki/Danao,_Cebu","/wiki/Dapitan","/wiki/Dasmari%C3%B1as","/wiki/Digos","/wiki/Dipolog","/wiki/Dumaguete","/wiki/El_Salvador,_Misamis_Oriental","/wiki/Escalante,_Negros_Occidental","/wiki/Gapan","/wiki/Gingoog","/wiki/Guihulngan","/wiki/Himamaylan","/wiki/Ilagan","/wiki/Imus","/wiki/Iriga","/wiki/Isabela,_Basilan","/wiki/Kabankalan","/wiki/Kidapawan","/wiki/Koronadal","/wiki/La_Carlota,_Negros_Occidental","/wiki/Lamitan","/wiki/Laoag","/wiki/Legazpi,_Albay","/wiki/Ligao","/wiki/Lipa,_Batangas","/wiki/Maasin","/wiki/Mabalacat","/wiki/Malaybalay","/wiki/Malolos","/wiki/Marawi","/wiki/Masbate_City","/wiki/Mati,_Davao_Oriental","/wiki/Meycauayan","/wiki/Mu%C3%B1oz,_Nueva_Ecija","/wiki/Naga,_Cebu","/wiki/Oroquieta","/wiki/Ozamiz","/wiki/Pagadian","/wiki/Palayan","/wiki/Panabo","/wiki/Passi,_Iloilo","/wiki/Roxas,_Capiz","/wiki/Sagay,_Negros_Occidental","/wiki/Samal,_Davao_del_Norte","/wiki/San_Carlos,_Negros_Occidental","/wiki/San_Carlos,_Pangasinan","/wiki/San_Fernando,_La_Union","/wiki/San_Fernando,_Pampanga","/wiki/San_Jose,_Nueva_Ecija","/wiki/San_Jose_del_Monte","/wiki/San_Pablo,_Laguna","/wiki/San_Pedro,_Laguna","/wiki/Santa_Rosa,_Laguna","/wiki/Silay","/wiki/Sipalay","/wiki/Sorsogon_City","/wiki/Surigao","/wiki/Tabaco,_Albay","/wiki/Tabuk,_Kalinga","/wiki/Tacurong","/wiki/Tagaytay","/wiki/Tagbilaran","/wiki/Tagum","/wiki/Talisay,_Cebu","/wiki/Talisay,_Negros_Occidental","/wiki/Tanauan,_Batangas","/wiki/Tandag","/wiki/Tangub","/wiki/Tanjay","/wiki/Tarlac_City","/wiki/Tayabas","/wiki/Toledo,_Cebu","/wiki/Trece_Martires","/wiki/Tuguegarao","/wiki/Urdaneta,_Pangasinan","/wiki/Valencia,_Bukidnon","/wiki/Victorias","/wiki/Vigan","//en.wikipedia.org/w/index.php?title=Special:CentralAutoLogin/start&type=1x1&from=enwiki","http://en.wikipedia.org/w/index.php?title=Naga,_Camarines_Sur&oldid=565626133","/wiki/Help:Categories","/wiki/Category:Cities_in_the_Philippines","/wiki/Category:University_towns_in_the_Philippines","/wiki/Category:Bicolano","/wiki/Category:All_articles_with_unsourced_statements","/wiki/Category:Articles_with_unsourced_statements_from_April_2012","/wiki/Category:Articles_needing_additional_references_from_May_2012","/wiki/Category:All_articles_needing_additional_references","/wiki/Category:Commons_category_with_local_link_same_as_on_Wikidata","/w/index.php?title=Special:UserLogin&returnto=Naga%2C+Camarines+Sur&type=signup","/w/index.php?title=Special:UserLogin&returnto=Naga%2C+Camarines+Sur","/wiki/Naga,_Camarines_Sur","/wiki/Talk:Naga,_Camarines_Sur","#","/wiki/Naga,_Camarines_Sur","/w/index.php?title=Naga,_Camarines_Sur&action=edit","/w/index.php?title=Naga,_Camarines_Sur&action=history","#","/w/index.php","//bits.wikimedia.org/static-1.22wmf11/skins/vector/images/search-ltr.png?303-4","/wiki/Main_Page","/wiki/Main_Page","/wiki/Portal:Contents","/wiki/Portal:Featured_content","/wiki/Portal:Current_events","/wiki/Special:Random","//donate.wikimedia.org/wiki/Special:FundraiserRedirector?utm_source=donate&utm_medium=sidebar&utm_campaign=C13_en.wikipedia.org&uselang=en","/wiki/Help:Contents","/wiki/Wikipedia:About","/wiki/Wikipedia:Community_portal","/wiki/Special:RecentChanges","//en.wikipedia.org/wiki/Wikipedia:Contact_us","/wiki/Special:WhatLinksHere/Naga,_Camarines_Sur","/wiki/Special:RecentChangesLinked/Naga,_Camarines_Sur","/wiki/Wikipedia:File_Upload_Wizard","/wiki/Special:SpecialPages","/w/index.php?title=Naga,_Camarines_Sur&oldid=565626133","/w/index.php?title=Naga,_Camarines_Sur&action=info","//www.wikidata.org/wiki/Q2207","/w/index.php?title=Special:Cite&page=Naga%2C_Camarines_Sur&id=565626133","/w/index.php?title=Special:Book&bookcmd=book_creator&referer=Naga%2C+Camarines+Sur","/w/index.php?title=Special:Book&bookcmd=render_article&arttitle=Naga%2C+Camarines+Sur&oldid=565626133&writer=rl","/w/index.php?title=Naga,_Camarines_Sur&printable=yes","//bcl.wikipedia.org/wiki/Syudad_nin_Naga","//ceb.wikipedia.org/wiki/Dakbayan_sa_Naga,_Camarines_Sur","//de.wikipedia.org/wiki/Naga_City_(Camarines_Sur)","//es.wikipedia.org/wiki/Naga_(Camarines_Sur)","//fr.wikipedia.org/wiki/Naga_(Camarines_Sur)","//ko.wikipedia.org/wiki/%EB%82%98%EA%B0%80_(%EB%82%A8%EC%B9%B4%EB%A7%88%EB%A6%AC%EB%84%A4%EC%8A%A4_%EC%A3%BC)","//ilo.wikipedia.org/wiki/Ciudad_ti_Naga","//id.wikipedia.org/wiki/Naga_City,_Camarines_Sur","//it.wikipedia.org/wiki/Naga_(Camarines_Sur)","//pam.wikipedia.org/wiki/Naga_Lakanbalen","//nl.wikipedia.org/wiki/Naga_(Camarines_Sur)","//ja.wikipedia.org/wiki/%E3%83%8A%E3%82%AC_(%E3%82%AB%E3%83%9E%E3%83%AA%E3%83%8D%E3%82%B9%E3%83%BB%E3%82%B9%E3%83%AB%E5%B7%9E)","//oc.wikipedia.org/wiki/Naga","//pl.wikipedia.org/wiki/Naga_(miasto)","//sv.wikipedia.org/wiki/Naga_City","//tl.wikipedia.org/wiki/Lungsod_ng_Naga,_Camarines_Sur","//war.wikipedia.org/wiki/Naga,_Camarines_Sur","//diq.wikipedia.org/wiki/Naga,_Camarines_Sur","#","//www.wikidata.org/wiki/Q2207#sitelinks-wikipedia","//en.wikipedia.org/wiki/Wikipedia:Text_of_Creative_Commons_Attribution-ShareAlike_3.0_Unported_License","//creativecommons.org/licenses/by-sa/3.0/","//wikimediafoundation.org/wiki/Terms_of_Use","//wikimediafoundation.org/wiki/Privacy_policy","//www.wikimediafoundation.org/","//wikimediafoundation.org/wiki/Privacy_policy","/wiki/Wikipedia:About","/wiki/Wikipedia:General_disclaimer","//en.wikipedia.org/wiki/Wikipedia:Contact_us","//en.m.wikipedia.org/wiki/Naga,_Camarines_Sur","//wikimediafoundation.org/","//bits.wikimedia.org/images/wikimedia-button.png","//www.mediawiki.org/","//bits.wikimedia.org/static-1.22wmf11/skins/common/images/poweredby_mediawiki_88x31.png","//bits.wikimedia.org/en.wikipedia.org/load.php?debug=false&lang=en&modules=site&only=scripts&skin=vector&*"],"instances":[],"pdf":["http://www.census.gov.ph/sites/default/files/attachments/hsd/pressrelease/Bicol.pdf"],"categories":["Cities in the Philippines","University towns in the Philippines","Bicolano"],"headings":["Geography","History","Demographics","Religion","Economy","Places of interest","Infrastructure","Education","City Youth Programs","Media","Naga City Gallery","Sister cities","See also","References","External links"],"image":["//upload.wikimedia.org/wikipedia/commons/thumb/4/43/Naga_montage.jpg/250px-Naga_montage.jpg","//upload.wikimedia.org/wikipedia/en/thumb/1/16/Naga%2C_Camarines_Sur_official_seal_2011.jpg/84px-Naga%2C_Camarines_Sur_official_seal_2011.jpg","//upload.wikimedia.org/wikipedia/commons/thumb/f/f2/Ph_locator_camarines_sur_naga.png/250px-Ph_locator_camarines_sur_naga.png","//upload.wikimedia.org/wikipedia/commons/thumb/a/ad/Philippines_location_map_%28square%29.svg/250px-Philippines_location_map_%28square%29.svg.png","//upload.wikimedia.org/wikipedia/en/thumb/0/0c/Red_pog.svg/6px-Red_pog.svg.png","//upload.wikimedia.org/wikipedia/en/thumb/7/7e/Cityflood.jpg/220px-Cityflood.jpg","//bits.wikimedia.org/static-1.22wmf11/skins/common/images/magnify-clip.png","//upload.wikimedia.org/wikipedia/en/thumb/9/99/Question_book-new.svg/50px-Question_book-new.svg.png","//upload.wikimedia.org/wikipedia/commons/thumb/4/41/Naga_Metropolitan_Cathedral_2007.jpg/220px-Naga_Metropolitan_Cathedral_2007.jpg","//bits.wikimedia.org/static-1.22wmf11/skins/common/images/magnify-clip.png","//upload.wikimedia.org/wikipedia/commons/thumb/0/06/Pe%C3%B1afrancia_Fluvial_Parade_Naga_City.jpg/220px-Pe%C3%B1afrancia_Fluvial_Parade_Naga_City.jpg","//bits.wikimedia.org/static-1.22wmf11/skins/common/images/magnify-clip.png","//upload.wikimedia.org/wikipedia/commons/thumb/4/47/WTNaga_HIJAB_A21.JPG/220px-WTNaga_HIJAB_A21.JPG","//bits.wikimedia.org/static-1.22wmf11/skins/common/images/magnify-clip.png","//upload.wikimedia.org/wikipedia/commons/thumb/2/28/WTNaga_STAR_X1.jpg/220px-WTNaga_STAR_X1.jpg","//bits.wikimedia.org/static-1.22wmf11/skins/common/images/magnify-clip.png","//upload.wikimedia.org/wikipedia/commons/thumb/9/9e/WTNaga_EURO_B40.JPG/220px-WTNaga_EURO_B40.JPG","//bits.wikimedia.org/static-1.22wmf11/skins/common/images/magnify-clip.png","//upload.wikimedia.org/wikipedia/en/thumb/e/e9/Nagacathedral.JPG/220px-Nagacathedral.JPG","//bits.wikimedia.org/static-1.22wmf11/skins/common/images/magnify-clip.png","//upload.wikimedia.org/wikipedia/commons/thumb/5/53/Malabsayfalls.jpg/220px-Malabsayfalls.jpg","//bits.wikimedia.org/static-1.22wmf11/skins/common/images/magnify-clip.png","//upload.wikimedia.org/wikipedia/commons/thumb/e/e9/Bicol_science_centrum.JPG/220px-Bicol_science_centrum.JPG","//bits.wikimedia.org/static-1.22wmf11/skins/common/images/magnify-clip.png","//upload.wikimedia.org/wikipedia/commons/thumb/e/ee/WTNaga_BAHALANA_B47.JPG/220px-WTNaga_BAHALANA_B47.JPG","//bits.wikimedia.org/static-1.22wmf11/skins/common/images/magnify-clip.png","//upload.wikimedia.org/wikipedia/commons/thumb/9/98/Bicol_medical_center_1.JPG/220px-Bicol_medical_center_1.JPG","//bits.wikimedia.org/static-1.22wmf11/skins/common/images/magnify-clip.png","//upload.wikimedia.org/wikipedia/commons/thumb/3/3f/Ago_foundation_hospital_naga_city.JPG/220px-Ago_foundation_hospital_naga_city.JPG","//bits.wikimedia.org/static-1.22wmf11/skins/common/images/magnify-clip.png","//upload.wikimedia.org/wikipedia/commons/thumb/0/0f/WTNaga_HMMM_A2.JPG/220px-WTNaga_HMMM_A2.JPG","//bits.wikimedia.org/static-1.22wmf11/skins/common/images/magnify-clip.png","//upload.wikimedia.org/wikipedia/commons/thumb/d/d5/WTNaga_LAPANAK_C45.JPG/220px-WTNaga_LAPANAK_C45.JPG","//bits.wikimedia.org/static-1.22wmf11/skins/common/images/magnify-clip.png","//upload.wikimedia.org/wikipedia/commons/thumb/f/f8/WTNaga_EURO_B45.JPG/120px-WTNaga_EURO_B45.JPG","//upload.wikimedia.org/wikipedia/commons/thumb/0/0c/WTNaga_EURO_A33.JPG/120px-WTNaga_EURO_A33.JPG","//upload.wikimedia.org/wikipedia/commons/thumb/0/08/Naga_city_hall.JPG/120px-Naga_city_hall.JPG","//upload.wikimedia.org/wikipedia/commons/thumb/3/37/WTNaga_BAHALANA_B41.JPG/120px-WTNaga_BAHALANA_B41.JPG","//upload.wikimedia.org/wikipedia/commons/thumb/9/96/WTNaga_LAPANAK_C17.JPG/120px-WTNaga_LAPANAK_C17.JPG","//upload.wikimedia.org/wikipedia/commons/thumb/0/00/WTNaga_Lapanak_B41.JPG/120px-WTNaga_Lapanak_B41.JPG","//upload.wikimedia.org/wikipedia/commons/thumb/9/99/Flag_of_the_Philippines.svg/23px-Flag_of_the_Philippines.svg.png","//upload.wikimedia.org/wikipedia/commons/thumb/9/99/Flag_of_the_Philippines.svg/23px-Flag_of_the_Philippines.svg.png","//upload.wikimedia.org/wikipedia/commons/thumb/9/99/Flag_of_the_Philippines.svg/23px-Flag_of_the_Philippines.svg.png","//upload.wikimedia.org/wikipedia/commons/thumb/9/99/Flag_of_the_Philippines.svg/23px-Flag_of_the_Philippines.svg.png","//upload.wikimedia.org/wikipedia/commons/thumb/9/99/Flag_of_the_Philippines.svg/23px-Flag_of_the_Philippines.svg.png","//upload.wikimedia.org/wikipedia/commons/thumb/f/fa/Flag_of_the_People%27s_Republic_of_China.svg/23px-Flag_of_the_People%27s_Republic_of_China.svg.png","//upload.wikimedia.org/wikipedia/commons/thumb/7/72/Flag_of_the_Republic_of_China.svg/23px-Flag_of_the_Republic_of_China.svg.png","//upload.wikimedia.org/wikipedia/en/thumb/a/a4/Flag_of_the_United_States.svg/23px-Flag_of_the_United_States.svg.png","//upload.wikimedia.org/wikipedia/commons/thumb/b/bc/Flag_of_Vanuatu.svg/23px-Flag_of_Vanuatu.svg.png","//upload.wikimedia.org/wikipedia/en/thumb/4/4a/Commons-logo.svg/30px-Commons-logo.svg.png","//upload.wikimedia.org/wikipedia/commons/8/8b/Compass_rose_pale-50x50.png","//upload.wikimedia.org/wikipedia/commons/8/8b/Compass_rose_pale-50x50.png","//upload.wikimedia.org/wikipedia/commons/thumb/4/44/North.svg/17px-North.svg.png","//upload.wikimedia.org/wikipedia/commons/thumb/f/f0/West.svg/17px-West.svg.png","//upload.wikimedia.org/wikipedia/commons/thumb/5/5d/Boxed_East_arrow.svg/17px-Boxed_East_arrow.svg.png","//upload.wikimedia.org/wikipedia/commons/thumb/c/cd/South.svg/17px-South.svg.png","//upload.wikimedia.org/wikipedia/commons/thumb/9/99/Flag_of_the_Philippines.svg/23px-Flag_of_the_Philippines.svg.png","//upload.wikimedia.org/wikipedia/commons/thumb/d/dd/Ph_bicol.png/200px-Ph_bicol.png","//upload.wikimedia.org/wikipedia/commons/thumb/c/cc/Vlag_Fil_CamarinesSur.gif/23px-Vlag_Fil_CamarinesSur.gif","//upload.wikimedia.org/wikipedia/commons/thumb/7/78/PortaMariae.jpg/120px-PortaMariae.jpg","//upload.wikimedia.org/wikipedia/commons/thumb/9/99/Flag_of_the_Philippines.svg/23px-Flag_of_the_Philippines.svg.png","//en.wikipedia.org/w/index.php?title=Special:CentralAutoLogin/start&type=1x1&from=enwiki","//bits.wikimedia.org/static-1.22wmf11/skins/vector/images/search-ltr.png?303-4","//bits.wikimedia.org/images/wikimedia-button.png","//bits.wikimedia.org/static-1.22wmf11/skins/common/images/poweredby_mediawiki_88x31.png"],"tags":[],"members":[],"related":["Bikol_language","Filipino_language","Holy_Rosary_Seminary","Universidad_de_Santa_Isabel","Naga_Cathedral","Our_Lady_of_Peñafrancia","Ateneo_de_Naga_University","Our_Lady_of_Peñafrancia_Shrine","Malabsay_Falls","Naga_City_Hall","Carmelite_Monastery","Peñafrancia_Festival","Philippines","Regions_of_the_Philippines","Bicol_Region","Provinces_of_the_Philippines","Camarines_Sur","Legislative_districts_of_the_Philippines","Legislative_districts_of_Camarines_Sur","Barangay","Philippine_Standard_Time","List_of_ZIP_codes_in_the_Philippines","Telephone_numbers_in_the_Philippines","Bikol_language","Filipino_language","Bicol_Region","Philippines","Spain","Governor-General_of_the_Philippines","Francisco_de_Sande","Cebu_City","Manila","Our_Lady_of_Penafrancia","Roman_Catholic_Archdiocese_of_Caceres","Roman_Catholic_Diocese_of_Daet","Roman_Catholic_Diocese_of_Legazpi","Roman_Catholic_Diocese_of_Libmanan","Roman_Catholic_Diocese_of_Masbate","Roman_Catholic_Diocese_of_Sorsogon","Roman_Catholic_Diocese_of_Virac","Metro_Naga","Metro_Naga","Camarines_Sur","Philippines","Jesse_M._Robredo_Coliseum","Naga_City_Coliseum","Naga,_Cebu","Confluence","Mount_Isarog","Protected_area","Manila","Cebu_City","Barangay","Dayangdang","Del_Rosario","Peñafrancia","Typhoon","Conquistador","Juan_de_Salcedo","Angsana","Danilo_Gerona","Francisco_de_Sande","Cáceres,_Spain","Spain","Cebu_City","Roman_Catholic_Archdiocese_of_Nueva_Segovia","Manila","Philippines","Catholic","Gregory_XIII","Spanish_East_Indies","Pope","Rome","Manila","Marinduque","Aurora_province","Tayabas_province","Quezon_province","Archdiocese_of_Caceres","Primate","Bicol_region","Religious_institute","Ateneo_de_Naga_University","Jesuits","Universidad_de_Sta._Isabel","Daughters_of_Charity","Peñafrancia_Basilica_Minore","Our_Lady_of_Peñafrancia","Bicol_Region","Marian_devotions","Blessed_Virgin_Mary","Peñafrancia_Basilica_Minore","Iglesia_ni_Cristo","Members_Church_of_God_International","Ang_Dating_Daan","Seventh_Day_Adventist","Bible_Baptist","Jesus_Miracle_Crusade","Islam","Mosque","Barangay","Hinduism","Taoism","Jesse_M._Robredo_Coliseum","Philippines","Smart_Araneta_Coliseum","SM_City_Naga","Bicol_Region","Sorsogon_City","Masbate_City","Catanduanes","Jesse_M._Robredo_Coliseum","Fastfood","Restaurant_chains","Banco_De_Oro","Philippine_National_Bank","Development_Bank_of_the_Philippines","Metropolitan_Bank_and_Trust_Company","Rizal_Commercial_Banking_Corporation","Allied_Bank","Philippine_Postal_Corporation","Banco_De_Oro_with_6_branches","Bank_of_the_Philippine_Islands_has_5_branches_including_BPI_family_bank","China_bank_has_3_branches","Bicol_Region","SM_City_Naga","Bicol_Region","Pili,_Camarines_Sur","Manila_Hemp","Bicol_Region","Luzon","Archdiocese_of_Caceres","National_park","Trekking","Mountain_biking","Nueva_Caceres","Marian_devotion","Cybercafé","Naga_City_Coliseum","Ninoy_Aquino_International_Airport","Cebu_Pacific","Air_Philippines","Maharlika_Highway","Cebu_City","Sorsogon_province","Bicol_Region","Sorsogon","Tacloban","Manila","Philippine_National_Railways","Tagkawayan","Quezon_province","Ligao","Albay","Legazpi_City","Landline","Mobile_phone","BayanTel","Philippine_Long_Distance_Telephone_Company","Globe","Smart_Communications","Sun_Cellular","Ateneo_de_Naga_University","Jesuit","PAASCU","PAASCU","Animator","Alma_mater","Universidad_de_Santa_Isabel","Normal_school","Southeast_Asia","Daughters_of_Charity","University_of_Nueva_Caceres","Manila","Philippine_Women's_University","University_of_the_Philippines","Canaman","Naga_College_Foundation","Christian","Holy_Rosary_Seminary","National_Historical_Institute","Archdiocese_of_Caceres","Rolando_Joven_Tria_Tirona","Sen._Raul_S._Roco","Mayor_Jesse_M._Robredo","Justice_Francis_E._Garchitorena","Gov._Luis_R._Villafuerte","Archbishop_Tito_Yllana","Bishop_Jose_Rojas_PC,_DD","Montessori_education","American_Montessori_Society","AMA_Computer_University","STI_College","ABS-CBN_Corporation","Bicol_Region","Studio_23","Associated_Broadcasting_Company","GMA_Network","GMA_News_TV","Bacolod_City","Negros_Occidental","General_Santos_City","South_Cotabato","Lucena_City","Quezon_Province","City_of_San_Fernando,_Pampanga","Pampanga","Legazpi_City","Albay","Shishi_City","China","Su-ao,_Yilan","Yilan_County,_Taiwan","Taiwan","San_Leandro,_California","California","United_States_of_America","Shefa_Province","Vanuatu","List_of_renamed_cities_and_municipalities_in_the_Philippines","Education_in_the_Philippines","List_of_colleges_and_universities_in_the_Philippines","Bombon,_Camarines_Sur","Calabanga,_Camarines_Sur","Pili,_Camarines_Sur","Milaor,_Camarines_Sur","Canaman,_Camarines_Sur","Camaligan,_Camarines_Sur","Magarao,_Camarines_Sur"]}