{"cursor":"58499","size":15,"audio":[],"currentlang":"en","article":"\nThe 'New England town' is the basic unit of local government in each of the six\nNew England states. Without a direct counterpart in most other U.S. states, New\nEngland towns overlay the entire area of a state, similar to civil townships in\nother states where they exist, but are fully functioning incorporated\nmunicipalities, possessing powers similar to cities in other states. New England\ntowns are often governed by town meeting. Virtually all corporate municipalities\nin New England are based on the town model; statutory forms based on the concept\nof a compact populated place, which is prevalent elsewhere in the U.S., are\nuncommon. County government in New England states is typically weak, sometimes\neven non-existent; for example, Connecticut {{cite web\n|url=http://www.ct.gov/sots/cwp/view.asp?a=3188&q=392376 |title=Connecticut\nState Register and Manual, Section VI: Counties |quote=THERE ARE NO COUNTY SEATS\nIN CONNECTICUT. County government was abolished effective October 1, 1960;\ncounties continue only as geographical subdivisions. |publisher=Connecticut\nSecretary of the State |accessdate =2010-01-23 }} and Rhode\nIsland {{cite web |url=http://www.ri.gov/facts/trivia.php |title=Facts &\nHistory |quote=Rhode Island has no county government. It is divided into 39\nmunicipalities, each having its own form of local government. |accessdate =2010-01-\n23 }} retain counties only as geographic subdivisions that have no\ngovernmental authority, while Massachusetts {{cite web\n|url=http://www.sec.state.ma.us/cis/cisctlist/ctlistcounin.htm |title=Historical\nData Relating to the Incorporation of and Abolishment of Counties in the\nCommonwealth of Massachusetts |publisher=Massachusetts Secretary of the\nCommonwealth |accessdate =2010-01-23 }} has abolished eight of fourteen\ncounty governments so far.\n","linknr":487,"url":"New_England_town","recorded":1375086600,"links":["/w/index.php?title=New_England_town&action=edit","/w/index.php?title=New_England_town&action=edit","//bits.wikimedia.org/favicon/wikipedia.ico","/w/opensearch_desc.php","//en.wikipedia.org/w/api.php?action=rsd","//creativecommons.org/licenses/by-sa/3.0/","/w/index.php?title=Special:RecentChanges&feed=atom","//bits.wikimedia.org/en.wikipedia.org/load.php?debug=false&lang=en&modules=ext.gadget.DRN-wizard%2CReferenceTooltips%2Ccharinsert%2Cteahouse%7Cext.rtlcite%2Cwikihiero%7Cext.uls.nojs%7Cmediawiki.legacy.commonPrint%2Cshared%7Cmw.PopUpMediaTransform%7Cskins.vector&only=styles&skin=vector&*","//bits.wikimedia.org/en.wikipedia.org/load.php?debug=false&lang=en&modules=site&only=styles&skin=vector&*","//bits.wikimedia.org/en.wikipedia.org/load.php?debug=false&lang=en&modules=startup&only=scripts&skin=vector&*","//bits.wikimedia.org/geoiplookup","//meta.wikimedia.org","#mw-navigation","#p-search","/wiki/File:Scituate_ma_entering_sign.jpg","//upload.wikimedia.org/wikipedia/commons/thumb/4/45/Scituate_ma_entering_sign.jpg/220px-Scituate_ma_entering_sign.jpg","/wiki/File:Scituate_ma_entering_sign.jpg","//bits.wikimedia.org/static-1.22wmf11/skins/common/images/magnify-clip.png","/wiki/New_England","/wiki/Civil_townships","/wiki/Incorporation_(municipal_government)","/wiki/City","/wiki/Town_meeting","/wiki/Place_(United_States_Census_Bureau)","/wiki/List_of_counties_in_Connecticut","#cite_note-1","/wiki/List_of_counties_in_Rhode_Island","#cite_note-2","/wiki/Massachusetts","#cite_note-3","/wiki/List_of_counties_in_Massachusetts","#Characteristics_of_the_New_England_town_system","#Historical_development","#Other_types_of_municipalities_in_New_England","#Cities","#Plantations","#Boroughs_and_villages","#Unorganized_territory","#Gores_and_similar_entities","#Unorganized_townships","#Disincorporated_towns","#Coastal_waters","#Census_treatment_of_the_New_England_town_system","#Towns","#Cities_2","#Census-designated_places","#Unorganized_areas","#List_of_New_England_towns","#Statistics","#Massachusetts","#Rhode_Island","#Connecticut","#New_Hampshire","#Vermont","#Maine","#See_also","#Notes","#References","/w/index.php?title=New_England_town&action=edit&section=1","/wiki/File:Plymouth_Town_Hall.jpg","//upload.wikimedia.org/wikipedia/commons/thumb/0/0b/Plymouth_Town_Hall.jpg/250px-Plymouth_Town_Hall.jpg","/wiki/File:Plymouth_Town_Hall.jpg","//bits.wikimedia.org/static-1.22wmf11/skins/common/images/magnify-clip.png","/wiki/Plymouth,_New_Hampshire","/wiki/Maine","/wiki/Open_town_meeting","/wiki/Direct_democracy","/wiki/Board_of_selectmen","/wiki/Landsgemeinde","#cite_note-4","/wiki/Town_center","/wiki/Common_land#Europe_and_North_America","/wiki/Rhode_Island","/wiki/Village_(Vermont)","/wiki/Borough_(Connecticut)","/w/index.php?title=New_England_town&action=edit&section=2","/wiki/Town_meeting","/wiki/Boston","/wiki/Connecticut","/wiki/Rhode_Island","/wiki/Massachusetts","/wiki/Maine","/wiki/Vermont","/wiki/New_Hampshire","/wiki/Exeter,_New_Hampshire","/wiki/Continental_Congress","#cite_note-5","/w/index.php?title=New_England_town&action=edit&section=3","/wiki/City","/wiki/Plantation_(Maine)","/wiki/Borough_(Connecticut)","/wiki/Village_(Vermont)","/w/index.php?title=New_England_town&action=edit&section=4","/wiki/Mayor","/wiki/City_manager","/wiki/City_council","/wiki/Hartford,_Connecticut","/wiki/Springfield,_Massachusetts","/wiki/New_Haven,_Connecticut","/wiki/Agawam,_Massachusetts","/wiki/Amesbury,_Massachusetts","/wiki/Barnstable,_Massachusetts","/wiki/Braintree,_Massachusetts","/wiki/Easthampton,_Massachusetts","/wiki/Franklin,_Massachusetts","/wiki/Greenfield,_Massachusetts","/wiki/Palmer,_Massachusetts","/wiki/Randolph,_Massachusetts","/wiki/Southbridge,_Massachusetts","/wiki/Watertown,_Massachusetts","/wiki/West_Springfield,_Massachusetts","/wiki/Weymouth,_Massachusetts","/w/index.php?title=New_England_town&action=edit&section=5","/wiki/Plantation_(Maine)","/wiki/Missouri_Compromise","/wiki/Charlestown,_New_Hampshire#History","/w/index.php?title=New_England_town&action=edit&section=6","/wiki/Borough_(Connecticut)","/wiki/Village_(Vermont)","/wiki/Barnstable,_Massachusetts","/wiki/Barnstable_(village),_Massachusetts","/wiki/West_Barnstable,_Massachusetts","/wiki/Hyannis,_Massachusetts","/wiki/United_States_Postal_Service","/wiki/Post_offices","/wiki/United_States_Census_Bureau","/wiki/Census-designated_place","/wiki/West_Kennebunk,_Maine","/wiki/Kennebunk,_Maine","#cite_note-6","/w/index.php?title=New_England_town&action=edit&section=7","/wiki/Unincorporated_area","/wiki/Coos_County,_New_Hampshire","/wiki/Essex_County,_Vermont","/wiki/Town_clerk","/w/index.php?title=New_England_town&action=edit&section=8","/wiki/Gore_(surveying)","/wiki/Wentworth%27s_Location,_New_Hampshire","/wiki/Hale%27s_Location,_New_Hampshire","/wiki/Carroll_County,_New_Hampshire","/wiki/Hart%27s_Location,_New_Hampshire","/wiki/Buels_Gore,_Vermont","/wiki/Chittenden_County,_Vermont","/wiki/Franklin_County,_Vermont","/wiki/Hibberts_Gore,_Maine","/wiki/Lincoln_County,_Maine","/wiki/South_Oxford,_Maine","/wiki/Oxford_County,_Maine","/w/index.php?title=New_England_town&action=edit&section=9","/wiki/Co%C3%B6s_County,_New_Hampshire","/wiki/Dixville,_New_Hampshire","/wiki/Millsfield,_New_Hampshire","/wiki/Essex_County,_Vermont","/w/index.php?title=New_England_town&action=edit&section=10","/wiki/Livermore,_New_Hampshire","/wiki/Grafton_County,_New_Hampshire","/wiki/White_Mountain_National_Forest","/wiki/Glastenbury,_Vermont","/wiki/Somerset,_Vermont","/wiki/Green_Mountains","/wiki/Centerville,_Maine","/wiki/Madrid,_Maine","/w/index.php?title=Greenfield,_Maine&action=edit&redlink=1","/wiki/Prentiss,_Maine","/wiki/E_Plantation,_Maine","/w/index.php?title=New_England_town&action=edit&section=11","/wiki/Long_Island_Sound","/wiki/New_York_State","/wiki/Stratford_Shoal_Light","/wiki/United_States_Coast_Guard","/wiki/Nantucket,_Massachusetts","/w/index.php?title=New_England_town&action=edit&section=12","//upload.wikimedia.org/wikipedia/en/f/f4/Ambox_content.png","/wiki/Wikipedia:No_original_research","//en.wikipedia.org/w/index.php?title=New_England_town&action=edit","/wiki/Wikipedia:Verifiability","/wiki/Wikipedia:INCITE","/w/index.php?title=New_England_town&action=edit&section=13","/wiki/United_States_Census_Bureau","/wiki/Minor_civil_division","/wiki/Metropolitan_area","/w/index.php?title=New_England_town&action=edit&section=14","/w/index.php?title=New_England_town&action=edit&section=15","/wiki/Census-designated_place","/w/index.php?title=New_England_town&action=edit&section=16","//upload.wikimedia.org/wikipedia/en/f/f4/Ambox_content.png","/wiki/Wikipedia:No_original_research","//en.wikipedia.org/w/index.php?title=New_England_town&action=edit","/wiki/Wikipedia:Verifiability","/wiki/Wikipedia:INCITE","/w/index.php?title=New_England_town&action=edit&section=17","/wiki/List_of_New_England_towns","/w/index.php?title=New_England_town&action=edit&section=18","/wiki/2010_United_States_Census","/w/index.php?title=New_England_town&action=edit&section=19","/wiki/File:Ma_towns.png","//upload.wikimedia.org/wikipedia/en/thumb/2/28/Ma_towns.png/300px-Ma_towns.png","/wiki/File:Ma_towns.png","//bits.wikimedia.org/static-1.22wmf11/skins/common/images/magnify-clip.png","/wiki/Massachusetts","/wiki/List_of_New_England_towns","/wiki/Massachusetts_government#Form_of_government:_city_vs._town","#cite_note-Mass-DHCD-7","#cite_note-8","#cite_note-9","/wiki/Boston","#cite_note-10","/wiki/Palmer,_Massachusetts","/wiki/Framingham,_Massachusetts","/wiki/Gosnold,_Massachusetts","/wiki/Plymouth,_Massachusetts","/wiki/Nahant,_Massachusetts","/w/index.php?title=New_England_town&action=edit&section=20","/wiki/Rhode_Island","/wiki/Providence,_Rhode_Island","/wiki/Coventry,_Rhode_Island","/wiki/Central_Falls,_Rhode_Island","/wiki/New_Shoreham,_Rhode_Island","/wiki/Coventry,_Rhode_Island","/wiki/Central_Falls,_Rhode_Island","/w/index.php?title=New_England_town&action=edit&section=21","/wiki/Administrative_divisions_of_Connecticut","/wiki/Connecticut","#Cities","#Other_types_of_municipalities_in_New_England","#cite_note-11","/wiki/New_England","#cite_note-12","/wiki/Groton_(city),_Connecticut","/wiki/Groton,_Connecticut","/wiki/Winsted,_Connecticut","/wiki/Winchester,_Connecticut","/wiki/Bridgeport,_Connecticut","/wiki/West_Hartford,_Connecticut","/wiki/Derby,_Connecticut","/wiki/Groton,_Connecticut","/wiki/Winsted,_Connecticut","/wiki/Union,_Connecticut","/wiki/New_Milford,_Connecticut","/wiki/Derby,_Connecticut","/w/index.php?title=New_England_town&action=edit&section=22","/wiki/File:New_Hampshire_municipalities.png","//upload.wikimedia.org/wikipedia/commons/thumb/c/cb/New_Hampshire_municipalities.png/220px-New_Hampshire_municipalities.png","/wiki/File:New_Hampshire_municipalities.png","//bits.wikimedia.org/static-1.22wmf11/skins/common/images/magnify-clip.png","/wiki/New_Hampshire","/wiki/Coos_County,_New_Hampshire","/wiki/Carroll_County,_New_Hampshire","/wiki/Grafton_County,_New_Hampshire","/wiki/Manchester,_New_Hampshire","/wiki/Derry,_New_Hampshire","/wiki/Franklin,_New_Hampshire","/wiki/Hart%27s_Location,_New_Hampshire","/wiki/Pittsburg,_New_Hampshire","/wiki/New_Castle,_New_Hampshire","/w/index.php?title=New_England_town&action=edit&section=23","/wiki/Vermont_municipality","/wiki/Essex_County,_Vermont","/wiki/Bennington_County,_Vermont","/wiki/Windham_County,_Vermont","/wiki/Chittenden_County,_Vermont","#cite_note-13","#cite_note-14","/wiki/Wikipedia:Citation_needed","/wiki/Burlington,_Vermont","/wiki/Essex,_Vermont","/wiki/Vergennes,_Vermont","/wiki/Victory,_Vermont","/wiki/Chittenden,_Vermont","/wiki/Winooski,_Vermont","/w/index.php?title=New_England_town&action=edit&section=24","/wiki/File:Maine_population_map.png","//upload.wikimedia.org/wikipedia/commons/thumb/3/3d/Maine_population_map.png/400px-Maine_population_map.png","/wiki/File:Maine_population_map.png","//bits.wikimedia.org/static-1.22wmf11/skins/common/images/magnify-clip.png","/wiki/Maine","/wiki/Sanford,_Maine","/wiki/Portland,_Maine","/wiki/Brunswick,_Maine","/wiki/Eastport,_Maine","/wiki/Frye_Island,_Maine","/wiki/Beddington,_Maine","/wiki/Centerville,_Maine","/wiki/Allagash,_Maine","/wiki/Monhegan,_Maine","/w/index.php?title=New_England_town&action=edit&section=25","/wiki/New_England_City_and_Town_Area","/wiki/Unincorporated_community_(New_Jersey)","/w/index.php?title=New_England_town&action=edit&section=26","#cite_ref-1","http://www.ct.gov/sots/cwp/view.asp?a=3188&q=392376","/wiki/Secretary_of_the_State_of_Connecticut","#cite_ref-2","http://www.ri.gov/facts/trivia.php","#cite_ref-3","http://www.sec.state.ma.us/cis/cisctlist/ctlistcounin.htm","/wiki/Massachusetts_Secretary_of_the_Commonwealth","#cite_ref-4","http://books.google.com/books?id=y9lQ0hZQxhEC&printsec=frontcover&dq=new+england+town&source=bll&ots=tYdg8HrgFo&sig=1u-k6OSd54g9568O9KLdqmLeSjA&hl=en&ei=gHnQTJyKMcO4ngft5oSOBg&sa=X&oi=book_result&ct=result&resnum=17&ved=0CG0Q6AEwEA#v=onepage&q&f=false","/wiki/Landsgemeinde","/wiki/Appenzell","/wiki/Appenzell_Innerrhoden","/wiki/Appenzell_Ausserrhoden","/wiki/Nidwalden","/wiki/Obwalden","/wiki/Canton_of_Glarus","#cite_ref-5","/wiki/Samuel_Eliot_Morison","/wiki/Mentor","/wiki/International_Standard_Book_Number","/wiki/Special:BookSources/0-451-62600-1","#cite_ref-6","http://vermont-archives.org/govhistory/governance/Villages/villages1.htm","#cite_ref-Mass-DHCD_7-0","http://www.mass.gov/dhcd/publications/hrapsc.pdf","#cite_ref-8","http://www.mma.org/component/docman/doc_download/26-form-of-government-for-each-community-in-massachusetts","#cite_ref-9","http://www.sec.state.ma.us/cis/cispdf/ma_city_town.pdf","/wiki/Agawam,_Massachusetts","/wiki/Amesbury,_Massachusetts","/wiki/Barnstable,_Massachusetts","/wiki/Easthampton,_Massachusetts","/wiki/Franklin,_Massachusetts","/wiki/Greenfield,_Massachusetts","/wiki/Methuen,_Massachusetts","/wiki/Southbridge,_Massachusetts","/wiki/Watertown,_Massachusetts","/wiki/West_Springfield,_Massachusetts","/wiki/Weymouth,_Massachusetts","http://www.sec.state.ma.us/cis/cisctlist/ctlistcoun.htm","#cite_ref-10","http://factfinder.census.gov/servlet/SAFFPopulation?_event=Search&_name=boston&_state=04000US25&_county=boston&_cityTown=boston&_zip=&_sse=on&_lang=en&pctxt=fph","#cite_ref-11","http://www.census.gov/geo/reference/pdfs/GARM/Ch8GARM.pdf","#cite_ref-12","#cite_ref-13","/wiki/Village_(Vermont)","#cite_ref-14","http://vermont-archives.org/govhistory/governance/Villages/villagelist.htm","/w/index.php?title=New_England_town&action=edit&section=27","http://books.google.com/books?id=C8clAAAAMAAJ&pg=PA141","http://books.google.com/books?id=52xM2KqnHwYC","http://www.hti.umich.edu/cgi/t/text/text-idx?c=moa;idno=AHM9602.0001.001","http://galenet.galegroup.com/servlet/MOML?dd=0&locID=29002&d1=19006368300&srchtp=a&c=1&an=19006368300&d2=1&docNum=F3705093191&h2=1&af=RN&d6=1&ste=10&stp=Author&dc=tiPG&d4=0.33&d5=d6&ae=F105093191","http://books.google.com/books?id=848SAAAAIAAJ","http://www.census.gov/geo/www/garm.html","/wiki/Template:New_England","/wiki/Template_talk:New_England","//en.wikipedia.org/w/index.php?title=Template:New_England&action=edit","/wiki/New_England","/wiki/Flag_of_New_England","/wiki/New_England#Culture","/wiki/Cuisine_of_New_England","/wiki/New_England#Geography","/wiki/New_England#Economy","/wiki/History_of_New_England","/wiki/New_England#Population","/wiki/Sports_in_New_England","/wiki/U.S._state","/wiki/Connecticut","/wiki/Maine","/wiki/Massachusetts","/wiki/New_Hampshire","/wiki/Rhode_Island","/wiki/Vermont","/wiki/List_of_cities_by_population_in_New_England","/wiki/Augusta,_Maine","/wiki/Boston","/wiki/Bridgeport,_Connecticut","/wiki/Burlington,_Vermont","/wiki/Cambridge,_Massachusetts","/wiki/Concord,_New_Hampshire","/wiki/Fall_River,_Massachusetts","/wiki/Hartford,_Connecticut","/wiki/Lowell,_Massachusetts","/wiki/Lynn,_Massachusetts","/wiki/Manchester,_New_Hampshire","/wiki/Montpelier,_Vermont","/wiki/New_Bedford,_Massachusetts","/wiki/New_Haven,_Connecticut","/wiki/New_London,_Connecticut","/wiki/Portland,_Maine","/wiki/Providence,_Rhode_Island","/wiki/Quincy,_Massachusetts","/wiki/Springfield,_Massachusetts","/wiki/Stamford,_Connecticut","/wiki/Waterbury,_Connecticut","/wiki/Worcester,_Massachusetts","/wiki/Capital_city","/wiki/Augusta,_Maine","/wiki/Boston","/wiki/Concord,_New_Hampshire","/wiki/Hartford,_Connecticut","/wiki/Montpelier,_Vermont","/wiki/Providence,_Rhode_Island","/wiki/New_England#Transportation","/wiki/Rail_transport","/wiki/Massachusetts_Bay_Transportation_Authority","/wiki/Northeast_Corridor","/wiki/Acela_Express","/wiki/Downeaster","/wiki/Vermonter","/wiki/Shore_Line_East","/wiki/Metro-North_Railroad","/wiki/Northern_New_England_Corridor","/wiki/Airport","/wiki/Bradley_International_Airport","/wiki/Portland_International_Jetport","/wiki/Logan_International_Airport","/wiki/Manchester%E2%80%93Boston_Regional_Airport","/wiki/T._F._Green_Airport","/wiki/Burlington_International_Airport","//upload.wikimedia.org/wikipedia/en/thumb/4/48/Folder_Hexagonal_Icon.svg/16px-Folder_Hexagonal_Icon.svg.png","/wiki/Category:New_England","//upload.wikimedia.org/wikipedia/en/thumb/f/fd/Portal-puzzle.svg/16px-Portal-puzzle.svg.png","/wiki/Portal:New_England","//en.wikipedia.org/w/index.php?title=Special:CentralAutoLogin/start&type=1x1&from=enwiki","http://en.wikipedia.org/w/index.php?title=New_England_town&oldid=556771128","/wiki/Help:Categories","/wiki/Category:New_England_towns","/wiki/Category:New_England","/wiki/Category:Local_government_in_Massachusetts","/wiki/Category:Local_government_in_Vermont","/wiki/Category:Local_government_in_New_Hampshire","/wiki/Category:Local_government_in_Rhode_Island","/wiki/Category:Local_government_in_Connecticut","/wiki/Category:Local_government_in_Maine","/wiki/Category:Local_government_in_the_United_States","/wiki/Category:Articles_that_may_contain_original_research_from_November_2008","/wiki/Category:All_articles_that_may_contain_original_research","/wiki/Category:Articles_that_may_contain_original_research_from_May_2012","/wiki/Category:All_articles_with_unsourced_statements","/wiki/Category:Articles_with_unsourced_statements_from_February_2008","/w/index.php?title=Special:UserLogin&returnto=New+England+town&type=signup","/w/index.php?title=Special:UserLogin&returnto=New+England+town","/wiki/New_England_town","/wiki/Talk:New_England_town","#","/wiki/New_England_town","/w/index.php?title=New_England_town&action=edit","/w/index.php?title=New_England_town&action=history","#","/w/index.php","//bits.wikimedia.org/static-1.22wmf11/skins/vector/images/search-ltr.png?303-4","/wiki/Main_Page","/wiki/Main_Page","/wiki/Portal:Contents","/wiki/Portal:Featured_content","/wiki/Portal:Current_events","/wiki/Special:Random","//donate.wikimedia.org/wiki/Special:FundraiserRedirector?utm_source=donate&utm_medium=sidebar&utm_campaign=C13_en.wikipedia.org&uselang=en","/wiki/Help:Contents","/wiki/Wikipedia:About","/wiki/Wikipedia:Community_portal","/wiki/Special:RecentChanges","//en.wikipedia.org/wiki/Wikipedia:Contact_us","/wiki/Special:WhatLinksHere/New_England_town","/wiki/Special:RecentChangesLinked/New_England_town","/wiki/Wikipedia:File_Upload_Wizard","/wiki/Special:SpecialPages","/w/index.php?title=New_England_town&oldid=556771128","/w/index.php?title=New_England_town&action=info","//www.wikidata.org/wiki/Q2154459","/w/index.php?title=Special:Cite&page=New_England_town&id=556771128","/w/index.php?title=Special:Book&bookcmd=book_creator&referer=New+England+town","/w/index.php?title=Special:Book&bookcmd=render_article&arttitle=New+England+town&oldid=556771128&writer=rl","/w/index.php?title=New_England_town&printable=yes","//simple.wikipedia.org/wiki/New_England_town","//sv.wikipedia.org/wiki/Stad_(New_England)","//zh.wikipedia.org/wiki/%E6%96%B0%E8%8B%B1%E6%A0%BC%E8%98%AD%E9%8E%AE","#","//www.wikidata.org/wiki/Q2154459#sitelinks-wikipedia","//en.wikipedia.org/wiki/Wikipedia:Text_of_Creative_Commons_Attribution-ShareAlike_3.0_Unported_License","//creativecommons.org/licenses/by-sa/3.0/","//wikimediafoundation.org/wiki/Terms_of_Use","//wikimediafoundation.org/wiki/Privacy_policy","//www.wikimediafoundation.org/","//wikimediafoundation.org/wiki/Privacy_policy","/wiki/Wikipedia:About","/wiki/Wikipedia:General_disclaimer","//en.wikipedia.org/wiki/Wikipedia:Contact_us","//en.m.wikipedia.org/wiki/New_England_town","//wikimediafoundation.org/","//bits.wikimedia.org/images/wikimedia-button.png","//www.mediawiki.org/","//bits.wikimedia.org/static-1.22wmf11/skins/common/images/poweredby_mediawiki_88x31.png","//bits.wikimedia.org/en.wikipedia.org/load.php?debug=false&lang=en&modules=site&only=scripts&skin=vector&*"],"instances":["new_jersey","united_states_census_bureau","surveying","connecticut","municipal_government","vermont","maine"],"pdf":["http://www.mass.gov/dhcd/publications/hrapsc.pdf","http://www.sec.state.ma.us/cis/cispdf/ma_city_town.pdf","http://www.census.gov/geo/reference/pdfs/GARM/Ch8GARM.pdf"],"categories":["New England towns","New England","Local government in Massachusetts","Local government in Vermont","Local government in New Hampshire","Local government in Rhode Island","Local government in Connecticut","Local government in Maine","Local government in the United States|Town"],"headings":["Characteristics of the New England town system","Historical development","Other types of municipalities in New England","Unorganized territory","Census treatment of the New England town system","List of New England towns","Statistics","See also","Notes","References"],"image":["//upload.wikimedia.org/wikipedia/commons/thumb/4/45/Scituate_ma_entering_sign.jpg/220px-Scituate_ma_entering_sign.jpg","//bits.wikimedia.org/static-1.22wmf11/skins/common/images/magnify-clip.png","//upload.wikimedia.org/wikipedia/commons/thumb/0/0b/Plymouth_Town_Hall.jpg/250px-Plymouth_Town_Hall.jpg","//bits.wikimedia.org/static-1.22wmf11/skins/common/images/magnify-clip.png","//upload.wikimedia.org/wikipedia/en/f/f4/Ambox_content.png","//upload.wikimedia.org/wikipedia/en/f/f4/Ambox_content.png","//upload.wikimedia.org/wikipedia/en/thumb/2/28/Ma_towns.png/300px-Ma_towns.png","//bits.wikimedia.org/static-1.22wmf11/skins/common/images/magnify-clip.png","//upload.wikimedia.org/wikipedia/commons/thumb/c/cb/New_Hampshire_municipalities.png/220px-New_Hampshire_municipalities.png","//bits.wikimedia.org/static-1.22wmf11/skins/common/images/magnify-clip.png","//upload.wikimedia.org/wikipedia/commons/thumb/3/3d/Maine_population_map.png/400px-Maine_population_map.png","//bits.wikimedia.org/static-1.22wmf11/skins/common/images/magnify-clip.png","//upload.wikimedia.org/wikipedia/en/thumb/4/48/Folder_Hexagonal_Icon.svg/16px-Folder_Hexagonal_Icon.svg.png","//upload.wikimedia.org/wikipedia/en/thumb/f/fd/Portal-puzzle.svg/16px-Portal-puzzle.svg.png","//en.wikipedia.org/w/index.php?title=Special:CentralAutoLogin/start&type=1x1&from=enwiki","//bits.wikimedia.org/static-1.22wmf11/skins/vector/images/search-ltr.png?303-4","//bits.wikimedia.org/images/wikimedia-button.png","//bits.wikimedia.org/static-1.22wmf11/skins/common/images/poweredby_mediawiki_88x31.png"],"tags":[["incorporation","municipal_government"],["place","united_states_census_bureau"],["village","vermont"],["borough","connecticut"],["plantation","maine"],["borough","connecticut"],["village","vermont"],["borough","connecticut"],["village","vermont"],["barnstable","village,_massachusetts"],["gore","surveying"],["groton","city,_connecticut"],["village","vermont"],["unincorporated_community","new_jersey"]],"members":["unincorporated_community","place","gore","borough","incorporation","village","groton","plantation","barnstable"],"related":["New_England","Civil_townships","Incorporation_(municipal_government)","City","Town_meeting","Place_(United_States_Census_Bureau)","List_of_counties_in_Connecticut","Secretary_of_the_State_of_Connecticut","List_of_counties_in_Rhode_Island","Massachusetts","Massachusetts_Secretary_of_the_Commonwealth","List_of_counties_in_Massachusetts","Maine","Open_town_meeting","Direct_democracy","Board_of_selectmen","Landsgemeinde","Landsgemeinde","Appenzell","Appenzell_Innerrhoden","Appenzell_Ausserrhoden","Nidwalden","Obwalden","Canton_of_Glarus","Town_center","Rhode_Island","Village_(Vermont)","Borough_(Connecticut)","Town_meeting","Boston","Connecticut","Rhode_Island","Massachusetts","Maine","Vermont","New_Hampshire","Exeter,_New_Hampshire","Continental_Congress","City","Plantation_(Maine)","Borough_(Connecticut)","Village_(Vermont)","Mayor","City_manager","City_council","Hartford,_Connecticut","Springfield,_Massachusetts","New_Haven,_Connecticut","Agawam,_Massachusetts","Amesbury,_Massachusetts","Barnstable,_Massachusetts","Braintree,_Massachusetts","Easthampton,_Massachusetts","Franklin,_Massachusetts","Greenfield,_Massachusetts","Palmer,_Massachusetts","Randolph,_Massachusetts","Southbridge,_Massachusetts","Watertown,_Massachusetts","West_Springfield,_Massachusetts","Weymouth,_Massachusetts","Missouri_Compromise","Borough_(Connecticut)","Village_(Vermont)","Barnstable,_Massachusetts","Barnstable_(village),_Massachusetts","West_Barnstable,_Massachusetts","Hyannis,_Massachusetts","United_States_Postal_Service","Post_offices","United_States_Census_Bureau","Census-designated_place","West_Kennebunk,_Maine","Kennebunk,_Maine","Unincorporated_area","Coos_County,_New_Hampshire","Essex_County,_Vermont","Town_clerk","Gore_(surveying)","Wentworth's_Location,_New_Hampshire","Hale's_Location,_New_Hampshire","Carroll_County,_New_Hampshire","Hart's_Location,_New_Hampshire","Buels_Gore,_Vermont","Chittenden_County,_Vermont","Franklin_County,_Vermont","Hibberts_Gore,_Maine","Lincoln_County,_Maine","South_Oxford,_Maine","Oxford_County,_Maine","Coös_County,_New_Hampshire","Dixville,_New_Hampshire","Millsfield,_New_Hampshire","Essex_County,_Vermont","Livermore,_New_Hampshire","Grafton_County,_New_Hampshire","White_Mountain_National_Forest","Glastenbury,_Vermont","Somerset,_Vermont","Green_Mountains","Centerville,_Maine","Madrid,_Maine","Greenfield,_Maine","Prentiss,_Maine","E_Plantation,_Maine","Long_Island_Sound","New_York_State","Stratford_Shoal_Light","United_States_Coast_Guard","Nantucket,_Massachusetts","United_States_Census_Bureau","Minor_civil_division","Metropolitan_area","Census-designated_place","List_of_New_England_towns","2010_United_States_Census","Massachusetts","List_of_New_England_towns","Agawam,_Massachusetts","Amesbury,_Massachusetts","Barnstable,_Massachusetts","Easthampton,_Massachusetts","Franklin,_Massachusetts","Greenfield,_Massachusetts","Methuen,_Massachusetts","Southbridge,_Massachusetts","Watertown,_Massachusetts","West_Springfield,_Massachusetts","Weymouth,_Massachusetts","Boston","Palmer,_Massachusetts","Framingham,_Massachusetts","Gosnold,_Massachusetts","Plymouth,_Massachusetts","Nahant,_Massachusetts","Rhode_Island","Providence,_Rhode_Island","Coventry,_Rhode_Island","Central_Falls,_Rhode_Island","New_Shoreham,_Rhode_Island","Coventry,_Rhode_Island","Central_Falls,_Rhode_Island","Connecticut","New_England","Groton_(city),_Connecticut","Groton,_Connecticut","Winsted,_Connecticut","Winchester,_Connecticut","Bridgeport,_Connecticut","West_Hartford,_Connecticut","Derby,_Connecticut","Groton,_Connecticut","Winsted,_Connecticut","Union,_Connecticut","New_Milford,_Connecticut","Derby,_Connecticut","New_Hampshire","Coos_County,_New_Hampshire","Carroll_County,_New_Hampshire","Grafton_County,_New_Hampshire","Manchester,_New_Hampshire","Derry,_New_Hampshire","Franklin,_New_Hampshire","Hart's_Location,_New_Hampshire","Pittsburg,_New_Hampshire","New_Castle,_New_Hampshire","Vermont","Essex_County,_Vermont","Bennington_County,_Vermont","Windham_County,_Vermont","Chittenden_County,_Vermont","Village_(Vermont)","Burlington,_Vermont","Essex,_Vermont","Vergennes,_Vermont","Victory,_Vermont","Chittenden,_Vermont","Winooski,_Vermont","Maine","Sanford,_Maine","Portland,_Maine","Brunswick,_Maine","Eastport,_Maine","Frye_Island,_Maine","Beddington,_Maine","Centerville,_Maine","Allagash,_Maine","Monhegan,_Maine","New_England_City_and_Town_Area","Unincorporated_community_(New_Jersey)"]}