{"cursor":"2869","size":15,"audio":[],"currentlang":"en","article":"{{Infobox settlement |name = Bachman |official_name = |settlement_type =\nUnincorporated community |nickname = |motto =\n\n |image_skyline = |imagesize = |image_caption = |image_flag =\n|image_seal =\n\n |pushpin_map = West Virginia |pushpin_map_caption = Location\nwithin the state of West Virginia |pushpin_mapsize = |image_map = |map_caption =\nLocation within Fayette county |image_map1 = |mapsize1 = |map_caption1 =\n\n |subdivision_type = Country |subdivision_name = United States\n|subdivision_type1 = State |subdivision_name1 = West Virginia |subdivision_type2\n= County |subdivision_name2 = Fayette\n\n\n|government_footnotes = |government_type = |leader_title =\n|leader_name = |leader_title1 = |leader_name1 = |established_title =\n|established_date =\n\n |unit_pref = Imperial |area_footnotes = |area_magnitude =\n|area_total_km2 = |area_land_km2 = |area_water_km2 =\n\n |population_as_of = 2000 |population_footnotes =\n|population_total = |population_density_km2 = auto\n\n |timezone = Eastern (EST) |utc_offset = -5\n|timezone_DST = EDT |utc_offset_DST = -4 |elevation_footnotes = |elevation_ft =\n1371 |coordinates_display = inline,title |coordinates_type =\nregion:US_type:city |latd = 38|latm = 5|lats = 58|latNS = N |longd = 81|longm =\n7|longs = 19|longEW = W\n\n\n |postal_code_type = ZIP codes |postal_code =\n|area_code = |blank_name = GNIS ID |blank_info = 1553772 |website =\n|footnotes = }}\n\n'Bachman' is an unincorporated community and coal town in Fayette County,\nWest Virginia.\n","linknr":309,"url":"Bachman,_West_Virginia","recorded":1374523777,"links":["/w/index.php?title=Bachman,_West_Virginia&action=edit","/w/index.php?title=Bachman,_West_Virginia&action=edit","//bits.wikimedia.org/favicon/wikipedia.ico","/w/opensearch_desc.php","//en.wikipedia.org/w/api.php?action=rsd","//creativecommons.org/licenses/by-sa/3.0/","/w/index.php?title=Special:RecentChanges&feed=atom","//bits.wikimedia.org/en.wikipedia.org/load.php?debug=false&lang=en&modules=ext.gadget.DRN-wizard%2CReferenceTooltips%2Ccharinsert%2Cteahouse%7Cext.rtlcite%2Cwikihiero%7Cext.uls.nojs%7Cmediawiki.legacy.commonPrint%2Cshared%7Cmw.PopUpMediaTransform%7Cskins.vector&only=styles&skin=vector&*","//bits.wikimedia.org/en.wikipedia.org/load.php?debug=false&lang=en&modules=site&only=styles&skin=vector&*","//bits.wikimedia.org/en.wikipedia.org/load.php?debug=false&lang=en&modules=startup&only=scripts&skin=vector&*","//bits.wikimedia.org/geoiplookup","//meta.wikimedia.org","#mw-navigation","#p-search","/wiki/Unincorporated_area","/wiki/File:USA_West_Virginia_location_map.svg","//upload.wikimedia.org/wikipedia/commons/thumb/4/4a/USA_West_Virginia_location_map.svg/250px-USA_West_Virginia_location_map.svg.png","//upload.wikimedia.org/wikipedia/en/thumb/0/0c/Red_pog.svg/6px-Red_pog.svg.png","//tools.wmflabs.org/geohack/geohack.php?pagename=Bachman,_West_Virginia&params=38_5_58_N_81_7_19_W_region:US_type:city","/wiki/Geographic_coordinate_system","//tools.wmflabs.org/geohack/geohack.php?pagename=Bachman,_West_Virginia&params=38_5_58_N_81_7_19_W_region:US_type:city","/wiki/List_of_countries","/wiki/United_States","/wiki/Political_divisions_of_the_United_States","/wiki/West_Virginia","/wiki/List_of_counties_in_West_Virginia","/wiki/Fayette_County,_West_Virginia","/wiki/Time_zone","/wiki/Eastern_Time_Zone","/wiki/UTC-5","/wiki/Daylight_saving_time","/wiki/UTC-4","/wiki/ZIP_code","/wiki/Geographic_Names_Information_System","#cite_note-1","/wiki/Unincorporated_area","/wiki/Coal_town","/wiki/Fayette_County,_West_Virginia","/wiki/West_Virginia","/w/index.php?title=Bachman,_West_Virginia&action=edit&section=1","#cite_ref-1","http://geonames.usgs.gov/pls/gnispublic/f?p=gnispq:3:::NO::P3_FID:1553772","/wiki/Template:Fayette_County,_West_Virginia","/wiki/Template_talk:Fayette_County,_West_Virginia","//en.wikipedia.org/w/index.php?title=Template:Fayette_County,_West_Virginia&action=edit","/wiki/Fayette_County,_West_Virginia","/wiki/County_seat","/wiki/Fayetteville,_West_Virginia","/wiki/City_(West_Virginia)","/wiki/Montgomery,_West_Virginia","/wiki/Mount_Hope,_West_Virginia","/wiki/Oak_Hill,_West_Virginia","/wiki/Smithers,_West_Virginia","//upload.wikimedia.org/wikipedia/commons/thumb/7/72/Map_of_West_Virginia_highlighting_Fayette_County.svg/180px-Map_of_West_Virginia_highlighting_Fayette_County.svg.png","/wiki/Town_(West_Virginia)","/wiki/Ansted,_West_Virginia","/wiki/Fayetteville,_West_Virginia","/wiki/Gauley_Bridge,_West_Virginia","/wiki/Meadow_Bridge,_West_Virginia","/wiki/Pax,_West_Virginia","/wiki/Thurmond,_West_Virginia","/wiki/Census-designated_place","/wiki/Beards_Fork,_West_Virginia","/wiki/Boomer,_West_Virginia","/wiki/Charlton_Heights,_West_Virginia","/wiki/Deep_Water,_West_Virginia","/wiki/Dixie,_Nicholas_County,_West_Virginia","/wiki/Falls_View,_West_Virginia","/wiki/Glen_Ferris,_West_Virginia","/wiki/Glen_Jean,_West_Virginia","/wiki/Hico,_West_Virginia","/wiki/Hilltop,_West_Virginia","/wiki/Kimberly,_Fayette_County,_West_Virginia","/wiki/Kincaid,_West_Virginia","/wiki/Minden,_West_Virginia","/wiki/Mount_Carbon,_West_Virginia","/wiki/Page,_West_Virginia","/wiki/Powellton,_West_Virginia","/wiki/Prince,_West_Virginia","/wiki/Scarbro,_West_Virginia","/wiki/Unincorporated_area","/wiki/Agnew,_West_Virginia","/wiki/Alloy,_West_Virginia","/wiki/Alta,_Fayette_County,_West_Virginia","/wiki/Ames,_West_Virginia","/wiki/Babcock,_West_Virginia","/wiki/Backus,_West_Virginia","/wiki/Beauty,_West_Virginia","/wiki/Beckwith,_West_Virginia","/wiki/Beelick_Knob,_West_Virginia","/wiki/Bellwood,_West_Virginia","/wiki/Belva,_West_Virginia","/wiki/Beury,_West_Virginia","/wiki/Big_Right_Hand,_West_Virginia","/wiki/Boone,_West_Virginia","/wiki/Boonesborough,_West_Virginia","/wiki/Bowlin,_West_Virginia","/wiki/Brooklyn,_Fayette_County,_West_Virginia","/wiki/Brown,_West_Virginia","/wiki/Bryce,_West_Virginia","/wiki/Cannelton,_West_Virginia","/wiki/Carbondale,_West_Virginia","/wiki/Caperton,_West_Virginia","/wiki/Carlisle,_West_Virginia","/wiki/Chestnut_Knob,_West_Virginia","/wiki/Chimney_Corner,_West_Virginia","/wiki/Claremont,_West_Virginia","/wiki/Clifftop,_Fayette_County,_West_Virginia","/wiki/Coalfield,_West_Virginia","/wiki/Collinsdale,_West_Virginia","/wiki/Columbia,_West_Virginia","/wiki/Concho,_West_Virginia","/wiki/Corliss,_West_Virginia","/wiki/Cotton_Hill,_West_Virginia","/wiki/Crescent,_West_Virginia","/wiki/Crickmer,_West_Virginia","/wiki/Cunard,_West_Virginia","/wiki/Danese,_West_Virginia","/wiki/Dempsey,_West_Virginia","/wiki/Derryhale,_West_Virginia","/wiki/Dewitt,_West_Virginia","/wiki/Dimmock,_West_Virginia","/wiki/Divide,_West_Virginia","/wiki/Donwood,_West_Virginia","/wiki/Dothan,_West_Virginia","/wiki/Dubree,_West_Virginia","/wiki/Dunloup,_West_Virginia","/wiki/Eagle,_West_Virginia","/wiki/East_Kingston,_West_Virginia","/wiki/Elkridge,_West_Virginia","/wiki/Elverton,_West_Virginia","/wiki/Export,_West_Virginia","/wiki/Fayette,_West_Virginia","/wiki/Finlow,_West_Virginia","/wiki/Fire_Creek,_West_Virginia","/wiki/Gamoca,_West_Virginia","/wiki/Gaymont,_West_Virginia","/wiki/Glade,_West_Virginia","/wiki/Grayden,_West_Virginia","/wiki/Greenstown,_West_Virginia","/wiki/Hamilton,_West_Virginia","/wiki/Harewood,_West_Virginia","/wiki/Harvey,_West_Virginia","/wiki/Hemlock,_Fayette_County,_West_Virginia","/wiki/Hilton_Village,_West_Virginia","/wiki/Honeydew,_West_Virginia","/wiki/Hopewell,_Fayette_County,_West_Virginia","/wiki/Ingram_Branch,_West_Virginia","/wiki/Jenky,_West_Virginia","/wiki/Jodie,_West_Virginia","/wiki/Kanawha_Falls,_West_Virginia","/wiki/Keeneys_Creek,_West_Virginia","/wiki/Kilsyth,_West_Virginia","/wiki/Kingston,_West_Virginia","/wiki/KM_Junction,_West_Virginia","/wiki/Landisburg,_West_Virginia","/wiki/Lansing,_West_Virginia","/wiki/Laurel_Creek,_West_Virginia","/wiki/Lawton,_West_Virginia","/wiki/Layland,_West_Virginia","/wiki/Lee,_West_Virginia","/wiki/Lively,_West_Virginia","/wiki/Lick_Fork,_Fayette_County,_West_Virginia","/wiki/Lochgelly,_West_Virginia","/wiki/Longacre,_West_Virginia","/wiki/Long_Branch,_Fayette_County,_West_Virginia","/wiki/Lookout,_West_Virginia","/wiki/Lucas,_West_Virginia","/wiki/MacDonald,_West_Virginia","/wiki/Mahan,_West_Virginia","/wiki/Maplewood,_West_Virginia","/wiki/Marting,_West_Virginia","/wiki/Marvel,_West_Virginia","/wiki/Maywood,_West_Virginia","/wiki/Meadow_Fork,_West_Virginia","/wiki/McDunn,_West_Virginia","/wiki/McKendree,_West_Virginia","/wiki/Medo,_West_Virginia","/wiki/Midway,_Fayette_County,_West_Virginia","/wiki/Milburn,_West_Virginia","/wiki/Montgomery_Heights,_West_Virginia","/wiki/Mossy,_West_Virginia","/wiki/Mount_Olive,_Fayette_County,_West_Virginia","/wiki/Mulvane,_West_Virginia","/wiki/Nallen,_West_Virginia","/wiki/Newlyn,_West_Virginia","/wiki/Newtown,_Fayette_County,_West_Virginia","/wiki/North_Page,_West_Virginia","/w/index.php?title=Nuttall,_West_Virginia&action=edit&redlink=1","/wiki/Oak_Ridge,_West_Virginia","/wiki/Old_Gauley,_West_Virginia","/wiki/Packs_Branch,_West_Virginia","/wiki/Pine_Grove,_Fayette_County,_West_Virginia","/wiki/Powellton,_West_Virginia","/wiki/Price_Hill,_Fayette_County,_West_Virginia","/wiki/Prudence,_West_Virginia","/wiki/Quinnimont,_West_Virginia","/wiki/Ramsey,_West_Virginia","/wiki/Ravenseye,_West_Virginia","/wiki/Redstar,_West_Virginia","/wiki/Red_Spring,_West_Virginia","/wiki/Robson,_West_Virginia","/wiki/Romont,_West_Virginia","/wiki/Roseville,_West_Virginia","/wiki/Rush_Run,_West_Virginia","/wiki/Russellville,_West_Virginia","/wiki/Salem,_Fayette_County,_West_Virginia","/wiki/Sanger,_West_Virginia","/wiki/Shawver,_West_Virginia","/wiki/Sewell,_West_Virginia","/wiki/Spring_Dale,_West_Virginia","/wiki/Stone_Cliff,_West_Virginia","/wiki/Sturgeon_Branch,_West_Virginia","/wiki/Summerlee,_West_Virginia","/wiki/Sun,_West_Virginia","/wiki/Sunnyside,_Fayette_County,_West_Virginia","/wiki/Surbaugh,_West_Virginia","/wiki/Thayer,_West_Virginia","/wiki/Turkey_Knob,_West_Virginia","/wiki/Vanetta,_West_Virginia","/wiki/Victor,_Fayette_County,_West_Virginia","/wiki/Westerly,_West_Virginia","/wiki/Whipple,_West_Virginia","/wiki/Willis_Branch,_West_Virginia","/wiki/Wingrove,_West_Virginia","/wiki/Winona,_West_Virginia","/wiki/Wriston,_West_Virginia","/wiki/Wyndal,_West_Virginia","/wiki/Ghost_town","/wiki/Alaska,_West_Virginia","/wiki/Carver,_West_Virginia","/wiki/Deitz,_West_Virginia","/wiki/Ephram,_West_Virginia","/wiki/Erskine,_West_Virginia","/wiki/Greenwood,_Fayette_County,_West_Virginia","/wiki/Kay_Moor","/wiki/Michigan,_West_Virginia","/wiki/Mincar,_West_Virginia","/wiki/Nuttallburg,_West_Virginia","/wiki/Pennbrook,_West_Virginia","/wiki/Red_Ash,_West_Virginia","/wiki/Whitney,_West_Virginia","/wiki/File:Flag_of_West_Virginia.svg","//upload.wikimedia.org/wikipedia/commons/thumb/2/22/Flag_of_West_Virginia.svg/40px-Flag_of_West_Virginia.svg.png","/wiki/Fayette_County,_West_Virginia","/wiki/West_Virginia","/wiki/Wikipedia:Stub","//en.wikipedia.org/w/index.php?title=Bachman,_West_Virginia&action=edit","/wiki/Template:FayetteWV-geo-stub","/wiki/Template_talk:FayetteWV-geo-stub","//en.wikipedia.org/w/index.php?title=Template:FayetteWV-geo-stub&action=edit","//en.wikipedia.org/w/index.php?title=Special:CentralAutoLogin/start&type=1x1&from=enwiki","http://en.wikipedia.org/w/index.php?title=Bachman,_West_Virginia&oldid=514845324","/wiki/Help:Categories","/wiki/Category:Fayette_County,_West_Virginia_geography_stubs","/wiki/Category:Unincorporated_communities_in_West_Virginia","/wiki/Category:Populated_places_in_Fayette_County,_West_Virginia","/wiki/Category:Coal_towns","/wiki/Category:Articles_which_use_infobox_templates_with_no_data_rows","/w/index.php?title=Special:UserLogin&returnto=Bachman%2C+West+Virginia&type=signup","/w/index.php?title=Special:UserLogin&returnto=Bachman%2C+West+Virginia","/wiki/Bachman,_West_Virginia","/wiki/Talk:Bachman,_West_Virginia","#","/wiki/Bachman,_West_Virginia","/w/index.php?title=Bachman,_West_Virginia&action=edit","/w/index.php?title=Bachman,_West_Virginia&action=history","#","/w/index.php","//bits.wikimedia.org/static-1.22wmf10/skins/vector/images/search-ltr.png?303-4","/wiki/Main_Page","/wiki/Main_Page","/wiki/Portal:Contents","/wiki/Portal:Featured_content","/wiki/Portal:Current_events","/wiki/Special:Random","//donate.wikimedia.org/wiki/Special:FundraiserRedirector?utm_source=donate&utm_medium=sidebar&utm_campaign=C13_en.wikipedia.org&uselang=en","/wiki/Help:Contents","/wiki/Wikipedia:About","/wiki/Wikipedia:Community_portal","/wiki/Special:RecentChanges","//en.wikipedia.org/wiki/Wikipedia:Contact_us","/wiki/Special:WhatLinksHere/Bachman,_West_Virginia","/wiki/Special:RecentChangesLinked/Bachman,_West_Virginia","/wiki/Wikipedia:File_Upload_Wizard","/wiki/Special:SpecialPages","/w/index.php?title=Bachman,_West_Virginia&oldid=514845324","/w/index.php?title=Bachman,_West_Virginia&action=info","//www.wikidata.org/wiki/Q4838877","/w/index.php?title=Special:Cite&page=Bachman%2C_West_Virginia&id=514845324","/w/index.php?title=Special:Book&bookcmd=book_creator&referer=Bachman%2C+West+Virginia","/w/index.php?title=Special:Book&bookcmd=render_article&arttitle=Bachman%2C+West+Virginia&oldid=514845324&writer=rl","/w/index.php?title=Bachman,_West_Virginia&printable=yes","#","//www.wikidata.org/wiki/Q4838877#sitelinks-wikipedia","//en.wikipedia.org/wiki/Wikipedia:Text_of_Creative_Commons_Attribution-ShareAlike_3.0_Unported_License","//creativecommons.org/licenses/by-sa/3.0/","//wikimediafoundation.org/wiki/Terms_of_Use","//wikimediafoundation.org/wiki/Privacy_policy","//www.wikimediafoundation.org/","//wikimediafoundation.org/wiki/Privacy_policy","/wiki/Wikipedia:About","/wiki/Wikipedia:General_disclaimer","//en.wikipedia.org/wiki/Wikipedia:Contact_us","//en.m.wikipedia.org/wiki/Bachman,_West_Virginia","//wikimediafoundation.org/","//bits.wikimedia.org/images/wikimedia-button.png","//www.mediawiki.org/","//bits.wikimedia.org/static-1.22wmf10/skins/common/images/poweredby_mediawiki_88x31.png","//bits.wikimedia.org/en.wikipedia.org/load.php?debug=false&lang=en&modules=site&only=scripts&skin=vector&*"],"instances":[],"pdf":[],"categories":["Unincorporated communities in West Virginia","Populated places in Fayette County, West Virginia","Coal towns"],"headings":["References"],"image":["//upload.wikimedia.org/wikipedia/commons/thumb/4/4a/USA_West_Virginia_location_map.svg/250px-USA_West_Virginia_location_map.svg.png","//upload.wikimedia.org/wikipedia/en/thumb/0/0c/Red_pog.svg/6px-Red_pog.svg.png","//upload.wikimedia.org/wikipedia/commons/thumb/7/72/Map_of_West_Virginia_highlighting_Fayette_County.svg/180px-Map_of_West_Virginia_highlighting_Fayette_County.svg.png","//upload.wikimedia.org/wikipedia/commons/thumb/2/22/Flag_of_West_Virginia.svg/40px-Flag_of_West_Virginia.svg.png","//en.wikipedia.org/w/index.php?title=Special:CentralAutoLogin/start&type=1x1&from=enwiki","//bits.wikimedia.org/static-1.22wmf10/skins/vector/images/search-ltr.png?303-4","//bits.wikimedia.org/images/wikimedia-button.png","//bits.wikimedia.org/static-1.22wmf10/skins/common/images/poweredby_mediawiki_88x31.png"],"tags":[],"members":[],"related":["Unincorporated_area","List_of_countries","United_States","Political_divisions_of_the_United_States","West_Virginia","List_of_counties_in_West_Virginia","Fayette_County,_West_Virginia","United_States_Census,_2000","Eastern_Time_Zone","ZIP_code","Geographic_Names_Information_System","Unincorporated_area","Coal_town","Fayette_County,_West_Virginia","West_Virginia"]}