{"cursor":"1628","size":15,"audio":[],"currentlang":"en","article":"\n\n{{Infobox French commune |name = Relevant |region = RhÃ´ne-Alpes |department =\nAin |arrondissement = Bourg-en-Bresse |canton = Saint-Trivier-sur-Moignans\n|INSEE = 01319 |postal code = 01990 |mayor = Lucien Poncet |term =\n2008–2014 |intercommunality = Chalaronne-centre |longitude = 4.95\n|latitude = 46.0911 |elevation m = 270 |elevation min m = 235 |elevation max m =\n282 |area km2 = 12.38 |population = 433 |population date = 2008 }}\n\n'Relevant' is a commune in the Ain department in eastern France.\n","linknr":579,"url":"Relevant,_Ain","recorded":1374858566,"links":["/w/index.php?title=Relevant,_Ain&action=edit","/w/index.php?title=Relevant,_Ain&action=edit","//bits.wikimedia.org/favicon/wikipedia.ico","/w/opensearch_desc.php","//en.wikipedia.org/w/api.php?action=rsd","//creativecommons.org/licenses/by-sa/3.0/","/w/index.php?title=Special:RecentChanges&feed=atom","//bits.wikimedia.org/en.wikipedia.org/load.php?debug=false&lang=en&modules=ext.gadget.DRN-wizard%2CReferenceTooltips%2Ccharinsert%2Cteahouse%7Cext.rtlcite%2Cwikihiero%7Cext.uls.nojs%7Cmediawiki.legacy.commonPrint%2Cshared%7Cmw.PopUpMediaTransform%7Cskins.vector&only=styles&skin=vector&*","//bits.wikimedia.org/en.wikipedia.org/load.php?debug=false&lang=en&modules=site&only=styles&skin=vector&*","//bits.wikimedia.org/en.wikipedia.org/load.php?debug=false&lang=en&modules=startup&only=scripts&skin=vector&*","//bits.wikimedia.org/geoiplookup","//meta.wikimedia.org","#mw-navigation","#p-search","/wiki/File:Translation_to_english_arrow.svg","//upload.wikimedia.org/wikipedia/commons/thumb/8/8a/Translation_to_english_arrow.svg/50px-Translation_to_english_arrow.svg.png","//fr.wikipedia.org/wiki/Relevant","//fr.wikipedia.org/wiki/","http://translate.google.com/translate?&u=http%3A%2F%2Ffr.wikipedia.org%2Fwiki%2FRelevant&sl=fr&tl=en","/wiki/Talk:Relevant,_Ain","/wiki/Wikipedia:Copying_within_Wikipedia","/wiki/Wikipedia:Translation","/wiki/File:France_location_map-Regions_and_departements.svg","//upload.wikimedia.org/wikipedia/commons/thumb/3/3b/France_location_map-Regions_and_departements.svg/270px-France_location_map-Regions_and_departements.svg.png","//upload.wikimedia.org/wikipedia/en/thumb/0/0c/Red_pog.svg/6px-Red_pog.svg.png","/wiki/File:Rh%C3%B4ne-Alpes-Loc.png","//upload.wikimedia.org/wikipedia/commons/thumb/0/04/Rh%C3%B4ne-Alpes-Loc.png/270px-Rh%C3%B4ne-Alpes-Loc.png","//upload.wikimedia.org/wikipedia/en/thumb/0/0c/Red_pog.svg/6px-Red_pog.svg.png","/wiki/Regions_of_France","/wiki/Rh%C3%B4ne-Alpes","/wiki/Departments_of_France","/wiki/Ain","/wiki/Arrondissements_of_France","/wiki/Arrondissement_of_Bourg-en-Bresse","/wiki/Cantons_of_France","/wiki/Canton_of_Saint-Trivier-sur-Moignans","/wiki/Communes_of_France#Intercommunality","/wiki/Demographics_of_France","/wiki/INSEE_code","http://recensement.insee.fr/searchResults.action?zoneSearchField=&codeZone=01319-COM","/wiki/Postal_codes_in_France","/wiki/Population_without_double_counting","/wiki/Geographic_coordinate_system","//tools.wmflabs.org/geohack/geohack.php?pagename=Relevant,_Ain&params=46.0911_N_4.95_E_region:FR-01_type:city(433)","/wiki/Communes_of_France","/wiki/Ain","/wiki/Departments_of_France","/wiki/France","#Population","#See_also","#References","#External_links","/w/index.php?title=Relevant,_Ain&action=edit&section=1","/w/index.php?title=Relevant,_Ain&action=edit&section=2","/wiki/Communes_of_the_Ain_department","/wiki/Dombes","/w/index.php?title=Relevant,_Ain&action=edit&section=3","http://www.insee.fr/en/home/home_page.asp","/w/index.php?title=Relevant,_Ain&action=edit&section=4","http://ladombes.free.fr/Villes_Dombes/Relevant.htm","/wiki/Template:Ain_communes","/wiki/Template_talk:Ain_communes","//en.wikipedia.org/w/index.php?title=Template:Ain_communes&action=edit","/wiki/Communes_of_the_Ain_department","/wiki/Ain","/wiki/File:Flag_of_France.svg","//upload.wikimedia.org/wikipedia/en/thumb/c/c3/Flag_of_France.svg/17px-Flag_of_France.svg.png","/wiki/L%27Abergement-Cl%C3%A9menciat","/wiki/L%27Abergement-de-Varey","/wiki/Amb%C3%A9rieu-en-Bugey","/wiki/Amb%C3%A9rieux-en-Dombes","/wiki/Ambl%C3%A9on","/wiki/Ambronay","/wiki/Ambutrix","/wiki/Andert-et-Condon","/wiki/Anglefort","/wiki/Apremont,_Ain","/wiki/Aranc","/wiki/Arandas,_Ain","/wiki/Arbent","/wiki/Arbignieu","/wiki/Arbigny","/wiki/Argis","/wiki/Armix","/wiki/Ars-sur-Formans","/wiki/Artemare","/wiki/Asni%C3%A8res-sur-Sa%C3%B4ne","/wiki/Attignat","/wiki/B%C3%A2g%C3%A9-la-Ville","/wiki/B%C3%A2g%C3%A9-le-Ch%C3%A2tel","/wiki/Balan,_Ain","/wiki/Baneins","/wiki/B%C3%A9ard-G%C3%A9ovreissiat","/wiki/Beaupont","/wiki/Beauregard,_Ain","/wiki/B%C3%A9ligneux","/wiki/Bellegarde-sur-Valserine","/wiki/Belley","/wiki/Belleydoux","/wiki/Bellignat","/wiki/Belmont-Luth%C3%A9zieu","/wiki/B%C3%A9nonces","/wiki/B%C3%A9ny","/wiki/B%C3%A9on,_Ain","/wiki/B%C3%A9r%C3%A9ziat","/wiki/Bettant","/wiki/Bey,_Ain","/wiki/Beynost","/wiki/Billiat","/wiki/Birieux","/wiki/Biziat","/wiki/Blyes","/wiki/Bohas-Meyriat-Rignat","/wiki/La_Boisse","/wiki/Boissey,_Ain","/wiki/Bolozon","/wiki/Bouligneux","/wiki/Bourg-en-Bresse","/wiki/Bourg-Saint-Christophe","/wiki/Boyeux-Saint-J%C3%A9r%C3%B4me","/wiki/Boz,_Ain","/wiki/Br%C3%A9gnier-Cordon","/wiki/Br%C3%A9naz","/wiki/Br%C3%A9nod","/wiki/Brens,_Ain","/wiki/Bressolles,_Ain","/wiki/Brion,_Ain","/wiki/Briord","/wiki/Buellas","/wiki/La_Burbanche","/wiki/Ceignes","/wiki/Cerdon,_Ain","/wiki/Certines","/wiki/Cessy","/wiki/Ceyz%C3%A9riat","/wiki/Ceyz%C3%A9rieu","/wiki/Chalamont","/wiki/Chaleins","/wiki/Chaley","/wiki/Challes-la-Montagne","/wiki/Challex","/wiki/Champagne-en-Valromey","/wiki/Champdor","/wiki/Champfromier","/wiki/Chanay","/wiki/Chaneins","/wiki/Chanoz-Ch%C3%A2tenay","/wiki/La_Chapelle-du-Ch%C3%A2telard","/wiki/Charix","/wiki/Charnoz-sur-Ain","/wiki/Ch%C3%A2teau-Gaillard,_Ain","/wiki/Ch%C3%A2tenay,_Ain","/wiki/Ch%C3%A2tillon-en-Michaille","/wiki/Ch%C3%A2tillon-la-Palud","/wiki/Ch%C3%A2tillon-sur-Chalaronne","/wiki/Chavannes-sur-Reyssouze","/wiki/Chavannes-sur-Suran","/wiki/Chaveyriat","/wiki/Chavornay,_Ain","/wiki/Chazey-Bons","/wiki/Chazey-sur-Ain","/wiki/Cheignieu-la-Balme","/wiki/Chevillard,_Ain","/wiki/Chevroux,_Ain","/wiki/Chevry,_Ain","/wiki/Ch%C3%A9zery-Forens","/wiki/Civrieux","/wiki/Cize,_Ain","/wiki/Cleyzieu","/wiki/Coligny,_Ain","/wiki/Collonges,_Ain","/wiki/Colomieu","/wiki/Conand,_Ain","/wiki/Condamine,_Ain","/wiki/Condeissiat","/wiki/Confort","/wiki/Confran%C3%A7on","/wiki/Contrevoz","/wiki/Conzieu","/wiki/Corbonod","/wiki/Corcelles,_Ain","/wiki/Corlier","/wiki/Cormaranche-en-Bugey","/wiki/Cormoranche-sur-Sa%C3%B4ne","/wiki/Cormoz","/wiki/Corveissiat","/wiki/Courmangoux","/wiki/Courtes","/wiki/Crans,_Ain","/wiki/Cras-sur-Reyssouze","/wiki/Cressin-Rochefort","/wiki/Crottet","/wiki/Crozet,_Ain","/wiki/Cruzilles-l%C3%A8s-M%C3%A9pillat","/wiki/Culoz","/wiki/Curciat-Dongalon","/wiki/Curtafond","/wiki/Cuzieu,_Ain","/wiki/Dagneux","/wiki/Divonne-les-Bains","/wiki/Dommartin,_Ain","/wiki/Dompierre-sur-Chalaronne","/wiki/Dompierre-sur-Veyle","/wiki/Domsure","/wiki/Dortan","/wiki/Douvres","/wiki/Drom","/wiki/Druillat","/wiki/%C3%89challon","/wiki/%C3%89chenevex","/wiki/%C3%89trez","/wiki/%C3%89vosges","/wiki/Faramans,_Ain","/wiki/Fareins","/wiki/Farges","/wiki/Feillens","/wiki/Ferney-Voltaire","/wiki/Flaxieu","/wiki/Foissiat","/wiki/Francheleins","/wiki/Frans,_Ain","/wiki/Garnerans","/wiki/Genouilleux","/wiki/G%C3%A9ovreisset","/wiki/Germagnat","/wiki/Gex,_Ain","/wiki/Giron,_France","/wiki/Gorrevod","/wiki/Le_Grand-Abergement","/wiki/Grand-Corent","/wiki/Gri%C3%A8ges","/wiki/Grilly","/wiki/Groissiat","/wiki/Grosl%C3%A9e","/wiki/Gu%C3%A9reins","/wiki/Hautecourt-Roman%C3%A8che","/wiki/Hauteville-Lompnes","/wiki/Hostiaz","/wiki/Hotonnes","/wiki/Illiat","/wiki/Injoux-G%C3%A9nissiat","/wiki/Innimond","/wiki/Izenave","/wiki/Izernore","/wiki/Izieu","/wiki/Jassans-Riottier","/wiki/Jasseron","/wiki/Jayat","/wiki/Journans","/wiki/Joyeux","/wiki/Jujurieux","/wiki/Labalme","/wiki/Lagnieu","/wiki/Laiz","/wiki/Lalleyriat","/wiki/Lancrans","/wiki/Lantenay,_Ain","/wiki/Lapeyrouse,_Ain","/wiki/Lavours","/wiki/L%C3%A9az","/wiki/L%C3%A9lex","/wiki/Lent,_Ain","/wiki/Lescheroux","/wiki/Leyment","/wiki/Leyssard","/wiki/Lh%C3%B4pital","/wiki/Lhuis","/wiki/Lochieu","/wiki/Lompnas","/wiki/Lompnieu","/wiki/Loyettes","/wiki/Lurcy","/wiki/Magnieu","/wiki/Maillat","/wiki/Malafretaz","/wiki/Mantenay-Montlin","/wiki/Manziat","/wiki/Marboz","/wiki/Marchamp","/wiki/Marignieu","/wiki/Marlieux","/wiki/Marsonnas","/wiki/Martignat","/wiki/Massieux","/wiki/Massignieu-de-Rives","/wiki/Matafelon-Granges","/wiki/Meillonnas","/wiki/M%C3%A9rignat","/wiki/Messimy-sur-Sa%C3%B4ne","/wiki/Meximieux","/wiki/M%C3%A9z%C3%A9riat","/wiki/Mijoux","/wiki/Mionnay","/wiki/Miribel,_Ain","/wiki/Mis%C3%A9rieux","/wiki/Mogneneins","/wiki/Montagnat","/wiki/Montagnieu,_Ain","/wiki/Montanges","/wiki/Montceaux","/wiki/Montcet","/wiki/Le_Montellier","/wiki/Monthieux","/wiki/Montluel","/wiki/Montmerle-sur-Sa%C3%B4ne","/wiki/Montracol","/wiki/Montr%C3%A9al-la-Cluse","/wiki/Montrevel-en-Bresse","/wiki/Murs-et-G%C3%A9lignieux","/wiki/Nantua","/wiki/Nattages","/wiki/Neuville-les-Dames","/wiki/Neuville-sur-Ain","/wiki/Les_Neyrolles","/wiki/Neyron","/wiki/Ni%C3%A9vroz","/wiki/Nivollet-Montgriffon","/wiki/Nurieux-Volognat","/wiki/Oncieu","/wiki/Ordonnaz","/wiki/Ornex","/wiki/Outriaz","/wiki/Oyonnax","/wiki/Ozan,_Ain","/wiki/Parcieux","/wiki/Parves","/wiki/P%C3%A9ron,_Ain","/wiki/P%C3%A9ronnas","/wiki/P%C3%A9rouges","/wiki/Perrex","/wiki/Le_Petit-Abergement","/wiki/Peyriat","/wiki/Peyrieu","/wiki/Peyzieux-sur-Sa%C3%B4ne","/wiki/Pirajoux","/wiki/Pizay","/wiki/Plagne,_Ain","/wiki/Le_Plantay","/wiki/Le_Poizat","/wiki/Polliat","/wiki/Pollieu","/wiki/Poncin","/wiki/Pont-d%27Ain","/wiki/Pont-de-Vaux","/wiki/Pont-de-Veyle","/wiki/Port,_Ain","/wiki/Pougny,_Ain","/wiki/Pouillat","/wiki/Pr%C3%A9meyzel","/wiki/Pr%C3%A9millieu","/wiki/Pressiat","/wiki/Pr%C3%A9vessin-Mo%C3%ABns","/wiki/Priay","/wiki/Pugieu","/wiki/Ramasse","/wiki/Ranc%C3%A9","/wiki/Replonges","/wiki/Revonnas","/wiki/Reyrieux","/wiki/Reyssouze","/wiki/Rignieux-le-Franc","/wiki/Romans,_Ain","/wiki/Rossillon","/wiki/Ruffieu","/wiki/Saint-Alban,_Ain","/wiki/Saint-Andr%C3%A9-de-B%C3%A2g%C3%A9","/wiki/Saint-Andr%C3%A9-de-Corcy","/wiki/Saint-Andr%C3%A9-d%27Huiriat","/wiki/Saint-Andr%C3%A9-le-Bouchoux","/wiki/Saint-Andr%C3%A9-sur-Vieux-Jonc","/wiki/Saint-B%C3%A9nigne","/wiki/Saint-Beno%C3%AEt,_Ain","/wiki/Saint-Bernard,_Ain","/wiki/Saint-Bois","/wiki/Saint-Champ","/wiki/Saint-Cyr-sur-Menthon","/wiki/Saint-Denis-en-Bugey","/wiki/Saint-Denis-l%C3%A8s-Bourg","/wiki/Saint-Didier-d%27Aussiat","/wiki/Saint-Didier-de-Formans","/wiki/Saint-Didier-sur-Chalaronne","/wiki/Sainte-Croix,_Ain","/wiki/Sainte-Euph%C3%A9mie","/wiki/Sainte-Julie,_Ain","/wiki/Saint-%C3%89loi,_Ain","/wiki/Sainte-Olive","/wiki/Saint-%C3%89tienne-du-Bois,_Ain","/wiki/Saint-%C3%89tienne-sur-Chalaronne","/wiki/Saint-%C3%89tienne-sur-Reyssouze","/wiki/Saint-Genis-Pouilly","/wiki/Saint-Genis-sur-Menthon","/wiki/Saint-Georges-sur-Renon","/wiki/Saint-Germain-de-Joux","/wiki/Saint-Germain-les-Paroisses","/wiki/Saint-Germain-sur-Renon","/wiki/Saint-Jean-de-Gonville","/wiki/Saint-Jean-de-Niost","/wiki/Saint-Jean-de-Thurigneux","/wiki/Saint-Jean-le-Vieux,_Ain","/wiki/Saint-Jean-sur-Reyssouze","/wiki/Saint-Jean-sur-Veyle","/wiki/Saint-Julien-sur-Reyssouze","/wiki/Saint-Julien-sur-Veyle","/wiki/Saint-Just,_Ain","/wiki/Saint-Laurent-sur-Sa%C3%B4ne","/wiki/Saint-Marcel,_Ain","/wiki/Saint-Martin-de-Bavel","/wiki/Saint-Martin-du-Fr%C3%AAne","/wiki/Saint-Martin-du-Mont,_Ain","/wiki/Saint-Martin-le-Ch%C3%A2tel","/wiki/Saint-Maurice-de-Beynost","/wiki/Saint-Maurice-de-Gourdans","/wiki/Saint-Maurice-de-R%C3%A9mens","/wiki/Saint-Nizier-le-Bouchoux","/wiki/Saint-Nizier-le-D%C3%A9sert","/wiki/Saint-Paul-de-Varax","/wiki/Saint-Rambert-en-Bugey","/wiki/Saint-R%C3%A9my,_Ain","/wiki/Saint-Sorlin-en-Bugey","/wiki/Saint-Sulpice,_Ain","/wiki/Saint-Trivier-de-Courtes","/wiki/Saint-Trivier-sur-Moignans","/wiki/Saint-Vulbas","/wiki/Salavre","/wiki/Samognat","/wiki/Sandrans","/wiki/Sault-Br%C3%A9naz","/wiki/Sauverny","/wiki/Savigneux,_Ain","/wiki/S%C3%A9gny","/wiki/Seillonnaz","/wiki/Sergy,_Ain","/wiki/Sermoyer","/wiki/Serri%C3%A8res-de-Briord","/wiki/Serri%C3%A8res-sur-Ain","/wiki/Servas,_Ain","/wiki/Servignat","/wiki/Seyssel,_Ain","/wiki/Simandre-sur-Suran","/wiki/Songieu","/wiki/Sonthonnax-la-Montagne","/wiki/Souclin","/wiki/Sulignat","/wiki/Surjoux","/wiki/Sutrieu","/wiki/Talissieu","/wiki/Tenay","/wiki/Th%C3%A9zillieu","/wiki/Thil,_Ain","/wiki/Thoiry,_Ain","/wiki/Thoissey","/wiki/Torcieu","/wiki/Tossiat","/wiki/Toussieux","/wiki/Tramoyes","/wiki/La_Trancli%C3%A8re","/wiki/Treffort-Cuisiat","/wiki/Tr%C3%A9voux","/wiki/Valeins","/wiki/Vandeins","/wiki/Varambon","/wiki/Vaux-en-Bugey","/wiki/Verjon","/wiki/Vernoux","/wiki/Versailleux","/wiki/Versonnex,_Ain","/wiki/Vesancy","/wiki/Vescours","/wiki/V%C3%A9sines","/wiki/Vieu","/wiki/Vieu-d%27Izenave","/wiki/Villars-les-Dombes","/wiki/Villebois","/wiki/Villemotier","/wiki/Villeneuve,_Ain","/wiki/Villereversure","/wiki/Villes","/wiki/Villette-sur-Ain","/wiki/Villieu-Loyes-Mollon","/wiki/Viriat","/wiki/Virieu-le-Grand","/wiki/Virieu-le-Petit","/wiki/Virignin","/wiki/Vongnes","/wiki/Vonnas","/wiki/File:Blason_d%C3%A9partement_fr_Ain.svg","//upload.wikimedia.org/wikipedia/commons/thumb/a/a2/Blason_d%C3%A9partement_fr_Ain.svg/20px-Blason_d%C3%A9partement_fr_Ain.svg.png","/wiki/Ain","/wiki/Wikipedia:Stub","//en.wikipedia.org/w/index.php?title=Relevant,_Ain&action=edit","/wiki/Template:Ain-geo-stub","/wiki/Template_talk:Ain-geo-stub","//en.wikipedia.org/w/index.php?title=Template:Ain-geo-stub&action=edit","//en.wikipedia.org/w/index.php?title=Special:CentralAutoLogin/start&type=1x1&from=enwiki","http://en.wikipedia.org/w/index.php?title=Relevant,_Ain&oldid=544300932","/wiki/Help:Categories","/wiki/Category:Communes_of_Ain","/wiki/Category:Ain_geography_stubs","/wiki/Category:Articles_to_be_expanded_from_December_2008","/wiki/Category:All_articles_to_be_expanded","/wiki/Category:Geography_articles_needing_translation_from_French_Wikipedia","/w/index.php?title=Special:UserLogin&returnto=Relevant%2C+Ain&type=signup","/w/index.php?title=Special:UserLogin&returnto=Relevant%2C+Ain","/wiki/Relevant,_Ain","/wiki/Talk:Relevant,_Ain","#","/wiki/Relevant,_Ain","/w/index.php?title=Relevant,_Ain&action=edit","/w/index.php?title=Relevant,_Ain&action=history","#","/w/index.php","//bits.wikimedia.org/static-1.22wmf11/skins/vector/images/search-ltr.png?303-4","/wiki/Main_Page","/wiki/Main_Page","/wiki/Portal:Contents","/wiki/Portal:Featured_content","/wiki/Portal:Current_events","/wiki/Special:Random","//donate.wikimedia.org/wiki/Special:FundraiserRedirector?utm_source=donate&utm_medium=sidebar&utm_campaign=C13_en.wikipedia.org&uselang=en","/wiki/Help:Contents","/wiki/Wikipedia:About","/wiki/Wikipedia:Community_portal","/wiki/Special:RecentChanges","//en.wikipedia.org/wiki/Wikipedia:Contact_us","/wiki/Special:WhatLinksHere/Relevant,_Ain","/wiki/Special:RecentChangesLinked/Relevant,_Ain","/wiki/Wikipedia:File_Upload_Wizard","/wiki/Special:SpecialPages","/w/index.php?title=Relevant,_Ain&oldid=544300932","/w/index.php?title=Relevant,_Ain&action=info","//www.wikidata.org/wiki/Q966793","/w/index.php?title=Special:Cite&page=Relevant%2C_Ain&id=544300932","/w/index.php?title=Special:Book&bookcmd=book_creator&referer=Relevant%2C+Ain","/w/index.php?title=Special:Book&bookcmd=render_article&arttitle=Relevant%2C+Ain&oldid=544300932&writer=rl","/w/index.php?title=Relevant,_Ain&printable=yes","//ar.wikipedia.org/wiki/%D8%B1%D9%88%D9%84%D9%88%D9%81%D8%A7%D9%86%D8%8C_%D8%A3%D9%8A%D9%86","//ca.wikipedia.org/wiki/Relevant","//ceb.wikipedia.org/wiki/Relevant","//es.wikipedia.org/wiki/Relevant","//eu.wikipedia.org/wiki/Relevant_(Ain)","//fr.wikipedia.org/wiki/Relevant","//gl.wikipedia.org/wiki/Relevant,_Ain","//it.wikipedia.org/wiki/Relevant","//lmo.wikipedia.org/wiki/Relevant","//mg.wikipedia.org/wiki/Relevant,_Ain","//ms.wikipedia.org/wiki/Relevant,_Ain","//nl.wikipedia.org/wiki/Relevant","//oc.wikipedia.org/wiki/Relevant_(Ain)","//uz.wikipedia.org/wiki/Relevant","//pms.wikipedia.org/wiki/Relevant","//pl.wikipedia.org/wiki/Relevant","//pt.wikipedia.org/wiki/Relevant","//simple.wikipedia.org/wiki/Relevant,_Ain","//sk.wikipedia.org/wiki/Relevant","//sv.wikipedia.org/wiki/Relevant,_Ain","//tl.wikipedia.org/wiki/Relevant,_Ain","//bug.wikipedia.org/wiki/Relevant,_Ain","//uk.wikipedia.org/wiki/%D0%A0%D0%B5%D0%BB%D1%8C%D0%B2%D0%B0%D0%BD","//vi.wikipedia.org/wiki/Relevant,_Ain","//vo.wikipedia.org/wiki/Relevant","//war.wikipedia.org/wiki/Relevant,_Ain","//zea.wikipedia.org/wiki/Relevant","//zh.wikipedia.org/wiki/%E5%8B%92%E5%8B%92%E6%97%BA","#","//www.wikidata.org/wiki/Q966793#sitelinks-wikipedia","//en.wikipedia.org/wiki/Wikipedia:Text_of_Creative_Commons_Attribution-ShareAlike_3.0_Unported_License","//creativecommons.org/licenses/by-sa/3.0/","//wikimediafoundation.org/wiki/Terms_of_Use","//wikimediafoundation.org/wiki/Privacy_policy","//www.wikimediafoundation.org/","//wikimediafoundation.org/wiki/Privacy_policy","/wiki/Wikipedia:About","/wiki/Wikipedia:General_disclaimer","//en.wikipedia.org/wiki/Wikipedia:Contact_us","//en.m.wikipedia.org/wiki/Relevant,_Ain","//wikimediafoundation.org/","//bits.wikimedia.org/images/wikimedia-button.png","//www.mediawiki.org/","//bits.wikimedia.org/static-1.22wmf11/skins/common/images/poweredby_mediawiki_88x31.png","//bits.wikimedia.org/en.wikipedia.org/load.php?debug=false&lang=en&modules=site&only=scripts&skin=vector&*"],"instances":[],"pdf":[],"categories":["Communes of Ain"],"headings":["Population","See also","References","External links"],"image":["//upload.wikimedia.org/wikipedia/commons/thumb/8/8a/Translation_to_english_arrow.svg/50px-Translation_to_english_arrow.svg.png","//upload.wikimedia.org/wikipedia/commons/thumb/3/3b/France_location_map-Regions_and_departements.svg/270px-France_location_map-Regions_and_departements.svg.png","//upload.wikimedia.org/wikipedia/en/thumb/0/0c/Red_pog.svg/6px-Red_pog.svg.png","//upload.wikimedia.org/wikipedia/commons/thumb/0/04/Rh%C3%B4ne-Alpes-Loc.png/270px-Rh%C3%B4ne-Alpes-Loc.png","//upload.wikimedia.org/wikipedia/en/thumb/0/0c/Red_pog.svg/6px-Red_pog.svg.png","//upload.wikimedia.org/wikipedia/en/thumb/c/c3/Flag_of_France.svg/17px-Flag_of_France.svg.png","//upload.wikimedia.org/wikipedia/commons/thumb/a/a2/Blason_d%C3%A9partement_fr_Ain.svg/20px-Blason_d%C3%A9partement_fr_Ain.svg.png","//en.wikipedia.org/w/index.php?title=Special:CentralAutoLogin/start&type=1x1&from=enwiki","//bits.wikimedia.org/static-1.22wmf11/skins/vector/images/search-ltr.png?303-4","//bits.wikimedia.org/images/wikimedia-button.png","//bits.wikimedia.org/static-1.22wmf11/skins/common/images/poweredby_mediawiki_88x31.png"],"tags":[],"members":[],"related":["Communes_of_France","Ain","Departments_of_France","France","Communes_of_the_Ain_department","Dombes"]}