{"cursor":"1180","size":15,"audio":[],"currentlang":"en","article":"{{Infobox French commune |name = Ars-les-Favets |region = Auvergne |department =\nPuy-de-DÃ´me |arrondissement = Riom |canton = Montaigut |INSEE = 63011 |postal\ncode = 63700 |mayor = Serge Bodeau |term = 2008–2014 |longitude = 2.7561\n|latitude = 46.1944 |elevation m = 600 |elevation min m = 486 |elevation max m =\n597 |area km2 = 14.6 |population = 237 |population date = 2006 }}\n\n'Ars-les-Favets' is a commune in the Puy-de-DÃ´me department in Auvergne in\ncentral France.\n","linknr":605,"url":"Ars-les-Favets","recorded":1374522836,"links":["/w/index.php?title=Ars-les-Favets&action=edit","/w/index.php?title=Ars-les-Favets&action=edit","//bits.wikimedia.org/favicon/wikipedia.ico","/w/opensearch_desc.php","//en.wikipedia.org/w/api.php?action=rsd","//creativecommons.org/licenses/by-sa/3.0/","/w/index.php?title=Special:RecentChanges&feed=atom","//bits.wikimedia.org/en.wikipedia.org/load.php?debug=false&lang=en&modules=ext.gadget.DRN-wizard%2CReferenceTooltips%2Ccharinsert%2Cteahouse%7Cext.rtlcite%2Cwikihiero%7Cext.uls.nojs%7Cmediawiki.legacy.commonPrint%2Cshared%7Cmw.PopUpMediaTransform%7Cskins.vector&only=styles&skin=vector&*","//bits.wikimedia.org/en.wikipedia.org/load.php?debug=false&lang=en&modules=site&only=styles&skin=vector&*","//bits.wikimedia.org/en.wikipedia.org/load.php?debug=false&lang=en&modules=startup&only=scripts&skin=vector&*","//bits.wikimedia.org/geoiplookup","//meta.wikimedia.org","#mw-navigation","#p-search","/wiki/File:France_location_map-Regions_and_departements.svg","//upload.wikimedia.org/wikipedia/commons/thumb/3/3b/France_location_map-Regions_and_departements.svg/270px-France_location_map-Regions_and_departements.svg.png","//upload.wikimedia.org/wikipedia/en/thumb/0/0c/Red_pog.svg/6px-Red_pog.svg.png","/wiki/File:Auvergne-Loc.png","//upload.wikimedia.org/wikipedia/commons/6/68/Auvergne-Loc.png","//upload.wikimedia.org/wikipedia/en/thumb/0/0c/Red_pog.svg/6px-Red_pog.svg.png","/wiki/Regions_of_France","/wiki/Auvergne_(region)","/wiki/Departments_of_France","/wiki/Puy-de-D%C3%B4me","/wiki/Arrondissements_of_France","/wiki/Arrondissement_of_Riom","/wiki/Cantons_of_France","/wiki/Demographics_of_France","/wiki/INSEE_code","http://recensement.insee.fr/searchResults.action?zoneSearchField=&codeZone=63011-COM","/wiki/Postal_codes_in_France","/wiki/Population_without_double_counting","/wiki/Geographic_coordinate_system","//tools.wmflabs.org/geohack/geohack.php?pagename=Ars-les-Favets&params=46.1944_N_2.7561_E_region:FR-63_type:city(237)","/wiki/Communes_of_France","/wiki/Puy-de-D%C3%B4me","/wiki/Departments_of_France","/wiki/Auvergne_(region)","/wiki/France","/w/index.php?title=Ars-les-Favets&action=edit&section=1","/w/index.php?title=Ars-les-Favets&action=edit&section=2","/wiki/Communes_of_the_Puy-de-D%C3%B4me_department","/w/index.php?title=Ars-les-Favets&action=edit&section=3","http://www.insee.fr/en/home/home_page.asp","/wiki/Template:Puy-de-D%C3%B4me_communes","/wiki/Template_talk:Puy-de-D%C3%B4me_communes","//en.wikipedia.org/w/index.php?title=Template:Puy-de-D%C3%B4me_communes&action=edit","/wiki/Communes_of_the_Puy-de-D%C3%B4me_department","/wiki/Puy-de-D%C3%B4me","/wiki/File:Flag_of_France.svg","//upload.wikimedia.org/wikipedia/en/thumb/c/c3/Flag_of_France.svg/17px-Flag_of_France.svg.png","/wiki/Aigueperse,_Puy-de-D%C3%B4me","/wiki/Aix-la-Fayette","/wiki/Ambert","/wiki/Les_Ancizes-Comps","/wiki/Antoingt","/wiki/Anzat-le-Luguet","/wiki/Apchat","/wiki/Arconsat","/wiki/Ardes","/wiki/Arlanc","/wiki/Artonne","/wiki/Aubiat","/wiki/Aubi%C3%A8re","/wiki/Aubusson-d%27Auvergne","/wiki/Augerolles","/wiki/Augnat","/wiki/Aulhat-Saint-Privat","/wiki/Aulnat","/wiki/Auri%C3%A8res","/wiki/Authezat","/wiki/Auzat-la-Combelle","/wiki/Auzelles","/wiki/Av%C3%A8ze,_Puy-de-D%C3%B4me","/wiki/Ayat-sur-Sioule","/wiki/Aydat","/wiki/Baffie","/wiki/Bagnols,_Puy-de-D%C3%B4me","/wiki/Bansat","/wiki/Bas-et-Lezat","/wiki/Beaulieu,_Puy-de-D%C3%B4me","/wiki/Beaumont,_Puy-de-D%C3%B4me","/wiki/Beaumont-l%C3%A8s-Randan","/wiki/Beauregard-l%27%C3%89v%C3%AAque","/wiki/Beauregard-Vendon","/wiki/Bergonne","/wiki/Bertignat","/wiki/Besse-et-Saint-Anastaise","/wiki/Beuri%C3%A8res","/wiki/Billom","/wiki/Biollet","/wiki/Blanzat","/wiki/Blot-l%27%C3%89glise","/wiki/Bongheat","/wiki/Bort-l%27%C3%89tang","/wiki/Boudes","/wiki/La_Bourboule","/wiki/Bourg-Lastic","/wiki/Bouzel","/wiki/Brassac-les-Mines","/wiki/Brenat","/wiki/Le_Breuil-sur-Couze","/wiki/Briffons","/wiki/Le_Broc,_Puy-de-D%C3%B4me","/wiki/Bromont-Lamothe","/wiki/Brousse,_Puy-de-D%C3%B4me","/wiki/Le_Brugeron","/wiki/Bulhon","/wiki/Buss%C3%A9ol","/wiki/Bussi%C3%A8res,_Puy-de-D%C3%B4me","/wiki/Bussi%C3%A8res-et-Pruns","/wiki/Buxi%C3%A8res-sous-Montaigut","/wiki/C%C3%A9bazat","/wiki/Ceilloux","/wiki/La_Celle,_Puy-de-D%C3%B4me","/wiki/Celles-sur-Durolle","/wiki/La_Cellette,_Puy-de-D%C3%B4me","/wiki/Cellule","/wiki/Le_Cendre","/wiki/Ceyrat","/wiki/Ceyssat","/wiki/Chabreloche","/wiki/Chadeleuf","/wiki/Chalus,_Puy-de-D%C3%B4me","/wiki/Chamali%C3%A8res","/wiki/Chambon-sur-Dolore","/wiki/Chambon-sur-Lac","/wiki/Cham%C3%A9ane","/wiki/Champagnat-le-Jeune","/wiki/Champeix","/wiki/Champ%C3%A9ti%C3%A8res","/wiki/Champs,_Puy-de-D%C3%B4me","/wiki/Chanat-la-Mouteyre","/wiki/Chanonat","/wiki/Chapdes-Beaufort","/wiki/La_Chapelle-Agnon","/wiki/La_Chapelle-Marcousse","/wiki/La_Chapelle-sur-Usson","/wiki/Chappes,_Puy-de-D%C3%B4me","/wiki/Chaptuzat","/wiki/Charbonnier-les-Mines","/wiki/Charbonni%C3%A8res-les-Varennes","/wiki/Charbonni%C3%A8res-les-Vieilles","/wiki/Charensat","/wiki/Charnat","/wiki/Chas,_Puy-de-D%C3%B4me","/wiki/Chassagne","/wiki/Chastreix","/wiki/Ch%C3%A2teau-sur-Cher","/wiki/Ch%C3%A2teaugay","/wiki/Ch%C3%A2teauneuf-les-Bains","/wiki/Ch%C3%A2teldon","/wiki/Ch%C3%A2tel-Guyon","/wiki/La_Chaulme","/wiki/Chaumont-le-Bourg","/wiki/Chauriat","/wiki/Chavaroux","/wiki/Le_Cheix","/wiki/Chidrac","/wiki/Cisternes-la-For%C3%AAt","/wiki/Cl%C3%A9mensat","/wiki/Clerlande","/wiki/Clermont-Ferrand","/wiki/Collanges","/wiki/Combrailles","/wiki/Combronde","/wiki/Compains","/wiki/Condat-en-Combraille","/wiki/Condat-l%C3%A8s-Montboissier","/wiki/Corent","/wiki/Coudes","/wiki/Courgoul","/wiki/Cournols","/wiki/Cournon-d%27Auvergne","/wiki/Courpi%C3%A8re","/wiki/Le_Crest","/wiki/Creste","/wiki/Crevant-Laveine","/wiki/Cros,_Puy-de-D%C3%B4me","/wiki/La_Crouzille","/wiki/Culhat","/wiki/Cunlhat","/wiki/Dallet","/wiki/Dauzat-sur-Vodable","/wiki/Davayat","/wiki/Domaize","/wiki/Doranges","/wiki/Dorat,_Puy-de-D%C3%B4me","/wiki/Dore-l%27%C3%89glise","/wiki/Durmignat","/wiki/Durtol","/wiki/%C3%89chandelys","/wiki/Effiat","/wiki/%C3%89gliseneuve-d%27Entraigues","/wiki/%C3%89gliseneuve-des-Liards","/wiki/%C3%89gliseneuve-pr%C3%A8s-Billom","/wiki/%C3%89glisolles","/wiki/Ennezat","/wiki/Entraigues,_Puy-de-D%C3%B4me","/wiki/Enval","/wiki/Escoutoux","/wiki/Espinasse,_Puy-de-D%C3%B4me","/wiki/Espinchal","/wiki/Espirat","/wiki/Estandeuil","/wiki/Esteil","/wiki/Fayet-le-Ch%C3%A2teau","/wiki/Fayet-Ronaye","/wiki/Ferno%C3%ABl","/wiki/Flat,_Puy-de-D%C3%B4me","/wiki/La_Forie","/wiki/Fournols","/wiki/Gelles","/wiki/Gerzat","/wiki/Giat","/wiki/Gignat","/wiki/Gimeaux","/wiki/Glaine-Montaigut","/wiki/La_Godivelle","/wiki/La_Goutelle","/wiki/Goutti%C3%A8res,_Puy-de-D%C3%B4me","/wiki/Grandeyrolles","/wiki/Grandrif","/wiki/Grandval,_Puy-de-D%C3%B4me","/wiki/Herment","/wiki/Heume-l%27%C3%89glise","/wiki/Isserteaux","/wiki/Issoire","/wiki/Job,_Puy-de-D%C3%B4me","/wiki/Jozerand","/wiki/Joze","/wiki/Jumeaux","/wiki/Labessette","/wiki/Lachaux","/wiki/Lamontgie","/wiki/Landogne","/wiki/Lapeyrouse,_Puy-de-D%C3%B4me","/wiki/Laps","/wiki/Laqueuille","/wiki/Larodde","/wiki/Lastic,_Puy-de-D%C3%B4me","/wiki/Lempdes","/wiki/Lempty","/wiki/Lezoux","/wiki/Limons","/wiki/Lisseuil","/wiki/Loubeyrat","/wiki/Ludesse","/wiki/Lussat,_Puy-de-D%C3%B4me","/wiki/Luzillat","/wiki/Madriat","/wiki/Malauzat","/wiki/Malintrat","/wiki/Manglieu","/wiki/Manzat","/wiki/Marat,_Puy-de-D%C3%B4me","/wiki/Marcillat","/wiki/Mareugheol","/wiki/Maringues","/wiki/Marsac-en-Livradois","/wiki/Marsat","/wiki/Les_Martres-d%27Arti%C3%A8re","/wiki/Les_Martres-de-Veyre","/wiki/Martres-sur-Morge","/wiki/Mauzun","/wiki/Mayres,_Puy-de-D%C3%B4me","/wiki/Mazaye","/wiki/Mazoires","/wiki/Medeyrolles","/wiki/Meilhaud","/wiki/Menat,_Puy-de-D%C3%B4me","/wiki/M%C3%A9n%C3%A9trol","/wiki/Messeix","/wiki/Mezel","/wiki/Mirefleurs","/wiki/Miremont,_Puy-de-D%C3%B4me","/wiki/Moissat","/wiki/Le_Monestier","/wiki/La_Monnerie-le-Montel","/wiki/Mons,_Puy-de-D%C3%B4me","/wiki/Montaigut,_Puy-de-D%C3%B4me","/wiki/Montaigut-le-Blanc,_Puy-de-D%C3%B4me","/wiki/Montcel,_Puy-de-D%C3%B4me","/wiki/Mont-Dore","/wiki/Montel-de-Gelat","/wiki/Montfermy","/wiki/Montmorin,_Puy-de-D%C3%B4me","/wiki/Montpensier,_Puy-de-D%C3%B4me","/wiki/Montpeyroux,_Puy-de-D%C3%B4me","/wiki/Moriat","/wiki/Moureuille","/wiki/La_Moutade","/wiki/Mozac","/wiki/Murat-le-Quaire","/wiki/Murol","/wiki/N%C3%A9bouzat","/wiki/N%C3%A9ronde-sur-Dore","/wiki/Neschers","/wiki/Neuf-%C3%89glise","/wiki/Neuville,_Puy-de-D%C3%B4me","/wiki/Noalhat","/wiki/Nohanent","/wiki/Nonette,_Puy-de-D%C3%B4me","/wiki/Novacelles","/wiki/Olby","/wiki/Olliergues","/wiki/Olloix","/wiki/Olmet","/wiki/Orbeil","/wiki/Orcet","/wiki/Orcines","/wiki/Orcival","/wiki/Orl%C3%A9at","/wiki/Orsonnette","/wiki/Palladuc","/wiki/Pardines,_Puy-de-D%C3%B4me","/wiki/Parent,_Puy-de-D%C3%B4me","/wiki/Parentignat","/wiki/Pasli%C3%A8res","/wiki/P%C3%A9rignat-l%C3%A8s-Sarli%C3%A8ve","/wiki/P%C3%A9rignat-sur-Allier","/wiki/Perpezat","/wiki/Perrier,_Puy-de-D%C3%B4me","/wiki/Peschadoires","/wiki/Pesli%C3%A8res","/wiki/Pessat-Villeneuve","/wiki/Picherande","/wiki/Pignols","/wiki/Pionsat","/wiki/Plauzat","/wiki/Pont-du-Ch%C3%A2teau","/wiki/Pontaumur","/wiki/Pontgibaud","/wiki/Pouzol","/wiki/Les_Pradeaux","/wiki/Prompsat","/wiki/Prondines","/wiki/Pulv%C3%A9ri%C3%A8res","/wiki/Puy-Guillaume","/wiki/Puy-Saint-Gulmier","/wiki/Le_Quartier","/wiki/Queuille","/wiki/Randan,_Puy-de-D%C3%B4me","/wiki/Ravel,_Puy-de-D%C3%B4me","/wiki/Reignat","/wiki/La_Renaudie","/wiki/Renti%C3%A8res","/wiki/Riom","/wiki/Ris,_Puy-de-D%C3%B4me","/wiki/La_Roche-Blanche,_Puy-de-D%C3%B4me","/wiki/Roche-Charles-la-Mayrand","/wiki/Roche-d%27Agoux","/wiki/Rochefort-Montagne","/wiki/La_Roche-Noire","/wiki/Romagnat","/wiki/Royat","/wiki/Saillant","/wiki/Saint-Agoulin","/wiki/Saint-Alyre-d%27Arlanc","/wiki/Saint-Alyre-%C3%A8s-Montagne","/wiki/Saint-Amant-Roche-Savine","/wiki/Saint-Amant-Tallende","/wiki/Saint-Andr%C3%A9-le-Coq","/wiki/Saint-Angel,_Puy-de-D%C3%B4me","/wiki/Saint-Anth%C3%A8me","/wiki/Saint-Avit,_Puy-de-D%C3%B4me","/wiki/Saint-Babel","/wiki/Saint-Beauzire,_Puy-de-D%C3%B4me","/wiki/Saint-Bonnet-le-Bourg","/wiki/Saint-Bonnet-le-Chastel","/wiki/Saint-Bonnet-l%C3%A8s-Allier","/wiki/Saint-Bonnet-pr%C3%A8s-Orcival","/wiki/Saint-Bonnet-pr%C3%A8s-Riom","/wiki/Saint-Cirgues-sur-Couze","/wiki/Saint-Cl%C3%A9ment-de-R%C3%A9gnat","/wiki/Saint-Cl%C3%A9ment-de-Valorgue","/wiki/Saint-Denis-Combarnazat","/wiki/Saint-Dier-d%27Auvergne","/wiki/Saint-Di%C3%A9ry","/wiki/Saint-Donat","/wiki/Sainte-Agathe,_Puy-de-D%C3%B4me","/wiki/Sainte-Catherine,_Puy-de-D%C3%B4me","/wiki/Sainte-Christine,_Puy-de-D%C3%B4me","/wiki/Saint-%C3%89loy-la-Glaci%C3%A8re","/wiki/Saint-%C3%89loy-les-Mines","/wiki/Saint-%C3%89tienne-des-Champs","/wiki/Saint-%C3%89tienne-sur-Usson","/wiki/Saint-Ferr%C3%A9ol-des-C%C3%B4tes","/wiki/Saint-Floret","/wiki/Saint-Flour,_Puy-de-D%C3%B4me","/wiki/Saint-Gal-sur-Sioule","/wiki/Saint-Gen%C3%A8s-Champanelle","/wiki/Saint-Gen%C3%A8s-Champespe","/wiki/Saint-Gen%C3%A8s-du-Retz","/wiki/Saint-Gen%C3%A8s-la-Tourette","/wiki/Saint-Georges-de-Mons","/wiki/Saint-Georges-sur-Allier","/wiki/Saint-Germain-Lembron","/wiki/Saint-Germain-l%27Herm","/wiki/Saint-Germain-pr%C3%A8s-Herment","/wiki/Saint-Gervais-d%27Auvergne","/wiki/Saint-Gervais-sous-Meymont","/wiki/Saint-Gervazy","/wiki/Saint-H%C3%A9rent","/wiki/Saint-Hilaire,_Puy-de-D%C3%B4me","/wiki/Saint-Hilaire-la-Croix","/wiki/Saint-Hilaire-les-Monges","/wiki/Saint-Ignat","/wiki/Saint-Jacques-d%27Ambur","/wiki/Saint-Jean-des-Olli%C3%A8res","/wiki/Saint-Jean-d%27Heurs","/wiki/Saint-Jean-en-Val","/wiki/Saint-Jean-Saint-Gervais","/wiki/Saint-Julien-de-Coppel","/wiki/Saint-Julien-la-Geneste","/wiki/Saint-Julien-Puy-Lav%C3%A8ze","/wiki/Saint-Just,_Puy-de-D%C3%B4me","/wiki/Saint-Laure","/wiki/Saint-Maigner","/wiki/Saint-Martin-des-Olmes","/wiki/Saint-Martin-des-Plains","/wiki/Saint-Martin-d%27Olli%C3%A8res","/wiki/Saint-Maurice,_Puy-de-D%C3%B4me","/wiki/Saint-Maurice-pr%C3%A8s-Pionsat","/wiki/Saint-Myon","/wiki/Saint-Nectaire,_Puy-de-D%C3%B4me","/wiki/Saint-Ours,_Puy-de-D%C3%B4me","/wiki/Saint-Pardoux,_Puy-de-D%C3%B4me","/wiki/Saint-Pierre-Colamine","/wiki/Saint-Pierre-la-Bourlhonne","/wiki/Saint-Pierre-le-Chastel","/wiki/Saint-Pierre-Roche","/wiki/Saint-Priest-Bramefant","/wiki/Saint-Priest-des-Champs","/wiki/Saint-Quentin-sur-Sauxillanges","/wiki/Saint-Quintin-sur-Sioule","/wiki/Saint-R%C3%A9my-de-Blot","/wiki/Saint-R%C3%A9my-de-Chargnat","/wiki/Saint-R%C3%A9my-sur-Durolle","/wiki/Saint-Romain,_Puy-de-D%C3%B4me","/wiki/Saint-Sandoux","/wiki/Saint-Saturnin,_Puy-de-D%C3%B4me","/wiki/Saint-Sauves-d%27Auvergne","/wiki/Saint-Sauveur-la-Sagne","/wiki/Saint-Sulpice,_Puy-de-D%C3%B4me","/wiki/Saint-Sylvestre-Pragoulin","/wiki/Saint-Victor-la-Rivi%C3%A8re","/wiki/Saint-Victor-Montvianeix","/wiki/Saint-Vincent,_Puy-de-D%C3%B4me","/wiki/Saint-Yvoine","/wiki/Sall%C3%A8des","/wiki/Sardon","/wiki/Saulzet-le-Froid","/wiki/Sauret-Besserve","/wiki/Saurier","/wiki/Sauvagnat","/wiki/Sauvagnat-Sainte-Marthe","/wiki/Sauvessanges","/wiki/La_Sauvetat,_Puy-de-D%C3%B4me","/wiki/Sauviat","/wiki/Sauxillanges","/wiki/Savennes,_Puy-de-D%C3%B4me","/wiki/Sayat","/wiki/Sermentizon","/wiki/Servant,_Puy-de-D%C3%B4me","/wiki/Seychalles","/wiki/Singles,_Puy-de-D%C3%B4me","/wiki/Solignat","/wiki/Sug%C3%A8res","/wiki/Surat,_Puy-de-D%C3%B4me","/wiki/Tallende","/wiki/Tauves","/wiki/Teilh%C3%A8de","/wiki/Teilhet,_Puy-de-D%C3%B4me","/wiki/Ternant-les-Eaux","/wiki/Thiers,_Puy-de-D%C3%B4me","/wiki/Thioli%C3%A8res","/wiki/Thuret,_Puy-de-D%C3%B4me","/wiki/Tortebesse","/wiki/La_Tour-d%27Auvergne","/wiki/Tours-sur-Meymont","/wiki/Tourzel-Ronzi%C3%A8res","/wiki/Tralaigues","/wiki/Tr%C3%A9mouille-Saint-Loup","/wiki/Tr%C3%A9zioux","/wiki/Usson,_Puy-de-D%C3%B4me","/wiki/Valbeleix","/wiki/Valcivi%C3%A8res","/wiki/Valz-sous-Ch%C3%A2teauneuf","/wiki/Varennes-sur-Morge","/wiki/Varennes-sur-Usson","/wiki/Vassel","/wiki/Vensat","/wiki/Vergheas","/wiki/Vernet-la-Varenne","/wiki/Le_Vernet-Sainte-Marguerite","/wiki/Verneugheol","/wiki/Vernines","/wiki/Verri%C3%A8res,_Puy-de-D%C3%B4me","/wiki/Vertaizon","/wiki/Vertolaye","/wiki/Veyre-Monton","/wiki/Vic-le-Comte","/wiki/Vichel","/wiki/Villeneuve,_Puy-de-D%C3%B4me","/wiki/Villeneuve-les-Cerfs","/wiki/Villosanges","/wiki/Vinzelles,_Puy-de-D%C3%B4me","/wiki/Virlet","/wiki/Viscomtat","/wiki/Vitrac,_Puy-de-D%C3%B4me","/wiki/Viverols","/wiki/Vodable","/wiki/Voingt","/wiki/Vollore-Montagne","/wiki/Vollore-Ville","/wiki/Volvic","/wiki/Youx","/wiki/Yronde-et-Buron","/wiki/Yssac-la-Tourette","/wiki/File:Blason63.PNG","//upload.wikimedia.org/wikipedia/commons/thumb/5/50/Blason63.PNG/27px-Blason63.PNG","/wiki/Wikipedia:Stub","//en.wikipedia.org/w/index.php?title=Ars-les-Favets&action=edit","/wiki/Template:PuyD%C3%B4me-geo-stub","/wiki/Template_talk:PuyD%C3%B4me-geo-stub","//en.wikipedia.org/w/index.php?title=Template:PuyD%C3%B4me-geo-stub&action=edit","http://en.wikipedia.org/w/index.php?title=Ars-les-Favets&oldid=545167633","/wiki/Help:Categories","/wiki/Category:Communes_of_Puy-de-D%C3%B4me","/wiki/Category:Puy-de-D%C3%B4me_geography_stubs","/w/index.php?title=Special:UserLogin&returnto=Ars-les-Favets&type=signup","/w/index.php?title=Special:UserLogin&returnto=Ars-les-Favets","/wiki/Ars-les-Favets","/wiki/Talk:Ars-les-Favets","#","/wiki/Ars-les-Favets","/w/index.php?title=Ars-les-Favets&action=edit","/w/index.php?title=Ars-les-Favets&action=history","#","/w/index.php","//bits.wikimedia.org/static-1.22wmf9/skins/vector/images/search-ltr.png?303-4","/wiki/Main_Page","/wiki/Main_Page","/wiki/Portal:Contents","/wiki/Portal:Featured_content","/wiki/Portal:Current_events","/wiki/Special:Random","//donate.wikimedia.org/wiki/Special:FundraiserRedirector?utm_source=donate&utm_medium=sidebar&utm_campaign=C13_en.wikipedia.org&uselang=en","/wiki/Help:Contents","/wiki/Wikipedia:About","/wiki/Wikipedia:Community_portal","/wiki/Special:RecentChanges","//en.wikipedia.org/wiki/Wikipedia:Contact_us","/wiki/Special:WhatLinksHere/Ars-les-Favets","/wiki/Special:RecentChangesLinked/Ars-les-Favets","/wiki/Wikipedia:File_Upload_Wizard","/wiki/Special:SpecialPages","/w/index.php?title=Ars-les-Favets&oldid=545167633","/w/index.php?title=Ars-les-Favets&action=info","//www.wikidata.org/wiki/Q1047789","/w/index.php?title=Special:Cite&page=Ars-les-Favets&id=545167633","/w/index.php?title=Special:Book&bookcmd=book_creator&referer=Ars-les-Favets","/w/index.php?title=Special:Book&bookcmd=render_article&arttitle=Ars-les-Favets&oldid=545167633&writer=rl","/w/index.php?title=Ars-les-Favets&printable=yes","//ca.wikipedia.org/wiki/Ars-les-Favets","//ceb.wikipedia.org/wiki/Ars-les-Favets","//es.wikipedia.org/wiki/Ars-les-Favets","//eu.wikipedia.org/wiki/Ars-les-Favets","//fr.wikipedia.org/wiki/Ars-les-Favets","//it.wikipedia.org/wiki/Ars-les-Favets","//la.wikipedia.org/wiki/Ars-les-Favets","//mg.wikipedia.org/wiki/Ars-les-Favets","//ms.wikipedia.org/wiki/Ars-les-Favets","//nl.wikipedia.org/wiki/Ars-les-Favets","//oc.wikipedia.org/wiki/Ars-les-Favets","//uz.wikipedia.org/wiki/Ars-les-Favets","//pms.wikipedia.org/wiki/Ars-les-Favets","//pl.wikipedia.org/wiki/Ars-les-Favets","//pt.wikipedia.org/wiki/Ars-les-Favets","//ro.wikipedia.org/wiki/Ars-les-Favets","//sk.wikipedia.org/wiki/Ars-les-Favets","//sr.wikipedia.org/wiki/%D0%90%D1%80_%D0%BB%D0%B5_%D0%A4%D0%B0%D0%B2%D0%B5","//sv.wikipedia.org/wiki/Ars-les-Favets","//uk.wikipedia.org/wiki/%D0%90%D1%80%D1%81-%D0%BB%D0%B5-%D0%A4%D0%B0%D0%B2%D0%B5%D1%82","//vi.wikipedia.org/wiki/Ars-les-Favets","//vo.wikipedia.org/wiki/Ars-les-Favets","//war.wikipedia.org/wiki/Ars-les-Favets","//zh.wikipedia.org/wiki/%E9%98%BF%E5%B0%94%E8%8E%B1%E6%B3%95%E9%9F%A6%E7%89%B9","#","//www.wikidata.org/wiki/Q1047789#sitelinks-wikipedia","//en.wikipedia.org/wiki/Wikipedia:Text_of_Creative_Commons_Attribution-ShareAlike_3.0_Unported_License","//creativecommons.org/licenses/by-sa/3.0/","//wikimediafoundation.org/wiki/Terms_of_Use","//wikimediafoundation.org/wiki/Privacy_policy","//www.wikimediafoundation.org/","//wikimediafoundation.org/wiki/Privacy_policy","/wiki/Wikipedia:About","/wiki/Wikipedia:General_disclaimer","//en.wikipedia.org/wiki/Wikipedia:Contact_us","//en.m.wikipedia.org/wiki/Ars-les-Favets","//wikimediafoundation.org/","//bits.wikimedia.org/images/wikimedia-button.png","//www.mediawiki.org/","//bits.wikimedia.org/static-1.22wmf9/skins/common/images/poweredby_mediawiki_88x31.png","//bits.wikimedia.org/en.wikipedia.org/load.php?debug=false&lang=en&modules=site&only=scripts&skin=vector&*"],"instances":["region"],"pdf":[],"categories":["Communes of Puy-de-Dôme"],"headings":["Population","See also","References"],"image":["//upload.wikimedia.org/wikipedia/commons/thumb/3/3b/France_location_map-Regions_and_departements.svg/270px-France_location_map-Regions_and_departements.svg.png","//upload.wikimedia.org/wikipedia/en/thumb/0/0c/Red_pog.svg/6px-Red_pog.svg.png","//upload.wikimedia.org/wikipedia/commons/6/68/Auvergne-Loc.png","//upload.wikimedia.org/wikipedia/en/thumb/0/0c/Red_pog.svg/6px-Red_pog.svg.png","//upload.wikimedia.org/wikipedia/en/thumb/c/c3/Flag_of_France.svg/17px-Flag_of_France.svg.png","//upload.wikimedia.org/wikipedia/commons/thumb/5/50/Blason63.PNG/27px-Blason63.PNG","//bits.wikimedia.org/static-1.22wmf9/skins/vector/images/search-ltr.png?303-4","//bits.wikimedia.org/images/wikimedia-button.png","//bits.wikimedia.org/static-1.22wmf9/skins/common/images/poweredby_mediawiki_88x31.png"],"tags":[["auvergne","region"]],"members":["auvergne"],"related":["Communes_of_France","Puy-de-Dôme","Departments_of_France","Auvergne_(region)","France","Communes_of_the_Puy-de-Dôme_department"]}