{"cursor":"19891","size":15,"audio":[],"currentlang":"en","article":"{{ infobox settlement\n| official_name = Goffstown, New Hampshire nickname = motto = image_skyline =\n| image_seal = Goffstown, NH Town Seal.png imagesize = image_caption =\n| image_flag = image_map = Hillsborough-Goffstown-NH.png mapsize = 250px\n| map_caption = Location in Hillsborough County, New Hampshire settlement_type =\n| Town image_map1 = mapsize1 = map_caption1 = coordinates_display = inline,title\n| coordinates_region = US-NH subdivision_type = Country subdivision_name =\n| United States subdivision_type1 = State subdivision_name1 = New Hampshire\n| subdivision_type2 = County subdivision_name2 = Hillsborough government_type =\n| leader_title = Board of Selectmen leader_name = Collis Adams, Chair Mark\n| Lemay John \"Allen\" Brown Nick Campasano Philip A. D'Avanza http://www.goffstown.com/board-of-\n| selectmen.html established_title = Incorporated established_date = 1761\n| area_magnitude = 1 E8 area_total_km2 = 97.2 area_total_sq_mi = 37.5\n| area_land_km2 = 95.5 area_land_sq_mi = 36.9 area_water_km2 = 1.6\n| area_water_sq_mi = 0.6 area_water_percent = 1.65 population_as_of = 2010\n| population_note = population_total = 17651 population_density_km2 =\n| population_density_sq_mi = timezone =\nEST (UTC-05)\n| timezone_DST =\nEDT (UTC-04)\n| latd = 43 latm = 01 |lats = 13 latNS = N longd = 71 longm = 36 |longs = 01\n| longEW = W elevation_m = 94 elevation_ft = 308 website = postal_code_type =\n| ZIP code postal_code = 03045 area_code = 603 blank_name = FIPS code blank_info\n| = 33-29860 blank1_name = GNIS feature ID blank1_info = 0873606 footnotes =\n}}\n\n'Goffstown' is a town in Hillsborough County, New Hampshire, United States. The\npopulation was 17,651 at the 2010 census. United States\nCensus Bureau, [http://factfinder2.census.gov/main.html American FactFinder],\n2010 Census figures. Retrieved March 23, 2011. The compact center of town,\nwhere 3,196 people resided at the 2010 census, is defined\nby the U.S. Census Bureau as the Goffstown census-designated place and is\nlocated at the junction of New Hampshire routes 114 and 13. Goffstown also\nincludes the villages of Grasmere and Pinardville. The town is home to Saint\nAnselm College (and its New Hampshire Institute of Politics) and the New\nHampshire State Prison for Women.\n","linknr":931,"url":"Goffstown,_NH","recorded":1375083518,"links":["/w/index.php?title=Goffstown,_New_Hampshire&action=edit","/w/index.php?title=Goffstown,_New_Hampshire&action=edit","//bits.wikimedia.org/favicon/wikipedia.ico","/w/opensearch_desc.php","//en.wikipedia.org/w/api.php?action=rsd","//creativecommons.org/licenses/by-sa/3.0/","/w/index.php?title=Special:RecentChanges&feed=atom","/wiki/Goffstown,_New_Hampshire","//bits.wikimedia.org/en.wikipedia.org/load.php?debug=false&lang=en&modules=ext.gadget.DRN-wizard%2CReferenceTooltips%2Ccharinsert%2Cteahouse%7Cext.rtlcite%2Cwikihiero%7Cext.uls.nojs%7Cmediawiki.legacy.commonPrint%2Cshared%7Cmw.PopUpMediaTransform%7Cskins.vector&only=styles&skin=vector&*","//bits.wikimedia.org/en.wikipedia.org/load.php?debug=false&lang=en&modules=site&only=styles&skin=vector&*","//bits.wikimedia.org/en.wikipedia.org/load.php?debug=false&lang=en&modules=startup&only=scripts&skin=vector&*","//bits.wikimedia.org/geoiplookup","//meta.wikimedia.org","/w/index.php?title=Goffstown,_NH&redirect=no","#mw-navigation","#p-search","/wiki/File:Goffstown,_NH_Town_Seal.png","//upload.wikimedia.org/wikipedia/en/thumb/3/38/Goffstown%2C_NH_Town_Seal.png/100px-Goffstown%2C_NH_Town_Seal.png","/wiki/File:Hillsborough-Goffstown-NH.png","//upload.wikimedia.org/wikipedia/commons/thumb/6/6b/Hillsborough-Goffstown-NH.png/250px-Hillsborough-Goffstown-NH.png","/wiki/Hillsborough_County,_New_Hampshire","//tools.wmflabs.org/geohack/geohack.php?pagename=Goffstown,_New_Hampshire&params=43_01_13_N_71_36_01_W_type:city(17651)_region:US-NH","/wiki/Geographic_coordinate_system","//tools.wmflabs.org/geohack/geohack.php?pagename=Goffstown,_New_Hampshire&params=43_01_13_N_71_36_01_W_type:city(17651)_region:US-NH","/wiki/List_of_countries","/wiki/United_States","/wiki/Political_divisions_of_the_United_States","/wiki/New_Hampshire","/wiki/List_of_counties_in_New_Hampshire","/wiki/Hillsborough_County,_New_Hampshire","/wiki/Incorporation_(municipal_government)","/wiki/Board_of_Selectmen","#cite_note-1","/wiki/1_E%2B7_m%C2%B2","/wiki/Time_zone","/wiki/Eastern_Time_Zone","/wiki/UTC-05","/wiki/Daylight_saving_time","/wiki/Eastern_Daylight_Time","/wiki/UTC-04","/wiki/UTC","/wiki/ZIP_code","/wiki/Telephone_numbering_plan","/wiki/Area_code_603","/wiki/Federal_Information_Processing_Standard","/wiki/Geographic_Names_Information_System","http://www.goffstown.com","/wiki/Hillsborough_County,_New_Hampshire","/wiki/New_Hampshire","/wiki/United_States","#cite_note-Census2010-2","#cite_note-Census2010-2","/wiki/Census-designated_place","/wiki/New_Hampshire_Route_114","/wiki/New_Hampshire_Route_13","/wiki/Grasmere,_New_Hampshire","/wiki/Pinardville,_New_Hampshire","/wiki/Saint_Anselm_College","/wiki/Saint_Anselm_College#New_Hampshire_Institute_of_Politics","/wiki/New_Hampshire_State_Prison_for_Women","#History","#Geography","#Neighboring_cities_and_towns","#Demographics","#Law_and_government","#Education","#Primary_and_secondary","#Post-secondary","#Notable_natives_and_residents","#References","#External_links","/w/index.php?title=Goffstown,_New_Hampshire&action=edit&section=1","/wiki/File:Piscataquog_River_%26_Goffstown,_NH.jpg","//upload.wikimedia.org/wikipedia/commons/thumb/0/06/Piscataquog_River_%26_Goffstown%2C_NH.jpg/220px-Piscataquog_River_%26_Goffstown%2C_NH.jpg","/wiki/File:Piscataquog_River_%26_Goffstown,_NH.jpg","//bits.wikimedia.org/static-1.22wmf11/skins/common/images/magnify-clip.png","/wiki/File:Uncanoonuc_Hotel,_Goffstown,_NH.jpg","//upload.wikimedia.org/wikipedia/commons/thumb/c/cf/Uncanoonuc_Hotel%2C_Goffstown%2C_NH.jpg/220px-Uncanoonuc_Hotel%2C_Goffstown%2C_NH.jpg","/wiki/File:Uncanoonuc_Hotel,_Goffstown,_NH.jpg","//bits.wikimedia.org/static-1.22wmf11/skins/common/images/magnify-clip.png","/wiki/Indigenous_peoples_of_the_Americas","#cite_note-jacobs-mansfield-3","/wiki/Colony","/wiki/Jonathan_Belcher","/wiki/King_Philip%27s_War","/wiki/Greenwich,_Massachusetts","/wiki/Benning_Wentworth","/wiki/John_Goffe","/wiki/Bedford,_New_Hampshire","#cite_note-jacobs-mansfield-3","#cite_note-jacobs-mansfield-3","/wiki/Grasmere,_New_Hampshire","/wiki/Grasmere","/wiki/William_Wordsworth","/wiki/Samuel_Taylor_Coleridge","/wiki/Congregational_church","/wiki/Ulster_Scots_people","/wiki/Presbyterian","#cite_note-jacobs-mansfield-3","/wiki/David_L._Morril","#cite_note-jacobs-mansfield-3","/wiki/Piscataquog_River","/wiki/Water_power","/wiki/Sawmill","/wiki/Carding","/wiki/Cotton","/wiki/American_South","/wiki/Slavery_in_the_United_States","#cite_note-jacobs-mansfield-3","/w/index.php?title=Piscataquog_river&action=edit&redlink=1","/wiki/Merrimack_River","/wiki/Royal_Navy","#cite_note-jacobs-mansfield-3","/wiki/File:Uncanoonuc_Incline_Railway.jpg","//upload.wikimedia.org/wikipedia/commons/thumb/e/ed/Uncanoonuc_Incline_Railway.jpg/220px-Uncanoonuc_Incline_Railway.jpg","/wiki/File:Uncanoonuc_Incline_Railway.jpg","//bits.wikimedia.org/static-1.22wmf11/skins/common/images/magnify-clip.png","/wiki/Baptist","#cite_note-jacobs-mansfield-3","/wiki/Amoskeag_Falls","/wiki/Merrimack_River","/wiki/New_Boston,_New_Hampshire","#cite_note-jacobs-mansfield-3","/wiki/Methodism","#cite_note-jacobs-mansfield-3","/wiki/Uncanoonuc_Mountains","/wiki/Manchester,_New_Hampshire","/wiki/Tram","/wiki/Railway","/wiki/Alpine_skiing","#cite_note-4","/wiki/Rails-to-trails","/wiki/New_Hampshire_State_Prison_for_Women","/wiki/Pamela_Smart","/wiki/Bedford_Hills_Correctional_Facility","/wiki/Bedford_(town),_New_York","/w/index.php?title=Goffstown,_New_Hampshire&action=edit&section=2","/wiki/File:Westlawn_Cemetery_%C2%B7_Goffstown,_New_Hampshire_%C2%B7_20080602_02.jpg","//upload.wikimedia.org/wikipedia/commons/thumb/2/2a/Westlawn_Cemetery_%C2%B7_Goffstown%2C_New_Hampshire_%C2%B7_20080602_02.jpg/220px-Westlawn_Cemetery_%C2%B7_Goffstown%2C_New_Hampshire_%C2%B7_20080602_02.jpg","/wiki/File:Westlawn_Cemetery_%C2%B7_Goffstown,_New_Hampshire_%C2%B7_20080602_02.jpg","//bits.wikimedia.org/static-1.22wmf11/skins/common/images/magnify-clip.png","/wiki/Hillsborough_County,_New_Hampshire","/wiki/Manchester,_New_Hampshire","/wiki/Concord,_New_Hampshire","/wiki/Piscataquog_River","/wiki/New_Hampshire_Route_13","/wiki/New_Hampshire_Route_114","/wiki/Grasmere,_New_Hampshire","/wiki/Pinardville,_New_Hampshire","/wiki/United_States_Census_Bureau","/wiki/Uncanoonuc_Mountains","/wiki/Sea_level","/wiki/K%C3%B6ppen_climate_classification","/wiki/Piscataquog_River","/wiki/Merrimack_River","/wiki/Drainage_basin","#cite_note-watershed-5","/w/index.php?title=Goffstown,_New_Hampshire&action=edit&section=3","//upload.wikimedia.org/wikipedia/commons/8/8b/Compass_rose_pale-50x50.png","/wiki/Weare,_New_Hampshire","/wiki/Dunbarton,_New_Hampshire","/wiki/Hooksett,_New_Hampshire","//upload.wikimedia.org/wikipedia/commons/8/8b/Compass_rose_pale-50x50.png","/wiki/New_Boston,_New_Hampshire","//upload.wikimedia.org/wikipedia/commons/thumb/4/44/North.svg/17px-North.svg.png","/wiki/Manchester,_New_Hampshire","//upload.wikimedia.org/wikipedia/commons/thumb/f/f0/West.svg/17px-West.svg.png","//upload.wikimedia.org/wikipedia/commons/thumb/5/5d/Boxed_East_arrow.svg/17px-Boxed_East_arrow.svg.png","//upload.wikimedia.org/wikipedia/commons/thumb/c/cd/South.svg/17px-South.svg.png","/wiki/New_Boston,_New_Hampshire","/wiki/Bedford,_New_Hampshire","/wiki/Manchester,_New_Hampshire","/w/index.php?title=Goffstown,_New_Hampshire&action=edit&section=4","/wiki/Census","#cite_note-GR2-6","/wiki/Population_density","/wiki/White_(U.S._Census)","/wiki/African_American_(U.S._Census)","/wiki/Native_American_(U.S._Census)","/wiki/Asian_(U.S._Census)","/wiki/Pacific_Islander_(U.S._Census)","/wiki/Race_(United_States_Census)","/wiki/Hispanic_(U.S._Census)","/wiki/Latino_(U.S._Census)","/wiki/Marriage","/wiki/Per_capita_income","/wiki/Poverty_line","/w/index.php?title=Goffstown,_New_Hampshire&action=edit&section=5","/wiki/File:New_Hampshire_State_Prison_for_Women_2008.jpg","//upload.wikimedia.org/wikipedia/commons/thumb/0/03/New_Hampshire_State_Prison_for_Women_2008.jpg/220px-New_Hampshire_State_Prison_for_Women_2008.jpg","/wiki/File:New_Hampshire_State_Prison_for_Women_2008.jpg","//bits.wikimedia.org/static-1.22wmf11/skins/common/images/magnify-clip.png","/wiki/New_Hampshire_State_Prison_for_Women","/wiki/New_Hampshire_Department_of_Corrections","/wiki/New_Hampshire_State_Prison_for_Women","/wiki/United_States_Postal_Service","#cite_note-7","/w/index.php?title=Goffstown,_New_Hampshire&action=edit&section=6","/w/index.php?title=School_Administrative_Unit_19&action=edit&redlink=1","/wiki/Dunbarton,_New_Hampshire","/w/index.php?title=Goffstown,_New_Hampshire&action=edit&section=7","/wiki/File:Maple_Avenue_Elementary_School_%C2%B7_Goffstown,_New_Hampshire_%C2%B7_20080602.jpg","//upload.wikimedia.org/wikipedia/commons/thumb/c/c6/Maple_Avenue_Elementary_School_%C2%B7_Goffstown%2C_New_Hampshire_%C2%B7_20080602.jpg/220px-Maple_Avenue_Elementary_School_%C2%B7_Goffstown%2C_New_Hampshire_%C2%B7_20080602.jpg","/wiki/File:Maple_Avenue_Elementary_School_%C2%B7_Goffstown,_New_Hampshire_%C2%B7_20080602.jpg","//bits.wikimedia.org/static-1.22wmf11/skins/common/images/magnify-clip.png","/w/index.php?title=Bartlett_Elementary_School&action=edit&redlink=1","/wiki/Goffstown_High_School","/wiki/Villa_Augustina_School","/wiki/Roman_Catholic_Church","/w/index.php?title=Goffstown,_New_Hampshire&action=edit&section=8","/wiki/File:Alumni_Hall_1889_Sun.jpg","//upload.wikimedia.org/wikipedia/commons/thumb/6/60/Alumni_Hall_1889_Sun.jpg/250px-Alumni_Hall_1889_Sun.jpg","/wiki/File:Alumni_Hall_1889_Sun.jpg","//bits.wikimedia.org/static-1.22wmf11/skins/common/images/magnify-clip.png","/wiki/Saint_Anselm_College","/wiki/Saint_Anselm_College","/wiki/Saint_Anselm_College#New_Hampshire_Institute_of_Politics","/wiki/New_Hampshire_primary","/w/index.php?title=Goffstown,_New_Hampshire&action=edit&section=9","/wiki/David_L._Morril","/w/index.php?title=Goffstown,_New_Hampshire&action=edit&section=10","#cite_ref-1","http://www.goffstown.com/board-of-selectmen.html","#cite_ref-Census2010_2-0","#cite_ref-Census2010_2-1","http://factfinder2.census.gov/main.html","#cite_ref-jacobs-mansfield_3-0","#cite_ref-jacobs-mansfield_3-1","#cite_ref-jacobs-mansfield_3-2","#cite_ref-jacobs-mansfield_3-3","#cite_ref-jacobs-mansfield_3-4","#cite_ref-jacobs-mansfield_3-5","#cite_ref-jacobs-mansfield_3-6","#cite_ref-jacobs-mansfield_3-7","#cite_ref-jacobs-mansfield_3-8","#cite_ref-jacobs-mansfield_3-9","/w/index.php?title=Austin_Jacobs_Coolidge&action=edit&redlink=1","/w/index.php?title=John_Brainard_Mansfield&action=edit&redlink=1","http://books.google.com/books?id=OcoMAAAAYAAJ&printsec=titlepage#PPA502,M1","#cite_ref-4","http://books.google.com/books?id=8u4WAAAAIAAJ","/wiki/Burlington,_Vermont","/wiki/Vermont","/w/index.php?title=Walton_Register_Company&action=edit&redlink=1","http://books.google.com/books?id=8u4WAAAAIAAJ&pg=PA109","http://books.google.com/books?id=8u4WAAAAIAAJ&pg=PA112","#cite_ref-watershed_5-0","http://nh.water.usgs.gov/Publications/nh.intro.html","#cite_ref-GR2_6-0","http://factfinder.census.gov","/wiki/United_States_Census_Bureau","#cite_ref-7","http://usps.whitepages.com/service/post_office/goffstown-11-church-st-ste-1-goffstown-nh-1365066","/wiki/United_States_Postal_Service","/w/index.php?title=Goffstown,_New_Hampshire&action=edit&section=11","/wiki/File:Flag_of_New_Hampshire.svg","//upload.wikimedia.org/wikipedia/commons/thumb/2/28/Flag_of_New_Hampshire.svg/32px-Flag_of_New_Hampshire.svg.png","/wiki/Portal:New_Hampshire","//upload.wikimedia.org/wikipedia/en/thumb/4/4a/Commons-logo.svg/30px-Commons-logo.svg.png","//commons.wikimedia.org/wiki/Category:Goffstown,_New_Hampshire","http://www.goffstown.com","http://www.goffstownlibrary.com/","http://www.rootsweb.com/~nhghs/","http://www.footnote.com/browse.php#15572814","http://www.nhes.nh.gov/elmi/products/cp/profiles-htm/goffstown.htm","/wiki/Template:Hillsborough_County,_New_Hampshire","/wiki/Template_talk:Hillsborough_County,_New_Hampshire","//en.wikipedia.org/w/index.php?title=Template:Hillsborough_County,_New_Hampshire&action=edit","/wiki/Hillsborough_County,_New_Hampshire","/wiki/County_seat","/wiki/Manchester,_New_Hampshire","/wiki/Nashua,_New_Hampshire","/wiki/City_(New_Hampshire)","/wiki/Manchester,_New_Hampshire","/wiki/Nashua,_New_Hampshire","//upload.wikimedia.org/wikipedia/commons/thumb/f/fb/Map_of_New_Hampshire_highlighting_Hillsborough_County.svg/80px-Map_of_New_Hampshire_highlighting_Hillsborough_County.svg.png","/wiki/New_England_town","/wiki/Amherst,_New_Hampshire","/wiki/Antrim,_New_Hampshire","/wiki/Bedford,_New_Hampshire","/wiki/Bennington,_New_Hampshire","/wiki/Brookline,_New_Hampshire","/wiki/Deering,_New_Hampshire","/wiki/Francestown,_New_Hampshire","/wiki/Greenfield,_New_Hampshire","/wiki/Greenville,_New_Hampshire","/wiki/Hancock,_New_Hampshire","/wiki/Hillsborough,_New_Hampshire","/wiki/Hollis,_New_Hampshire","/wiki/Hudson,_New_Hampshire","/wiki/Litchfield,_New_Hampshire","/wiki/Lyndeborough,_New_Hampshire","/wiki/Mason,_New_Hampshire","/wiki/Merrimack,_New_Hampshire","/wiki/Milford,_New_Hampshire","/wiki/Mont_Vernon,_New_Hampshire","/wiki/New_Boston,_New_Hampshire","/wiki/New_Ipswich,_New_Hampshire","/wiki/Pelham,_New_Hampshire","/wiki/Peterborough,_New_Hampshire","/wiki/Sharon,_New_Hampshire","/wiki/Temple,_New_Hampshire","/wiki/Weare,_New_Hampshire","/wiki/Wilton,_New_Hampshire","/wiki/Windsor,_New_Hampshire","/wiki/Census-designated_place","/wiki/Amherst_(CDP),_New_Hampshire","/wiki/Antrim_(CDP),_New_Hampshire","/wiki/Bennington_(CDP),_New_Hampshire","/wiki/East_Merrimack,_New_Hampshire","/wiki/Goffstown_(CDP),_New_Hampshire","/wiki/Greenville_(CDP),_New_Hampshire","/wiki/Hancock_(CDP),_New_Hampshire","/wiki/Hillsborough_(CDP),_New_Hampshire","/wiki/Hudson_(CDP),_New_Hampshire","/wiki/Milford_(CDP),_New_Hampshire","/wiki/Peterborough_(CDP),_New_Hampshire","/wiki/Pinardville,_New_Hampshire","/wiki/Wilton_(CDP),_New_Hampshire","/wiki/Village_(New_Hampshire)","/wiki/Grasmere,_New_Hampshire","/wiki/West_Peterborough,_New_Hampshire","/wiki/Template:New_Hampshire","/wiki/Template_talk:New_Hampshire","//en.wikipedia.org/w/index.php?title=Template:New_Hampshire&action=edit","//upload.wikimedia.org/wikipedia/commons/thumb/2/28/Flag_of_New_Hampshire.svg/23px-Flag_of_New_Hampshire.svg.png","/wiki/U.S._state","/wiki/New_Hampshire","/wiki/Concord,_New_Hampshire","/wiki/Category:New_Hampshire","/wiki/History_of_New_Hampshire","/wiki/New_Hampshire#Geography","/wiki/List_of_people_from_New_Hampshire","/wiki/Government_of_New_Hampshire","/wiki/United_States_congressional_delegations_from_New_Hampshire","/wiki/New_Hampshire_Constitution","/wiki/New_Hampshire_General_Court","/wiki/Executive_Council_of_New_Hampshire","/wiki/Governor_of_New_Hampshire","/wiki/New_Hampshire_Supreme_Court","/wiki/Elections_in_New_Hampshire","/wiki/List_of_New_Hampshire_state_symbols","/wiki/Category:Visitor_attractions_in_New_Hampshire","/wiki/Culture_of_New_Hampshire","/wiki/Crime_in_New_Hampshire","/wiki/Demographics_of_New_Hampshire","/wiki/Economy_of_New_Hampshire","/wiki/Education_in_New_Hampshire","/wiki/Politics_of_New_Hampshire","/wiki/List_of_regions_of_the_United_States#New_Hampshire","/wiki/Dartmouth%E2%80%93Lake_Sunapee_Region","/wiki/Great_North_Woods_Region_(New_Hampshire)","/wiki/Lakes_Region_(New_Hampshire)","/wiki/Merrimack_Valley_Region","/wiki/Monadnock_Region","/wiki/Seacoast_Region_(New_Hampshire)","/wiki/White_Mountains_Region","/wiki/List_of_counties_in_New_Hampshire","/wiki/Belknap_County,_New_Hampshire","/wiki/Carroll_County,_New_Hampshire","/wiki/Cheshire_County,_New_Hampshire","/wiki/Co%C3%B6s_County,_New_Hampshire","/wiki/Grafton_County,_New_Hampshire","/wiki/Hillsborough_County,_New_Hampshire","/wiki/Merrimack_County,_New_Hampshire","/wiki/Rockingham_County,_New_Hampshire","/wiki/Strafford_County,_New_Hampshire","/wiki/Sullivan_County,_New_Hampshire","/wiki/List_of_cities_in_New_Hampshire","/wiki/Berlin,_New_Hampshire","/wiki/Claremont,_New_Hampshire","/wiki/Concord,_New_Hampshire","/wiki/Dover,_New_Hampshire","/wiki/Franklin,_New_Hampshire","/wiki/Keene,_New_Hampshire","/wiki/Laconia,_New_Hampshire","/wiki/Lebanon,_New_Hampshire","/wiki/Manchester,_New_Hampshire","/wiki/Nashua,_New_Hampshire","/wiki/Portsmouth,_New_Hampshire","/wiki/Rochester,_New_Hampshire","/wiki/Somersworth,_New_Hampshire","/wiki/List_of_towns_in_New_Hampshire","/wiki/Acworth,_New_Hampshire","/wiki/Albany,_New_Hampshire","/wiki/Alexandria,_New_Hampshire","/wiki/Allenstown,_New_Hampshire","/wiki/Alstead,_New_Hampshire","/wiki/Alton,_New_Hampshire","/wiki/Amherst,_New_Hampshire","/wiki/Andover,_New_Hampshire","/wiki/Antrim,_New_Hampshire","/wiki/Ashland,_New_Hampshire","/wiki/Atkinson,_New_Hampshire","/wiki/Auburn,_New_Hampshire","/wiki/Barnstead,_New_Hampshire","/wiki/Barrington,_New_Hampshire","/wiki/Bartlett,_New_Hampshire","/wiki/Bath,_New_Hampshire","/wiki/Bedford,_New_Hampshire","/wiki/Belmont,_New_Hampshire","/wiki/Bennington,_New_Hampshire","/wiki/Benton,_New_Hampshire","/wiki/Bethlehem,_New_Hampshire","/wiki/Boscawen,_New_Hampshire","/wiki/Bow,_New_Hampshire","/wiki/Bradford,_New_Hampshire","/wiki/Brentwood,_New_Hampshire","/wiki/Bridgewater,_New_Hampshire","/wiki/Bristol,_New_Hampshire","/wiki/Brookfield,_New_Hampshire","/wiki/Brookline,_New_Hampshire","/wiki/Campton,_New_Hampshire","/wiki/Canaan,_New_Hampshire","/wiki/Candia,_New_Hampshire","/wiki/Canterbury,_New_Hampshire","/wiki/Carroll,_New_Hampshire","/wiki/Center_Harbor,_New_Hampshire","/wiki/Charlestown,_New_Hampshire","/wiki/Chatham,_New_Hampshire","/wiki/Chester,_New_Hampshire","/wiki/Chesterfield,_New_Hampshire","/wiki/Chichester,_New_Hampshire","/wiki/Clarksville,_New_Hampshire","/wiki/Colebrook,_New_Hampshire","/wiki/Columbia,_New_Hampshire","/wiki/Conway,_New_Hampshire","/wiki/Cornish,_New_Hampshire","/wiki/Croydon,_New_Hampshire","/wiki/Dalton,_New_Hampshire","/wiki/Danbury,_New_Hampshire","/wiki/Danville,_New_Hampshire","/wiki/Deerfield,_New_Hampshire","/wiki/Deering,_New_Hampshire","/wiki/Derry,_New_Hampshire","/wiki/Dorchester,_New_Hampshire","/wiki/Dublin,_New_Hampshire","/wiki/Dummer,_New_Hampshire","/wiki/Dunbarton,_New_Hampshire","/wiki/Durham,_New_Hampshire","/wiki/East_Kingston,_New_Hampshire","/wiki/Easton,_New_Hampshire","/wiki/Eaton,_New_Hampshire","/wiki/Effingham,_New_Hampshire","/wiki/Ellsworth,_New_Hampshire","/wiki/Enfield,_New_Hampshire","/wiki/Epping,_New_Hampshire","/wiki/Epsom,_New_Hampshire","/wiki/Errol,_New_Hampshire","/wiki/Exeter,_New_Hampshire","/wiki/Farmington,_New_Hampshire","/wiki/Fitzwilliam,_New_Hampshire","/wiki/Francestown,_New_Hampshire","/wiki/Franconia,_New_Hampshire","/wiki/Freedom,_New_Hampshire","/wiki/Fremont,_New_Hampshire","/wiki/Gilford,_New_Hampshire","/wiki/Gilmanton,_New_Hampshire","/wiki/Gilsum,_New_Hampshire","/wiki/Gorham,_New_Hampshire","/wiki/Goshen,_New_Hampshire","/wiki/Grafton,_New_Hampshire","/wiki/Grantham,_New_Hampshire","/wiki/Greenfield,_New_Hampshire","/wiki/Greenland,_New_Hampshire","/wiki/Greenville,_New_Hampshire","/wiki/Groton,_New_Hampshire","/wiki/Hampstead,_New_Hampshire","/wiki/Hampton,_New_Hampshire","/wiki/Hampton_Falls,_New_Hampshire","/wiki/Hancock,_New_Hampshire","/wiki/Hanover,_New_Hampshire","/wiki/Harrisville,_New_Hampshire","/wiki/Hart%27s_Location,_New_Hampshire","/wiki/Haverhill,_New_Hampshire","/wiki/Hebron,_New_Hampshire","/wiki/Henniker,_New_Hampshire","/wiki/Hill,_New_Hampshire","/wiki/Hillsborough,_New_Hampshire","/wiki/Hinsdale,_New_Hampshire","/wiki/Holderness,_New_Hampshire","/wiki/Hollis,_New_Hampshire","/wiki/Hooksett,_New_Hampshire","/wiki/Hopkinton,_New_Hampshire","/wiki/Hudson,_New_Hampshire","/wiki/Jackson,_New_Hampshire","/wiki/Jaffrey,_New_Hampshire","/wiki/Jefferson,_New_Hampshire","/wiki/Kensington,_New_Hampshire","/wiki/Kingston,_New_Hampshire","/wiki/Lancaster,_New_Hampshire","/wiki/Landaff,_New_Hampshire","/wiki/Langdon,_New_Hampshire","/wiki/Lee,_New_Hampshire","/wiki/Lempster,_New_Hampshire","/wiki/Lincoln,_New_Hampshire","/wiki/Lisbon,_New_Hampshire","/wiki/Litchfield,_New_Hampshire","/wiki/Littleton,_New_Hampshire","/wiki/Londonderry,_New_Hampshire","/wiki/Loudon,_New_Hampshire","/wiki/Lyman,_New_Hampshire","/wiki/Lyme,_New_Hampshire","/wiki/Lyndeborough,_New_Hampshire","/wiki/Madbury,_New_Hampshire","/wiki/Madison,_New_Hampshire","/wiki/Marlborough,_New_Hampshire","/wiki/Marlow,_New_Hampshire","/wiki/Mason,_New_Hampshire","/wiki/Meredith,_New_Hampshire","/wiki/Merrimack,_New_Hampshire","/wiki/Middleton,_New_Hampshire","/wiki/Milan,_New_Hampshire","/wiki/Milford,_New_Hampshire","/wiki/Milton,_New_Hampshire","/wiki/Monroe,_New_Hampshire","/wiki/Mont_Vernon,_New_Hampshire","/wiki/Moultonborough,_New_Hampshire","/wiki/Nelson,_New_Hampshire","/wiki/New_Boston,_New_Hampshire","/wiki/Newbury,_New_Hampshire","/wiki/New_Castle,_New_Hampshire","/wiki/New_Durham,_New_Hampshire","/wiki/Newfields,_New_Hampshire","/wiki/New_Hampton,_New_Hampshire","/wiki/Newington,_New_Hampshire","/wiki/New_Ipswich,_New_Hampshire","/wiki/New_London,_New_Hampshire","/wiki/Newmarket,_New_Hampshire","/wiki/Newport,_New_Hampshire","/wiki/Newton,_New_Hampshire","/wiki/Northfield,_New_Hampshire","/wiki/North_Hampton,_New_Hampshire","/wiki/Northumberland,_New_Hampshire","/wiki/Northwood,_New_Hampshire","/wiki/Nottingham,_New_Hampshire","/wiki/Orange,_New_Hampshire","/wiki/Orford,_New_Hampshire","/wiki/Ossipee,_New_Hampshire","/wiki/Pelham,_New_Hampshire","/wiki/Pembroke,_New_Hampshire","/wiki/Peterborough,_New_Hampshire","/wiki/Piermont,_New_Hampshire","/wiki/Pittsburg,_New_Hampshire","/wiki/Pittsfield,_New_Hampshire","/wiki/Plainfield,_New_Hampshire","/wiki/Plaistow,_New_Hampshire","/wiki/Plymouth,_New_Hampshire","/wiki/Randolph,_New_Hampshire","/wiki/Raymond,_New_Hampshire","/wiki/Richmond,_New_Hampshire","/wiki/Rindge,_New_Hampshire","/wiki/Rollinsford,_New_Hampshire","/wiki/Roxbury,_New_Hampshire","/wiki/Rumney,_New_Hampshire","/wiki/Rye,_New_Hampshire","/wiki/Salem,_New_Hampshire","/wiki/Salisbury,_New_Hampshire","/wiki/Sanbornton,_New_Hampshire","/wiki/Sandown,_New_Hampshire","/wiki/Sandwich,_New_Hampshire","/wiki/Seabrook,_New_Hampshire","/wiki/Sharon,_New_Hampshire","/wiki/Shelburne,_New_Hampshire","/wiki/South_Hampton,_New_Hampshire","/wiki/Springfield,_New_Hampshire","/wiki/Stark,_New_Hampshire","/wiki/Stewartstown,_New_Hampshire","/wiki/Stoddard,_New_Hampshire","/wiki/Strafford,_New_Hampshire","/wiki/Stratford,_New_Hampshire","/wiki/Stratham,_New_Hampshire","/wiki/Sugar_Hill,_New_Hampshire","/wiki/Sullivan,_New_Hampshire","/wiki/Sunapee,_New_Hampshire","/wiki/Surry,_New_Hampshire","/wiki/Sutton,_New_Hampshire","/wiki/Swanzey,_New_Hampshire","/wiki/Tamworth,_New_Hampshire","/wiki/Temple,_New_Hampshire","/wiki/Thornton,_New_Hampshire","/wiki/Tilton,_New_Hampshire","/wiki/Troy,_New_Hampshire","/wiki/Tuftonboro,_New_Hampshire","/wiki/Unity,_New_Hampshire","/wiki/Wakefield,_New_Hampshire","/wiki/Walpole,_New_Hampshire","/wiki/Warner,_New_Hampshire","/wiki/Warren,_New_Hampshire","/wiki/Washington,_New_Hampshire","/wiki/Waterville_Valley,_New_Hampshire","/wiki/Weare,_New_Hampshire","/wiki/Webster,_New_Hampshire","/wiki/Wentworth,_New_Hampshire","/wiki/Westmoreland,_New_Hampshire","/wiki/Whitefield,_New_Hampshire","/wiki/Wilmot,_New_Hampshire","/wiki/Wilton,_New_Hampshire","/wiki/Winchester,_New_Hampshire","/wiki/Windham,_New_Hampshire","/wiki/Windsor,_New_Hampshire","/wiki/Wolfeboro,_New_Hampshire","/wiki/Woodstock,_New_Hampshire","/wiki/Category:Townships_in_New_Hampshire","/wiki/Atkinson_and_Gilmanton_Academy_Grant,_New_Hampshire","/wiki/Bean%27s_Grant,_New_Hampshire","/wiki/Bean%27s_Purchase,_New_Hampshire","/wiki/Cambridge,_New_Hampshire","/wiki/Chandler%27s_Purchase,_New_Hampshire","/wiki/Crawford%27s_Purchase,_New_Hampshire","/wiki/Cutt%27s_Grant,_New_Hampshire","/wiki/Dix%27s_Grant,_New_Hampshire","/wiki/Dixville,_New_Hampshire","/wiki/Erving%27s_Location,_New_Hampshire","/wiki/Green%27s_Grant,_New_Hampshire","/wiki/Hadley%27s_Purchase,_New_Hampshire","/wiki/Hale%27s_Location,_New_Hampshire","/wiki/Kilkenny,_New_Hampshire","/wiki/Livermore,_New_Hampshire","/wiki/Low_and_Burbank%27s_Grant,_New_Hampshire","/wiki/Martin%27s_Location,_New_Hampshire","/wiki/Millsfield,_New_Hampshire","/wiki/Odell,_New_Hampshire","/wiki/Pinkham%27s_Grant,_New_Hampshire","/wiki/Sargent%27s_Purchase,_New_Hampshire","/wiki/Second_College_Grant,_New_Hampshire","/wiki/Success,_New_Hampshire","/wiki/Thompson_and_Meserve%27s_Purchase,_New_Hampshire","/wiki/Wentworth%27s_Location,_New_Hampshire","/wiki/Template:Greater_Boston","/wiki/Template_talk:Greater_Boston","//en.wikipedia.org/w/index.php?title=Template:Greater_Boston&action=edit","/wiki/Greater_Boston","/wiki/Belknap_County,_New_Hampshire","/wiki/Bristol_County,_Massachusetts","/wiki/Bristol_County,_Rhode_Island","/wiki/Essex_County,_Massachusetts","/wiki/Hillsborough_County,_New_Hampshire","/wiki/Kent_County,_Rhode_Island","/wiki/Merrimack_County,_New_Hampshire","/wiki/Middlesex_County,_Massachusetts","/wiki/Newport_County,_Rhode_Island","/wiki/Norfolk_County,_Massachusetts","/wiki/Plymouth_County,_Massachusetts","/wiki/Providence_County,_Rhode_Island","/wiki/Rockingham_County,_New_Hampshire","/wiki/Strafford_County,_New_Hampshire","/wiki/Suffolk_County,_Massachusetts","/wiki/Washington_County,_Rhode_Island","/wiki/Worcester_County,_Massachusetts","/wiki/Boston","/wiki/Cambridge,_Massachusetts","/wiki/Lowell,_Massachusetts","/wiki/Manchester,_New_Hampshire","/wiki/Providence,_Rhode_Island","/wiki/Worcester,_Massachusetts","/wiki/Andover,_Massachusetts","/wiki/Arlington,_Massachusetts","/wiki/Attleboro,_Massachusetts","/wiki/Beverly,_Massachusetts","/wiki/Billerica,_Massachusetts","/wiki/Braintree,_Massachusetts","/wiki/Bridgewater,_Massachusetts","/wiki/Brockton,_Massachusetts","/wiki/Brookline,_Massachusetts","/wiki/Chelmsford,_Massachusetts","/wiki/Chelsea,_Massachusetts","/wiki/Concord,_New_Hampshire","/wiki/Coventry,_Rhode_Island","/wiki/Cranston,_Rhode_Island","/wiki/Cumberland,_Rhode_Island","/wiki/Danvers,_Massachusetts","/wiki/Dartmouth,_Massachusetts","/wiki/Derry,_New_Hampshire","/wiki/Dover,_New_Hampshire","/wiki/Dracut,_Massachusetts","/wiki/East_Providence,_Rhode_Island","/wiki/Everett,_Massachusetts","/wiki/Fall_River,_Massachusetts","/wiki/Fitchburg,_Massachusetts","/wiki/Framingham,_Massachusetts","/wiki/Franklin,_Massachusetts","/wiki/Gloucester,_Massachusetts","/wiki/Haverhill,_Massachusetts","/wiki/Johnston,_Rhode_Island","/wiki/Lawrence,_Massachusetts","/wiki/Leominster,_Massachusetts","/wiki/Lexington,_Massachusetts","/wiki/Lynn,_Massachusetts","/wiki/Malden,_Massachusetts","/wiki/Marlborough,_Massachusetts","/wiki/Marshfield,_Massachusetts","/wiki/Medford,_Massachusetts","/wiki/Melrose,_Massachusetts","/wiki/Merrimack,_New_Hampshire","/wiki/Methuen,_Massachusetts","/wiki/Milford,_Massachusetts","/wiki/Milton,_Massachusetts","/wiki/Nashua,_New_Hampshire","/wiki/Natick,_Massachusetts","/wiki/Needham,_Massachusetts","/wiki/New_Bedford,_Massachusetts","/wiki/Newport,_Rhode_Island","/wiki/Newton,_Massachusetts","/wiki/North_Andover,_Massachusetts","/wiki/North_Attleboro,_Massachusetts","/wiki/North_Kingstown,_Rhode_Island","/wiki/North_Providence,_Rhode_Island","/wiki/Norwood,_Massachusetts","/wiki/Pawtucket,_Rhode_Island","/wiki/Peabody,_Massachusetts","/wiki/Plymouth,_Massachusetts","/wiki/Quincy,_Massachusetts","/wiki/Revere,_Massachusetts","/wiki/Rochester,_New_Hampshire","/wiki/Salem,_Massachusetts","/wiki/Salem,_New_Hampshire","/wiki/Saugus,_Massachusetts","/wiki/Shrewsbury,_Massachusetts","/wiki/Somerville,_Massachusetts","/wiki/South_Kingstown,_Rhode_Island","/wiki/Stoughton,_Massachusetts","/wiki/Taunton,_Massachusetts","/wiki/Tewksbury,_Massachusetts","/wiki/Wakefield,_Massachusetts","/wiki/Waltham,_Massachusetts","/wiki/Warwick,_Rhode_Island","/wiki/Watertown,_Massachusetts","/wiki/Wellesley,_Massachusetts","/wiki/West_Warwick,_Rhode_Island","/wiki/Westwood,_Massachusetts","/wiki/Weymouth,_Massachusetts","/wiki/Woburn,_Massachusetts","/wiki/Woonsocket,_Rhode_Island","/wiki/Abington,_Massachusetts","/wiki/Acton,_Massachusetts","/wiki/Acushnet,_Massachusetts","/wiki/Amesbury,_Massachusetts","/wiki/Amherst,_New_Hampshire","/wiki/Ashland,_Massachusetts","/wiki/Athol,_Massachusetts","/wiki/Auburn,_Massachusetts","/wiki/Barrington,_Rhode_Island","/wiki/Bedford,_Massachusetts","/wiki/Bedford,_New_Hampshire","/wiki/Bellingham,_Massachusetts","/wiki/Belmont,_Massachusetts","/wiki/Beverly,_Massachusetts","/wiki/Bristol,_Rhode_Island","/wiki/Burlington,_Massachusetts","/wiki/Burrillville,_Rhode_Island","/wiki/Canton,_Massachusetts","/wiki/Carver,_Massachusetts","/wiki/Central_Falls,_Rhode_Island","/wiki/Charlton,_Massachusetts","/wiki/Clinton,_Massachusetts","/wiki/Concord,_Massachusetts","/wiki/Dedham,_Massachusetts","/wiki/Dudley,_Massachusetts","/wiki/Duxbury,_Massachusetts","/wiki/East_Bridgewater,_Massachusetts","/wiki/East_Greenwich,_Rhode_Island","/wiki/Easton,_Massachusetts","/wiki/Exeter,_New_Hampshire","/wiki/Fairhaven,_Massachusetts","/wiki/Foxborough,_Massachusetts","/wiki/Gardner,_Massachusetts","/wiki/Grafton,_Massachusetts","/wiki/Groton,_Massachusetts","/wiki/Hampton,_New_Hampshire","/wiki/Hanover,_Massachusetts","/wiki/Hanson,_Massachusetts","/wiki/Hingham,_Massachusetts","/wiki/Holbrook,_Massachusetts","/wiki/Holden,_Massachusetts","/wiki/Holliston,_Massachusetts","/wiki/Hooksett,_New_Hampshire","/wiki/Hopkinton,_Massachusetts","/wiki/Hudson,_Massachusetts","/wiki/Hudson,_New_Hampshire","/wiki/Hull,_Massachusetts","/wiki/Ipswich,_Massachusetts","/wiki/Kingston,_Massachusetts","/wiki/Laconia,_New_Hampshire","/wiki/Lakeville,_Massachusetts","/wiki/Leicester,_Massachusetts","/wiki/Lincoln,_Rhode_Island","/wiki/Londonderry,_New_Hampshire","/wiki/Lunenburg,_Massachusetts","/wiki/Lynnfield,_Massachusetts","/wiki/Mansfield,_Massachusetts","/wiki/Marblehead,_Massachusetts","/wiki/Maynard,_Massachusetts","/wiki/Medfield,_Massachusetts","/wiki/Medway,_Massachusetts","/wiki/Middleborough,_Massachusetts","/wiki/Middletown,_Rhode_Island","/wiki/Milford,_New_Hampshire","/wiki/Millbury,_Massachusetts","/wiki/Narragansett,_Rhode_Island","/wiki/Newburyport,_Massachusetts","/wiki/Norfolk,_Massachusetts","/wiki/Northborough,_Massachusetts","/wiki/Northbridge,_Massachusetts","/wiki/North_Reading,_Massachusetts","/wiki/North_Smithfield,_Rhode_Island","/wiki/Norton,_Massachusetts","/wiki/Norwell,_Massachusetts","/wiki/Oxford,_Massachusetts","/wiki/Peabody,_Massachusetts","/wiki/Pelham,_New_Hampshire","/wiki/Pembroke,_Massachusetts","/wiki/Pepperell,_Massachusetts","/wiki/Portsmouth,_Rhode_Island","/wiki/Portsmouth,_New_Hampshire","/wiki/Randolph,_Massachusetts","/wiki/Raymond,_New_Hampshire","/wiki/Raynham,_Massachusetts","/wiki/Reading,_Massachusetts","/wiki/Rehoboth,_Massachusetts","/wiki/Rockland,_Massachusetts","/wiki/Scituate,_Massachusetts","/wiki/Scituate,_Rhode_Island","/wiki/Seekonk,_Massachusetts","/wiki/Sharon,_Massachusetts","/wiki/Smithfield,_Rhode_Island","/wiki/Somerset,_Massachusetts","/wiki/Somersworth,_New_Hampshire","/wiki/Southbridge,_Massachusetts","/wiki/Stoneham,_Massachusetts","/wiki/Spencer,_Massachusetts","/wiki/Sudbury,_Massachusetts","/wiki/Swampscott,_Massachusetts","/wiki/Swansea,_Massachusetts","/wiki/Tiverton,_Rhode_Island","/wiki/Tyngsborough,_Massachusetts","/wiki/Uxbridge,_Massachusetts","/wiki/Walpole,_Massachusetts","/wiki/Wareham,_Massachusetts","/wiki/Warren,_Rhode_Island","/wiki/Wayland,_Massachusetts","/wiki/Webster,_Massachusetts","/wiki/Westborough,_Massachusetts","/wiki/Westerly,_Rhode_Island","/wiki/Westford,_Massachusetts","/wiki/Weston,_Massachusetts","/wiki/Westport,_Massachusetts","/wiki/Whitman,_Massachusetts","/wiki/Wilmington,_Massachusetts","/wiki/Winchendon,_Massachusetts","/wiki/Winchester,_Massachusetts","/wiki/Windham,_New_Hampshire","/wiki/Winthrop,_Massachusetts","/wiki/Wrentham,_Massachusetts","/wiki/Boston","/wiki/Central_Massachusetts","/wiki/Merrimack_Valley","/wiki/MetroWest","/wiki/North_Shore_(Massachusetts)","/wiki/Rhode_Island","/wiki/South_Coast_(Massachusetts)","/wiki/South_Shore_(Massachusetts)","//en.wikipedia.org/w/index.php?title=Special:CentralAutoLogin/start&type=1x1&from=enwiki","http://en.wikipedia.org/w/index.php?title=Goffstown,_New_Hampshire&oldid=560702833","/wiki/Help:Categories","/wiki/Category:Goffstown,_New_Hampshire","/wiki/Category:Towns_in_Hillsborough_County,_New_Hampshire","/wiki/Category:Commons_category_template_with_no_category_set","/wiki/Category:Commons_category_with_page_title_same_as_on_Wikidata","/w/index.php?title=Special:UserLogin&returnto=Goffstown%2C+New+Hampshire&type=signup","/w/index.php?title=Special:UserLogin&returnto=Goffstown%2C+New+Hampshire","/wiki/Goffstown,_New_Hampshire","/wiki/Talk:Goffstown,_New_Hampshire","#","/wiki/Goffstown,_New_Hampshire","/w/index.php?title=Goffstown,_New_Hampshire&action=edit","/w/index.php?title=Goffstown,_New_Hampshire&action=history","#","/w/index.php","//bits.wikimedia.org/static-1.22wmf11/skins/vector/images/search-ltr.png?303-4","/wiki/Main_Page","/wiki/Main_Page","/wiki/Portal:Contents","/wiki/Portal:Featured_content","/wiki/Portal:Current_events","/wiki/Special:Random","//donate.wikimedia.org/wiki/Special:FundraiserRedirector?utm_source=donate&utm_medium=sidebar&utm_campaign=C13_en.wikipedia.org&uselang=en","/wiki/Help:Contents","/wiki/Wikipedia:About","/wiki/Wikipedia:Community_portal","/wiki/Special:RecentChanges","//en.wikipedia.org/wiki/Wikipedia:Contact_us","/wiki/Special:WhatLinksHere/Goffstown,_New_Hampshire","/wiki/Special:RecentChangesLinked/Goffstown,_New_Hampshire","/wiki/Wikipedia:File_Upload_Wizard","/wiki/Special:SpecialPages","/w/index.php?title=Goffstown,_New_Hampshire&oldid=560702833","/w/index.php?title=Goffstown,_New_Hampshire&action=info","//www.wikidata.org/wiki/Q2304452","/w/index.php?title=Special:Cite&page=Goffstown%2C_New_Hampshire&id=560702833","/w/index.php?title=Special:Book&bookcmd=book_creator&referer=Goffstown%2C+New+Hampshire","/w/index.php?title=Special:Book&bookcmd=render_article&arttitle=Goffstown%2C+New+Hampshire&oldid=560702833&writer=rl","/w/index.php?title=Goffstown,_New_Hampshire&printable=yes","//ca.wikipedia.org/wiki/Goffstown","//de.wikipedia.org/wiki/Goffstown","//es.wikipedia.org/wiki/Goffstown_(Nuevo_Hampshire)","//fa.wikipedia.org/wiki/%DA%AF%D8%A7%D9%81%D8%B3%D8%AA%D8%A7%D9%88%D9%86%D8%8C_%D9%86%DB%8C%D9%88%D9%87%D9%85%D9%BE%D8%B4%D8%A7%DB%8C%D8%B1","//fr.wikipedia.org/wiki/Goffstown","//it.wikipedia.org/wiki/Goffstown","//kk.wikipedia.org/wiki/%D0%93%D0%BE%D1%84%D1%84%D1%81%D1%82%D0%B0%D1%83%D0%BD_(%D0%9D%D1%8C%D1%8E-%D0%93%D1%8D%D0%BC%D0%BF%D1%88%D0%B8%D1%80)","//ht.wikipedia.org/wiki/Goffstown,_New_Hampshire","//sr.wikipedia.org/wiki/Goffstown,_New_Hampshire","//sv.wikipedia.org/wiki/Goffstown","//vo.wikipedia.org/wiki/Goffstown","//war.wikipedia.org/wiki/Goffstown,_New_Hampshire","#","//www.wikidata.org/wiki/Q2304452#sitelinks-wikipedia","//en.wikipedia.org/wiki/Wikipedia:Text_of_Creative_Commons_Attribution-ShareAlike_3.0_Unported_License","//creativecommons.org/licenses/by-sa/3.0/","//wikimediafoundation.org/wiki/Terms_of_Use","//wikimediafoundation.org/wiki/Privacy_policy","//www.wikimediafoundation.org/","//wikimediafoundation.org/wiki/Privacy_policy","/wiki/Wikipedia:About","/wiki/Wikipedia:General_disclaimer","//en.wikipedia.org/wiki/Wikipedia:Contact_us","//en.m.wikipedia.org/wiki/Goffstown,_New_Hampshire","//wikimediafoundation.org/","//bits.wikimedia.org/images/wikimedia-button.png","//www.mediawiki.org/","//bits.wikimedia.org/static-1.22wmf11/skins/common/images/poweredby_mediawiki_88x31.png","//bits.wikimedia.org/en.wikipedia.org/load.php?debug=false&lang=en&modules=site&only=scripts&skin=vector&*"],"instances":["municipal_government","united_states_census"],"pdf":[],"categories":["Goffstown, New Hampshire|*","Towns in Hillsborough County, New Hampshire"],"headings":["History","Geography","Demographics","Law and government","Education","Notable natives and residents","References","External links"],"image":["//upload.wikimedia.org/wikipedia/en/thumb/3/38/Goffstown%2C_NH_Town_Seal.png/100px-Goffstown%2C_NH_Town_Seal.png","//upload.wikimedia.org/wikipedia/commons/thumb/6/6b/Hillsborough-Goffstown-NH.png/250px-Hillsborough-Goffstown-NH.png","//upload.wikimedia.org/wikipedia/commons/thumb/0/06/Piscataquog_River_%26_Goffstown%2C_NH.jpg/220px-Piscataquog_River_%26_Goffstown%2C_NH.jpg","//bits.wikimedia.org/static-1.22wmf11/skins/common/images/magnify-clip.png","//upload.wikimedia.org/wikipedia/commons/thumb/c/cf/Uncanoonuc_Hotel%2C_Goffstown%2C_NH.jpg/220px-Uncanoonuc_Hotel%2C_Goffstown%2C_NH.jpg","//bits.wikimedia.org/static-1.22wmf11/skins/common/images/magnify-clip.png","//upload.wikimedia.org/wikipedia/commons/thumb/e/ed/Uncanoonuc_Incline_Railway.jpg/220px-Uncanoonuc_Incline_Railway.jpg","//bits.wikimedia.org/static-1.22wmf11/skins/common/images/magnify-clip.png","//upload.wikimedia.org/wikipedia/commons/thumb/2/2a/Westlawn_Cemetery_%C2%B7_Goffstown%2C_New_Hampshire_%C2%B7_20080602_02.jpg/220px-Westlawn_Cemetery_%C2%B7_Goffstown%2C_New_Hampshire_%C2%B7_20080602_02.jpg","//bits.wikimedia.org/static-1.22wmf11/skins/common/images/magnify-clip.png","//upload.wikimedia.org/wikipedia/commons/8/8b/Compass_rose_pale-50x50.png","//upload.wikimedia.org/wikipedia/commons/8/8b/Compass_rose_pale-50x50.png","//upload.wikimedia.org/wikipedia/commons/thumb/4/44/North.svg/17px-North.svg.png","//upload.wikimedia.org/wikipedia/commons/thumb/f/f0/West.svg/17px-West.svg.png","//upload.wikimedia.org/wikipedia/commons/thumb/5/5d/Boxed_East_arrow.svg/17px-Boxed_East_arrow.svg.png","//upload.wikimedia.org/wikipedia/commons/thumb/c/cd/South.svg/17px-South.svg.png","//upload.wikimedia.org/wikipedia/commons/thumb/0/03/New_Hampshire_State_Prison_for_Women_2008.jpg/220px-New_Hampshire_State_Prison_for_Women_2008.jpg","//bits.wikimedia.org/static-1.22wmf11/skins/common/images/magnify-clip.png","//upload.wikimedia.org/wikipedia/commons/thumb/c/c6/Maple_Avenue_Elementary_School_%C2%B7_Goffstown%2C_New_Hampshire_%C2%B7_20080602.jpg/220px-Maple_Avenue_Elementary_School_%C2%B7_Goffstown%2C_New_Hampshire_%C2%B7_20080602.jpg","//bits.wikimedia.org/static-1.22wmf11/skins/common/images/magnify-clip.png","//upload.wikimedia.org/wikipedia/commons/thumb/6/60/Alumni_Hall_1889_Sun.jpg/250px-Alumni_Hall_1889_Sun.jpg","//bits.wikimedia.org/static-1.22wmf11/skins/common/images/magnify-clip.png","//upload.wikimedia.org/wikipedia/commons/thumb/2/28/Flag_of_New_Hampshire.svg/32px-Flag_of_New_Hampshire.svg.png","//upload.wikimedia.org/wikipedia/en/thumb/4/4a/Commons-logo.svg/30px-Commons-logo.svg.png","//upload.wikimedia.org/wikipedia/commons/thumb/f/fb/Map_of_New_Hampshire_highlighting_Hillsborough_County.svg/80px-Map_of_New_Hampshire_highlighting_Hillsborough_County.svg.png","//upload.wikimedia.org/wikipedia/commons/thumb/2/28/Flag_of_New_Hampshire.svg/23px-Flag_of_New_Hampshire.svg.png","//en.wikipedia.org/w/index.php?title=Special:CentralAutoLogin/start&type=1x1&from=enwiki","//bits.wikimedia.org/static-1.22wmf11/skins/vector/images/search-ltr.png?303-4","//bits.wikimedia.org/images/wikimedia-button.png","//bits.wikimedia.org/static-1.22wmf11/skins/common/images/poweredby_mediawiki_88x31.png"],"tags":[["incorporation","municipal_government"],["bedford","town,_new_york"],["white","u.s._census"],["african_american","u.s._census"],["native_american","u.s._census"],["asian","u.s._census"],["pacific_islander","u.s._census"],["race","united_states_census"],["hispanic","u.s._census"],["latino","u.s._census"]],"members":["latino","hispanic","incorporation","white","african_american","bedford","pacific_islander","native_american","asian","race"],"related":["Hillsborough_County,_New_Hampshire","List_of_countries","United_States","Political_divisions_of_the_United_States","New_Hampshire","List_of_counties_in_New_Hampshire","Hillsborough_County,_New_Hampshire","Board_of_Selectmen","Incorporation_(municipal_government)","Eastern_Time_Zone","UTC-05","Eastern_Daylight_Time","UTC-04","ZIP_code","Area_code_603","Federal_Information_Processing_Standard","Geographic_Names_Information_System","Hillsborough_County,_New_Hampshire","New_Hampshire","United_States","Census-designated_place","New_Hampshire_Route_114","New_Hampshire_Route_13","Grasmere,_New_Hampshire","Pinardville,_New_Hampshire","Saint_Anselm_College","New_Hampshire_State_Prison_for_Women","Indigenous_peoples_of_the_Americas","Colony","Jonathan_Belcher","King_Philip's_War","Greenwich,_Massachusetts","Benning_Wentworth","John_Goffe","Bedford,_New_Hampshire","Grasmere,_New_Hampshire","Grasmere","William_Wordsworth","Samuel_Taylor_Coleridge","Congregational_church","Ulster_Scots_people","Presbyterian","David_L._Morril","Piscataquog_River","Water_power","Sawmill","Carding","Cotton","American_South","Slavery_in_the_United_States","Baptist","Amoskeag_Falls","Merrimack_River","New_Boston,_New_Hampshire","Methodism","Uncanoonuc_Mountains","Manchester,_New_Hampshire","Tram","Railway","Alpine_skiing","Walton_Register_Company","Burlington,_Vermont","Vermont","Rails-to-trails","New_Hampshire_State_Prison_for_Women","Pamela_Smart","Bedford_Hills_Correctional_Facility","Bedford_(town),_New_York","Hillsborough_County,_New_Hampshire","Manchester,_New_Hampshire","Concord,_New_Hampshire","Piscataquog_River","New_Hampshire_Route_13","New_Hampshire_Route_114","Grasmere,_New_Hampshire","Pinardville,_New_Hampshire","United_States_Census_Bureau","Uncanoonuc_Mountains","Sea_level","Köppen_climate_classification","Piscataquog_River","Merrimack_River","Drainage_basin","Dunbarton,_New_Hampshire","Hooksett,_New_Hampshire","Manchester,_New_Hampshire","Manchester,_New_Hampshire","Bedford,_New_Hampshire","New_Boston,_New_Hampshire","New_Boston,_New_Hampshire","Weare,_New_Hampshire","Census","Population_density","White_(U.S._Census)","African_American_(U.S._Census)","Native_American_(U.S._Census)","Asian_(U.S._Census)","Pacific_Islander_(U.S._Census)","Race_(United_States_Census)","Hispanic_(U.S._Census)","Latino_(U.S._Census)","Marriage","Per_capita_income","Poverty_line","New_Hampshire_Department_of_Corrections","New_Hampshire_State_Prison_for_Women","United_States_Postal_Service","United_States_Postal_Service","School_Administrative_Unit_19","Dunbarton,_New_Hampshire","Bartlett_Elementary_School","Goffstown_High_School","Villa_Augustina_School","Roman_Catholic_Church","Saint_Anselm_College","New_Hampshire_primary","David_L._Morril"]}