{"cursor":"1616","size":15,"audio":[],"currentlang":"en","article":"\n\n{{Infobox French commune |name = Saint-Jean-le-Centenier |region = RhÃ´ne-Alpes\n|department = ArdÃ¨che |arrondissement = Privas |canton = Villeneuve-de-Berg\n|INSEE = 07247 |postal code = 07580 |mayor = Jean Ozil |term = 2008–2014\n|intercommunality = Berg et Coiron |longitude = 4.5358 |latitude = 44.5919\n|elevation m = 307 |elevation min m = 256 |elevation max m = 578 |area km2 =\n15.16 |population = 643 |population date = 2008 }}\n\n' Saint-Jean-le-Centenier' is a commune in the ArdÃ¨che department in\nsouthern France.\n","linknr":496,"url":"Saint-Jean-le-Centenier","recorded":1374521507,"links":["/w/index.php?title=Saint-Jean-le-Centenier&action=edit","/w/index.php?title=Saint-Jean-le-Centenier&action=edit","//bits.wikimedia.org/favicon/wikipedia.ico","/w/opensearch_desc.php","//en.wikipedia.org/w/api.php?action=rsd","//creativecommons.org/licenses/by-sa/3.0/","/w/index.php?title=Special:RecentChanges&feed=atom","//bits.wikimedia.org/en.wikipedia.org/load.php?debug=false&lang=en&modules=ext.gadget.DRN-wizard%2CReferenceTooltips%2Ccharinsert%2Cteahouse%7Cext.rtlcite%2Cwikihiero%7Cext.uls.nojs%7Cmediawiki.legacy.commonPrint%2Cshared%7Cmw.PopUpMediaTransform%7Cskins.vector&only=styles&skin=vector&*","//bits.wikimedia.org/en.wikipedia.org/load.php?debug=false&lang=en&modules=site&only=styles&skin=vector&*","//bits.wikimedia.org/en.wikipedia.org/load.php?debug=false&lang=en&modules=startup&only=scripts&skin=vector&*","//bits.wikimedia.org/geoiplookup","//meta.wikimedia.org","#mw-navigation","#p-search","/wiki/File:Translation_to_english_arrow.svg","//upload.wikimedia.org/wikipedia/commons/thumb/8/8a/Translation_to_english_arrow.svg/50px-Translation_to_english_arrow.svg.png","//fr.wikipedia.org/wiki/Saint-Jean-le-Centenier","//fr.wikipedia.org/wiki/","http://translate.google.com/translate?&u=http%3A%2F%2Ffr.wikipedia.org%2Fwiki%2FSaint-Jean-le-Centenier&sl=fr&tl=en","/wiki/Talk:Saint-Jean-le-Centenier","/wiki/Wikipedia:Copying_within_Wikipedia","/wiki/Wikipedia:Translation","/wiki/File:France_location_map-Regions_and_departements.svg","//upload.wikimedia.org/wikipedia/commons/thumb/3/3b/France_location_map-Regions_and_departements.svg/270px-France_location_map-Regions_and_departements.svg.png","//upload.wikimedia.org/wikipedia/en/thumb/0/0c/Red_pog.svg/6px-Red_pog.svg.png","/wiki/File:Rh%C3%B4ne-Alpes-Loc.png","//upload.wikimedia.org/wikipedia/commons/thumb/0/04/Rh%C3%B4ne-Alpes-Loc.png/270px-Rh%C3%B4ne-Alpes-Loc.png","//upload.wikimedia.org/wikipedia/en/thumb/0/0c/Red_pog.svg/6px-Red_pog.svg.png","/wiki/Regions_of_France","/wiki/Rh%C3%B4ne-Alpes","/wiki/Departments_of_France","/wiki/Ard%C3%A8che","/wiki/Arrondissements_of_France","/wiki/Arrondissement_of_Privas","/wiki/Cantons_of_France","/wiki/Communes_of_France#Intercommunality","/wiki/Demographics_of_France","/wiki/INSEE_code","http://recensement.insee.fr/searchResults.action?zoneSearchField=&codeZone=07247-COM","/wiki/Postal_codes_in_France","/wiki/Population_without_double_counting","/wiki/Geographic_coordinate_system","//tools.wmflabs.org/geohack/geohack.php?pagename=Saint-Jean-le-Centenier&params=44.5919_N_4.5358_E_region:FR-07_type:city(643)","/wiki/Communes_of_France","/wiki/Ard%C3%A8che","/wiki/Departments_of_France","/wiki/France","#Geography","#Population","#See_also","#References","/w/index.php?title=Saint-Jean-le-Centenier&action=edit&section=1","/wiki/Ibie","/w/index.php?title=Saint-Jean-le-Centenier&action=edit&section=2","/w/index.php?title=Saint-Jean-le-Centenier&action=edit&section=3","/wiki/Communes_of_the_Ard%C3%A8che_department","/w/index.php?title=Saint-Jean-le-Centenier&action=edit&section=4","http://www.insee.fr/en/home/home_page.asp","/wiki/Template:Ard%C3%A8che_communes","/wiki/Template_talk:Ard%C3%A8che_communes","//en.wikipedia.org/w/index.php?title=Template:Ard%C3%A8che_communes&action=edit","/wiki/Communes_of_the_Ard%C3%A8che_department","/wiki/Ard%C3%A8che","/wiki/File:Flag_of_France.svg","//upload.wikimedia.org/wikipedia/en/thumb/c/c3/Flag_of_France.svg/17px-Flag_of_France.svg.png","/wiki/Accons","/wiki/Ailhon","/wiki/Aizac","/wiki/Ajoux","/wiki/Alba-la-Romaine","/wiki/Albon-d%27Ard%C3%A8che","/wiki/Alboussi%C3%A8re","/wiki/Alissas","/wiki/Andance","/wiki/Annonay","/wiki/Antraigues-sur-Volane","/wiki/Arcens","/wiki/Ardoix","/wiki/Arlebosc","/wiki/Arras-sur-Rh%C3%B4ne","/wiki/Asperjoc","/wiki/Les_Assions","/wiki/Astet","/wiki/Aubenas","/wiki/Aubignas","/wiki/Baix","/wiki/Balazuc","/wiki/Banne","/wiki/Barnas","/wiki/Le_B%C3%A9age","/wiki/Beauchastel","/wiki/Beaulieu,_Ard%C3%A8che","/wiki/Beaumont,_Ard%C3%A8che","/wiki/Beauv%C3%A8ne","/wiki/Berrias-et-Casteljau","/wiki/Berz%C3%A8me","/wiki/Bessas","/wiki/Bidon","/wiki/Boffres","/wiki/Bogy","/wiki/Bor%C3%A9e","/wiki/Borne,_Ard%C3%A8che","/wiki/Boucieu-le-Roi","/wiki/Boulieu-l%C3%A8s-Annonay","/wiki/Bourg-Saint-And%C3%A9ol","/wiki/Bozas","/wiki/Brossainc","/wiki/Burzet","/wiki/Cellier-du-Luc","/wiki/Chalencon","/wiki/Le_Chambon,_Ard%C3%A8che","/wiki/Chambonas","/wiki/Champagne,_Ard%C3%A8che","/wiki/Champis,_Ard%C3%A8che","/wiki/Chandolas","/wiki/Chan%C3%A9ac","/wiki/Charmes-sur-Rh%C3%B4ne","/wiki/Charnas","/wiki/Chassiers","/wiki/Ch%C3%A2teaubourg,_Ard%C3%A8che","/wiki/Ch%C3%A2teauneuf-de-Vernoux","/wiki/Chauzon","/wiki/Chazeaux","/wiki/Cheminas","/wiki/Le_Cheylard","/wiki/Chirols","/wiki/Chom%C3%A9rac","/wiki/Colombier-le-Cardinal","/wiki/Colombier-le-Jeune","/wiki/Colombier-le-Vieux","/wiki/Cornas","/wiki/Coucouron","/wiki/Coux,_Ard%C3%A8che","/wiki/Le_Crestet","/wiki/Creysseilles","/wiki/Cros-de-G%C3%A9orand","/wiki/Cruas","/wiki/Darbres","/wiki/Dav%C3%A9zieux","/wiki/D%C3%A9saignes","/wiki/Devesset","/wiki/Dompnac","/wiki/Dornas","/wiki/Duni%C3%A8re-sur-Eyrieux","/wiki/Eclassan","/wiki/Empurany","/wiki/%C3%89tables","/wiki/Fabras","/wiki/Faug%C3%A8res,_Ard%C3%A8che","/wiki/F%C3%A9lines,_Ard%C3%A8che","/wiki/Flaviac","/wiki/Fons,_Ard%C3%A8che","/wiki/Freyssenet","/wiki/Genestelle","/wiki/Gilhac-et-Bruzac","/wiki/Gilhoc-sur-Orm%C3%A8ze","/wiki/Gluiras","/wiki/Glun","/wiki/Gourdon,_Ard%C3%A8che","/wiki/Gras","/wiki/Gravi%C3%A8res","/wiki/Grospierres","/wiki/Guilherand-Granges","/wiki/Intres,_Ard%C3%A8che","/wiki/Issamoulenc","/wiki/Issanlas","/wiki/Issarl%C3%A8s","/wiki/Jaujac","/wiki/Jaunac","/wiki/Joannas","/wiki/Joyeuse,_Ard%C3%A8che","/wiki/Juvinas","/wiki/Labastide-de-Virac","/wiki/Labastide-sur-B%C3%A9sorgues","/wiki/Labatie-d%27Andaure","/wiki/Labeaume","/wiki/Lab%C3%A9gude","/wiki/Lablach%C3%A8re","/wiki/Laboule","/wiki/Le_Lac-d%27Issarl%C3%A8s","/wiki/Lachamp-Rapha%C3%ABl","/wiki/Lachapelle-Graillouse","/wiki/Lachapelle-sous-Aubenas","/wiki/Lachapelle-sous-Chan%C3%A9ac","/wiki/Lafarre,_Ard%C3%A8che","/wiki/Lagorce,_Ard%C3%A8che","/wiki/Lalevade-d%27Ard%C3%A8che","/wiki/Lalouvesc","/wiki/Lamastre","/wiki/Lanarce","/wiki/Lanas","/wiki/Largenti%C3%A8re","/wiki/Larnas","/wiki/Laurac-en-Vivarais","/wiki/Laval-d%27Aurelle","/wiki/Laveyrune","/wiki/Lavillatte","/wiki/Lavilledieu","/wiki/Laviolle","/wiki/Lemps,_Ard%C3%A8che","/wiki/Lentill%C3%A8res","/wiki/Lesp%C3%A9ron","/wiki/Limony","/wiki/Loubaresse,_Ard%C3%A8che","/wiki/Lussas","/wiki/Lyas","/wiki/Malarce-sur-la-Thines","/wiki/Malbosc","/wiki/Marcols-les-Eaux","/wiki/Mariac","/wiki/Mars,_Ard%C3%A8che","/wiki/Mauves","/wiki/Mayres,_Ard%C3%A8che","/wiki/Mazan-l%27Abbaye","/wiki/Mercuer","/wiki/Meyras","/wiki/Meysse","/wiki/M%C3%A9zilhac","/wiki/Mirabel,_Ard%C3%A8che","/wiki/Monestier,_Ard%C3%A8che","/wiki/Montpezat-sous-Bauzon","/wiki/Montr%C3%A9al,_Ard%C3%A8che","/wiki/Montselgues","/wiki/Noni%C3%A8res","/wiki/Nozi%C3%A8res,_Ard%C3%A8che","/wiki/Les_Olli%C3%A8res-sur-Eyrieux","/wiki/Orgnac-l%27Aven","/wiki/Ozon,_Ard%C3%A8che","/wiki/Pailhar%C3%A8s","/wiki/Payzac,_Ard%C3%A8che","/wiki/Peaugres","/wiki/P%C3%A9reyres","/wiki/Peyraud","/wiki/Le_Plagnal","/wiki/Planzolles","/wiki/Plats","/wiki/Pont-de-Labeaume","/wiki/Pourch%C3%A8res","/wiki/Le_Pouzin","/wiki/Prades,_Ard%C3%A8che","/wiki/Pradons","/wiki/Pranles","/wiki/Pr%C3%A9aux,_Ard%C3%A8che","/wiki/Privas","/wiki/Prunet,_Ard%C3%A8che","/wiki/Quintenas","/wiki/Ribes,_Ard%C3%A8che","/wiki/Rochecolombe","/wiki/Rochemaure","/wiki/Rochepaule","/wiki/Rocher,_Ard%C3%A8che","/wiki/Rochessauve","/wiki/La_Rochette,_Ard%C3%A8che","/wiki/Rocles,_Ard%C3%A8che","/wiki/Roiffieux","/wiki/Rompon","/wiki/Rosi%C3%A8res,_Ard%C3%A8che","/wiki/Le_Roux,_Ard%C3%A8che","/wiki/Ruoms","/wiki/Sabli%C3%A8res","/wiki/Sagnes-et-Goudoulet","/wiki/Saint-Agr%C3%A8ve","/wiki/Saint-Alban-Auriolles","/wiki/Saint-Alban-d%27Ay","/wiki/Saint-Alban-en-Montagne","/wiki/Saint-And%C3%A9ol-de-Berg","/wiki/Saint-And%C3%A9ol-de-Fourchades","/wiki/Saint-And%C3%A9ol-de-Vals","/wiki/Saint-Andr%C3%A9-de-Cruzi%C3%A8res","/wiki/Saint-Andr%C3%A9-en-Vivarais","/wiki/Saint-Andr%C3%A9-Lachamp","/wiki/Saint-Apollinaire-de-Rias","/wiki/Saint-Barth%C3%A9lemy-Grozon","/wiki/Saint-Barth%C3%A9lemy-le-Meil","/wiki/Saint-Barth%C3%A9lemy-le-Plain","/wiki/Saint-Basile,_Ard%C3%A8che","/wiki/Saint-Bauzile,_Ard%C3%A8che","/wiki/Saint-Christol,_Ard%C3%A8che","/wiki/Saint-Cierge-la-Serre","/wiki/Saint-Cierge-sous-le-Cheylard","/wiki/Saint-Cirgues-de-Prades","/wiki/Saint-Cirgues-en-Montagne","/wiki/Saint-Clair,_Ard%C3%A8che","/wiki/Saint-Cl%C3%A9ment,_Ard%C3%A8che","/wiki/Saint-Cyr,_Ard%C3%A8che","/wiki/Saint-D%C3%A9sirat","/wiki/Saint-Didier-sous-Aubenas","/wiki/Sainte-Eulalie,_Ard%C3%A8che","/wiki/Sainte-Marguerite-Lafig%C3%A8re","/wiki/Saint-%C3%89tienne-de-Boulogne","/wiki/Saint-%C3%89tienne-de-Fontbellon","/wiki/Saint-%C3%89tienne-de-Lugdar%C3%A8s","/wiki/Saint-%C3%89tienne-de-Serre","/wiki/Saint-%C3%89tienne-de-Valoux","/wiki/Saint-F%C3%A9licien,_Ard%C3%A8che","/wiki/Saint-Fortunat-sur-Eyrieux","/wiki/Saint-Genest-de-Beauzon","/wiki/Saint-Genest-Lachamp","/wiki/Saint-Georges-les-Bains","/wiki/Saint-Germain,_Ard%C3%A8che","/wiki/Saint-Gineis-en-Coiron","/wiki/Saint-Jacques-d%27Atticieux","/wiki/Saint-Jean-Chambre","/wiki/Saint-Jean-de-Muzols","/wiki/Saint-Jean-Roure","/wiki/Saint-Jeure-d%27Andaure","/wiki/Saint-Jeure-d%27Ay","/wiki/Saint-Joseph-des-Bancs","/wiki/Saint-Julien-Bouti%C3%A8res","/wiki/Saint-Julien-du-Gua","/wiki/Saint-Julien-du-Serre","/wiki/Saint-Julien-en-Saint-Alban","/wiki/Saint-Julien-Labrousse","/wiki/Saint-Julien-le-Roux","/wiki/Saint-Julien-Vocance","/wiki/Saint-Just,_Ard%C3%A8che","/wiki/Saint-Lager-Bressac","/wiki/Saint-Laurent-du-Pape","/wiki/Saint-Laurent-les-Bains","/wiki/Saint-Laurent-sous-Coiron","/wiki/Saint-Marcel-d%27Ard%C3%A8che","/wiki/Saint-Marcel-l%C3%A8s-Annonay","/wiki/Saint-Martial,_Ard%C3%A8che","/wiki/Saint-Martin-d%27Ard%C3%A8che","/wiki/Saint-Martin-de-Valamas","/wiki/Saint-Martin-sur-Lavezon","/wiki/Saint-Maurice-d%27Ard%C3%A8che","/wiki/Saint-Maurice-d%27Ibie","/wiki/Saint-Maurice-en-Chalencon","/wiki/Saint-M%C3%A9lany","/wiki/Saint-Michel-d%27Aurance","/wiki/Saint-Michel-de-Boulogne","/wiki/Saint-Michel-de-Chabrillanoux","/wiki/Saint-Montan","/wiki/Saint-Paul-le-Jeune","/wiki/Saint-P%C3%A9ray","/wiki/Saint-Pierre-de-Colombier","/wiki/Saint-Pierre-la-Roche","/wiki/Saint-Pierre-Saint-Jean","/wiki/Saint-Pierre-sur-Doux","/wiki/Saint-Pierreville","/wiki/Saint-Pons,_Ard%C3%A8che","/wiki/Saint-Priest,_Ard%C3%A8che","/wiki/Saint-Privat,_Ard%C3%A8che","/wiki/Saint-Prix,_Ard%C3%A8che","/wiki/Saint-Rem%C3%A8ze","/wiki/Saint-Romain-d%27Ay","/wiki/Saint-Romain-de-Lerps","/wiki/Saint-Sauveur-de-Cruzi%C3%A8res","/wiki/Saint-Sauveur-de-Montagut","/wiki/Saint-Sernin,_Ard%C3%A8che","/wiki/Saint-Sylvestre,_Ard%C3%A8che","/wiki/Saint-Symphorien-de-Mahun","/wiki/Saint-Symphorien-sous-Chom%C3%A9rac","/wiki/Saint-Thom%C3%A9","/wiki/Saint-Victor,_Ard%C3%A8che","/wiki/Saint-Vincent-de-Barr%C3%A8s","/wiki/Saint-Vincent-de-Durfort","/wiki/Salavas","/wiki/Les_Salelles,_Ard%C3%A8che","/wiki/Sampzon","/wiki/Sanilhac","/wiki/Sarras,_Ard%C3%A8che","/wiki/Satillieu","/wiki/Savas","/wiki/Sceautres","/wiki/S%C3%A9cheras","/wiki/Serri%C3%A8res,_Ard%C3%A8che","/wiki/Silhac","/wiki/La_Souche","/wiki/Soyons","/wiki/Talencieux","/wiki/Tauriers","/wiki/Le_Teil","/wiki/Thorrenc","/wiki/Thueyts","/wiki/Toulaud","/wiki/Tournon-sur-Rh%C3%B4ne","/wiki/Ucel","/wiki/Usclades-et-Rieutord","/wiki/Uzer,_Ard%C3%A8che","/wiki/Vagnas","/wiki/Valgorge","/wiki/Vallon-Pont-d%27Arc","/wiki/Vals-les-Bains","/wiki/Valvign%C3%A8res","/wiki/Vanosc","/wiki/Les_Vans","/wiki/Vaudevant","/wiki/Vernon,_Ard%C3%A8che","/wiki/Vernosc-l%C3%A8s-Annonay","/wiki/Vernoux-en-Vivarais","/wiki/Vesseaux","/wiki/Veyras,_Ard%C3%A8che","/wiki/Villeneuve-de-Berg","/wiki/Villevocance","/wiki/Vinezac","/wiki/Vinzieux","/wiki/Vion,_Ard%C3%A8che","/wiki/Viviers,_Ard%C3%A8che","/wiki/Vocance","/wiki/Vog%C3%BC%C3%A9","/wiki/La_Voulte-sur-Rh%C3%B4ne","/wiki/File:Blason_d%C3%A9partement_fr_Ard%C3%A8che.svg","//upload.wikimedia.org/wikipedia/commons/thumb/2/22/Blason_d%C3%A9partement_fr_Ard%C3%A8che.svg/27px-Blason_d%C3%A9partement_fr_Ard%C3%A8che.svg.png","/wiki/Ard%C3%A8che","/wiki/Wikipedia:Stub","//en.wikipedia.org/w/index.php?title=Saint-Jean-le-Centenier&action=edit","/wiki/Template:Ard%C3%A8che-geo-stub","/wiki/Template_talk:Ard%C3%A8che-geo-stub","//en.wikipedia.org/w/index.php?title=Template:Ard%C3%A8che-geo-stub&action=edit","//en.wikipedia.org/w/index.php?title=Special:CentralAutoLogin/start&type=1x1&from=enwiki","http://en.wikipedia.org/w/index.php?title=Saint-Jean-le-Centenier&oldid=545123019","/wiki/Help:Categories","/wiki/Category:Communes_of_Ard%C3%A8che","/wiki/Category:Ard%C3%A8che_geography_stubs","/wiki/Category:Articles_to_be_expanded_from_December_2008","/wiki/Category:All_articles_to_be_expanded","/wiki/Category:Articles_needing_translation_from_French_Wikipedia","/w/index.php?title=Special:UserLogin&returnto=Saint-Jean-le-Centenier&type=signup","/w/index.php?title=Special:UserLogin&returnto=Saint-Jean-le-Centenier","/wiki/Saint-Jean-le-Centenier","/wiki/Talk:Saint-Jean-le-Centenier","#","/wiki/Saint-Jean-le-Centenier","/w/index.php?title=Saint-Jean-le-Centenier&action=edit","/w/index.php?title=Saint-Jean-le-Centenier&action=history","#","/w/index.php","//bits.wikimedia.org/static-1.22wmf10/skins/vector/images/search-ltr.png?303-4","/wiki/Main_Page","/wiki/Main_Page","/wiki/Portal:Contents","/wiki/Portal:Featured_content","/wiki/Portal:Current_events","/wiki/Special:Random","//donate.wikimedia.org/wiki/Special:FundraiserRedirector?utm_source=donate&utm_medium=sidebar&utm_campaign=C13_en.wikipedia.org&uselang=en","/wiki/Help:Contents","/wiki/Wikipedia:About","/wiki/Wikipedia:Community_portal","/wiki/Special:RecentChanges","//en.wikipedia.org/wiki/Wikipedia:Contact_us","/wiki/Special:WhatLinksHere/Saint-Jean-le-Centenier","/wiki/Special:RecentChangesLinked/Saint-Jean-le-Centenier","/wiki/Wikipedia:File_Upload_Wizard","/wiki/Special:SpecialPages","/w/index.php?title=Saint-Jean-le-Centenier&oldid=545123019","/w/index.php?title=Saint-Jean-le-Centenier&action=info","//www.wikidata.org/wiki/Q380211","/w/index.php?title=Special:Cite&page=Saint-Jean-le-Centenier&id=545123019","/w/index.php?title=Special:Book&bookcmd=book_creator&referer=Saint-Jean-le-Centenier","/w/index.php?title=Special:Book&bookcmd=render_article&arttitle=Saint-Jean-le-Centenier&oldid=545123019&writer=rl","/w/index.php?title=Saint-Jean-le-Centenier&printable=yes","//ca.wikipedia.org/wiki/Sant_Joan_lo_Centeni%C3%A8r","//ceb.wikipedia.org/wiki/Saint-Jean-le-Centenier","//de.wikipedia.org/wiki/Saint-Jean-le-Centenier","//es.wikipedia.org/wiki/Saint-Jean-le-Centenier","//eu.wikipedia.org/wiki/Saint-Jean-le-Centenier","//fr.wikipedia.org/wiki/Saint-Jean-le-Centenier","//it.wikipedia.org/wiki/Saint-Jean-le-Centenier","//lmo.wikipedia.org/wiki/Saint-Jean-le-Centenier","//mg.wikipedia.org/wiki/Saint-Jean-le-Centenier","//ms.wikipedia.org/wiki/Saint-Jean-le-Centenier","//nl.wikipedia.org/wiki/Saint-Jean-le-Centenier","//oc.wikipedia.org/wiki/Sant_Joan_lo_Centeni%C3%A8r","//uz.wikipedia.org/wiki/Saint-Jean-le-Centenier","//pms.wikipedia.org/wiki/Saint-Jean-le-Centenier","//pl.wikipedia.org/wiki/Saint-Jean-le-Centenier","//pt.wikipedia.org/wiki/Saint-Jean-le-Centenier","//ro.wikipedia.org/wiki/Saint-Jean-le-Centenier","//ru.wikipedia.org/wiki/%D0%A1%D0%B5%D0%BD-%D0%96%D0%B0%D0%BD-%D0%BB%D0%B5-%D0%A1%D0%B0%D0%BD%D1%82%D0%B5%D0%BD%D1%8C%D0%B5","//simple.wikipedia.org/wiki/Saint-Jean-le-Centenier","//sk.wikipedia.org/wiki/Saint-Jean-le-Centenier","//sv.wikipedia.org/wiki/Saint-Jean-le-Centenier","//bug.wikipedia.org/wiki/Saint-Jean-le-Centenier","//uk.wikipedia.org/wiki/%D0%A1%D0%B5%D0%BD-%D0%96%D0%B0%D0%BD-%D0%BB%D0%B5-%D0%A1%D0%B0%D0%BD%D1%82%D0%B5%D0%BD%D1%8C%D1%94","//vi.wikipedia.org/wiki/Saint-Jean-le-Centenier","//vo.wikipedia.org/wiki/Saint-Jean-le-Centenier","//war.wikipedia.org/wiki/Saint-Jean-le-Centenier","//zh.wikipedia.org/wiki/%E5%9C%A3%E8%AE%A9%E8%8E%B1%E5%9C%A3%E6%B6%85_(%E9%98%BF%E5%B0%94%E4%BB%A3%E4%BB%80%E7%9C%81)","#","//www.wikidata.org/wiki/Q380211#sitelinks-wikipedia","//en.wikipedia.org/wiki/Wikipedia:Text_of_Creative_Commons_Attribution-ShareAlike_3.0_Unported_License","//creativecommons.org/licenses/by-sa/3.0/","//wikimediafoundation.org/wiki/Terms_of_Use","//wikimediafoundation.org/wiki/Privacy_policy","//www.wikimediafoundation.org/","//wikimediafoundation.org/wiki/Privacy_policy","/wiki/Wikipedia:About","/wiki/Wikipedia:General_disclaimer","//en.wikipedia.org/wiki/Wikipedia:Contact_us","//en.m.wikipedia.org/wiki/Saint-Jean-le-Centenier","//wikimediafoundation.org/","//bits.wikimedia.org/images/wikimedia-button.png","//www.mediawiki.org/","//bits.wikimedia.org/static-1.22wmf10/skins/common/images/poweredby_mediawiki_88x31.png","//bits.wikimedia.org/en.wikipedia.org/load.php?debug=false&lang=en&modules=site&only=scripts&skin=vector&*"],"instances":[],"pdf":[],"categories":["Communes of Ardèche"],"headings":["Geography","Population","See also","References"],"image":["//upload.wikimedia.org/wikipedia/commons/thumb/8/8a/Translation_to_english_arrow.svg/50px-Translation_to_english_arrow.svg.png","//upload.wikimedia.org/wikipedia/commons/thumb/3/3b/France_location_map-Regions_and_departements.svg/270px-France_location_map-Regions_and_departements.svg.png","//upload.wikimedia.org/wikipedia/en/thumb/0/0c/Red_pog.svg/6px-Red_pog.svg.png","//upload.wikimedia.org/wikipedia/commons/thumb/0/04/Rh%C3%B4ne-Alpes-Loc.png/270px-Rh%C3%B4ne-Alpes-Loc.png","//upload.wikimedia.org/wikipedia/en/thumb/0/0c/Red_pog.svg/6px-Red_pog.svg.png","//upload.wikimedia.org/wikipedia/en/thumb/c/c3/Flag_of_France.svg/17px-Flag_of_France.svg.png","//upload.wikimedia.org/wikipedia/commons/thumb/2/22/Blason_d%C3%A9partement_fr_Ard%C3%A8che.svg/27px-Blason_d%C3%A9partement_fr_Ard%C3%A8che.svg.png","//en.wikipedia.org/w/index.php?title=Special:CentralAutoLogin/start&type=1x1&from=enwiki","//bits.wikimedia.org/static-1.22wmf10/skins/vector/images/search-ltr.png?303-4","//bits.wikimedia.org/images/wikimedia-button.png","//bits.wikimedia.org/static-1.22wmf10/skins/common/images/poweredby_mediawiki_88x31.png"],"tags":[],"members":[],"related":["Communes_of_France","Ardèche","Departments_of_France","France","Ibie","Communes_of_the_Ardèche_department"]}